clip_id,take_folder,ground_truth,exo_full_answer,exo_predicted,exo_correct,ego_full_answer,ego_predicted,ego_correct
7c664266-3f75-4b9b-97be-7518ad82ac40,uniandes_bouldering_023_63,Novice,"Observations: A woman is climbing a rock wall. She is wearing a purple shirt and black shorts. She is using her hands to grip the holds on the wall.

Errors: The woman is not using proper climbing technique. She is not using her feet to push off the wall, which would help her climb higher.

Skill Level: Novice",Novice,True,"Observations: The person is climbing a wall with colorful handholds. They are using both hands to grip the handholds, and their feet are positioned on the wall for support. The person appears to be moving upwards, reaching for the next handhold.

Errors: The person's movements seem to be somewhat slow and deliberate, indicating that they may not be very experienced with this activity. There is also some hesitation when reaching for the next handhold, which could suggest that they are not confident in their technique.

Skill Level: Novice",Novice,True
434c1776-61b6-42cb-b101-5032260f1787,uniandes_bouldering_036_45,Late Expert,"Observations: A man is climbing a rock wall. He is wearing a black tank top and green pants. He is using his hands to grip the rocks on the wall.

Errors: The man is not using proper climbing techniques. He is not using his feet to push off the wall, which would help him climb higher. He is also not using his core muscles to stabilize himself on the wall.

Skill Level: Novice",Novice,False,"Observations: The person is climbing a wall with both hands on the holds. They are moving their hands up the wall.

Errors: The person is not using proper climbing technique, as they are not using their feet to push off the wall for support.

Skill Level: Novice",Novice,False
b3655a86-d9a1-439a-8dc8-8c3b5393a1a6,uniandes_bouldering_022_76,Early Expert,"Observations: A woman is climbing a rock wall. She is wearing a pink shirt and black shorts. She is using her hands to grip the rocks on the wall.

Errors: The woman is not using proper climbing techniques. She is not using her feet to push off the wall, which would help her climb higher.

Skill Level: Novice",Novice,False,"Observations: The person is climbing a wall with a variety of colorful holds. They are using both hands to grip the holds, and their feet are positioned on the wall for support. The person appears to be moving upwards, indicating that they are actively climbing.

Errors: There are no apparent errors in the person's movement. They are using proper climbing techniques, which suggests that they have some experience with the activity.

Skill Level: Intermediate Expert",Intermediate Expert,False
ba33b214-c9db-4d96-a734-28e69f31b4f8,uniandes_bouldering_035_23,Early Expert,"Observations: The person is climbing a rock wall. They are using both hands to grip the holds on the wall, and they are moving their legs to maintain balance and push off the wall.

Errors: The person is not wearing any safety gear, such as a helmet or harness. This could be dangerous if they fall.

Skill Level: Novice",Novice,False,"Observations: The person is standing on a trampoline and pointing at a climbing wall with colorful holds. They are wearing sandals and have their arm extended towards the wall.

Errors: There are no apparent errors in the person's movement.

Skill Level: Novice",Novice,False
97b78075-0a0c-4198-bc78-b08a2c92b0aa,uniandes_bouldering_027_56,Novice,"Observations: The woman is climbing a rock wall. She is wearing a pink shirt and black pants. She is using her hands to grip the rocks on the wall.

Errors: The woman is not using proper climbing techniques. She is not using her feet to push off the wall, which can help her climb more efficiently.

Skill Level: Novice",Novice,True,"Observations: The person is climbing a wall with colorful holds. They are using both hands to grip the holds, and their feet are also on the wall. The person appears to be moving up the wall, but it is not clear how far they have climbed.

Errors: It is difficult to determine if there are any errors in the person's movement based on the given information. However, it is possible that the person may be struggling to maintain their balance or may be using incorrect techniques for gripping the holds.

Skill Level: Intermediate Expert",Intermediate Expert,False
f32e2abd-2a4c-425d-a953-ead1997ab98b,uniandes_bouldering_022_35,Early Expert,"Observations: The person is climbing a rock wall. They are using both hands to grip the holds on the wall. Their feet are not visible, but they appear to be standing on the ground.

Errors: The person is not using proper climbing techniques. They are not using their legs to push off the wall, which can help them climb more efficiently. Additionally, they are not using their core muscles to stabilize themselves, which can lead to instability and potential falls.

Skill Level: Novice",Novice,False,"Observations: The person is climbing a wall with colorful handholds. They are using both hands to grip the holds, and their feet are not visible in the image.

Errors: The person's hands are not positioned optimally for climbing. Their fingers are not wrapped around the holds, which can lead to a less secure grip and increased risk of falling.

Skill Level: Novice",Novice,False
6cc51836-6b79-4921-9024-d351486ad88c,uniandes_bouldering_033_55,Intermediate Expert,"Observations: A man is climbing a wall. He is wearing a blue shirt and black shorts. He is using his hands to grip the wall and his feet to push off the wall. He is moving up the wall.

Errors: The man is not using proper climbing techniques. He is not using his legs effectively to push himself up the wall. He is also not using his core muscles to stabilize his body.

Skill Level: Novice",Novice,False,"Observations: The person is climbing a rock wall. They are using their hands to grip the holds on the wall.

Errors: The person is not wearing any safety gear, such as a helmet or harness. This could be dangerous if they fall.

Skill Level: Novice",Novice,False
9220bcc5-91a0-4c2e-b9c5-d58baa3f8c84,uniandes_bouldering_023_64,Novice,"Observations: The person is climbing a rock wall. They are using both hands to grip the holds on the wall, and their feet are positioned on the wall as well. They appear to be moving upwards.

Errors: The person is not using proper climbing technique. They are not using their legs effectively to push themselves up the wall, and they are not using their core muscles to stabilize their body.

Skill Level: Novice",Novice,True,"Observations: The person is climbing a wall with colorful holds. They are using both hands to grip the holds, and their feet are not visible in the image.

Errors: The person is not wearing climbing shoes, which can affect their grip and performance on the wall.

Skill Level: Novice",Novice,True
f29c34e6-0e17-49ee-983b-322e383e9db0,uniandes_bouldering_025_3,Intermediate Expert,"Observations: The woman is climbing a rock wall. She is wearing a black tank top and black shorts. She has long brown hair. She is using her hands to grip the rocks on the wall.

Errors: The woman is not moving her feet. She should be using her feet to push herself up the wall.

Skill Level: Novice",Novice,False,"Observations: The person is climbing a wall. The person is holding onto the climbing holds with both hands.

Errors: The person is not using proper climbing technique. The person is not using their feet to climb.

Skill Level: Novice",Novice,False
2a1667d7-91a8-4a8d-8e73-c5b70dcc8f9f,uniandes_bouldering_026_108,Novice,"Observations: The woman is climbing a rock wall. She is wearing a tank top and leggings. She has long hair that is tied back. She is using her hands to grip the rocks on the wall.

Errors: The woman is not moving her feet. This could cause her to lose balance and fall.

Skill Level: Novice",Novice,True,"Observations: The person is climbing a wall with various colorful holds. They are using their hands to grip the holds and their feet to push off the wall. They are moving up the wall, reaching for different holds.

Errors: The person is not using proper climbing technique. They are not using their legs effectively to push themselves up the wall. They are also not using their core muscles to stabilize their body.

Skill Level: Novice",Novice,True
78fcb5cb-d902-4f73-8a9d-d277983102d0,uniandes_bouldering_028_55,Early Expert,"Observations: The girl is climbing the wall. She is holding onto the rock with her left hand and her right leg is on the rock. Her left leg is on the ground.

Errors: The girl is not moving her hands and legs properly to climb the wall.

Skill Level: Novice",Novice,False,"Observations: The person is climbing a wall with colorful holds. They are using both hands to grip the holds, and their feet are positioned on the wall for support. The person appears to be moving upwards, and their body is angled towards the wall.

Errors: The person's left hand is not gripping the hold firmly enough, which could lead to a loss of balance and potential injury. Additionally, the person's right foot is not positioned correctly, which could also cause instability.

Skill Level: Novice",Novice,False
ee8e8ec3-9926-44bd-bcae-96248b2c5475,uniandes_bouldering_030_63,Late Expert,"Observations: A man is climbing a rock wall. He is wearing a black tank top and black pants. He is using his hands to grip the rocks on the wall.

Errors: The man is not using his feet to climb the wall. He is not using his legs to push himself up the wall.

Skill Level: Novice",Novice,False,"Observations: The person is climbing a rock wall. They are using their hands to grip the holds on the wall.

Errors: The person is not wearing any safety gear, such as a helmet or harness. This could be dangerous if they fall.

Skill Level: Novice",Novice,False
4809c7a1-362a-47f2-8e3c-9bfd0cd9ea3f,uniandes_bouldering_027_62,Novice,"Observations: The woman is climbing a rock wall. She is wearing a tank top and leggings. She has her hands on the wall and her feet are off the ground. She is looking up at the wall.

Errors: The woman is not using proper climbing techniques. She is not using her legs to push herself up the wall. She is not using her core muscles to stabilize herself.

Skill Level: Novice",Novice,True,"Observations: The person is climbing a wall with colorful holds. They are using both hands to grip the holds, and their feet are positioned on the wall for support. The person appears to be moving upwards, as indicated by the changing positions of their hands and feet.

Errors: The person's left hand is not gripping the hold as firmly as it could be, which may lead to a loss of balance if they need to use that hand for additional support. Additionally, the person's right foot is not fully engaged with the wall, which may also contribute to instability.

Skill Level: Intermediate Expert",Intermediate Expert,False
dd655638-41f1-4d56-aa13-ca50899a9faa,uniandes_bouldering_023_54,Early Expert,"Observations: The woman is climbing a rock wall. She is wearing a black tank top and black leggings. She is using her hands to grip the rocks on the wall and her feet to push herself up. She is looking up at the wall.

Errors: The woman is not using proper climbing techniques. She is not using her legs effectively to push herself up the wall. She is also not using her core muscles to stabilize herself.

Skill Level: Novice",Novice,False,"Observations: The person is climbing a wall with colorful holds. They are using both hands to grip the holds, and their feet are positioned on the wall. The person appears to be moving upwards.

Errors: The person's left hand is not gripping a hold, which could lead to instability.

Skill Level: Intermediate Expert",Intermediate Expert,False
83425972-08a3-47eb-8406-46e121bc2226,uniandes_bouldering_023_76,Intermediate Expert,"Observations: The woman is climbing a rock wall. She is wearing a blue tank top and black leggings. She is using her hands to grip the rocks on the wall.

Errors: The woman is not using proper climbing techniques. She is not using her feet to push off the wall, which can help her climb more efficiently. Additionally, she is not using her core muscles to stabilize herself, which can also help her climb more efficiently.

Skill Level: Novice",Novice,False,"Observations: The person is climbing a wall with colorful holds. They are using their hands to grip the holds and their feet to push off the wall. They are moving up the wall, reaching for different holds.

Errors: The person is not wearing any safety gear, such as a helmet or harness. This could be dangerous if they fall.

Skill Level: Novice",Novice,False
000a19fe-776e-4c88-b0c3-2fad016a6025,uniandes_bouldering_028_7,Early Expert,"Observations: The woman is climbing a rock wall. She is using her hands to grip the holds on the wall and her feet to push off the wall. She is moving up the wall, one hand at a time.

Errors: The woman is not using proper climbing technique. She is not using her legs effectively to push herself up the wall. She is also not using her core muscles to stabilize her body.

Skill Level: Novice",Novice,False,"Observations: The person is climbing a rock wall. They are using both hands to grip the holds on the wall. Their feet are not visible, but they appear to be using them to push off the wall.

Errors: The person is not using proper climbing technique. They are not using their legs effectively to push themselves up the wall. They are also not using their core muscles to stabilize their body.

Skill Level: Novice",Novice,False
9ceee09a-ab19-4463-baac-0ed48d21827e,uniandes_bouldering_024_44,Novice,"Observations: The woman is climbing a rock wall. She is wearing an orange tank top and black pants. She is using her hands to grip the holds on the wall.

Errors: The woman is not using proper climbing techniques. She is not using her feet to push off the wall, which can help her climb more efficiently. She is also not using her core muscles to stabilize herself, which can lead to instability and potential falls.

Skill Level: Novice",Novice,True,"Observations: The person is climbing a wall with colorful handholds. They are using both hands to grip the handholds, and their feet are also on the wall. The person appears to be moving upwards.

Errors: There are no visible errors in the person's movement.

Skill Level: Intermediate Expert",Intermediate Expert,False
a6b13562-f2e4-4254-bc1c-9e7513a438c3,uniandes_bouldering_023_23,Early Expert,"Observations: A woman is climbing a rock wall. She is wearing a pink tank top and black shorts. She has long brown hair that is tied back. She is using her hands to grip the rocks on the wall.

Errors: The woman is not using proper climbing techniques. She is not using her feet to push off the wall, which would help her climb higher. She is also not using her core muscles to stabilize herself.

Skill Level: Novice",Novice,False,"Observations: The person is climbing a wall. They are using both hands to grip the holds on the wall. Their feet are not visible, but they appear to be standing on the ground.

Errors: The person is not using proper climbing technique. They are not using their legs to push off the wall, which can help them climb more efficiently. Additionally, they are not using their core muscles to stabilize themselves on the wall.

Skill Level: Novice",Novice,False
e92fd3ee-10c6-4267-8966-6de86ab3384b,uniandes_bouldering_035_52,Early Expert,"Observations: The person is climbing the wall.

Errors: The person is not using proper climbing techniques, such as not keeping their feet on the wall and not using their hands to climb.

Skill Level: Novice",Novice,False,"Observations: The person is climbing a wall with colorful holds. They are using both hands to grip the holds, and their feet are positioned on the wall for support. The person appears to be moving upwards, and their arms are extended towards the top of the wall.

Errors: The person's left hand is not gripping a hold, which could lead to instability while climbing. Additionally, the person's right hand is not gripping a hold, which could also lead to instability.

Skill Level: Intermediate Expert",Intermediate Expert,False
1191d049-3780-452a-b91d-b04292726dc2,uniandes_bouldering_034_102,Early Expert,"Observations: The person is climbing a rock wall. They are using both hands to grip the holds on the wall, and their feet are positioned on the wall as well. They appear to be moving upwards, and their body is angled towards the wall.

Errors: The person's left hand is not gripping the hold as tightly as it could be, which may cause them to lose balance or fall. Additionally, their right foot is not positioned correctly, which may also cause them to lose balance or fall.

Skill Level: Intermediate Expert",Intermediate Expert,False,"Observations: The person is climbing a rock wall. They are using both hands to grip the holds on the wall. Their feet are not visible, but they appear to be standing on the ground.

Errors: The person is not using proper climbing techniques. They are not using their legs for support and are relying too much on their arms. This can lead to fatigue and injury.

Skill Level: Novice",Novice,False
1c9fbdba-fa2f-44be-8548-bf436a802235,uniandes_bouldering_028_20,Intermediate Expert,"Observations: A woman is climbing a rock wall. She is wearing a white tank top and black pants. She is using her hands to grip the holds on the wall.

Errors: The woman is not using proper climbing technique. She is not using her feet to push off the wall, which would help her climb more efficiently.

Skill Level: Novice",Novice,False,"Observations: The person is climbing a wall with colorful handholds. They are using both hands to grip the handholds, and their feet are not visible in the image.

Errors: The person's arms are not fully extended, which may make it difficult for them to maintain balance and control while climbing. Additionally, the person's hands are not gripping the handholds firmly enough, which could lead to a fall if they lose their grip.

Skill Level: Novice",Novice,False
13a12b1c-082d-4465-8b5b-8f9bfac2017f,uniandes_bouldering_036_76,Late Expert,"Observations: A woman is climbing a rock wall. She is wearing a tank top and shorts. She is using her hands to grip the holds on the wall.

Errors: The woman is not using proper climbing technique. She is not using her feet to push off the wall, which can help her climb more efficiently.

Skill Level: Novice",Novice,False,"Observations: The person is climbing a rock wall. They are using both hands to grip the holds on the wall. Their feet are not visible, but they appear to be using them to push off the wall.

Errors: The person's left hand is not gripping the hold as tightly as it could be. This may cause them to lose balance or fall.

Skill Level: Intermediate Expert",Intermediate Expert,False
00e60518-37eb-47ea-bc82-eefa572ffc8c,uniandes_bouldering_029_65,Intermediate Expert,"Observations: A woman is climbing a rock wall. She is wearing a white tank top and black pants. She has long hair that is tied back. She is using her hands to grip the rocks on the wall.

Errors: The woman is not moving her feet. This could cause her to lose balance and fall.

Skill Level: Novice",Novice,False,"Observations: The person is climbing a wall with colorful holds. They are using both hands to grip the holds, and their feet are not visible in the image.

Errors: The person's left hand is not gripping a hold, which could lead to instability while climbing.

Skill Level: Novice",Novice,False
f8550663-34c3-47dc-961b-8f261e872aa6,uniandes_bouldering_035_70,Early Expert,"Observations: A man is standing on a climbing wall. He is wearing a black shirt and black shorts. He is holding a phone with a QR code on it.

Errors: The man is not using the phone to scan the QR code. He is just holding it up.

Skill Level: Novice",Novice,False,"Observations: The person is climbing a wall with a lot of colorful holds. They are wearing a harness and are using a rope to secure themselves. The person is moving their arms and legs to climb up the wall.

Errors: The person is not using proper climbing techniques, such as keeping their core engaged and using their legs for support. They are also not using the rope properly, which could lead to a fall.

Skill Level: Novice",Novice,False
a237c7f1-4189-4f28-9a7d-233a976976d6,uniandes_bouldering_036_47,Late Expert,"Observations: The person is climbing a rock wall. They are using both hands to grip the holds on the wall, and they are moving their legs to maintain balance and push off the wall.

Errors: The person is not using proper climbing techniques. They are not using their feet effectively to push off the wall, which can lead to instability and potential falls. Additionally, they are not using their core muscles to stabilize their body, which can also lead to instability.

Skill Level: Novice",Novice,False,"Observations: The person is climbing a wall with colorful handholds. They are using both hands to grip the handholds, and their feet are not visible in the image.

Errors: The person may be struggling to maintain balance on the wall, as they are using both hands to grip the handholds. Additionally, it is unclear if the person is using proper climbing techniques, such as keeping their arms straight and using their core muscles for stability.

Skill Level: Novice",Novice,False
5e3a185e-7066-457a-959b-54b49e552020,uniandes_bouldering_026_41,Novice,"Observations: A woman is climbing a rock wall. She is wearing a pink shirt and black pants. She is using her hands to grip the rocks on the wall. She is looking up at the wall.

Errors: The woman is not moving her feet. She should be using her feet to push herself up the wall.

Skill Level: Novice",Novice,True,"Observations: The person is climbing a wall with colorful handholds. They are using both hands to grip the holds, and their feet are not visible in the image.

Errors: The person's movements appear to be somewhat slow and deliberate, suggesting they may be a novice or early expert climber. There is no indication of any errors in their technique.

Skill Level: Novice / Early Expert",Early Expert,False
236fc074-73c1-415f-91cf-2c71cd12f3d6,uniandes_bouldering_022_32,Novice,"Observations: The man stands on the ground, then he climbs the wall, then he jumps down.

Errors: The man jumps down without holding the wall.

Skill Level: Novice",Novice,True,"Observations: The person is climbing a rock wall. They are using both hands to grip the holds on the wall. Their feet are not visible, but they appear to be using them to push off the wall.

Errors: The person is not using proper climbing technique. They are not using their legs effectively to push themselves up the wall. They are also not using their core muscles to stabilize their body.

Skill Level: Novice",Novice,True
3b37049c-f7ba-46bf-955f-0485f23ef54d,uniandes_bouldering_037_22,Late Expert,"Observations: The man stands on the floor, then he climbs the wall.

Errors: The man does not hold the climbing holds properly.

Skill Level: Novice",Novice,False,"Observations: The person is climbing a rock wall. They are using both hands to grip the holds on the wall. Their feet are not visible in the image, but they are likely positioned on the wall as well.

Errors: The person appears to be struggling with the climb. They are not making much progress up the wall, and their movements seem slow and deliberate. It is possible that they are not using the correct technique for climbing this particular wall.

Skill Level: Novice",Novice,False
d749d0c9-17e6-4645-84a9-6fc44f8d3a9d,uniandes_bouldering_027_61,Novice,"Observations: The person is climbing a rock wall. They are using both hands to grip the holds on the wall, and their feet are positioned on the wall for support. They are moving upwards, reaching for the next hold with their right hand.

Errors: The person is not using proper climbing technique. They are not using their legs effectively to push off the wall, which can help them climb more efficiently. Additionally, they are not using their core muscles to stabilize their body, which can lead to instability and increased risk of injury.

Skill Level: Novice",Novice,True,"Observations: The person is climbing a wall with colorful holds. They are using both hands to grip the holds, and their feet are positioned on the wall for support. The person appears to be moving upwards, reaching for the next hold.

Errors: The person's left hand is not gripping the hold as firmly as the right hand. This could lead to a loss of balance and potentially falling.

Skill Level: Intermediate Expert",Intermediate Expert,False
15c2eec6-ed88-464d-8917-80ec63c2902c,uniandes_bouldering_037_51,Late Expert,"Observations: A woman is standing on a climbing wall. She is holding a rope with her right hand. She is looking up at the wall.

Errors: The woman is not moving.

Skill Level: Novice",Novice,False,"Observations: The person is climbing a rock wall. They are using their hands to grip the holds on the wall. They are wearing gloves.

Errors: The person is not using proper climbing technique. They are not using their feet to push off the wall.

Skill Level: Novice",Novice,False
6af590b4-317d-4b99-ba3f-d7f639b7dc8f,uniandes_bouldering_028_18,Intermediate Expert,"Observations: The woman is climbing a rock wall. She is wearing a white tank top, black pants, and black shoes. She is using her hands to grip the rocks on the wall and her feet to push off the ground.

Errors: The woman is not using proper climbing techniques. She is not using her legs effectively to push herself up the wall. She is also not using her core muscles to stabilize her body.

Skill Level: Novice",Novice,False,"Observations: The person is climbing a wall with colorful holds. They are using both hands to grip the holds, and their feet are not visible in the image.

Errors: The person's left hand is not gripping the hold properly, which could lead to a fall if they lose balance.

Skill Level: Novice",Novice,False
d8f63b76-f4df-4fdb-9f7d-5db2e5eb3749,uniandes_bouldering_026_94,Novice,"Observations: The person is climbing a rock wall. They are using both hands to grip the holds on the wall, and they are moving their legs to maintain balance.

Errors: The person is not using proper climbing techniques. They are not using their feet effectively to maintain balance, and they are not using their core muscles to stabilize their body.

Skill Level: Novice",Novice,True,"Observations: The person is climbing a wall with colorful holds. They are using their hands to grip the holds and their feet to push off the wall. They are moving up the wall, reaching for the next hold.

Errors: The person is not using proper climbing technique. They are not using their legs effectively to push off the wall, and they are not using their core muscles to stabilize their body. This could lead to a fall and injury.

Skill Level: Novice",Novice,True
a0f43e31-ad99-4c3f-bc3d-75d6235073fc,uniandes_bouldering_026_12,Early Expert,"Observations: A woman is climbing a rock wall. She is wearing a pink tank top and gray pants. She is using her hands to grip the holds on the wall.

Errors: The woman is not using proper climbing techniques. She is not using her feet to push off the wall, which can help her climb more efficiently.

Skill Level: Novice",Novice,False,"Observations: The person is climbing a wall with colorful holds. They are using both hands to grip the holds, and their feet are not visible in the image.

Errors: The person's left hand is not gripping the hold properly, which could lead to a fall if they lose balance.

Skill Level: Novice",Novice,False
2d809aef-9a43-4bae-9657-4b63e24e53d5,uniandes_bouldering_029_40,Novice,"Observations: A woman is climbing a rock wall. She is wearing a tank top and leggings. She is using her hands to grip the holds on the wall.

Errors: The woman is not using her feet effectively to maintain balance. Her legs are not straight, which could cause her to lose balance.

Skill Level: Novice",Novice,True,"Observations: The person is climbing a wall with colorful holds. They are using both hands to grip the holds, and their feet are not visible in the image.

Errors: The person's left hand is not gripping the hold properly, which could lead to a fall if they lose balance.

Skill Level: Novice",Novice,True
972f0b18-b398-4e9a-a8f8-e4a5da7d65d4,uniandes_bouldering_033_52,Intermediate Expert,"Observations: The person is climbing a rock wall. They are using both hands to grip the holds on the wall, and they are moving their feet up the wall as well.

Errors: The person is not wearing any safety gear, such as a helmet or harness. This could be dangerous if they fall.

Skill Level: Novice",Novice,False,"Observations: The person is climbing a rock wall. They are using both hands to grip the holds on the wall.

Errors: The person is not using proper climbing techniques, such as keeping their arms straight and using their legs for support.

Skill Level: Novice",Novice,False
4da8398b-50d4-4fa9-b31f-bf65364afe44,uniandes_bouldering_025_44,Novice,"Observations: The person is climbing a rock wall.

Errors: The person is not wearing any safety gear, such as a helmet or harness.

Skill Level: Novice",Novice,True,"Observations: A woman is sitting on a bed, holding a book open with her left hand while looking at it. She is wearing a black tank top and blue jeans. There is another woman sitting next to her, also holding a book open with her left hand. The second woman is wearing a red tank top and blue jeans. There is a third woman sitting on the floor, looking at a book that she is holding in her hands. The third woman is wearing a black tank top and blue jeans. There is a fourth woman sitting on the floor, looking at a book that she is holding in her hands. The fourth woman is wearing a black tank top and blue jeans. There is a fifth woman sitting on the floor, looking at a book that she is holding in her hands. The fifth woman is wearing a black tank top and blue jeans. There is a sixth woman sitting on the floor, looking at a book that she is holding in her hands. The sixth woman is wearing a black tank top and blue jeans. There is a seventh woman sitting on the floor, looking at a book that she is holding in her hands. The seventh woman is wearing a black tank top and blue jeans. There is an eighth woman sitting on the floor, looking at a book that she is holding in her hands. The eighth woman is wearing a black tank top and blue jeans.

Errors: The women are not moving their bodies in a coordinated manner. They are all sitting on the floor and looking",Unknown,False
0386195b-2c7e-467f-a5e6-7370f9bb2e91,uniandes_bouldering_026_103,Novice,"Observations: The woman is climbing a rock wall. She is wearing a tank top and leggings. She is using her hands to grip the rocks on the wall.

Errors: The woman is not wearing proper climbing shoes, which can affect her grip and balance.

Skill Level: Novice",Novice,True,"Observations: The person is climbing a wall with colorful holds. They are using both hands to grip the holds, and their feet are positioned on the wall for support. The person appears to be moving up the wall, reaching for the next hold.

Errors: The person's left hand is not gripping the hold as firmly as it could be, which may cause them to lose balance or slip. Additionally, the person's right foot is not positioned optimally for stability, which may also contribute to instability.

Skill Level: Intermediate Expert",Intermediate Expert,False
515cb254-42d5-4107-bf65-f17eb654d6b2,uniandes_bouldering_025_81,Novice,"Observations: The person is climbing a rock wall. They are using their hands to grip the holds on the wall and their feet to push off the ground. They are moving up the wall, one hand at a time.

Errors: The person is not using proper climbing technique. They are not using their legs effectively to push themselves up the wall. They are also not using their core muscles to stabilize their body.

Skill Level: Novice",Novice,True,"Observations: The person is climbing a wall with colorful holds. They are using both hands to grip the holds, and their feet are not visible in the image.

Errors: The person's hands are not positioned optimally on the holds, which could lead to a less efficient climb. Additionally, the person's feet are not visible, so it is unclear how they are supporting themselves on the wall.

Skill Level: Novice",Novice,True
2d440a5d-6f5d-447f-b0d7-5227df11da5f,uniandes_bouldering_022_72,Novice,"Observations: The woman is climbing a wall. She is reaching for a hold with her right hand. Her left hand is on the wall. Her legs are bent at the knees.

Errors: The woman is not using her feet to push off the wall. She should be using her feet to help her climb.

Skill Level: Novice",Novice,True,"Observations: The person is climbing a wall with colorful holds. They are using both hands to grip the holds, and their feet are also on the wall. They are moving up the wall, and their body is angled towards it.

Errors: The person is not using proper climbing techniques. They are not using their legs effectively, and they are not maintaining a good body position. Their movements are not smooth, and they are not using their arms efficiently.

Skill Level: Novice",Novice,True
43eeff11-629f-4746-b7f1-6d496c8fbd3f,uniandes_bouldering_026_43,Novice,"Observations: The person is climbing a rock wall. They are using both hands and feet to grip the holds on the wall. Their body is angled towards the wall, and they are moving upwards.

Errors: The person is not using proper climbing technique. They are not gripping the holds with their fingers, but rather using their palms. This can lead to fatigue and injury over time.

Skill Level: Novice",Novice,True,"Observations: The person is climbing a wall with colorful holds. They are using both hands to grip the holds, and their feet are positioned on the wall for support. They are moving upwards, reaching for higher holds.

Errors: The person's left hand is not gripping the hold properly, which could lead to a fall if they lose balance.

Skill Level: Intermediate Expert",Intermediate Expert,False
c602f6a4-d8ab-4462-b487-03c2e856b004,uniandes_bouldering_027_54,Novice,"Observations: The woman is climbing a rock wall. She is wearing a pink shirt and black pants. She is using her hands to grip the rocks on the wall.

Errors: The woman is not using proper climbing techniques. She is not using her feet to push off the wall, which can help her climb more efficiently.

Skill Level: Novice",Novice,True,"Observations: The person is climbing a wall with colorful holds. They are using both hands to grip the holds, and their feet are positioned on the wall for support. Their body is angled towards the wall, and they appear to be moving upwards.

Errors: The person's left hand is not gripping a hold, which could lead to instability. Additionally, their right foot is not placed properly, which may cause them to lose balance.

Skill Level: Novice",Novice,True
4914aa77-7ac7-4f8d-af00-ba9b0ec338e9,uniandes_bouldering_033_35,Intermediate Expert,"Observations: A man is climbing a rock wall. He is wearing a green shirt and blue jeans. He is using his hands to grip the holds on the wall.

Errors: The man is not using his feet effectively to maintain balance. He is also not using his core muscles to stabilize himself.

Skill Level: Novice",Novice,False,"Observations: The person is climbing a rock wall. They are using both hands to grip the holds on the wall. Their feet are not visible in the image, but they are likely positioned on the wall as well.

Errors: The person's left hand is not gripping the hold as tightly as it could be. This may cause them to lose balance or fall.

Skill Level: Intermediate Expert",Intermediate Expert,True
14e3d506-966c-4775-9499-e800ff752938,uniandes_bouldering_036_57,Intermediate Expert,"Observations: The person is climbing a rock wall. They are using both hands to grip the wall and their feet are on the ground. They are moving their arms and legs to climb up the wall.

Errors: The person is not using proper climbing techniques. They are not using their core muscles to stabilize themselves, which can lead to instability and potential injury. Additionally, they are not using their feet effectively to maintain balance and support their weight.

Skill Level: Novice",Novice,False,"Observations: The person is climbing a rock wall. They are using both hands to grip the holds on the wall, and their feet are positioned on the wall for support. They appear to be moving upwards, as indicated by their upward gaze.

Errors: The person's left hand is not gripping the hold as tightly as it could be, which may cause them to lose balance or fall. Additionally, their right foot is not positioned as securely as it could be, which may also cause them to lose balance or fall.

Skill Level: Intermediate Expert",Intermediate Expert,True
488d3a07-a8eb-4489-9773-b36b76edf9cf,uniandes_bouldering_034_36,Early Expert,"Observations: The man is climbing a rock wall. He is using his hands to grip the holds on the wall and his feet to push off the ground. He is moving up the wall, one hold at a time.

Errors: The man is not wearing any safety gear, such as a helmet or harness. This could be dangerous if he falls.

Skill Level: Novice",Novice,False,"Observations: The person is climbing a wall with a climbing device in his right hand. He is wearing a blue shirt and black pants. There are other people in the background, but they are not interacting with the climber.

Errors: The person is not using proper climbing techniques. He is not using both hands to climb, which can lead to instability and potential falls. Additionally, he is not using the climbing device correctly, which could also lead to instability and potential falls.

Skill Level: Novice",Novice,False
3b27142e-6d1d-4613-8739-cae532c8e440,uniandes_bouldering_037_8,Late Expert,"Observations: The person is climbing a rock wall. They are wearing a helmet and climbing shoes. They are using both hands and feet to grip the holds on the wall.

Errors: The person is not using proper climbing technique. They are not using their core muscles effectively, which can lead to fatigue and injury. They are also not using their legs properly, which can cause them to lose balance and fall.

Skill Level: Novice",Novice,False,"Observations: The person is climbing a rock wall. They are using both hands to grip the holds on the wall. Their feet are also gripping the wall, but it is not clear if they are using them effectively.

Errors: The person appears to be struggling with the climb. They may be using incorrect techniques or not gripping the holds properly. It is also possible that they are not using their feet effectively to maintain balance.

Skill Level: Novice",Novice,False
dc8b3f69-c4eb-40da-bace-d46b6dfdf4f8,uniandes_bouldering_023_72,Early Expert,"Observations: A man is standing on a climbing wall. He is wearing a blue shirt and black pants. He is looking up at the wall.

Errors: The man is not moving his body or hands.

Skill Level: Novice",Novice,False,"Observations: The person is climbing a rock wall. They are using both hands to grip the holds on the wall. Their feet are not visible, but they appear to be using them to push off the wall.

Errors: The person's arms are extended outwards, which may make it difficult for them to maintain balance and control while climbing. Additionally, their fingers are not curled around the holds, which could lead to a loss of grip.

Skill Level: Novice",Novice,False
7ca6721f-6dff-4be5-a8dc-eba6890686a2,uniandes_bouldering_037_6,Late Expert,"Observations: A woman is climbing a rock wall. She is wearing a blue tank top and black shorts. She is using her hands to grip the rocks on the wall.

Errors: The woman is not using proper climbing techniques. She is not using her feet to push off the wall, which can help her climb more efficiently.

Skill Level: Novice",Novice,False,"Observations: The person is climbing a rock wall. They are using both hands to grip the holds on the wall. Their feet are not visible, but they appear to be standing on a platform at the bottom of the wall.

Errors: The person's hands are not positioned correctly for climbing. They should be gripping the holds with their fingers spread out, not clenched into fists. Additionally, their feet should be positioned to provide stability and support while climbing.

Skill Level: Novice",Novice,False
08edb61f-1cff-45cb-882f-e266f9868d5b,uniandes_bouldering_022_58,Intermediate Expert,"Observations: The woman is climbing a rock wall. She is wearing a tank top and shorts. She is using her hands to grip the rocks on the wall.

Errors: The woman is not using proper climbing techniques. She is not using her feet to push off the wall, which can help her climb more efficiently.

Skill Level: Novice",Novice,False,"Observations: The person is climbing a wall with colorful holds. They are using their right hand to grip a green hold, and their left hand is not visible in the frame.

Errors: The person's left hand is not visible, which may indicate that they are not using it effectively for balance or support. Additionally, the person's right hand is gripping a single hold, which may not be the most efficient way to climb the wall.

Skill Level: Novice",Novice,False
d6462a6d-44d4-43eb-a0d9-11df808ef412,uniandes_bouldering_034_94,Early Expert,"Observations: The person is climbing a rock wall. They are using both hands to grip the holds on the wall, and they are moving their legs to maintain balance and push off the wall.

Errors: The person is not wearing any safety gear, such as a helmet or harness. This could be dangerous if they fall from the wall.

Skill Level: Novice",Novice,False,"Observations: The person is climbing a rock wall. They are using both hands to grip the holds on the wall.

Errors: The person is not using proper climbing technique. They are not using their legs for support, which can lead to fatigue and injury.

Skill Level: Novice",Novice,False
107fe109-c5d2-42b1-b4a3-f485ce5f08e3,uniandes_bouldering_022_2,Early Expert,"Observations: A woman is climbing a rock wall. She is wearing a purple shirt and black shorts. She is using her hands and feet to grip the rocks on the wall.

Errors: The woman is not using proper climbing techniques. She is not using her core muscles to stabilize herself, and she is not using her legs to push off the wall.

Skill Level: Novice",Novice,False,"Observations: The person is climbing a wall with colorful holds. They are wearing a harness and climbing shoes. They are using both hands to grip the holds and are moving their feet up the wall.

Errors: The person is not using proper climbing technique. They are not using their legs effectively, which can lead to fatigue and injury. They are also not using their core muscles, which can make it harder to maintain balance and control.

Skill Level: Novice",Novice,False
60e3862a-2c21-4448-ae76-f5ab61b08fe2,uniandes_bouldering_028_35,Intermediate Expert,"Observations: The woman is climbing a rock wall. She is wearing a white tank top and black pants. She has long dark hair and is wearing sunglasses. She is using her hands to grip the rocks on the wall.

Errors: The woman is not using proper climbing techniques. She is not using her feet to push off the wall, which would help her climb higher. She is also not using her core muscles to stabilize herself.

Skill Level: Novice",Novice,False,"Observations: The person is climbing a wall. They are using both hands to grip the holds on the wall. Their feet are not visible, but they appear to be standing on the ground.

Errors: The person is not wearing any climbing shoes, which can affect their grip and balance. Additionally, their arms are not fully extended, which may make it more difficult for them to reach higher holds.

Skill Level: Novice",Novice,False
5867246e-676e-47b1-a3d3-283624ae7996,uniandes_bouldering_029_27,Early Expert,"Observations: The person is climbing a rock wall. They are using their hands to grip the holds on the wall and their feet to push off the ground. They are moving up the wall, one hand at a time.

Errors: The person is not using proper climbing technique. They are not using their legs effectively to push themselves up the wall. They are also not using their core muscles to stabilize their body.

Skill Level: Novice",Novice,False,"Observations: The person is climbing a wall with colorful handholds. They are using both hands to grip the holds, and their feet are also placed on the wall for support. The person appears to be moving upwards, as indicated by the changing positions of their hands and feet.

Errors: The person's left hand is not gripping the hold as firmly as it could be, which may lead to a loss of balance if they need to release it. Additionally, the person's right foot is not fully planted on the wall, which may also contribute to instability.

Skill Level: Intermediate Expert",Intermediate Expert,False
4c052cb2-fd49-4601-a842-7eb09f24e76c,uniandes_bouldering_030_62,Late Expert,"Observations: A man is climbing a rock wall. He is wearing a black shirt and blue jeans. He is using his hands to grip the rocks on the wall.

Errors: The man is not using proper climbing techniques. He is not using his feet to push off the wall, which would help him climb higher. He is also not using his core muscles to stabilize himself.

Skill Level: Novice",Novice,False,"Observations: The person is climbing a rock wall. They are wearing a purple shirt and blue jeans. They are using both hands and feet to climb up the wall.

Errors: The person is not using proper climbing techniques. They are not using their core muscles effectively, which can lead to fatigue and injury. They are also not using their feet properly, which can make it difficult to maintain balance and control.

Skill Level: Novice",Novice,False
da19130e-ef5e-4255-9080-f714a618f934,uniandes_bouldering_030_29,Late Expert,"Observations: The man is climbing a wall. He is wearing a black shirt and blue jeans. He is using his hands to hold onto the wall and his feet to push off the ground. He is moving up the wall.

Errors: The man is not using proper climbing techniques. He is not using his legs effectively to push himself up the wall. He is also not using his arms effectively to hold onto the wall.

Skill Level: Novice",Novice,False,"Observations: The person is climbing a wall with colorful handholds. They are wearing a blue shirt and black pants. Their left hand is on a green handhold, and their right hand is on a red handhold. They are looking up at the wall.

Errors: The person is not using proper climbing techniques. They are not using their legs to push off the wall, and they are not using their core muscles to maintain balance. They are also not using their fingers to grip the handholds properly.

Skill Level: Novice",Novice,False
dc42bea0-358d-4c9c-add3-f6a0d0067751,uniandes_bouldering_037_24,Intermediate Expert,"Observations: The man is climbing a rock wall. He is using his hands to grip the holds on the wall and his feet to push off the ground. He is moving up the wall, reaching for the next hold with his hand.

Errors: The man is not wearing any safety gear, such as a helmet or harness. This could be dangerous if he falls.

Skill Level: Novice",Novice,False,"Observations: The person is climbing a wall with colorful holds. They are using both hands to grip the holds, and their feet are positioned on the wall for support. The person appears to be moving upwards, reaching for the next hold.

Errors: There are no apparent errors in the person's movement. They seem to be climbing correctly and efficiently.

Skill Level: Intermediate Expert",Intermediate Expert,True
b437ad8d-7d90-48b9-84ef-46e6db4a58da,uniandes_bouldering_029_28,Early Expert,"Observations: The person is climbing a rock wall. They are using both hands to grip the holds on the wall, and their feet are positioned on the wall as well. They appear to be moving upwards.

Errors: The person's left hand is not gripping the hold as tightly as it could be, which may cause them to lose balance if they need to move quickly. Additionally, their right foot is not fully planted on the wall, which may also cause them to lose balance.

Skill Level: Intermediate Expert",Intermediate Expert,False,"Observations: The person is climbing a wall with colorful holds. They are using both hands to grip the holds, and their feet are also on the wall. The person appears to be moving up the wall, and their arms are extended outwards.

Errors: There are no apparent errors in the person's movement. They seem to be climbing correctly and efficiently.

Skill Level: Intermediate Expert",Intermediate Expert,False
9f7cd016-662c-4f3a-9fb5-9bc41a5b87bb,uniandes_bouldering_036_14,Late Expert,"Observations: The man is climbing the wall. He is reaching for a hold on the wall with his right hand. His left leg is bent at the knee, and his right leg is straight.

Errors: The man is not using proper climbing technique. He should be using both hands to reach for holds on the wall. Additionally, he should be using his feet to push off the wall and propel himself forward.

Skill Level: Novice",Novice,False,"Observations: The person is climbing a wall with a variety of colorful holds. They are using both hands to grip the holds, and their feet are positioned on the wall for support. The person appears to be moving up the wall, and their body is angled slightly forward.

Errors: The person's left hand is not gripping a hold, which could lead to instability. Additionally, the person's right foot is not positioned correctly, which could also cause instability.

Skill Level: Intermediate Expert",Intermediate Expert,False
002732ef-dc20-463e-9b6d-f0e67a65240c,uniandes_bouldering_029_42,Novice,"Observations: A woman is climbing a rock wall. She is wearing a blue tank top and black leggings. She is using her hands to grip the holds on the wall.

Errors: The woman is not using proper climbing technique. She is not using her legs to push herself up the wall, but instead is relying solely on her arms. This can lead to fatigue and injury over time.

Skill Level: Novice",Novice,True,"Observations: The person is climbing a rock wall. They are using both hands to grip the holds on the wall. Their feet are not visible, but they appear to be using them to push off the wall.

Errors: The person's left hand is not gripping the hold as tightly as it could be. This may cause them to lose balance or fall.

Skill Level: Novice",Novice,True
3d9b1381-1000-49a9-8a35-70db2e837dda,uniandes_bouldering_037_42,Intermediate Expert,"Observations: The person is climbing a rock wall. They are using both hands to grip the holds on the wall, and their feet are positioned on the wall as well. They appear to be moving upwards, and their body is angled towards the wall.

Errors: The person's left hand is not gripping the hold as tightly as it could be, which may cause them to lose balance if they slip. Additionally, their right foot is not fully planted on the wall, which may also cause them to lose balance.

Skill Level: Intermediate Expert",Intermediate Expert,True,"Observations: The person is climbing a wall with colorful holds. They are using both hands to grip the holds, and their feet are positioned on the wall for support. The person appears to be moving upwards, and their arms are extended towards the top of the wall.

Errors: The person's left hand is not gripping a hold, which could lead to instability and potential falls. Additionally, the person's right arm is not fully extended, which may make it difficult to maintain balance and control while climbing.

Skill Level: Intermediate Expert",Intermediate Expert,True
1eebe808-ec84-49b4-819a-91f9b0ebcdf1,uniandes_bouldering_029_51,Early Expert,"Observations: The person is climbing a rock wall. They are using both hands to grip the holds on the wall, and they are moving their legs to maintain balance.

Errors: The person is not using proper climbing techniques. They are not using their feet effectively to maintain balance, and they are not using their core muscles to stabilize their body.

Skill Level: Novice",Novice,False,"Observations: The person is climbing a wall with colorful holds. They are using both hands to grip the holds, and their feet are positioned on the wall for support. They appear to be moving upwards, reaching for higher holds.

Errors: The person's left hand is not gripping a hold, which could lead to instability. Additionally, their right foot is not positioned correctly, which may cause them to lose balance.

Skill Level: Intermediate Expert",Intermediate Expert,False
77f6641e-b713-4723-bafc-ca6b0b957c5e,uniandes_bouldering_036_17,Late Expert,"Observations: A man is climbing a rock wall. He is wearing a red shirt and black pants. He is using his hands to grip the rocks on the wall.

Errors: The man is not using proper climbing techniques. He is not using his feet to push off the wall, which would help him climb higher.

Skill Level: Novice",Novice,False,"Observations: The person is climbing a wall with colorful holds. They are using both hands to grip the holds, and their feet are positioned on the wall for support. The person appears to be moving up the wall, reaching for higher holds.

Errors: There are no apparent errors in the person's movement. They are using proper climbing techniques and maintaining good balance.

Skill Level: Intermediate Expert",Intermediate Expert,False
d8f61192-9b18-424d-861b-49328acaf3b9,uniandes_bouldering_022_48,Novice,"Observations: The woman is climbing a rock wall. She is wearing a black tank top and black pants. She has long dark hair. She is using her hands to grip the rocks on the wall.

Errors: The woman is not moving her feet. She should be using her feet to push herself up the wall.

Skill Level: Novice",Novice,True,"Observations: The person is climbing a rock wall. They are using both hands and feet to grip the holds on the wall. Their body is angled towards the wall, and they are moving upwards.

Errors: The person is not using proper climbing technique. They are not using their core muscles effectively, which can lead to fatigue and injury. Additionally, they are not using their legs to push off the wall, which can make it more difficult to climb.

Skill Level: Novice",Novice,True
8d45fe63-07c7-463f-901e-f5f66414ef16,uniandes_bouldering_022_22,Intermediate Expert,"Observations: The person is climbing a rock wall. They are using both hands to grip the rocks on the wall, and their feet are positioned on the wall as well. They appear to be moving up the wall, but it is not clear how far they have climbed.

Errors: It is difficult to determine if there are any errors in the person's movement based on the given information. However, it is possible that they may be struggling with the climb, as they are not making much progress.

Skill Level: It is difficult to determine the skill level of the person based on the given information. However, it appears that they are still learning how to climb, as they are not making much progress. Therefore, it is likely that they are a novice climber.",Novice,False,"Observations: The person is climbing a wall with colorful handholds. They are using both hands to grip the handholds, and their feet are also on the wall. They appear to be moving upwards.

Errors: The person's feet are not positioned correctly for climbing. They should be placed on the wall to provide support and balance.

Skill Level: Novice",Novice,False
73125182-9936-4610-a2aa-9f4095dcbec2,uniandes_bouldering_035_64,Early Expert,"Observations: The person is climbing a rock wall. They are wearing a green shirt and black shorts. They are using both hands and feet to climb the wall.

Errors: The person is not using proper climbing techniques. They are not using their core muscles effectively, which can lead to fatigue and injury. They are also not using their legs properly, which can cause them to lose balance and fall.

Skill Level: Novice",Novice,False,"Observations: The person is climbing a wall with colorful handholds. They are using both hands to grip the handholds, and their feet are not visible in the frame.

Errors: The person's grip on the handholds appears to be loose, which could lead to a fall if they lose balance. Additionally, their body posture suggests that they may not have proper climbing form, which could also increase the risk of injury.

Skill Level: Novice",Novice,False
ad952197-37d9-4e10-b7f4-57f3560b6521,uniandes_bouldering_024_2,Intermediate Expert,"Observations: The person is climbing a rock wall. They are using both hands to grip the holds on the wall. Their feet are not visible, but they appear to be using them to maintain balance.

Errors: The person's left hand is not gripping the hold properly, which could lead to a fall if they lose balance.

Skill Level: Novice",Novice,False,"Observations: The person is climbing a wall with colorful handholds. They are using both hands to grip the handholds, and their feet are not visible in the image.

Errors: The person may be struggling to maintain balance on the wall, as they are using both hands to grip the handholds. Additionally, it is unclear if the person is using proper climbing techniques, such as keeping their arms straight and using their core muscles for stability.

Skill Level: Novice",Novice,False
9d8fd4f4-2120-48ec-ba5a-5ca7abda050c,uniandes_bouldering_034_47,Early Expert,"Observations: The man is climbing a rock wall. He is wearing a white shirt and black pants. He is using his hands to grip the rocks on the wall. He is looking up at the wall.

Errors: The man is not wearing any safety gear, such as a helmet or harness. This could be dangerous if he falls.

Skill Level: Novice",Novice,False,"Observations: The person is climbing a rock wall. They are using both hands to grip the holds on the wall. Their feet are also gripping the wall, but it is not clear if they are using them effectively.

Errors: The person appears to be struggling with their grip on the wall. They may be using too much force or not enough force, which could lead to a fall. Additionally, their feet do not seem to be providing much support, which could also contribute to instability.

Skill Level: Novice",Novice,False
2fa7fed3-f7be-428c-8168-bc30d5f0c9c8,uniandes_bouldering_026_91,Early Expert,"Observations: The woman is climbing a rock wall. She is wearing a pink tank top and patterned leggings. She is using her hands to grip the holds on the wall.

Errors: The woman is not moving her feet, which is a common error for beginners when climbing. This can lead to instability and a higher risk of falling.

Skill Level: Novice",Novice,False,"Observations: The person is climbing a wall with colorful holds. They are using their hands to grip the holds and their feet to push off the wall. They are moving up the wall, reaching for the next hold.

Errors: The person is not wearing a harness or safety gear. They are also not using proper climbing techniques, such as keeping their core engaged and using their legs to push off the wall.

Skill Level: Novice",Novice,False
2d2f63c6-ba70-47bb-be76-a4314c7dc7b8,uniandes_bouldering_035_62,Early Expert,"Observations: A man is standing on a climbing wall. He is wearing a green shirt and blue shorts. He is looking up at the wall.

Errors: The man is not moving his body or arms.

Skill Level: Novice",Novice,False,"Observations: The person is climbing a rock wall. They are using both hands to grip the holds on the wall. Their feet are not visible, but they appear to be using them to push off the wall.

Errors: The person is not using proper climbing technique. They are not using their legs effectively to push themselves up the wall. They are also not using their core muscles to stabilize their body.

Skill Level: Novice",Novice,False
1d994778-4641-497b-bcb6-00cfc61a2517,uniandes_bouldering_036_70,Late Expert,"Observations: A man is climbing a rock wall. He is wearing a red shirt and black pants. He is using his hands to grip the rocks on the wall.

Errors: The man is not using proper climbing techniques. He is not using his feet to push off the wall, which can help him climb more efficiently.

Skill Level: Novice",Novice,False,"Observations: The person is climbing a rock wall. They are using their hands to grip the holds on the wall and their feet to push off the wall. They are wearing climbing shoes.

Errors: The person is not using proper climbing technique. They are not using their legs effectively to push off the wall, and they are not using their core muscles to stabilize themselves.

Skill Level: Novice",Novice,False
50a1d087-699a-4b98-a8d3-1c1b9adae130,uniandes_bouldering_037_52,Late Expert,"Observations: A man is climbing a rock wall. He is wearing a helmet and climbing shoes. He is using his hands to grip the rocks on the wall.

Errors: The man is not using proper climbing techniques. He is not using his feet to push off the wall, which can help him climb higher.

Skill Level: Novice",Novice,False,"Observations: The person is climbing a rock wall. They are wearing gloves and have their hands on the wall. They are looking up at the wall.

Errors: The person is not moving their feet, which could cause them to lose balance and fall.

Skill Level: Novice",Novice,False
e1ff1af7-8be8-492c-8ede-4b6cfcc8ae87,uniandes_bouldering_036_36,Late Expert,"Observations: The woman is climbing the wall. She is standing on the ground and reaching for the wall with her right hand. She is wearing a pink shirt, black pants, and sandals.

Errors: The woman is not using proper climbing techniques. She is not gripping the wall properly and is not using her feet to support herself.

Skill Level: Novice",Novice,False,"Observations: The person is climbing a rock wall. They are using their hands to grip the holds on the wall and their feet to push off the wall. They are wearing climbing shoes.

Errors: The person is not using proper climbing technique. They are not using their legs effectively to push off the wall, and they are not using their core muscles to stabilize themselves.

Skill Level: Novice",Novice,False
4b0fd835-3caf-43ee-83bf-79a28d2bf2ad,uniandes_bouldering_034_29,Early Expert,"Observations: The woman is climbing a rock wall. She is wearing a green shirt and gray shorts. She is using her hands to grip the rocks on the wall.

Errors: The woman is not using proper climbing techniques. She is not using her feet to push off the wall, which can help her climb higher. She is also not using her core muscles to stabilize herself.

Skill Level: Novice",Novice,False,"Observations: The person is climbing a rock wall. They are using both hands to grip the holds on the wall, and their feet are also placed on the wall for support.

Errors: The person's left hand is not gripping the hold properly, which could lead to a fall if they lose balance.

Skill Level: Novice",Novice,False
a071801a-f4a5-4b7d-a175-2eccd0e65d3d,uniandes_bouldering_028_64,Novice,"Observations: The woman is climbing a rock wall. She is wearing a tank top and leggings. She is using her hands to grip the holds on the wall.

Errors: The woman is not using proper climbing technique. She is not using her legs effectively, which can lead to fatigue and injury.

Skill Level: Novice",Novice,True,"Observations: The person is climbing a wall with colorful handholds. They are using both hands to grip the handholds, and their feet are not visible in the image.

Errors: The person's movements appear to be somewhat slow and deliberate, suggesting that they may not be very experienced at climbing. There is also some blurriness in the image, which could indicate that the person is moving quickly or that the camera is not focused properly.

Skill Level: Novice",Novice,True
3c519043-4e93-4f5e-b521-3b27c235c17c,uniandes_bouldering_024_6,Novice,"Observations: The person is climbing a rock wall. They are using both hands to grip the holds on the wall, and their feet are positioned on the wall as well. They appear to be moving up the wall, but it is not clear how far they have climbed.

Errors: It is difficult to determine if there are any errors in the person's movement based on the limited information provided. However, it is possible that they may be using incorrect techniques or not gripping the holds properly, which could lead to a fall.

Skill Level: It is difficult to determine the skill level of the person based on the limited information provided. However, it appears that they are at least intermediate expert, as they are able to climb the wall and use both hands and feet to grip the holds.",Intermediate Expert,False,"Observations: The person is climbing a wall with colorful holds. They are using both hands to grip the holds, and their feet are positioned on the wall for support. The person appears to be moving upwards, reaching for the next hold.

Errors: The person's left hand is not gripping the hold as firmly as the right hand. This could lead to a loss of balance and potentially falling.

Skill Level: Intermediate Expert",Intermediate Expert,False
ea188e15-10c3-467d-b8f9-602d5aed498a,uniandes_bouldering_029_88,Novice,"Observations: The person is climbing a rock wall. They are using both hands to grip the holds on the wall, and their feet are positioned on the wall as well. They appear to be moving upwards.

Errors: There are no apparent errors in the person's movement. They seem to be climbing correctly and efficiently.

Skill Level: Intermediate Expert",Intermediate Expert,False,"Observations: The person is climbing a rock wall. They are using their hands to grip the holds on the wall.

Errors: The person is not using proper climbing technique. They are not using their feet to push off the wall, which can help them climb more efficiently.

Skill Level: Novice",Novice,True
495c922c-4986-4fc9-8f80-478f2d888850,uniandes_bouldering_029_34,Intermediate Expert,"Observations: The woman is climbing a rock wall. She is wearing a white tank top, black leggings, and sandals. She has her left hand on a hold and her right hand is reaching for another hold. Her legs are bent at the knees and she is looking up at the wall.

Errors: The woman is not using proper climbing technique. She is not keeping her core engaged and her body is not aligned with the wall. She is also not using her feet to push off the wall.

Skill Level: Novice",Novice,False,"Observations: The person is climbing a wall with colorful holds. They are using both hands to grip the holds, and their feet are not visible in the image.

Errors: The person's hands are not positioned optimally for climbing. Their fingers are not curled around the holds, which could lead to a less secure grip.

Skill Level: Novice",Novice,False
b9f8d101-29f7-42c4-8677-b0d563e07dbf,uniandes_bouldering_032_80,Intermediate Expert,"Observations: The person is climbing a rock wall. They are using both hands to grip the rocks on the wall, and they are moving their legs to maintain balance.

Errors: The person is not wearing any safety gear, such as a helmet or harness. This could be dangerous if they fall.

Skill Level: Novice",Novice,False,"Observations: The person is climbing a rock wall. They are using both hands to grip the holds on the wall.

Errors: The person is not using proper climbing technique. They are not using their legs effectively, which can lead to fatigue and injury.

Skill Level: Novice",Novice,False
1c472019-714d-466e-ad7c-797fb59ab1e1,uniandes_bouldering_026_40,Novice,"Observations: The person is climbing a rock wall. They are using both hands to grip the holds on the wall, and they are moving their legs to maintain balance.

Errors: The person is not using proper climbing techniques. They are not using their feet effectively to maintain balance, and they are not using their core muscles to support their body weight.

Skill Level: Novice",Novice,True,"Observations: The person is climbing a rock wall. They are using their hands to grip the holds on the wall.

Errors: The person is not using proper climbing techniques, such as keeping their arms straight and their body close to the wall.

Skill Level: Novice",Novice,True
6f9e874c-829f-45a2-adfb-40e76efa2006,uniandes_bouldering_031_46,Late Expert,"Observations: The person is climbing a wall. They are using their hands to grip the holds on the wall.

Errors: The person is not using proper climbing techniques. They are not using their feet to push off the wall, which can help them climb more efficiently.

Skill Level: Novice",Novice,False,"Observations: The person is climbing a wall with a variety of colorful holds. They are using both hands to grip the holds, and their feet are positioned on the wall for support. The person appears to be moving upwards, and their body is angled towards the wall.

Errors: The person's left hand is not gripping a hold, which could lead to instability. Additionally, the person's right hand is not fully gripping the hold, which could also cause instability.

Skill Level: Intermediate Expert",Intermediate Expert,False
c258c50e-986e-4a24-a7eb-6e750c41110b,uniandes_bouldering_035_101,Early Expert,"Observations: A man is climbing a rock wall. He is wearing a black shirt and black pants. He is using his hands to grip the rocks on the wall.

Errors: The man is not using proper climbing techniques. He is not using his feet to push off the wall, which would help him climb higher. He is also not using his core muscles to stabilize himself on the wall.

Skill Level: Novice",Novice,False,"Observations: The person jumps down from the climbing wall.

Errors: The person jumps down from the climbing wall.

Skill Level: Novice",Novice,False
aa810edc-47b1-4446-a5e5-ac630b32ef0c,uniandes_bouldering_029_22,Novice,"Observations: The woman is climbing a rock wall. She is wearing a black tank top and black leggings. She has long brown hair that is tied back. She is using her hands to grip the rocks on the wall.

Errors: The woman is not moving her feet, which could cause her to lose balance and fall.

Skill Level: Novice",Novice,True,"Observations: The person is climbing a wall with colorful handholds. They are using both hands to grip the handholds, and their feet are not visible in the image.

Errors: The person's grip on the handholds could be improved by ensuring that they are gripping them firmly and evenly. Additionally, the person should ensure that their body is aligned properly with the wall for better balance and control.

Skill Level: Novice",Novice,True
91049560-0506-479a-b216-fa6086dd3e11,uniandes_bouldering_029_58,Novice,"Observations: A woman is climbing a rock wall. She is wearing a tank top and leggings. She is using her hands to grip the holds on the wall.

Errors: The woman is not using proper climbing techniques. She is not using her feet to push off the wall, which can help her climb more efficiently.

Skill Level: Novice",Novice,True,"Observations: The person is climbing a rock wall. They are using their hands to grip the holds on the wall.

Errors: The person is not wearing any safety gear, such as a helmet or harness. This could be dangerous if they fall.

Skill Level: Novice",Novice,True
bb219a0a-24ed-4623-8dc2-7496f86755ff,uniandes_bouldering_026_107,Novice,"Observations: The person is climbing a rock wall. They are using both hands to grip the holds on the wall, and they are moving their legs to maintain balance.

Errors: The person is not using proper climbing techniques. They are not using their feet effectively to maintain balance, and they are not using their core muscles to stabilize their body.

Skill Level: Novice",Novice,True,"Observations: The person is climbing a wall with colorful holds. They are using both hands to grip the holds, and their feet are positioned on the wall for support. The person appears to be moving upwards, reaching for the next hold.

Errors: The person's left hand is not gripping the hold firmly, which could lead to a loss of balance and potential injury if they fall. Additionally, the person's right hand is not fully extended, which may make it difficult to reach the next hold.

Skill Level: Intermediate Expert",Intermediate Expert,False
fd316d2d-57d6-47ee-a1e8-c141a3a29d33,uniandes_bouldering_026_62,Novice,"Observations: The woman is climbing a rock wall. She is wearing a pink shirt and black pants. She is using her hands to grip the rocks on the wall.

Errors: The woman is not using proper climbing techniques. She is not using her feet to push off the wall, which can help her climb more efficiently. She is also not using her core muscles to stabilize herself, which can make it harder for her to maintain her balance.

Skill Level: Novice",Novice,True,"Observations: The person is climbing a rock wall. They are using both hands to grip the holds on the wall, and they are moving their feet up the wall as well.

Errors: The person is not using proper climbing technique. They are not using their legs effectively to push themselves up the wall, and they are not using their core muscles to stabilize their body.

Skill Level: Novice",Novice,True
5bb27ee7-ca81-42b7-9c96-e4500413241e,uniandes_bouldering_034_67,Early Expert,"Observations: The person is climbing a rock wall. They are wearing a green shirt and blue jeans. They are using both hands and feet to climb the wall.

Errors: The person is not using proper climbing techniques. They are not using their core muscles effectively, which can lead to fatigue and injury. They are also not using their legs properly, which can make it difficult to maintain balance and control.

Skill Level: Novice",Novice,False,"Observations: The person is climbing a rock wall. They are using their hands to grip the holds on the wall. They are wearing shoes that are designed for climbing.

Errors: The person is not using proper climbing techniques. They are not using their feet to push off the wall, which can help them climb more efficiently. They are also not using their core muscles to stabilize themselves on the wall.

Skill Level: Novice",Novice,False
3e8cacb0-dffe-424e-ac44-539f255c5156,uniandes_bouldering_032_77,Intermediate Expert,"Observations: A woman is climbing a rock wall. She is wearing a gray tank top and black shorts. She is using her hands to grip the rocks on the wall.

Errors: The woman is not using proper climbing techniques. She is not using her feet to push off the wall, which would help her climb higher. She is also not using her core muscles to stabilize herself.

Skill Level: Novice",Novice,False,"Observations: The person is climbing a rock wall. They are using both hands to grip the holds on the wall. Their feet are also gripping the wall, but it is not clear if they are using them effectively.

Errors: The person appears to be struggling with the climb. They may be using incorrect techniques or not gripping the holds properly. It is also possible that they are not using their feet effectively to maintain balance and support.

Skill Level: Novice",Novice,False
0c5bdd21-9828-43de-8d18-f9d346e3ed90,uniandes_bouldering_025_85,Novice,"Observations: The person is climbing a rock wall. They are using their hands to grip the holds on the wall and their feet to push off the wall. They are moving up the wall, one hand at a time.

Errors: The person is not using proper climbing technique. They are not using their legs effectively to push themselves up the wall. They are also not using their core muscles to stabilize their body.

Skill Level: Novice",Novice,True,"Observations: The person is climbing a rock wall. They are using both hands to grip the holds on the wall.

Errors: The person is not using proper climbing techniques, such as keeping their arms straight and using their legs for support.

Skill Level: Novice",Novice,True
2af27998-2596-4484-ae0a-4b0d25da25fb,uniandes_bouldering_037_34,Late Expert,"Observations: The person is climbing a rock wall. They are using both hands to grip the holds on the wall, and they are moving their legs to maintain balance.

Errors: The person is not wearing any safety gear, such as a helmet or harness. This could be dangerous if they fall.

Skill Level: Novice",Novice,False,"Observations: The person is climbing a wall with colorful holds. They are using both hands to grip the holds, and their feet are not visible in the image.

Errors: The person's hands are not positioned optimally for climbing. Their fingers are not curled around the holds, which could lead to a loss of grip and potential injury.

Skill Level: Novice",Novice,False
9580429c-539c-46e2-a100-aba20d6cc8e0,uniandes_bouldering_036_74,Late Expert,"Observations: The person is climbing a rock wall. They are using both hands to grip the holds on the wall, and they are moving their legs to maintain balance.

Errors: The person is not wearing any safety gear, such as a helmet or harness. This could be dangerous if they fall.

Skill Level: Novice",Novice,False,"Observations: The person is climbing a rock wall. They are using their hands to grip the holds on the wall.

Errors: The person is not using proper climbing techniques, such as keeping their core engaged and using their legs for support.

Skill Level: Novice",Novice,False
b0b58515-bc80-4ffc-8ee9-b3f4251071ca,uniandes_bouldering_028_28,Novice,"Observations: The person is climbing a rock wall. They are using both hands to grip the holds on the wall, and their feet are positioned on the wall for support. They appear to be moving upwards, as their body is angled towards the top of the wall.

Errors: The person's left hand is not gripping the hold as firmly as it could be, which may cause them to lose balance or slip. Additionally, their right foot is not fully planted on the wall, which may also cause instability.

Skill Level: Intermediate Expert",Intermediate Expert,False,"Observations: The person is climbing a rock wall. They are using both hands to grip the holds on the wall. Their feet are not visible, but they appear to be using them to push off the wall for support.

Errors: The person's arms are not fully extended when they grip the holds. This could make it more difficult for them to maintain balance and control while climbing.

Skill Level: Novice",Novice,True
6109e2a2-a28a-4d09-8333-facbb9d855d0,uniandes_bouldering_036_43,Late Expert,"Observations: A woman is climbing a rock wall. She is wearing a purple shirt and black shorts. She is using her hands to grip the rocks on the wall. She is moving up the wall, but she is not yet at the top.

Errors: The woman is not yet at the top of the wall. She may need more practice to improve her climbing skills.

Skill Level: Novice",Novice,False,"Observations: The person is climbing a rock wall. They are using their hands to grip the holds on the wall.

Errors: The person is not wearing any safety gear, such as a helmet or harness. This could be dangerous if they fall.

Skill Level: Novice",Novice,False
f13614a2-2a3a-49ff-92bd-0a585e241aba,uniandes_bouldering_034_55,Intermediate Expert,"Observations: A man is climbing a rock wall. He is wearing a black shirt and black pants. He is using his hands to grip the rocks on the wall.

Errors: The man is not wearing any safety gear, such as a helmet or harness. This could be dangerous if he falls.

Skill Level: Novice",Novice,False,"Observations: The person is climbing a rock wall. They are wearing gloves and have a chalk bag on their waist. There are other people sitting on the ground watching them climb.

Errors: The person is not using proper climbing techniques, such as not using their feet to push off the wall and not using their core muscles to maintain balance.

Skill Level: Novice",Novice,False
700ed1a7-7984-46df-8ae7-0ca0407763ff,uniandes_bouldering_027_21,Early Expert,"Observations: The woman is climbing a rock wall. She is using her hands to grip the holds on the wall and her feet to push off the ground. She is wearing a pink tank top and shorts.

Errors: The woman is not using proper climbing technique. She is not gripping the holds with her fingers, but rather with her entire hand. This can lead to fatigue and injury over time. Additionally, she is not using her feet effectively to push off the ground, which can also lead to fatigue and injury.

Skill Level: Novice",Novice,False,"Observations: The person is climbing a wall with colorful handholds. They are using both hands to grip the holds, and their feet are positioned on the wall for support. The person appears to be moving upwards, as indicated by the changing positions of their hands and feet.

Errors: The person's left hand is not gripping the hold properly, which could lead to a loss of balance and potential injury. Additionally, the person's right hand is not gripping the hold firmly enough, which could also result in a loss of balance.

Skill Level: Novice",Novice,False
503cc92d-7052-44ff-a21d-da6c4a5d6927,uniandes_bouldering_028_52,Intermediate Expert,"Observations: The woman is climbing a rock wall. She is wearing a white tank top and black leggings. She has a pink bag on her shoulder. She is using both hands to grip the rocks on the wall.

Errors: The woman is not using proper climbing techniques. She is not using her legs effectively, which can lead to fatigue and injury. She is also not using her core muscles, which can make it harder to maintain balance and control.

Skill Level: Novice",Novice,False,"Observations: The person is climbing a wall with colorful handholds. They are using both hands to grip the handholds, and their feet are not visible in the image.

Errors: The person's left hand is not gripping the handhold properly, which could lead to a fall if they lose balance.

Skill Level: Novice",Novice,False
c8dbedf6-61ec-497f-b57e-ee270238da13,uniandes_bouldering_031_69,Late Expert,"Observations: The person is climbing a rock wall. They are using their hands to grip the holds on the wall and their feet to push off the ground. They are moving up the wall, one hand at a time.

Errors: The person is not using proper climbing technique. They are not using their legs effectively to push themselves up the wall. They are also not using their core muscles to stabilize their body.

Skill Level: Novice",Novice,False,"Observations: The person is climbing a rock wall. They are using their hands to grip the holds on the wall.

Errors: The person is not wearing any safety gear, such as a helmet or harness. This could be dangerous if they fall.

Skill Level: Novice",Novice,False
e5c264b5-71ec-47b5-a509-f3c56da7f418,uniandes_bouldering_036_51,Late Expert,"Observations: The person is climbing a rock wall. They are using both hands to grip the holds on the wall, and they are moving their legs to maintain balance and push off the wall. They are wearing a harness and a helmet for safety.

Errors: The person is not using proper climbing techniques. They are not using their feet effectively to push off the wall, and they are not using their core muscles to stabilize their body. Additionally, they are not using their arms efficiently to grip the holds.

Skill Level: Novice",Novice,False,"Observations: The person is climbing a rock wall. They are using both hands to grip the holds on the wall. Their feet are not visible, but they appear to be using them to push off the wall.

Errors: The person's left hand is not gripping the hold as tightly as it could be. This may cause them to lose balance or fall.

Skill Level: Intermediate Expert",Intermediate Expert,False
1bae4806-b9a5-4271-9d40-b14e42c50fa0,uniandes_bouldering_028_42,Novice,"Observations: A woman is climbing a rock wall. She is wearing a tank top and leggings. She is using her hands to grip the holds on the wall.

Errors: The woman is not using proper climbing technique. She is not using her legs to push herself up the wall, she is relying solely on her arms.

Skill Level: Novice",Novice,True,"Observations: The person is climbing a wall with colorful holds. They are using both hands to grip the holds, and their feet are not visible in the image.

Errors: The person's arms are not fully extended, which may make it difficult for them to reach certain holds. Additionally, their fingers are not fully curled around the holds, which could lead to a less secure grip.

Skill Level: Novice",Novice,True
cdb3d2dc-57b0-4a0e-8645-f37c7b384f74,uniandes_bouldering_032_34,Late Expert,"Observations: The person is climbing a rock wall. They are using both hands to grip the holds on the wall. Their feet are positioned on the wall, and they are moving upwards.

Errors: The person is not using proper climbing techniques. They are not using their legs effectively, which can lead to fatigue and injury. Additionally, they are not using their core muscles to stabilize their body, which can also lead to fatigue and injury.

Skill Level: Novice",Novice,False,"Observations: The person is climbing a rock wall. They are using both hands to grip the holds on the wall. Their feet are also gripping the wall, but it is not clear if they are using them effectively.

Errors: The person appears to be struggling with their grip on the wall. They may be using too much force or not enough force, which could lead to a fall. Additionally, their feet do not seem to be providing much support, which could also contribute to instability.

Skill Level: Novice",Novice,False
8ebffdce-ebf0-4824-a266-2c910dd6b5a7,uniandes_bouldering_036_71,Late Expert,"Observations: The woman is climbing the wall. She is moving her hands and feet to climb up the wall.

Errors: The woman is not using proper climbing techniques. She is not using her core muscles effectively, which can lead to fatigue and injury.

Skill Level: Novice",Novice,False,"Observations: The person is climbing a wall with colorful holds. They are using both hands to grip the holds, and their feet are not visible in the image.

Errors: The person's left hand is not gripping the hold properly, which could lead to a fall if they lose balance.

Skill Level: Novice",Novice,False
ee192603-9c39-4ae1-ad7d-46de5fe3bb9c,uniandes_bouldering_035_93,Early Expert,"Observations: A man is climbing a rock wall. He is wearing a green shirt and blue shorts. He is using his hands to grip the rocks on the wall.

Errors: The man is not using proper climbing techniques. He is not using his feet to push off the wall, which would help him climb higher. He is also not using his core muscles to stabilize himself on the wall.

Skill Level: Novice",Novice,False,"Observations: The person is climbing a rock wall. They are using both hands to grip the holds on the wall. Their feet are also gripping the wall, but they are not yet fully up on it.

Errors: The person is not yet fully up on the wall. They may need more practice to improve their technique and strength.

Skill Level: Novice",Novice,False
4401cdfe-a383-4116-b1ed-1783b2e0ae7e,uniandes_bouldering_036_4,Late Expert,"Observations: The woman is climbing a rock wall. She is wearing a purple shirt and black pants. She is using her hands and feet to grip the rocks on the wall. She is moving up the wall, reaching for the next hold with her right hand.

Errors: The woman is not using proper climbing technique. She is not using her core muscles to stabilize herself. She is also not using her legs to push off the wall.

Skill Level: Novice",Novice,False,"Observations: The person is climbing a rock wall. They are using their hands to grip the holds on the wall.

Errors: The person is not wearing any safety gear, such as a harness or helmet. This could be dangerous if they fall.

Skill Level: Novice",Novice,False
297d0185-6f12-4664-b53c-c5fc4054d680,uniandes_bouldering_022_20,Intermediate Expert,"Observations: The woman is climbing a rock wall. She is wearing a purple tank top and black shorts. She is using her hands to grip the rocks on the wall.

Errors: The woman is not using proper climbing techniques. She is not using her feet to push off the wall, which can help her climb more efficiently. Additionally, she is not using her core muscles to stabilize herself on the wall.

Skill Level: Novice",Novice,False,"Observations: The person is climbing a wall with colorful handholds. They are using both hands to grip the holds, and their feet are not visible in the frame.

Errors: The person appears to be struggling to maintain balance and may be moving too slowly. Their movements seem uncoordinated, and they may be having difficulty finding the right holds.

Skill Level: Novice",Novice,False
1f5b4052-c683-436a-be7e-aefd56ede7fa,uniandes_bouldering_037_29,Intermediate Expert,"Observations: A man is climbing a rock wall. He is wearing an orange shirt and black shorts. He is using his hands and feet to grip the rocks on the wall. He is moving up the wall, reaching for the next hold with his right hand.

Errors: The man is not using proper climbing technique. He is not using his core muscles to stabilize himself. He is also not using his legs to push off the wall.

Skill Level: Novice",Novice,False,"Observations: The person is climbing a rock wall. They are using their hands to grip the holds on the wall. Their feet are not visible, but they appear to be using them to push off the wall.

Errors: The person is not using proper climbing technique. They are not using their legs effectively to push themselves up the wall. They are also not using their core muscles to stabilize their body.

Skill Level: Novice",Novice,False
9184f98d-fc8c-4158-a6ab-70784f003ad4,uniandes_bouldering_037_28,Intermediate Expert,"Observations: The man is climbing the wall.

Errors: The man is not wearing a harness.

Skill Level: Novice",Novice,False,"Observations: The person is climbing a rock wall. They are using both hands to grip the holds on the wall, and they are moving their feet up the wall as well.

Errors: There are no obvious errors in the person's movement. They appear to be climbing correctly and safely.

Skill Level: Intermediate Expert",Intermediate Expert,True
07088783-ff84-476b-9b9f-cfc64ada6d2f,uniandes_bouldering_036_29,Intermediate Expert,"Observations: The man is climbing a rock wall. He is wearing an orange shirt and black pants. He is using his hands and feet to grip the rocks on the wall. He is moving up the wall, but he is not yet at the top.

Errors: The man is not yet at the top of the wall. He is not yet using all of his strength and technique to climb the wall.

Skill Level: Novice",Novice,False,"Observations: The person is climbing a rock wall. They are using both hands to grip the holds on the wall. Their feet are not visible, but they appear to be using them to push off the wall.

Errors: The person is not using proper climbing technique. They are not using their legs effectively to push themselves up the wall. They are also not using their core muscles to stabilize their body.

Skill Level: Novice",Novice,False
519215e8-5f92-4cba-bf5b-e01dfce4974f,uniandes_bouldering_036_31,Intermediate Expert,"Observations: A man is climbing a rock wall. He is wearing an orange shirt and gray pants. He is using his hands to grip the rocks on the wall. He is moving up the wall, but he is not yet at the top.

Errors: The man is not yet at the top of the wall, so he may not be able to complete the climb successfully.

Skill Level: Novice",Novice,False,"Observations: The person is climbing a rock wall. They are wearing white socks and have tattoos on their arms. There are other people in the background, but they are not actively participating in the climb.

Errors: The person is not using proper climbing techniques. They are not gripping the holds with their fingers, and their feet are not positioned correctly for balance. Additionally, they are not using their core muscles to maintain stability.

Skill Level: Novice",Novice,False
a5765392-52b0-4f9b-9a9c-05f2119c0c0d,uniandes_bouldering_025_42,Novice,"Observations: The woman is climbing a rock wall. She is wearing an orange tank top and black pants. She is using her hands to grip the rocks on the wall.

Errors: The woman is not moving her feet, which means she is not using them to climb the wall. This could be a mistake if she wants to climb higher.

Skill Level: Novice",Novice,True,"Observations: The person is climbing a wall with colorful grips. They are using both hands to grip the wall, and their feet are not visible in the image.

Errors: The person is not using proper climbing techniques. They are not using their legs for support, which can lead to fatigue and injury over time. Additionally, they are not using their core muscles effectively, which can also lead to fatigue and injury.

Skill Level: Novice",Novice,True
e6577f77-2df9-4009-a1e6-c70dbaecfa0c,uniandes_bouldering_026_97,Novice,"Observations: The person is climbing a rock wall. They are using both hands to grip the holds on the wall, and their feet are positioned on the wall for support. They appear to be moving upwards, as their body is angled towards the top of the wall.

Errors: The person's left hand is not gripping the hold as tightly as it could be, which may cause them to lose balance or slip. Additionally, their right foot is not fully planted on the wall, which may also cause instability.

Skill Level: Intermediate Expert",Intermediate Expert,False,"Observations: The person is climbing a wall with colorful holds. They are using both hands to grip the holds, and their feet are positioned on the ground for stability.

Errors: The person's left hand is not gripping the hold properly, which could lead to a fall if they lose balance.

Skill Level: Novice",Novice,True
9470ffb0-844d-459e-927a-08ba1ab45ea3,uniandes_bouldering_028_6,Early Expert,"Observations: The person is climbing a rock wall. They are using both hands to grip the holds on the wall, and they are moving their legs to maintain balance.

Errors: The person is not wearing any safety gear, such as a helmet or harness. This could be dangerous if they fall.

Skill Level: Novice",Novice,False,"Observations: The person is climbing a rock wall. They are using both hands to grip the holds on the wall. Their feet are also gripping the wall, but they are not yet off the ground.

Errors: The person is not yet off the ground, so they are not yet climbing. They may need to practice their foot placement and balance before attempting to climb.

Skill Level: Novice",Novice,False
1a8c5423-d0bd-4127-80ae-73c50e13a2d2,uniandes_bouldering_026_109,Novice,"Observations: The person is climbing a rock wall. They are using both hands to grip the holds on the wall, and they are moving their legs to maintain balance.

Errors: The person is not wearing any safety gear, such as a helmet or harness. This could be dangerous if they fall.

Skill Level: Novice",Novice,True,"Observations: The person is climbing a wall with colorful holds. They are using their hands to grip the holds and their feet to push off the wall. They are moving up the wall, reaching for different holds.

Errors: The person is not using proper climbing technique. They are not using their legs effectively to push off the wall, and they are not using their core muscles to stabilize themselves. This could lead to a fall and injury.

Skill Level: Novice",Novice,True
ee704204-ed23-4093-91fb-12faa6b9144f,uniandes_bouldering_036_67,Intermediate Expert,"Observations: A man is climbing a rock wall. He is wearing an orange shirt and black pants. He is using his hands to grip the rocks on the wall.

Errors: The man is not using proper climbing techniques. He is not using his feet to push off the wall, which can help him climb more efficiently.

Skill Level: Novice",Novice,False,"Observations: The person is climbing a rock wall. They are using their hands to grip the holds on the wall.

Errors: The person is not using proper climbing technique. They are not using their feet to push off the wall, which can help them climb more efficiently.

Skill Level: Novice",Novice,False
aa1c9e77-d152-46a7-9be9-6b877478543d,uniandes_bouldering_022_37,Early Expert,"Observations: A woman is climbing a rock wall. She is wearing a pink tank top and black shorts. She is using her hands to grip the rocks on the wall.

Errors: The woman is not using proper climbing techniques. She is not using her feet to push off the wall, which can help her climb more efficiently.

Skill Level: Novice",Novice,False,"Observations: The person is climbing a rock wall. They are using both hands to grip the holds on the wall. Their feet are not visible, but they appear to be using them to push off the wall.

Errors: The person's left hand is not gripping the hold as tightly as it could be. This may cause them to lose balance or fall.

Skill Level: Intermediate Expert",Intermediate Expert,False
fd3b8a72-eaae-4406-aee6-a6bca9842b9a,uniandes_bouldering_029_57,Novice,"Observations: A woman is climbing a rock wall. She is wearing a blue tank top and black leggings. She is using her hands to grip the holds on the wall.

Errors: The woman is not using proper climbing technique. She is not using her feet to push off the wall, which can help her climb more efficiently.

Skill Level: Novice",Novice,True,"Observations: The person is climbing a wall with colorful grips. They are using both hands to grip the wall and are moving upwards.

Errors: The person is not wearing any safety gear, such as a harness or helmet. This could be dangerous if they fall.

Skill Level: Novice",Novice,True
4608b4d3-de77-4635-8aa9-bed1495af6f5,uniandes_bouldering_027_82,Novice,"Observations: A woman is climbing a rock wall. She is wearing a pink shirt and black pants. She is using her hands and feet to grip the holds on the wall.

Errors: The woman is not moving her body efficiently. She is not using her core muscles to help her climb. Her movements are slow and she is not using her arms and legs effectively.

Skill Level: Novice",Novice,True,"Observations: The person is climbing a wall with colorful holds. They are using both hands to grip the holds, and their feet are positioned on the wall for support. The person appears to be moving upwards, reaching for the next hold.

Errors: The person's left hand is not gripping the hold as firmly as the right hand. This could lead to a loss of balance if they need to use that hand for support.

Skill Level: Intermediate Expert",Intermediate Expert,False
73853c96-b212-4c0c-840b-521bf4db7109,uniandes_bouldering_032_28,Intermediate Expert,"Observations: The person is climbing a wall with colorful holds. They are using both hands to grip the holds, and their feet are positioned on the wall. They are moving their body up the wall, and their arms are extended.

Errors: The person is not using proper climbing techniques. They are not using their legs effectively, and they are not maintaining a good body position. Their movements are not smooth, and they are not using their core muscles to support their body.

Skill Level: Novice",Novice,False,"Observations: The person is climbing a wall with colorful holds. They are using both hands to grip the holds, and their feet are positioned on the wall for support. The person appears to be moving up the wall, reaching for higher holds.

Errors: The person's movements seem to be somewhat slow and deliberate, which may indicate that they are still developing their climbing skills. Additionally, there is no indication of any errors in their technique.

Skill Level: Intermediate Expert",Intermediate Expert,True
9f596c0c-2beb-45c9-a484-a21af02018d9,uniandes_bouldering_036_49,Late Expert,"Observations: The person is standing on the ground, facing the climbing wall. They are holding a phone with a QR code displayed on the screen. The person then places the phone down and begins to climb the wall.

Errors: The person should have placed the phone down before starting to climb the wall. This could cause them to lose balance and fall.

Skill Level: Novice",Novice,False,"Observations: The person is climbing a rock wall. They are using both hands to grip the holds on the wall. Their feet are not visible, but they appear to be using them to push off the wall.

Errors: The person is not using proper climbing technique. They are not using their legs effectively to push themselves up the wall. They are also not using their core muscles to stabilize their body.

Skill Level: Novice",Novice,False
eef772dd-c85a-44ae-aada-6029f46ab948,uniandes_bouldering_024_20,Novice,"Observations: The woman is climbing a rock wall. She is wearing a red tank top and purple shorts. She is using her hands and feet to grip the holds on the wall.

Errors: The woman is not moving her arms and legs in a coordinated manner. Her movements are not fluid and she appears to be struggling to maintain her balance.

Skill Level: Novice",Novice,True,"Observations: The person is climbing a wall with colorful holds. They are using both hands to grip the holds, and their feet are positioned on the wall for support. The person appears to be moving upwards, indicating that they are actively climbing.

Errors: There are no apparent errors in the person's movement. They are using proper climbing techniques, gripping the holds firmly and maintaining balance.

Skill Level: Intermediate Expert",Intermediate Expert,False
0863deaf-65fb-425a-a19a-5032bc20eb8b,uniandes_bouldering_022_56,Early Expert,"Observations: The woman is climbing a rock wall. She is wearing a tank top and shorts. She is using her hands to grip the rocks on the wall.

Errors: The woman is not moving her feet properly. She should be using her feet to push herself up the wall.

Skill Level: Novice",Novice,False,"Observations: The person is climbing a wall with colorful grips. They are using their hands to grip the wall and their feet to push off the ground. They are moving up the wall, reaching for different grips.

Errors: The person is not using proper climbing techniques. They are not using their legs effectively to push themselves up the wall. They are also not using their core muscles to stabilize their body.

Skill Level: Novice",Novice,False
993f24bc-49ad-4f29-96f2-441022fed429,uniandes_bouldering_026_65,Novice,"Observations: The woman is climbing a rock wall. She is wearing a pink shirt and black pants. She is using her hands to grip the rocks on the wall. She is looking up at the wall.

Errors: The woman is not using proper climbing techniques. She is not using her feet to push off the wall. She is not using her core muscles to stabilize herself.

Skill Level: Novice",Novice,True,"Observations: A person is climbing a rock wall. The person is using both hands to grip the holds on the wall. The person is wearing a purple shirt.

Errors: The person is not using proper climbing technique. The person is not using their feet to push off the wall.

Skill Level: Novice",Novice,True
64123abf-5878-4157-8b08-1d43e6145520,uniandes_bouldering_030_9,Late Expert,Observations: The man stands on the bouldering wall. He holds onto the climbing hold with his left hand. He jumps up and grabs another climbing hold with his right hand. He then jumps up again and grabs another climbing hold with his left hand. He then jumps up again and grabs another climbing hold with his right hand. He then jumps up again and grabs another climbing hold with his left hand. He then jumps up again and grabs another climbing hold with his right hand. He then jumps up again and grabs another climbing hold with his left hand. He then jumps up again and grabs another climbing hold with his right hand. He then jumps up again and grabs another climbing hold with his left hand. He then jumps up again and grabs another climbing hold with his right hand. He then jumps up again and grabs another climbing hold with his left hand. He then jumps up again and grabs another climbing hold with his right hand. He then jumps up again and grabs another climbing hold with his left hand. He then jumps up again and grabs another climbing hold with his right hand. He then jumps up again and grabs another climbing hold with his left hand. He then jumps up again and grabs another climbing hold with his right hand. He then jumps up again and grabs another climbing hold with his left hand. He then jumps up again and grabs another climbing hold with his right hand. He then jumps up again and grabs another climbing hold with his left hand. He then jumps up again and grabs another,Unknown,False,"Observations: The person is climbing a wall with colorful grips. They are using both hands to grip the wall, and their feet are also on the wall. They are moving up the wall, and their arms are extended outwards.

Errors: There are no visible errors in the person's movement.

Skill Level: Intermediate Expert",Intermediate Expert,False
34c5de08-c113-4213-82e0-50a6751d794b,uniandes_bouldering_036_48,Late Expert,"Observations: The man stands on the ground and looks at the climbing wall. He then climbs the wall with his hands and feet. He reaches the top of the wall and holds onto it.

Errors: The man does not use proper climbing techniques, such as using his core muscles to maintain balance and using his legs for support.

Skill Level: Novice",Novice,False,"Observations: The person is climbing a rock wall. They are using their hands to grip the holds on the wall. Their feet are not visible in the image, but they are likely also gripping the wall with their feet.

Errors: The person is not wearing any safety gear, such as a helmet or harness. This is a potential error that could lead to injury if they fall.

Skill Level: Novice",Novice,False
fb1499ca-5d4e-470d-8388-bfd1bad3861d,uniandes_bouldering_026_93,Novice,"Observations: The woman is climbing a rock wall. She is wearing a pink shirt and black pants. She is using her hands to grip the holds on the wall.

Errors: The woman is not moving her feet, which could cause her to lose balance and fall.

Skill Level: Novice",Novice,True,"Observations: The person is climbing a wall with colorful holds. They are using their hands to grip the holds and their feet to push off the wall. They are moving up the wall, reaching for different holds.

Errors: The person is not using proper climbing technique. They are not using their legs effectively to push off the wall, which can cause them to lose balance and fall. They are also not using their core muscles to stabilize themselves on the wall.

Skill Level: Novice",Novice,True
ec6ff8f4-3d40-4508-b83f-45c78c0be3b4,uniandes_bouldering_036_16,Late Expert,"Observations: The woman is climbing a rock wall. She is wearing a purple shirt and black pants. She is using her hands to grip the rocks on the wall.

Errors: The woman is not using proper climbing techniques. She is not using her feet to push off the wall, which can help her climb higher. She is also not using her core muscles to stabilize herself on the wall.

Skill Level: Novice",Novice,False,"Observations: The person is climbing a rock wall. They are using both hands to grip the holds on the wall. Their feet are also gripping the wall, but it is not clear if they are using them effectively.

Errors: It is not clear if the person is using their feet effectively to climb the wall. They may be relying too much on their hands and not using their feet to support themselves.

Skill Level: Intermediate Expert",Intermediate Expert,False
c99d1078-bf31-4eb2-8fb7-b6cf4d718f56,uniandes_bouldering_032_27,Intermediate Expert,"Observations: The person is climbing a rock wall. They are using both hands to grip the holds on the wall, and they are moving their legs to maintain balance.

Errors: The person is not using proper climbing techniques. They are not using their feet to push off the wall, which can help them climb more efficiently. Additionally, they are not using their core muscles to stabilize their body, which can lead to instability and potential injury.

Skill Level: Novice",Novice,False,"Observations: The person is climbing a wall with colorful holds. They are using both hands to grip the holds, and their feet are positioned on the wall for support. The person appears to be moving upwards, as indicated by their upward gaze.

Errors: The person's left hand is not gripping a hold, which could lead to instability. Additionally, the person's right hand is not gripping a hold, which could also lead to instability.

Skill Level: Intermediate Expert",Intermediate Expert,True
33aaf2ae-8b07-46a1-a65d-4a0febc39cd0,uniandes_bouldering_034_73,Early Expert,"Observations: The person is climbing a rock wall. They are using both hands to grip the holds on the wall, and they are moving their legs to maintain balance.

Errors: The person is not using proper climbing techniques. They are not using their feet effectively to maintain balance, and they are not using their core muscles to stabilize their body.

Skill Level: Novice",Novice,False,"Observations: The person is climbing a rock wall. They are using both hands to grip the holds on the wall. Their feet are not visible, but they appear to be using them to push off the wall.

Errors: The person's left hand is not gripping a hold, which could lead to instability. Additionally, their right hand is not gripping a hold, which could also lead to instability.

Skill Level: Novice",Novice,False
812f15c7-59bf-41e2-8c8e-f8198cf3dce6,uniandes_bouldering_026_74,Novice,"Observations: The woman is climbing a rock wall. She is using her hands to grip the holds on the wall and her feet to push off the wall. She is moving up the wall, one hand at a time.

Errors: The woman is not using proper climbing technique. She is not using her legs effectively to push herself up the wall. She is also not using her core muscles to stabilize her body.

Skill Level: Novice",Novice,True,"Observations: The person is climbing a rock wall. They are using both hands to grip the holds on the wall. Their feet are positioned on the wall, and they are moving upwards.

Errors: The person is not using proper climbing techniques. They are not using their legs effectively to support their weight, and they are not using their core muscles to maintain balance.

Skill Level: Novice",Novice,True
4bc2fb28-c5a1-44bf-8c90-391586bb448f,uniandes_bouldering_026_59,Early Expert,"Observations: The woman is climbing a rock wall. She is using her hands to grip the holds on the wall and her feet to push off the wall. She is wearing a pink tank top and patterned leggings.

Errors: The woman is not using proper climbing technique. She is not using her legs effectively to push herself up the wall. She is also not using her core muscles to stabilize her body.

Skill Level: Novice",Novice,False,"Observations: The person is climbing a wall with colorful handholds. They are using both hands to grip the handholds, and their feet are positioned on the wall for support. The person appears to be moving upwards, as indicated by the changing positions of their hands and feet.

Errors: The person's left hand is not gripping a handhold, which could lead to instability and potential falls. Additionally, the person's right hand is not gripping a handhold, which could also lead to instability and potential falls.

Skill Level: Novice",Novice,False
2e9ee3fb-7252-46fa-a8ed-792e993fba66,uniandes_bouldering_036_27,Intermediate Expert,"Observations: The person is climbing a rock wall. They are wearing an orange shirt and gray pants. They are using both hands and feet to climb the wall.

Errors: The person is not using proper climbing techniques. They are not using their core muscles effectively, which can lead to fatigue and injury. They are also not using their legs properly, which can cause them to lose balance and fall.

Skill Level: Novice",Novice,False,"Observations: The person is climbing a wall with colorful handholds. They are wearing white pants and gray shoes. Their left hand is on a green handhold, and their right hand is on a gray handhold. They are looking up at the wall.

Errors: The person is not using proper climbing techniques. They are not using their legs to push off the ground, which can help them climb higher. They are also not using their core muscles to stabilize themselves on the wall.

Skill Level: Novice",Novice,False
a698521a-4384-4829-bda1-5a29bb3782f1,uniandes_bouldering_037_55,Late Expert,"Observations: The person is climbing a rock wall. They are wearing a harness and are using both hands to grip the rocks on the wall. They are moving their legs up the wall, and their feet are not touching the ground.

Errors: The person is not using proper climbing techniques. They are not using their legs effectively, and they are not gripping the rocks with their hands properly. This could lead to a fall and injury.

Skill Level: Novice",Novice,False,"Observations: The person is climbing a wall with colorful holds. They are using both hands to grip the holds, and their feet are not visible in the image. The person appears to be moving up the wall, and their arms are extended outward.

Errors: There are no apparent errors in the person's movement. They are gripping the holds correctly and appear to be making progress on the climb.

Skill Level: Intermediate Expert",Intermediate Expert,False
3df9cef1-ec0c-4056-90a4-e24ecb0175b6,uniandes_bouldering_028_22,Intermediate Expert,"Observations: The person is climbing a rock wall. They are wearing a white tank top and black pants. They are using both hands to grip the rocks on the wall.

Errors: The person is not using proper climbing techniques. They are not using their legs effectively, which can lead to fatigue and injury. They are also not using their core muscles, which can make it harder to maintain balance and control.

Skill Level: Novice",Novice,False,"Observations: The person is climbing a wall with colorful handholds. They are using both hands to grip the handholds, and their feet are not visible in the image.

Errors: The person's arms are extended outwards, which may make it difficult for them to maintain balance and control while climbing. Additionally, the person's hands are not positioned optimally on the handholds, which could lead to a less efficient climbing technique.

Skill Level: Novice",Novice,False
32f5ca4c-a64e-437b-aecb-0b942269eb16,uniandes_bouldering_028_50,Intermediate Expert,"Observations: The girl is climbing the wall. She is holding onto the rock with her left hand and her right hand is on the ground. Her legs are bent at the knees and she is looking up at the wall.

Errors: The girl is not using both hands to climb the wall. She should be using both hands to maintain balance and climb higher.

Skill Level: Novice",Novice,False,"Observations: The person is climbing a wall with colorful holds. They are using both hands to grip the holds, and their feet are not visible in the image.

Errors: The person may be struggling to maintain balance on the wall, as they are not using their feet for support. Additionally, their grip on the holds appears to be loose, which could lead to a fall if they lose their balance.

Skill Level: Novice",Novice,False
0fe91c8e-46e4-48d4-9ff6-c63c9c7689dc,uniandes_bouldering_027_118,Novice,"Observations: The person is climbing a rock wall. They are using both hands to grip the holds on the wall, and their feet are positioned on the wall as well. They appear to be moving upwards.

Errors: There are no apparent errors in the person's movement. They seem to be climbing correctly and efficiently.

Skill Level: Intermediate Expert",Intermediate Expert,False,"Observations: The person is climbing a rock wall. They are using both hands to grip the holds on the wall. Their feet are positioned on the wall, and they are moving upwards.

Errors: The person is not using proper climbing techniques. They are not using their legs effectively to push themselves up the wall. They are also not using their core muscles to stabilize their body.

Skill Level: Novice",Novice,True
9460a1dc-0af5-4312-b883-8a15cc057d12,uniandes_bouldering_034_82,Early Expert,"Observations: The man is climbing the wall. He is holding onto the rock with his left hand and his right hand is on the wall. His legs are spread apart and he is looking up at the wall.

Errors: The man is not using proper climbing techniques. He should be using both hands to hold onto the rocks and his feet should be placed on the wall for better balance.

Skill Level: Novice",Novice,False,"Observations: The person is climbing a rock wall. They are using both hands to grip the holds on the wall. Their feet are also gripping the wall, but it is not clear if they are using them effectively.

Errors: The person appears to be struggling with the climb. They may be using incorrect techniques or not gripping the holds properly. It is also possible that they are not using their feet effectively to maintain balance and support.

Skill Level: Novice",Novice,False
f76846c0-300e-4306-8e58-f4c046f673e3,uniandes_bouldering_032_15,Late Expert,"Observations: The man is climbing a rock wall. He is wearing a green shirt and black shorts. He is using his hands to grip the rocks on the wall.

Errors: The man is not wearing any safety gear, such as a helmet or harness. This could be dangerous if he falls.

Skill Level: Novice",Novice,False,"Observations: The person is climbing a rock wall. They are using their hands to grip the holds on the wall.

Errors: The person is not using proper climbing technique. They are not using their feet to push off the wall, which can help them climb more efficiently.

Skill Level: Novice",Novice,False
8ec6efae-99e5-4f8b-94af-a1003cdce281,uniandes_bouldering_035_85,Intermediate Expert,"Observations: A man is climbing a rock wall. He is wearing a green shirt and black pants. He is using his hands to grip the rocks on the wall.

Errors: The man is not wearing any safety gear, such as a helmet or harness. This could be dangerous if he falls.

Skill Level: Novice",Novice,False,"Observations: The person is climbing a rock wall. They are using both hands to grip the holds on the wall.

Errors: The person is not using proper climbing technique. They are not using their legs to push off the wall, which can help them climb more efficiently.

Skill Level: Novice",Novice,False
185aa3aa-05ac-4f75-8ba6-a576289ed73a,uniandes_bouldering_036_61,Intermediate Expert,"Observations: The person is climbing a rock wall. They are using both hands to grip the holds on the wall, and their feet are positioned on the ground for support.

Errors: The person is not using proper climbing techniques. They are not gripping the holds with their fingers, but rather using their palms. This can lead to fatigue and injury over time.

Skill Level: Novice",Novice,False,"Observations: The person is climbing a rock wall. They are using both hands to grip the holds on the wall. Their feet are not visible, but they appear to be using them to push off the wall.

Errors: The person is not using proper climbing technique. They are not using their legs effectively to push themselves up the wall. They are also not using their core muscles to stabilize their body.

Skill Level: Novice",Novice,False
c23dd7cc-178e-4618-9987-8a99e230ca45,uniandes_bouldering_022_3,Early Expert,"Observations: A woman is climbing a rock wall. She is wearing a black tank top and purple shorts. She is climbing with her hands and feet on the colorful holds.

Errors: The woman is not using proper climbing technique. She is not using her core muscles to stabilize herself, and she is not using her legs to push off the wall.

Skill Level: Novice",Novice,False,"Observations: The person is climbing a wall with colorful handholds. They are using both hands to grip the handholds, and their feet are positioned on the wall for support. The person appears to be moving upwards, indicating that they are actively climbing.

Errors: There are no apparent errors in the person's movement. They are using proper climbing techniques and maintaining good balance.

Skill Level: Intermediate Expert",Intermediate Expert,False
400222ed-937d-4dc1-b78a-6bdad7ea1692,uniandes_bouldering_025_43,Novice,"Observations: The person is climbing a wall. They are using their hands to grip the holds on the wall and their feet to push off the ground. They are wearing a harness and a helmet.

Errors: The person is not using proper climbing technique. They are not using their legs effectively, which can lead to fatigue and injury. They are also not using their core muscles, which can make it harder to maintain balance and control.

Skill Level: Novice",Novice,True,"Observations: The person is climbing a rock wall. They are using both hands to grip the holds on the wall. Their arms are extended, and they are moving upwards.

Errors: The person is not using proper climbing techniques. They are not using their legs effectively, which can lead to fatigue and injury. Additionally, they are not using their core muscles to stabilize their body.

Skill Level: Novice",Novice,True
6037426d-d8e5-41d1-8714-ad2b85753fa1,uniandes_bouldering_037_30,Intermediate Expert,"Observations: A man is climbing a rock wall. He is wearing an orange shirt and gray pants. He is using his hands and feet to climb up the wall.

Errors: The man is not using proper climbing techniques. He is not using his core muscles to stabilize himself on the wall. He is also not using his legs to push off the wall.

Skill Level: Novice",Novice,False,"Observations: The person is climbing a wall with colorful holds. They are using both hands to grip the holds, and their feet are positioned on the wall for support. The person appears to be moving up the wall, reaching for the next hold.

Errors: The person's left hand is not gripping the hold properly, which could lead to a fall if they lose balance. Additionally, the person's right foot is not positioned correctly, which could also cause them to lose balance.

Skill Level: Intermediate Expert",Intermediate Expert,True
b9cd1f0f-3a4c-4e17-8bab-08d449b3bf2d,uniandes_bouldering_028_36,Intermediate Expert,"Observations: A woman is climbing a rock wall. She is wearing a white tank top and black pants. She is using her hands to grip the rocks on the wall.

Errors: The woman is not using proper climbing techniques. She is not using her feet to push off the wall, which can help her climb more efficiently.

Skill Level: Novice",Novice,False,"Observations: The person is climbing a wall with colorful handholds. They are using both hands to grip the handholds, and their feet are not visible in the image.

Errors: The person is not wearing climbing shoes, which can affect their grip and overall performance on the wall.

Skill Level: Novice",Novice,False
53bf4932-e94f-47b3-b7df-8b780fbcbc4d,uniandes_bouldering_033_6,Intermediate Expert,"Observations: A man is climbing a rock wall. He is wearing a green shirt and blue jeans. He is using his hands to grip the rocks on the wall.

Errors: The man is not using proper climbing techniques. He is not using his feet to push off the wall, which would help him climb higher.

Skill Level: Novice",Novice,False,"Observations: The person is climbing a rock wall. They are using their hands to grip the holds on the wall.

Errors: The person is not wearing any climbing gear, such as a harness or shoes. This could lead to a higher risk of injury if they fall.

Skill Level: Novice",Novice,False
0d2c7366-d852-4dd3-9615-1538b37b59f8,uniandes_bouldering_026_34,Early Expert,"Observations: The person is climbing a rock wall. They are wearing a pink shirt and black pants. They are using both hands to grip the rocks on the wall.

Errors: The person is not using proper climbing techniques. They are not using their feet effectively, which could lead to a fall.

Skill Level: Novice",Novice,False,"Observations: The person is climbing a wall with colorful holds. They are using both hands to grip the holds, and their feet are positioned on the wall for support. The person appears to be moving upwards, and their body is angled towards the wall.

Errors: The person's left hand is not gripping a hold, which could lead to instability. Additionally, the person's right foot is not positioned correctly, which could also cause instability.

Skill Level: Intermediate Expert",Intermediate Expert,False
f2331d65-e0b8-4c4c-ab6a-561f6d900390,uniandes_bouldering_034_74,Early Expert,"Observations: The person is climbing a rock wall. They are using both hands to grip the holds on the wall, and they are moving their legs to maintain balance.

Errors: The person is not wearing any safety gear, such as a helmet or harness. This could be dangerous if they fall.

Skill Level: Novice",Novice,False,"Observations: The person is climbing a wall with colorful holds. They are using their hands to grip the holds and their feet to push off the wall. They are moving up the wall, reaching for different holds.

Errors: The person is not using proper climbing technique. They are not using their legs effectively to push off the wall, and they are not using their core muscles to stabilize themselves. This could lead to a fall and injury.

Skill Level: Novice",Novice,False
20e2fe36-5095-438b-acf9-6b4dcadcbc1a,uniandes_bouldering_035_76,Early Expert,"Observations: The man is climbing the wall. He is standing on the mat. He is holding onto the wall with his hands. He is looking up at the wall.

Errors: The man is not moving his feet. He should be moving his feet to climb the wall.

Skill Level: Novice",Novice,False,"Observations: The person is climbing a rock wall. They are using both hands to grip the holds on the wall.

Errors: The person is not using proper climbing technique. They are not using their feet to push off the wall, which can help them climb more efficiently.

Skill Level: Novice",Novice,False
00f50674-1f3c-4847-ab4a-fa2f0f113987,uniandes_bouldering_022_33,Novice,"Observations: The person is climbing a rock wall. They are using both hands to grip the holds on the wall. Their feet are not visible, but they appear to be using them to maintain balance.

Errors: The person's arms are extended outwards, which may make it difficult for them to maintain balance and control while climbing. Additionally, their fingers are spread wide apart, which may make it harder to grip the holds securely.

Skill Level: Intermediate Expert",Intermediate Expert,False,"Observations: The person is climbing a wall with colorful holds. They are using both hands to grip the holds, and their feet are also on the wall. They are moving up the wall, and their arms are extended.

Errors: There are no apparent errors in the person's movement.

Skill Level: Intermediate Expert",Intermediate Expert,False
44f816d1-e4b8-4f91-9550-0f90352da721,uniandes_bouldering_034_19,Early Expert,"Observations: The person is climbing a wall. They are using their hands to grip the holds on the wall and their feet to push off the ground. They are wearing a white shirt and black pants.

Errors: The person is not using proper climbing techniques. They are not using their legs effectively, which could lead to fatigue and injury. They are also not using their core muscles, which could also lead to fatigue and injury.

Skill Level: Novice",Novice,False,"Observations: The person is climbing a wall with colorful holds. They are using both hands to grip the holds, and their feet are positioned on the wall for support. The person appears to be moving up the wall, reaching for higher holds.

Errors: The person's left hand is not gripping a hold, which could lead to instability and potential falls. Additionally, the person's right hand is not fully extended, which may make it difficult to reach higher holds.

Skill Level: Intermediate Expert",Intermediate Expert,False
8ee33160-f258-4d79-bb67-3bdb988268a9,uniandes_bouldering_024_33,Novice,"Observations: The person is climbing a wall with colorful holds. They are wearing an orange shirt and black pants. They are using both hands and feet to grip the holds.

Errors: The person is not using proper climbing techniques. They are not using their core muscles effectively, which can lead to fatigue and injury. They are also not using their legs properly, which can cause them to lose balance and fall.

Skill Level: Novice",Novice,True,"Observations: The person is climbing a rock wall. They are using both hands and feet to grip the holds on the wall. Their arms are extended, and they are looking up at the wall.

Errors: The person is not wearing any safety gear, such as a helmet or harness. This could be dangerous if they fall.

Skill Level: Novice",Novice,True
daebd508-2c03-4304-ad6e-44be5672755c,uniandes_bouldering_028_34,Intermediate Expert,"Observations: The woman is climbing a rock wall. She is wearing a white tank top, black leggings, and sandals. She has a tattoo on her left arm. She is holding onto the wall with both hands and her feet are on the wall. She is looking up at the wall.

Errors: The woman is not using proper climbing techniques. She is not using her legs to push herself up the wall. She is not using her core muscles to stabilize herself. She is not using her fingers to grip the holds properly.

Skill Level: Novice",Novice,False,"Observations: The person is climbing a wall with colorful holds. They are using both hands to grip the holds, and their feet are not visible in the image.

Errors: The person's arms are not fully extended, which may make it difficult for them to reach higher holds. Additionally, their fingers are not fully curled around the holds, which could lead to a less secure grip.

Skill Level: Novice",Novice,False
eb55e44f-d047-4ad2-b001-71a4da0399e6,uniandes_bouldering_032_60,Intermediate Expert,"Observations: A woman is climbing a rock wall. She is wearing a purple shirt and black shorts. She is climbing with her hands and feet on the rocks. She is looking up at the wall.

Errors: The woman is not using proper climbing techniques. She is not using her core muscles to stabilize herself. She is not using her legs to push off the wall.

Skill Level: Novice",Novice,False,"Observations: The person is climbing a wall with colorful holds. They are using both hands to grip the holds, and their feet are positioned on the ground. The person appears to be moving up the wall, but it is not clear how far they have climbed.

Errors: It is difficult to determine if there are any errors in the person's movement based on the given information. However, it is possible that the person may be struggling to maintain balance or may be using incorrect techniques for gripping the holds.

Skill Level: Intermediate Expert",Intermediate Expert,True
b36d3912-538f-423f-9c79-82abc183a50b,uniandes_bouldering_037_20,Late Expert,"Observations: The girl X climbs the wall.

Errors: None.

Skill Level: Intermediate Expert",Intermediate Expert,False,"Observations: The person is climbing a wall with a variety of colorful holds. They are using both hands to grip the holds, and their feet are positioned on the wall for support. The person appears to be moving up the wall, reaching for higher holds.

Errors: There are no apparent errors in the person's movement. They are using proper climbing techniques and maintaining good balance.

Skill Level: Intermediate Expert",Intermediate Expert,False
87bb136c-debd-4fb0-9b71-dfc91706ab64,uniandes_bouldering_028_29,Novice,"Observations: The person is climbing a rock wall. They are using both hands to grip the holds on the wall, and their feet are positioned on the wall to maintain balance.

Errors: The person's left hand is not gripping the hold as tightly as it could be, which may cause them to lose balance if they need to use that hand for support.

Skill Level: Intermediate Expert",Intermediate Expert,False,"Observations: The person is climbing a rock wall. They are using both hands to grip the holds on the wall. Their feet are not visible, but they appear to be standing on the ground.

Errors: The person is not using proper climbing technique. They are not using their legs to push off the wall, which can help them climb more efficiently. Additionally, they are not using their core muscles to stabilize themselves, which can lead to instability and potential falls.

Skill Level: Novice",Novice,True
b5538972-28e2-44d6-90e2-ed90c2ef646a,uniandes_bouldering_033_44,Late Expert,"Observations: A man is climbing a rock wall. He is wearing a purple shirt and black shorts. He is using his hands to grip the rocks on the wall. He is looking up at the wall.

Errors: The man is not wearing any safety gear, such as a helmet or harness. This could be dangerous if he falls.

Skill Level: Novice",Novice,False,"Observations: The person is climbing a wall with colorful grips. They are wearing a black shirt and have a tattoo on their arm. They are using their hands to grip the wall and their feet to push off.

Errors: The person is not wearing climbing shoes, which could affect their grip and performance.

Skill Level: Intermediate Expert",Intermediate Expert,False
676a70f8-1e29-4d92-9b6a-66706abb9139,uniandes_bouldering_026_98,Novice,"Observations: The person is climbing a rock wall. They are using their hands to grip the holds on the wall and their feet to push off the wall. They are moving up the wall, one hand at a time.

Errors: The person is not using proper climbing technique. They are not using their legs effectively to push themselves up the wall. They are also not using their core muscles to stabilize their body.

Skill Level: Novice",Novice,True,"Observations: The person is climbing a wall with colorful holds. They are using both hands to grip the holds, and their feet are positioned on the wall for support. The person appears to be moving upwards, reaching for the next hold.

Errors: The person's movements seem to be somewhat slow and deliberate, indicating that they may not be very experienced with this activity. There is also some hesitation when reaching for the next hold, which could suggest that they are not yet comfortable with the technique required for this climb.

Skill Level: Novice",Novice,True
cea9b606-6e9c-49ac-9d1c-b906a9ea94be,uniandes_bouldering_036_15,Late Expert,"Observations: The man is climbing the wall. He is holding onto the rock with his left hand and his right hand is on the wall. His legs are bent at the knees and he is leaning forward.

Errors: The man is not using proper climbing techniques. He should be using both hands to hold onto the rocks and his feet should be placed on the wall for support.

Skill Level: Novice",Novice,False,"Observations: The person is climbing a wall with colorful holds. They are using both hands to grip the holds, and their feet are not visible in the image.

Errors: The person's left hand is not gripping a hold, which could lead to instability while climbing.

Skill Level: Intermediate Expert",Intermediate Expert,False
f045b6e4-b1b3-4371-82a1-e6a08ce22a4c,uniandes_bouldering_027_25,Novice,"Observations: The woman is climbing a rock wall. She is using her hands to grip the holds on the wall and her feet to push off the wall. She is moving up the wall, one hand at a time.

Errors: The woman is not using proper climbing technique. She is not using her legs effectively to push herself up the wall. She is also not using her core muscles to stabilize her body.

Skill Level: Novice",Novice,True,"Observations: The person is climbing a wall with a climbing wall. They are using both hands to grip the holds on the wall.

Errors: The person is not using proper climbing technique. They are not using their legs for support, which can lead to instability and increased risk of falling.

Skill Level: Novice",Novice,True
1b5dc443-7e63-4aac-891b-9a074f919547,uniandes_bouldering_036_19,Late Expert,"Observations: The woman is climbing a rock wall. She is using her hands to grip the holds on the wall and her feet to push off the floor. She is moving up the wall, reaching for the next hold with her hand.

Errors: The woman is not wearing any safety gear, such as a helmet or harness. This could be dangerous if she falls.

Skill Level: Novice",Novice,False,"Observations: The person is climbing a rock wall. They are using both hands to grip the holds on the wall. Their feet are also gripping the wall, but they are not yet fully up.

Errors: The person is not yet fully up on the wall. They may need to practice their foot placement and balance before they can climb higher.

Skill Level: Novice",Novice,False
39679e76-a06e-4abf-a086-ebeb0032ef9c,uniandes_bouldering_037_25,Intermediate Expert,"Observations: The man is climbing a rock wall. He is using his hands to grip the holds on the wall and his feet to push off the wall. He is moving up the wall, reaching for higher holds.

Errors: The man is not wearing any safety gear, such as a helmet or harness. This could be dangerous if he falls.

Skill Level: Novice",Novice,False,"Observations: The person is climbing a wall with a variety of colorful holds. They are using both hands to grip the holds, and their feet are positioned on different holds as well. The person appears to be moving up the wall, and their body is angled towards the wall.

Errors: The person's left hand is not gripping a hold, which could lead to instability. Additionally, the person's right foot is not on a hold, which could also lead to instability.

Skill Level: Intermediate Expert",Intermediate Expert,True
68308e20-76b7-4878-af8f-62e74c08e6d3,uniandes_bouldering_036_50,Late Expert,"Observations: The person is climbing a rock wall. They are wearing a harness and are using both hands to grip the holds on the wall. They are moving their legs to maintain balance and push off the wall.

Errors: The person is not using proper climbing technique. They are not using their feet effectively to maintain balance and push off the wall. They are also not using their core muscles to stabilize their body.

Skill Level: Novice",Novice,False,"Observations: The person is climbing a rock wall. They are using both hands to grip the holds on the wall. Their feet are not visible, but they appear to be standing on the ground.

Errors: The person is not wearing any safety gear, such as a helmet or harness. This could be dangerous if they fall.

Skill Level: Novice",Novice,False
a0508c87-df3a-4ec1-b270-1d60268b8f8e,uniandes_bouldering_034_30,Early Expert,"Observations: The man is climbing a wall. He is using his hands to hold onto the grips on the wall. He is wearing a green shirt and gray shorts.

Errors: The man is not using proper climbing techniques. He is not using his feet to push off the wall, which would help him climb higher.

Skill Level: Novice",Novice,False,"Observations: The person is climbing a rock wall. They are using both hands to grip the holds on the wall. Their feet are not visible, but they appear to be using them to push off the wall.

Errors: The person is not using proper climbing technique. They are not using their legs effectively to push themselves up the wall. They are also not using their core muscles to stabilize their body.

Skill Level: Novice",Novice,False
ccf14363-18c0-4262-9284-1889afb006d6,uniandes_bouldering_030_34,Intermediate Expert,"Observations: The man is climbing the wall. He is holding onto the rock with his left hand and his right leg is on the rock. His left leg is on the ground.

Errors: The man is not using both hands to climb the wall. He should use both hands to climb the wall.

Skill Level: Novice",Novice,False,"Observations: The person is climbing a rock wall. They are using both hands to grip the holds on the wall. Their feet are also gripping the wall, but it is not clear if they are using them effectively.

Errors: The person is not using their feet effectively to support their weight on the wall. This could lead to instability and increase the risk of falling.

Skill Level: Novice",Novice,False
d6452709-c3d8-481e-829e-aa01e6d1eed3,uniandes_bouldering_028_58,Early Expert,"Observations: The girl is climbing a rock wall. She is wearing a white shirt and black pants. She is using her hands to grip the rocks on the wall.

Errors: The girl is not using proper climbing techniques. She is not using her feet to push off the wall, which can help her climb higher. She is also not using her core muscles to stabilize herself on the wall.

Skill Level: Novice",Novice,False,"Observations: The person is climbing a wall with colorful handholds. They are using both hands to grip the holds, and their feet are not visible in the image.

Errors: The person's grip on the holds appears to be somewhat loose, which could lead to a fall if they lose balance. Additionally, their body positioning suggests that they may not have a strong core strength, which could make it difficult for them to maintain stability while climbing.

Skill Level: Novice",Novice,False
0dd0e0b5-cbd2-42d3-bc00-64375f14f374,uniandes_bouldering_032_81,Intermediate Expert,"Observations: The man is climbing on a rock wall. He is using his hands to grip the holds on the wall and his feet to push off the ground. He is moving up the wall, using his arms and legs to propel himself forward.

Errors: The man is not wearing any safety gear, such as a helmet or harness. This could be dangerous if he falls and hits his head or if he falls and injures his back.

Skill Level: Novice",Novice,False,"Observations: The person is climbing a wall with colorful holds. They are using their hands to grip the holds and their feet to push off the wall. They are moving up the wall, reaching for different holds.

Errors: The person is not using proper climbing technique. They are not using their legs effectively to push off the wall, and they are not using their core muscles to stabilize themselves. This could lead to a fall and injury.

Skill Level: Novice",Novice,False
7b6ccb77-56ad-4e39-b1f0-96af00c81f5f,uniandes_bouldering_022_30,Novice,"Observations: A woman is climbing a rock wall. She is wearing a black tank top and black leggings. She is using her hands to grip the rocks on the wall.

Errors: The woman is not using proper climbing techniques. She is not using her feet to push off the wall, which can help her climb more efficiently.

Skill Level: Novice",Novice,True,"Observations: The person is climbing a wall with colorful holds. They are wearing a purple shirt and white shorts. There is a laptop on a table next to them.

Errors: The person is not using proper climbing techniques, such as keeping their feet close together and using their core muscles for stability.

Skill Level: Novice",Novice,True
90a25e4e-8c35-4428-8d15-4bdf813a7806,uniandes_bouldering_023_32,Intermediate Expert,"Observations: The woman is climbing a rock wall. She is wearing a blue tank top and black leggings. She is using her hands to grip the holds on the wall and her feet to push off the wall. She is looking up at the wall as she climbs.

Errors: The woman is not using proper climbing technique. She is not using her legs effectively to push herself up the wall. She is also not using her core muscles to stabilize her body.

Skill Level: Novice",Novice,False,"Observations: The person is climbing a wall with colorful holds. They are using both hands to grip the holds, and their feet are not visible in the image.

Errors: The person's left hand is not gripping the hold properly, which could lead to a fall if they lose balance.

Skill Level: Novice",Novice,False
4ef86bfd-3bc1-4c64-864e-8b9bbd89883f,uniandes_bouldering_035_41,Early Expert,"Observations: The woman is climbing a rock wall. She is wearing a black tank top and black shorts. She has long brown hair. She is using her hands to grip the rocks on the wall.

Errors: The woman is not moving her feet. She should be using her feet to push herself up the wall.

Skill Level: Novice",Novice,False,"Observations: The person is climbing a wall with colorful holds. They are using both hands to grip the holds, and their feet are also on the wall. They are moving up the wall, and their arms are extended outwards.

Errors: The person is not using proper climbing techniques. They are not using their legs effectively, and they are not maintaining a good body position. Their arms are too extended, which can lead to fatigue and injury.

Skill Level: Novice",Novice,False
8709526d-b2fe-4bc2-9756-04ae1b2a1db5,uniandes_bouldering_036_54,Intermediate Expert,"Observations: The man is climbing the wall. He is holding onto the rock with his left hand and his right leg is on the rock. His left leg is on the ground.

Errors: The man is not using both hands to climb the wall. He should use both hands to climb the wall.

Skill Level: Novice",Novice,False,"Observations: The person is climbing a rock wall. They are using both hands to grip the holds on the wall. Their feet are not visible, but they appear to be using them to push off the wall.

Errors: The person's left hand is not gripping the hold as tightly as it could be. This may cause them to lose balance or fall.

Skill Level: Intermediate Expert",Intermediate Expert,True
e8f2df2e-5d2d-4352-b06c-95554b1ecdb3,uniandes_bouldering_031_68,Late Expert,"Observations: The man is climbing a rock wall. He is using his hands to grip the holds on the wall and his feet to push off the ground. He is moving up the wall, reaching for the next hold with his right hand.

Errors: The man is not using proper climbing technique. He is not using his legs effectively to push himself up the wall. He is also not using his core muscles to stabilize his body.

Skill Level: Novice",Novice,False,"Observations: The person is climbing a wall with colorful holds. They are using both hands to grip the holds, and their feet are not visible in the image.

Errors: The person's left hand is not gripping a hold, which could lead to a fall if they lose balance.

Skill Level: Novice",Novice,False
2aaaca24-108a-437e-ab9a-bc3e8d65fcdf,uniandes_bouldering_024_60,Novice,"Observations: The person is climbing a wall with colorful holds. They are using both hands to grip the holds, and their feet are positioned on the wall for support. Their body is angled towards the wall, and they appear to be moving upwards.

Errors: The person's left hand is not gripping a hold, which could lead to instability. Additionally, their right foot is not positioned correctly, which may cause them to lose balance.

Skill Level: Intermediate Expert",Intermediate Expert,False,"Observations: The person is climbing a wall with colorful handholds. They are using both hands to grip the handholds, and their feet are not visible in the image.

Errors: The person is not using proper climbing techniques, such as keeping their body close to the wall and using their core muscles for stability. Additionally, they are not using their feet to push off the wall, which can help them climb more efficiently.

Skill Level: Novice",Novice,True
ad957d07-273f-43fc-87f1-d5321f04fdde,uniandes_bouldering_029_52,Early Expert,"Observations: The person is climbing a rock wall. They are using both hands to grip the holds on the wall, and their feet are positioned on the wall as well. They appear to be moving upwards.

Errors: The person's left hand is not gripping the hold as tightly as it could be, which may cause them to lose balance if they need to move quickly. Additionally, their right foot is not fully planted on the wall, which may also cause them to lose balance.

Skill Level: Intermediate Expert",Intermediate Expert,False,"Observations: The person is climbing a wall with colorful handholds. They are using both hands to grip the handholds, and their feet are positioned on the wall for support. The person appears to be moving upwards, indicating that they are actively climbing.

Errors: There are no apparent errors in the person's movement. They are using proper techniques to grip the handholds and maintain balance.

Skill Level: Intermediate Expert",Intermediate Expert,False
e0c00348-9d87-42e0-8749-9f49515582d7,uniandes_bouldering_032_79,Intermediate Expert,"Observations: The man is climbing on a rock wall. He is wearing a helmet and climbing shoes. He is using his hands to grip the rocks on the wall.

Errors: The man is not using his feet to climb. He is not using his legs to push himself up the wall.

Skill Level: Novice",Novice,False,"Observations: The person is climbing a rock wall. They are using both hands to grip the holds on the wall. Their feet are not visible, but they appear to be using them to push off the wall.

Errors: The person's movements are somewhat slow and deliberate. They may benefit from practicing their hand placement and footwork to improve their speed and efficiency.

Skill Level: Novice",Novice,False
462acd18-2703-40f2-bf07-e151ab93ca97,uniandes_bouldering_035_17,Early Expert,"Observations: A woman is standing on a climbing wall. She is wearing a black shirt and black pants. She has her arms outstretched to the side.

Errors: The woman is not moving.

Skill Level: Novice",Novice,False,"Observations: The person is climbing a rock wall. They are using their hands to grip the holds on the wall.

Errors: The person is not wearing any climbing shoes, which can affect their grip and performance.

Skill Level: Novice",Novice,False
490ba87f-dec2-421d-89ae-365b07059004,uniandes_bouldering_029_74,Early Expert,"Observations: A man is climbing a rock wall. He is wearing a helmet and climbing shoes. He is using his hands to grip the holds on the wall.

Errors: The man is not using proper climbing technique. He is not using his feet to push off the wall, which would help him climb more efficiently.

Skill Level: Novice",Novice,False,"Observations: The person is climbing a rock wall. They are using both hands to grip the holds on the wall. Their feet are not visible, but they appear to be using them to push off the wall.

Errors: The person is not using proper climbing technique. They are not using their legs effectively to push themselves up the wall. They are also not using their core muscles to stabilize their body.

Skill Level: Novice",Novice,False
d043de61-f9e1-4b66-a73d-02ba2c5b9f4e,uniandes_bouldering_023_80,Intermediate Expert,"Observations: The man stands on the bouldering wall and reaches for a hold with his right hand.

Errors: The man does not have a proper grip on the hold, which may lead to a fall.

Skill Level: Novice",Novice,False,"Observations: The person is climbing a rock wall. They are using their hands to grip the holds on the wall. Their feet are not visible, but they appear to be standing on the ground.

Errors: The person is not using proper climbing technique. They are not using their legs to push off the wall, which would help them climb higher. They are also not using their core muscles to stabilize themselves.

Skill Level: Novice",Novice,False
9e4c0d3d-814b-4d7a-bfb4-712ab4431f31,uniandes_bouldering_037_41,Intermediate Expert,"Observations: The person is climbing a rock wall. They are using both hands to grip the holds on the wall, and they are moving upwards.

Errors: The person is not wearing any safety gear, such as a harness or helmet. This could be dangerous if they fall.

Skill Level: Novice",Novice,False,"Observations: The person is climbing a rock wall. They are using both hands to grip the holds on the wall. Their feet are not visible, but they appear to be using them to push off the wall.

Errors: The person's left hand is not gripping a hold, which could lead to instability.

Skill Level: Intermediate Expert",Intermediate Expert,True
12351533-12ab-4b85-89b1-c7527240202b,uniandes_bouldering_028_12,Novice,"Observations: The woman is climbing a rock wall. She is wearing a tank top and leggings. She is using her hands to grip the rocks on the wall.

Errors: The woman is not using proper climbing techniques. She is not using her feet to push off the wall, which can help her climb more efficiently.

Skill Level: Novice",Novice,True,"Observations: The person is climbing a wall with colorful holds. They are using both hands to grip the holds, and their feet are not visible in the image.

Errors: The person's arms are not fully extended, which may make it difficult for them to reach higher holds. Additionally, their grip on the holds appears to be loose, which could lead to a fall if they lose balance.

Skill Level: Novice",Novice,True
8c69e328-8190-4443-af9a-057199134d03,uniandes_bouldering_036_39,Late Expert,"Observations: The person is climbing a rock wall. They are wearing a pink shirt and black pants. They are using both hands to grip the wall and their feet are on the ground. They are looking up at the wall.

Errors: The person is not using proper climbing techniques. They are not gripping the wall with their fingers, but rather with their palms. This can lead to fatigue and injury over time.

Skill Level: Novice",Novice,False,"Observations: The person is climbing a wall with colorful holds. They are using both hands to grip the holds, and their feet are not visible in the image.

Errors: The person is not wearing climbing shoes, which can affect their grip and performance on the wall.

Skill Level: Novice",Novice,False
841c5354-3711-45ce-a226-3d7ba0e6b3df,uniandes_bouldering_030_60,Late Expert,"Observations: The man stands on the ground, facing the climbing wall. He reaches up with his right hand to grab a hold on the wall. He then pulls himself up, using both hands to grip the holds. He continues to climb, moving his legs and arms to find new holds.

Errors: The man does not have proper climbing technique. He is not using his feet effectively to maintain balance and support his weight. His movements are slow and awkward, indicating that he is not experienced in climbing.

Skill Level: Novice",Novice,False,"Observations: The person is climbing a rock wall. They are wearing a harness and are using their hands to grip the holds on the wall. They are moving up the wall, one hand at a time.

Errors: The person is not using proper climbing technique. They are not using their feet to push off the wall, which can help them climb more efficiently. They are also not using their core muscles to stabilize themselves, which can lead to instability and potential falls.

Skill Level: Novice",Novice,False
09503846-9851-42b9-90f6-14b69e262d9d,uniandes_bouldering_029_45,Early Expert,"Observations: The person is climbing a rock wall. They are using both hands to grip the holds on the wall.

Errors: The person is not using proper climbing technique. They are not using their legs effectively, which can lead to fatigue and injury.

Skill Level: Novice",Novice,False,"Observations: The person is climbing a rock wall. They are using both hands to grip the holds on the wall. Their feet are not visible, but they appear to be standing on the ground.

Errors: The person is not using proper climbing technique. They are not using their legs to push off the wall, which can help them climb more efficiently. Additionally, they are not using their core muscles to stabilize themselves, which can also make it harder to climb.

Skill Level: Novice",Novice,False
fee4a45c-b6c6-4d89-8099-411c11a26526,uniandes_bouldering_026_2,Intermediate Expert,"Observations: The person is climbing a rock wall. They are using both hands to grip the holds on the wall, and they are moving their legs to maintain balance.

Errors: The person is not wearing any safety gear, such as a helmet or harness. This could be dangerous if they fall.

Skill Level: Novice",Novice,False,"Observations: The person is climbing a rock wall. They are using their hands to grip the holds on the wall. Their feet are not visible, but they appear to be using them to push off the wall.

Errors: The person is not using proper climbing technique. They are not using their legs effectively to push themselves up the wall. They are also not using their core muscles to stabilize their body.

Skill Level: Novice",Novice,False
26191a7e-dece-46ce-ba75-d1f3dcc9d604,uniandes_bouldering_037_56,Late Expert,"Observations: A woman is climbing a rock wall. She is wearing a purple shirt and black shorts. She is using her hands to grip the holds on the wall.

Errors: The woman is not using proper climbing technique. She is not using her feet to push off the wall, which would help her climb more efficiently.

Skill Level: Novice",Novice,False,"Observations: The person is climbing a wall with colorful handholds. They are using both hands to grip the handholds, and their feet are not visible in the image.

Errors: The person's left hand is not gripping the handhold properly, which could lead to a fall if they lose balance.

Skill Level: Novice",Novice,False
495dbde3-165c-4af1-bf80-46d53f76116c,uniandes_bouldering_035_91,Early Expert,"Observations: A man is climbing a rock wall. He is wearing a green shirt and blue shorts. He is using his hands to grip the rocks on the wall.

Errors: The man is not using his feet to climb the wall. He is only using his hands.

Skill Level: Novice",Novice,False,"Observations: The person is climbing a rock wall. They are using both hands to grip the holds on the wall. Their feet are not visible, but they appear to be standing on a padded surface.

Errors: The person's left hand is not gripping a hold, which could lead to a fall if they lose balance.

Skill Level: Novice",Novice,False
94acdc8f-1377-4dbc-94e6-efcfa08ca8ba,uniandes_bouldering_034_17,Early Expert,"Observations: The man is climbing a rock wall. He is wearing a white shirt and black pants. He is using his hands to grip the rocks on the wall.

Errors: The man is not wearing any safety gear, such as a helmet or harness. This could be dangerous if he falls.

Skill Level: Novice",Novice,False,"Observations: The person is climbing a rock wall. They are using their hands to grip the holds on the wall and their feet to push off the wall. They are moving up the wall, one hand at a time.

Errors: The person is not using proper climbing technique. They are not using their legs effectively to push themselves up the wall. They are also not using their core muscles to stabilize their body.

Skill Level: Novice",Novice,False
94f7b744-962a-4e2e-b5fa-55fd8c2ea7d2,uniandes_bouldering_034_51,Early Expert,"Observations: The man is climbing a rock wall. He is using his hands to grip the holds on the wall and his feet to push off the ground. He is moving up the wall, one hand at a time.

Errors: The man is not using proper climbing technique. He is not using his legs effectively to push himself up the wall. He is also not using his core muscles to stabilize his body.

Skill Level: Novice",Novice,False,"Observations: The person is climbing a rock wall. They are using both hands to grip the holds on the wall.

Errors: The person is not moving their feet, which could cause them to lose balance and fall.

Skill Level: Novice",Novice,False
b0f2faf0-e14d-4ed8-aea8-e95828d8f2c5,uniandes_bouldering_035_77,Early Expert,"Observations: A man is climbing a rock wall. He is wearing a helmet and climbing shoes. He is using his hands and feet to grip the rocks on the wall.

Errors: The man is not using proper climbing techniques. He is not using his core muscles to stabilize himself, and he is not using his legs to push off the wall.

Skill Level: Novice",Novice,False,"Observations: The person is climbing a wall with a variety of colorful holds. They are using both hands to grip the holds, and their feet are positioned on the wall for support. The person appears to be moving up the wall, and their arms are extended outward.

Errors: The person's left hand is not gripping a hold, which could lead to instability and potential falls. Additionally, the person's right hand is not gripping a hold, which could also lead to instability and potential falls.

Skill Level: Novice",Novice,False
0592f9f4-6db3-46ff-b969-a330ad2a233c,uniandes_bouldering_027_59,Novice,"Observations: The woman is climbing a rock wall. She is wearing a tank top and leggings. She is using her hands and feet to grip the rocks on the wall. She is moving slowly and carefully, making sure not to fall.

Errors: There are no errors in her movement.

Skill Level: Intermediate Expert",Intermediate Expert,False,"Observations: The person is climbing a wall with colorful holds. They are using both hands to grip the holds, and their feet are not visible in the image.

Errors: The person's arms are extended outwards, which may make it difficult for them to maintain balance and control while climbing. Additionally, the person's fingers are not curled around the holds, which could lead to a loss of grip.

Skill Level: Novice",Novice,True
103eefc6-4c85-4d2f-877a-c56458767c63,uniandes_bouldering_036_12,Intermediate Expert,"Observations: A man is climbing a rock wall. He is wearing an orange shirt and gray pants. He is using his hands and feet to grip the rocks on the wall. He is moving up the wall, reaching for the next hold with his right hand.

Errors: The man is not using proper climbing technique. He is not using his core muscles to stabilize himself. He is also not using his legs to push off the wall.

Skill Level: Novice",Novice,False,"Observations: The person is climbing a rock wall. They are using their hands to grip the holds on the wall. They are moving their body up the wall, using their legs to push off the ground.

Errors: The person is not wearing any safety gear, such as a helmet or harness. This could be dangerous if they fall.

Skill Level: Novice",Novice,False
b003c594-e2fd-42e6-830c-daea009b00a2,uniandes_bouldering_036_37,Late Expert,"Observations: The woman is climbing a rock wall. She is wearing a pink shirt and black pants. She is using her hands to grip the rocks on the wall.

Errors: The woman is not wearing proper climbing shoes, which can affect her grip and balance.

Skill Level: Novice",Novice,False,"Observations: The person is climbing a wall with colorful handholds. They are using their hands to grip the handholds and their feet to push off the wall. They are wearing a red shirt and blue shoes.

Errors: The person is not using proper climbing techniques. They are not using their legs effectively, which can lead to fatigue and injury. They are also not using their core muscles, which can make it harder to maintain balance and control.

Skill Level: Novice",Novice,False
c3102961-10c0-4018-90ee-21b98c7b157b,uniandes_bouldering_024_59,Novice,"Observations: A man is climbing a rock wall. He is wearing a helmet and climbing shoes. He is using his hands to grip the holds on the wall.

Errors: The man is not using his feet effectively to maintain balance while climbing. He is also not using his core muscles to stabilize himself.

Skill Level: Novice",Novice,True,"Observations: The person is climbing a rock wall. They are using both hands to grip the holds on the wall. Their feet are also gripping the wall, but it is not clear if they are using them effectively.

Errors: The person appears to be struggling with the climb. They may be having trouble finding the right handholds and footholds, or they may be having difficulty maintaining their balance. It is also possible that they are not using their feet effectively to help them climb.

Skill Level: Novice",Novice,True
af40b5fa-482e-41d4-98bd-aa8d5c852ad2,uniandes_bouldering_027_119,Novice,"Observations: A woman is climbing a rock wall. She is wearing a pink shirt and black pants. She is using her hands to grip the holds on the wall.

Errors: The woman is not using proper climbing technique. She is not using her feet to push off the wall, which can help her climb more efficiently.

Skill Level: Novice",Novice,True,"Observations: The person is climbing a wall with colorful grips. They are using both hands to grip the wall, and their feet are not visible in the image.

Errors: The person is not wearing shoes, which could make it difficult for them to maintain a good grip on the wall. Additionally, they may be struggling to find a good handhold because the grips are not evenly spaced.

Skill Level: Novice",Novice,True
729035b0-d6b2-4a34-9bfa-618befa6bb4e,uniandes_bouldering_036_41,Late Expert,"Observations: A woman is climbing a rock wall. She is wearing a tank top and shorts. She is using her hands to grip the holds on the wall.

Errors: The woman is not using proper climbing technique. She is not using her feet to push off the wall, which would help her climb higher.

Skill Level: Novice",Novice,False,"Observations: The person is climbing a rock wall. They are using their hands to grip the holds on the wall.

Errors: The person is not wearing any safety gear, such as a harness or helmet. This could be dangerous if they fall.

Skill Level: Novice",Novice,False
bc49545a-7d77-4498-acec-ef1932f271b1,uniandes_bouldering_023_56,Intermediate Expert,"Observations: The woman is climbing a rock wall. She is using her hands to grip the holds on the wall. She is wearing a black shirt and black pants. She is looking up at the wall.

Errors: The woman is not moving her feet. She should be using her feet to push herself up the wall.

Skill Level: Novice",Novice,False,"Observations: The person is climbing a wall with colorful grips. They are wearing pink shoes and black pants. Their left hand is on a grip, and their right hand is reaching for another grip.

Errors: The person's right hand is not gripping the grip properly, which could lead to a fall.

Skill Level: Novice",Novice,False
b6590623-9c56-4a71-a210-ff8a5c45fd77,uniandes_bouldering_024_51,Intermediate Expert,"Observations: The person is climbing a wall with colorful holds. They are wearing a helmet and climbing shoes. Their arms are extended upwards, and they are using their hands to grip the holds. Their legs are bent at the knees, and they are stepping up onto the next hold.

Errors: The person is not using proper climbing technique. They are not using their feet effectively to maintain balance and support their weight. They are also not using their core muscles to stabilize their body.

Skill Level: Novice",Novice,False,"Observations: The person is climbing a wall with colorful holds. They are using both hands to grip the holds, and their feet are not visible in the image.

Errors: The person's left hand is not gripping the hold properly, which could lead to a fall if they lose balance.

Skill Level: Novice",Novice,False
79aa2bc4-1f00-41ba-a3b1-733b1b2849be,uniandes_bouldering_029_67,Intermediate Expert,"Observations: A woman is climbing a rock wall. She is wearing a white shirt and black pants. She is holding onto a handhold with her right hand and her left hand is on the wall. She is looking up at the wall.

Errors: The woman is not using proper climbing techniques. She is not using her legs to push herself up the wall. She is not using her core muscles to stabilize herself.

Skill Level: Novice",Novice,False,"Observations: The person is climbing a rock wall. They are using both hands to grip the holds on the wall. Their feet are not visible, but they appear to be using them to push off the wall.

Errors: The person's arms are not fully extended, which could make it difficult for them to reach higher holds. Additionally, their fingers may not be gripping the holds as tightly as possible, which could lead to a less secure hold.

Skill Level: Intermediate Expert",Intermediate Expert,True
599fccf2-b3c2-4eaf-95b2-0749fe66ef4c,uniandes_bouldering_027_114,Novice,"Observations: The person is climbing a rock wall. They are using both hands to grip the holds on the wall, and their feet are positioned on the wall as well. They appear to be moving upwards, and their body is angled towards the wall.

Errors: There are no apparent errors in the person's movement. They seem to be climbing with proper technique and control.

Skill Level: Intermediate Expert",Intermediate Expert,False,"Observations: The person is climbing a wall with colorful holds. They are using their hands to grip the holds and their feet to push off the wall. They are moving up the wall, reaching for the next hold.

Errors: The person is not using proper climbing technique. They are not using their legs effectively to push off the wall, and they are not using their core muscles to stabilize themselves. This could lead to a fall and injury.

Skill Level: Novice",Novice,True
b843d724-be38-4855-9408-7c5cef73274d,uniandes_bouldering_034_69,Early Expert,"Observations: The person is climbing a rock wall. They are using their hands to grip the holds on the wall and their feet to push off the ground. They are moving up the wall, one hand at a time.

Errors: The person is not using proper climbing technique. They are not using their legs effectively to push themselves up the wall. They are also not using their core muscles to stabilize their body.

Skill Level: Novice",Novice,False,"Observations: The person is climbing a rock wall using both hands to grip the holds. They are moving upwards, reaching for the next hold with their right hand while their left hand is already on a higher hold.

Errors: The person's left hand is not gripping the hold firmly enough, which could lead to a fall if they lose balance. Additionally, their right hand is not fully extended towards the next hold, which could also cause them to lose balance.

Skill Level: Intermediate Expert",Intermediate Expert,False
4f9adb11-6c34-4b76-ba70-19c6ad3a6156,uniandes_bouldering_030_28,Late Expert,"Observations: The man stands on the floor, then he climbs the wall. He holds the climbing hold with his right hand and left leg. Then, he holds the climbing hold with his left hand and right leg.

Errors: N/A

Skill Level: Intermediate Expert",Intermediate Expert,False,"Observations: The person is climbing a wall with colorful holds. They are using both hands to grip the holds, and their feet are positioned on the wall for support. The person appears to be moving upwards, indicating that they are actively climbing.

Errors: There are no apparent errors in the person's movement. They are using proper climbing techniques, such as gripping the holds with their fingers and positioning their feet for stability.

Skill Level: Intermediate Expert",Intermediate Expert,False
e5c4c6aa-f142-4b45-bb12-97e312cb20fd,uniandes_bouldering_028_24,Early Expert,"Observations: The person is climbing a rock wall. They are using both hands to grip the holds on the wall, and their feet are positioned on the wall as well. They appear to be moving upwards and to the right.

Errors: The person's left hand is not gripping the hold as tightly as it could be, which may cause them to lose balance or fall. Additionally, their right foot is not positioned as securely as it could be, which may also cause them to lose balance or fall.

Skill Level: Intermediate Expert",Intermediate Expert,False,"Observations: The person is climbing a wall with colorful holds. They are using both hands to grip the holds, and their feet are positioned on the wall for support. The person appears to be moving upwards, reaching for higher holds.

Errors: The person's left hand is not gripping a hold, which could lead to instability. Additionally, the person's right foot is not positioned correctly, which could also cause instability.

Skill Level: Intermediate Expert",Intermediate Expert,False
b285942a-a30b-4d4b-a753-8a29b951c1cb,uniandes_bouldering_026_48,Intermediate Expert,"Observations: The woman is climbing a rock wall. She is wearing a white tank top and black pants. She is using her hands to grip the rocks on the wall.

Errors: The woman is not using proper climbing techniques. She is not using her feet to push off the wall, which can help her climb higher. She is also not using her core muscles to stabilize herself.

Skill Level: Novice",Novice,False,"Observations: The person is climbing a rock wall. They are using both hands to grip the holds on the wall. Their feet are not visible, but they appear to be standing on the ground.

Errors: The person is not using proper climbing technique. They are not using their legs to push off the wall, which can help them climb more efficiently. Additionally, they are not using their core muscles to stabilize themselves on the wall.

Skill Level: Novice",Novice,False
e7096aaa-8119-4e05-88f1-25e8112be2f7,uniandes_bouldering_034_85,Early Expert,"Observations: A man is standing on a climbing wall. He is wearing a white shirt and black pants. He is looking up at the wall.

Errors: The man is not moving his body or arms.

Skill Level: Novice",Novice,False,"Observations: The person is climbing a rock wall. They are using their hands to grip the holds on the wall.

Errors: The person is not using proper climbing techniques, such as keeping their body close to the wall and using their legs for support.

Skill Level: Novice",Novice,False
9426868e-3ba6-45e1-a6d3-0f90b0077970,uniandes_bouldering_027_3,Intermediate Expert,"Observations: A woman is climbing a rock wall. She is wearing a tank top and black pants. She has her hands on the wall and her feet are off the ground. She is looking up at the wall.

Errors: The woman is not using proper climbing techniques. She is not using her legs to push herself up the wall, she is relying solely on her arms. This can lead to fatigue and injury over time.

Skill Level: Novice",Novice,False,"Observations: The person is climbing a wall with colorful holds. They are using both hands to grip the holds, and their feet are positioned on the wall. The person appears to be moving upwards.

Errors: The person's left hand is not gripping the hold properly, which could lead to a fall if they lose balance.

Skill Level: Intermediate Expert",Intermediate Expert,True
75286d45-1251-421a-90cb-3f0212443244,uniandes_bouldering_036_8,Late Expert,"Observations: The man is climbing a rock wall. He is using his hands to grip the holds on the wall. He is moving his legs up the wall.

Errors: The man is not using proper climbing techniques. He is not using his feet to push off the wall, which can help him climb more efficiently.

Skill Level: Novice",Novice,False,"Observations: The person is climbing a wall with colorful holds. They are using both hands to grip the holds, and their feet are positioned on the wall for support. The person appears to be moving up the wall, reaching for higher holds.

Errors: There are no apparent errors in the person's movement. They are using proper climbing techniques and maintaining good balance.

Skill Level: Intermediate Expert",Intermediate Expert,False
c0a1397c-211b-4d12-9706-ca536a671f77,uniandes_bouldering_032_32,Late Expert,"Observations: The man is climbing a rock wall. He is using his hands to grip the rocks on the wall and his feet to push off the ground. He is wearing a green shirt and black shorts.

Errors: The man is not using proper climbing techniques. He is not gripping the rocks with his fingers, but rather with his entire hand. This can lead to fatigue and injury over time. Additionally, he is not using his feet effectively to push off the ground, which can also lead to fatigue and injury.

Skill Level: Novice",Novice,False,"Observations: The person is climbing a rock wall. They are using their hands to grip the holds on the wall.

Errors: The person is not moving their feet, which is necessary for climbing.

Skill Level: Novice",Novice,False
f232889b-c70b-4826-a840-8c819a50256a,uniandes_bouldering_036_34,Late Expert,"Observations: A woman is climbing a rock wall. She is wearing a pink shirt and black pants. She is using her hands to grip the rocks on the wall.

Errors: The woman is not using proper climbing techniques. She is not using her feet to push off the wall, which can help her climb more efficiently.

Skill Level: Novice",Novice,False,"Observations: The person is climbing a rock wall. They are using both hands to grip the holds on the wall. Their feet are not visible, but they appear to be standing on the wall.

Errors: The person's hands are not gripping the holds firmly enough. This could lead to a fall if they lose their balance.

Skill Level: Novice",Novice,False
e3d84441-d0b8-4b77-96e2-4b1c5e0ae85a,uniandes_bouldering_029_10,Early Expert,"Observations: A woman is climbing a rock wall. She is wearing a white shirt and black shorts. She has long brown hair. She is holding onto a red rock with her right hand and a green rock with her left hand. She is looking up at the wall.

Errors: The woman is not using proper climbing techniques. She is not using her legs to push herself up the wall, she is only using her arms. This will make it difficult for her to climb higher on the wall.

Skill Level: Novice",Novice,False,"Observations: The person is climbing a wall with colorful holds. They are using both hands to grip the holds, and their feet are not visible in the image.

Errors: The person's grip on the holds appears to be slightly loose, which could lead to a fall if they lose balance. Additionally, their body posture suggests that they may not have a strong core strength, which can make it difficult to maintain stability while climbing.

Skill Level: Novice",Novice,False
df84386a-0061-410e-8227-aab015e0ff9e,uniandes_bouldering_023_8,Intermediate Expert,"Observations: The woman is climbing a rock wall. She is using her hands to grip the rocks on the wall. She is looking up at the wall.

Errors: The woman is not moving her feet. She should be using her feet to push herself up the wall.

Skill Level: Novice",Novice,False,"Observations: The person is climbing a wall with colorful handholds. They are using both hands to grip the handholds, and their feet are positioned on the wall for support. The person appears to be moving upwards, indicating that they are actively climbing.

Errors: There are no apparent errors in the person's movement. They are using proper climbing techniques, gripping the handholds firmly and maintaining balance.

Skill Level: Intermediate Expert",Intermediate Expert,True
d822e2e6-4549-4ceb-82b3-666536ee7cd1,uniandes_bouldering_029_75,Early Expert,"Observations: A person is climbing a rock wall. They are wearing a harness and are using both hands to grip the holds on the wall. The person is moving up the wall, and their feet are not visible in the image.

Errors: The person's feet are not visible, so it is impossible to determine if they are using proper foot placement or if they are slipping. Additionally, the person's arms are extended, which may cause them to lose balance if they slip.

Skill Level: Intermediate Expert",Intermediate Expert,False,"Observations: The person is climbing a wall with colorful holds. They are using both hands to grip the holds, and their feet are not visible in the image.

Errors: The person is not using proper climbing techniques. They are not using their legs for support, which can lead to fatigue and injury. Additionally, they are not using their core muscles to stabilize their body, which can also lead to fatigue and injury.

Skill Level: Novice",Novice,False
5ee5ff7f-3178-4b59-9031-75b4804ec86a,uniandes_bouldering_027_65,Novice,"Observations: A woman is climbing a rock wall. She is wearing a black tank top and black leggings. She is using her hands to grip the rocks on the wall. She is looking up at the wall.

Errors: The woman is not moving her feet. She should be using her feet to push herself up the wall.

Skill Level: Novice",Novice,True,"Observations: The person is climbing a rock wall. They are using both hands to grip the holds on the wall, and their feet are positioned on the wall for support. They appear to be moving upwards, as indicated by their upward gaze.

Errors: The person's left hand is not gripping the hold as tightly as it could be, which may lead to a loss of balance if they need to move quickly. Additionally, their right foot is not fully planted on the wall, which could also lead to instability.

Skill Level: Intermediate Expert",Intermediate Expert,False
ace8113d-5f13-4aa0-bc27-381785968344,uniandes_bouldering_037_36,Late Expert,"Observations: The person is climbing a rock wall. They are using both hands to grip the holds on the wall, and they are moving their legs to maintain balance.

Errors: The person is not using proper climbing techniques. They are not using their feet effectively to maintain balance, and they are not using their core muscles to stabilize their body.

Skill Level: Novice",Novice,False,"Observations: The person is climbing a wall with colorful holds. They are using both hands to grip the holds, and their feet are positioned on the wall for support. The person appears to be moving upwards, reaching for higher holds.

Errors: There are no apparent errors in the person's movement. They seem to be climbing correctly and efficiently.

Skill Level: Intermediate Expert",Intermediate Expert,False
18c8b6e4-2a41-4a37-9fea-f6f6610ac0c2,uniandes_bouldering_023_39,Late Expert,"Observations: A woman is climbing a wall. She is wearing a black tank top and black leggings. She is using her hands to grip the wall and her feet to push off the ground.

Errors: The woman is not using proper climbing techniques. She is not gripping the wall with her fingers, but rather with her entire hand. This can lead to fatigue and injury over time. Additionally, she is not using her feet effectively to push off the ground, which can also lead to fatigue and injury.

Skill Level: Novice",Novice,False,"Observations: The person is climbing a wall with colorful handholds. They are using both hands to grip the handholds, and their feet are not visible in the image.

Errors: The person's arms are extended outwards, which may make it difficult for them to maintain balance and control while climbing. Additionally, the person's fingers are not curled around the handholds, which could lead to a loss of grip.

Skill Level: Novice",Novice,False
0f76a58b-aed3-4707-b660-de0015dff0d5,uniandes_bouldering_028_44,Novice,"Observations: The woman is climbing a rock wall. She is wearing a tank top and leggings. She is using her hands to grip the holds on the wall.

Errors: The woman is not moving her feet, which is a common error for beginners when climbing. This can lead to instability and a higher risk of falling.

Skill Level: Novice",Novice,True,"Observations: The person is climbing a rock wall. They are using both hands to grip the holds on the wall. Their feet are not visible, but they appear to be using them to push off the wall.

Errors: The person's left hand is not gripping a hold, which could lead to instability while climbing.

Skill Level: Novice",Novice,True
f10f40fe-79e1-4e02-a63c-99e8bc7bb5ea,uniandes_bouldering_023_33,Intermediate Expert,"Observations: The woman is climbing a rock wall. She is wearing a blue tank top and black pants. She is using her hands to grip the rocks on the wall.

Errors: The woman is not using proper climbing techniques. She is not using her feet to push off the wall, which would help her climb higher. She is also not using her core muscles to stabilize herself.

Skill Level: Novice",Novice,False,"Observations: The person is climbing a wall with colorful holds. They are using both hands to grip the holds, and their feet are not visible in the image.

Errors: The person's arms are extended outwards, which may make it difficult for them to maintain balance and control while climbing. Additionally, the person's fingers are not curled around the holds, which could lead to a loss of grip.

Skill Level: Novice",Novice,False
1e0744e1-1514-4611-a3cc-f2c71b4cd34e,uniandes_bouldering_026_67,Novice,"Observations: The woman is climbing a rock wall. She is wearing a pink shirt and black pants. She is using her hands to grip the holds on the wall. She is looking up at the wall.

Errors: The woman is not moving her feet. She should be using her feet to push herself up the wall.

Skill Level: Novice",Novice,True,"Observations: The person is climbing a wall with colorful handholds. They are wearing shoes and have their hands on the handholds. There are other people sitting on chairs in the background.

Errors: The person is not using proper climbing techniques, such as keeping their body close to the wall and using their legs for support.

Skill Level: Novice",Novice,True
362be697-92e2-43e1-8121-7ebab3e998c4,uniandes_bouldering_035_71,Early Expert,"Observations: The person is climbing a rock wall. They are using both hands to grip the holds on the wall, and they are moving their feet up the wall as well.

Errors: The person is not wearing any safety gear, such as a helmet or harness. This could be dangerous if they fall.

Skill Level: Novice",Novice,False,"Observations: The person is climbing a wall with colorful handholds. They are wearing a harness and are using chalk to improve their grip. They are moving up the wall, reaching for different handholds.

Errors: The person is not wearing proper climbing shoes, which can affect their grip and performance on the wall.

Skill Level: Intermediate Expert",Intermediate Expert,False
58477770-7532-4d8e-9604-ecd844bfdeea,uniandes_bouldering_036_62,Intermediate Expert,"Observations: The person is climbing a rock wall. They are using both hands to grip the rocks on the wall, and they are moving their legs to maintain balance.

Errors: The person is not wearing any safety gear, such as a helmet or harness. This could be dangerous if they fall from the wall.

Skill Level: Novice",Novice,False,"Observations: The person is climbing a rock wall. They are using both hands to grip the holds on the wall. Their feet are also gripping the wall, but it is not clear if they are using them effectively.

Errors: The person appears to be struggling with their grip on the wall. They may be using too much force or not enough force, which could lead to a fall. Additionally, their foot placement seems to be inconsistent, which could also contribute to instability.

Skill Level: Novice",Novice,False
f1b49abc-303f-4523-a929-ddbe9eb1a2b9,uniandes_bouldering_029_23,Novice,"Observations: The woman is climbing a rock wall. She is wearing a tank top and leggings. She is using her hands to grip the holds on the wall.

Errors: The woman is not moving her feet, which is a common error for beginners when climbing. This can lead to instability and a higher risk of falling.

Skill Level: Novice",Novice,True,"Observations: The person is climbing a wall with a variety of colorful holds. They are using both hands to grip the holds, and their feet are positioned on the wall for support. The person appears to be moving up the wall, and their movements suggest they are gaining momentum.

Errors: The person's movements could be more fluid and efficient if they were to use their body weight more effectively. Additionally, they may benefit from practicing their hand placement and grip strength to improve their overall climbing technique.

Skill Level: Intermediate Expert",Intermediate Expert,False
9d4d860c-72b1-4e97-9241-d23e3a3cd476,uniandes_bouldering_022_47,Novice,"Observations: The woman is climbing a rock wall. She is using her hands to grip the holds on the wall and her feet to push off the wall. She is wearing a black tank top and black shorts.

Errors: The woman is not using proper climbing technique. She is not using her legs effectively to push herself up the wall. She is also not using her core muscles to stabilize her body.

Skill Level: Novice",Novice,True,"Observations: The person is climbing a rock wall. They are using both hands to grip the holds on the wall. Their feet are also gripping the wall, but it is not clear if they are using them effectively.

Errors: The person appears to be struggling with the climb. They may be having trouble finding the right handholds and footholds, or they may be having difficulty maintaining their balance. It is also possible that they are not using their feet effectively to help them climb.

Skill Level: Novice",Novice,True
72dbe20c-71f2-4a8e-8313-1bbd907c0e12,uniandes_bouldering_027_115,Novice,"Observations: The person is climbing a rock wall. They are using both hands to grip the holds on the wall, and they are moving upwards.

Errors: The person is not wearing any safety gear, such as a helmet or harness. This could be dangerous if they fall.

Skill Level: Novice",Novice,True,"Observations: The person is climbing a wall with colorful handholds. They are using both hands to grip the handholds, and their feet are not visible in the image.

Errors: The person may be struggling to maintain balance on the wall, as they are using both hands to grip the handholds. Additionally, it is unclear if the person is using proper climbing techniques, such as keeping their arms straight and using their core muscles for stability.

Skill Level: Novice",Novice,True
ccc5f36e-d1ad-42a7-8811-94c028f1e2e4,uniandes_bouldering_024_58,Novice,"Observations: A man is standing on a climbing wall. He is holding a piece of paper in his right hand.

Errors: The man is not actively climbing the wall, but rather standing on it while holding a piece of paper. This suggests that he may be taking notes or observing something related to the climbing wall.

Skill Level: Novice",Novice,True,"Observations: A woman is sitting on a chair, looking at her phone. She is wearing a purple shirt and jeans. There is a man sitting next to her, also looking at his phone. The room is dark, with only a few lights on.

Errors: The woman is not actively engaged in any physical activity, so there are no errors in her movement.

Skill Level: Novice",Novice,True
9e82e166-2c51-4d6d-8375-d1c18ae48a0d,uniandes_bouldering_036_52,Late Expert,"Observations: The person is climbing a rock wall. They are using both hands to grip the holds on the wall, and they are moving their legs up the wall as well.

Errors: The person is not using proper climbing technique. They are not using their feet to push off the wall, which can help them climb more efficiently. Additionally, they are not using their core muscles to stabilize themselves on the wall.

Skill Level: Novice",Novice,False,"Observations: The person is climbing a rock wall. They are using both hands to grip the holds on the wall. Their feet are not visible, but they appear to be using them to push off the wall.

Errors: The person is not using proper climbing technique. They are not using their legs effectively to push themselves up the wall. They are also not using their core muscles to stabilize their body.

Skill Level: Novice",Novice,False
c9ccca50-3fd6-4c72-be2c-f977f36a1cf5,uniandes_bouldering_026_104,Novice,"Observations: The person is climbing a rock wall. They are using both hands to grip the holds on the wall, and they are moving their legs to maintain balance.

Errors: The person is not using proper climbing techniques. They are not using their feet effectively to maintain balance, and they are not using their core muscles to support their body weight.

Skill Level: Novice",Novice,True,"Observations: The person is climbing a rock wall. They are using both hands to grip the holds on the wall. Their feet are also gripping the wall, but it is not clear if they are using them effectively.

Errors: The person appears to be struggling with the climb. They are not using their feet effectively, which could be causing them to lose balance. Additionally, their grip on the holds seems to be inconsistent, which could lead to a fall.

Skill Level: Novice",Novice,True
3e403d65-fab7-4c69-8089-cb8bcb13d250,uniandes_bouldering_029_4,Intermediate Expert,"Observations: The girl is climbing the wall. She is holding onto the rock with her left hand and her right hand is on her head. Her legs are bent and she is looking up at the wall.

Errors: The girl is not using both hands to climb the wall. She should be using both hands to hold onto the rocks.

Skill Level: Novice",Novice,False,"Observations: The person is climbing a wall with colorful handholds. They are using both hands to grip the handholds, and their feet are positioned on the wall for support.

Errors: The person's left hand is not gripping the handhold firmly enough, which could lead to a fall if they lose balance.

Skill Level: Novice",Novice,False
74fe7307-3e0f-4d5c-a615-a8fd1835ea3a,uniandes_bouldering_036_2,Intermediate Expert,"Observations: A man is climbing a rock wall. He is wearing an orange shirt and gray pants. He is using his hands to grip the rocks on the wall.

Errors: The man is not using proper climbing techniques. He is not using his feet to push off the wall, which can help him climb more efficiently.

Skill Level: Novice",Novice,False,"Observations: The person is climbing a rock wall. They are using both hands to grip the holds on the wall. Their feet are not visible, but they appear to be standing on the ground.

Errors: The person is not using proper climbing techniques. They are not using their legs for support and are relying too much on their arms. This can lead to fatigue and injury.

Skill Level: Novice",Novice,False
3b9bdb20-9146-443d-b5b9-b8ba2da9e3b4,uniandes_bouldering_037_50,Late Expert,"Observations: A man is climbing a rock wall. He is wearing a red shirt and black pants. He is using his hands to grip the rocks on the wall.

Errors: The man is not using proper climbing techniques. He is not using his feet to push off the wall, which can help him climb higher.

Skill Level: Novice",Novice,False,"Observations: The man climbs the wall with his hands and feet. He holds onto the climbing holds with his hands and steps on them with his feet. He moves his body up the wall.

Errors: The man does not hold onto the climbing holds properly. His feet do not step on the climbing holds properly.

Skill Level: Novice",Novice,False
bcee7f31-863d-479c-8c18-442f60ba8ab4,uniandes_bouldering_027_79,Novice,"Observations: The person is climbing a rock wall. They are using both hands to grip the holds on the wall, and they are moving upwards.

Errors: The person is not using proper climbing techniques. They are not using their feet effectively to maintain balance and support their weight. They are also not using their core muscles to stabilize their body.

Skill Level: Novice",Novice,True,"Observations: The person is climbing a wall with colorful handholds. They are using both hands to grip the handholds, and their feet are positioned on the ground for support.

Errors: The person's left hand is not gripping the handhold properly, which could lead to a fall if they lose balance.

Skill Level: Novice",Novice,True
f79979f1-7d13-4354-a72b-2ab1e15e3012,uniandes_bouldering_028_31,Early Expert,"Observations: A woman is climbing a rock wall. She is wearing a black tank top, black leggings, and yellow shoes. She is using her hands to grip the holds on the wall.

Errors: The woman is not moving her feet. This could be because she is not yet comfortable with the wall or she is not yet skilled enough to climb it.

Skill Level: Novice",Novice,False,"Observations: The person is climbing a wall with colorful grips. They are using both hands to grip the wall and their feet are on the ground. They are wearing black leggings and sneakers.

Errors: The person is not using proper climbing techniques. They are not using their core muscles effectively, which can lead to fatigue and injury. They are also not using their legs properly, which can cause them to lose balance and fall.

Skill Level: Novice",Novice,False
0773967b-e702-457d-a8f1-4cc2fdf247d0,uniandes_bouldering_035_100,Early Expert,"Observations: The person is standing on a climbing wall, facing the wall. They are wearing a black shirt and black shorts. Their arms are extended out to the sides, and they are looking up at the wall.

Errors: The person is not actively climbing the wall. They are simply standing there, looking up at it.

Skill Level: Novice",Novice,False,"Observations: The person is climbing a wall with colorful handholds. They are wearing a harness and are using both hands to grip the handholds. There are other people watching the climber from the side.

Errors: The person is not wearing shoes, which could be a safety hazard if they fall. Additionally, the person is not using proper climbing techniques, such as keeping their body close to the wall and using their legs for support.

Skill Level: Novice",Novice,False
34a8ed66-16ea-4d2d-bd49-c33eeea9c4b9,uniandes_bouldering_036_21,Late Expert,"Observations: The man is climbing a rock wall. He is using his hands to grip the holds on the wall and his feet to push off the ground. He is moving up the wall, reaching for higher holds with his right hand.

Errors: The man is not wearing any safety gear, such as a helmet or harness. This could be dangerous if he falls and hits his head or if he falls and injures himself.

Skill Level: Novice",Novice,False,"Observations: The person is climbing a rock wall. They are using both hands to grip the holds on the wall. Their feet are not visible, but they appear to be using them to maintain balance.

Errors: The person's left hand is not gripping the hold as tightly as it could be. This may cause them to lose their grip and fall.

Skill Level: Intermediate Expert",Intermediate Expert,False
e4e88582-cb8a-49d4-a6ed-e1203e50b59b,uniandes_bouldering_032_30,Intermediate Expert,"Observations: The woman is climbing a rock wall. She is using her hands to grip the holds on the wall and her feet to push off the wall. She is wearing a harness and a helmet.

Errors: The woman is not using proper climbing technique. She is not using her legs effectively to push off the wall, and she is not using her core muscles to stabilize herself.

Skill Level: Novice",Novice,False,"Observations: The person is climbing a rock wall. They are using both hands to grip the holds on the wall. Their feet are not visible, but they appear to be standing on the ground.

Errors: The person is not using proper climbing technique. They are not using their legs to push off the wall, which can help them climb more efficiently. Additionally, they are not using their core muscles to stabilize themselves, which can lead to instability and potential falls.

Skill Level: Novice",Novice,False
375a31e4-be87-4677-a6e2-7b99dc9e2fff,uniandes_bouldering_037_17,Late Expert,"Observations: The woman is climbing a rock wall. She is wearing a maroon shirt, black pants, and a helmet. She is using her hands and feet to grip the rocks on the wall.

Errors: The woman is not using proper climbing techniques. She is not using her core muscles effectively and is not maintaining a good body position.

Skill Level: Novice",Novice,False,"Observations: The person is climbing a rock wall. They are using their hands to grip the holds on the wall. They are moving up the wall, one hand at a time.

Errors: The person is not using their feet to push off the wall. This could cause them to lose balance and fall.

Skill Level: Novice",Novice,False
7982e8f8-1441-4a1b-be66-4c558c5be3f3,uniandes_bouldering_027_117,Novice,"Observations: The person is climbing a rock wall. They are wearing a pink shirt and black pants. They are using both hands to grip the rocks on the wall.

Errors: The person is not moving their feet, which suggests they may be struggling to maintain balance or find a good grip.

Skill Level: Novice",Novice,True,"Observations: The person is climbing a wall with colorful holds. They are using both hands to grip the holds, and their feet are not visible in the image.

Errors: The person's hand placement on the holds is not optimal for climbing. They are not using their full range of motion, which could lead to fatigue and injury over time.

Skill Level: Novice",Novice,True
e823db56-7593-463a-bea7-846a82810c48,uniandes_bouldering_026_78,Intermediate Expert,"Observations: The woman is climbing a rock wall. She is wearing a white tank top and black pants. She has long brown hair. She is using her hands and feet to grip the holds on the wall.

Errors: The woman is not wearing any climbing shoes, which can make it more difficult for her to grip the holds on the wall.

Skill Level: Novice",Novice,False,"Observations: The person is climbing a rock wall. They are using both hands to grip the holds on the wall. Their feet are not visible, but they appear to be using them to push off the wall.

Errors: The person's left hand is not gripping a hold, which could lead to instability while climbing.

Skill Level: Novice",Novice,False
6129123b-d6c6-4a68-851b-63777cc3d56b,uniandes_bouldering_037_58,Late Expert,"Observations: The person is climbing a rock wall. They are using both hands to grip the holds on the wall, and they are moving their legs to maintain balance.

Errors: The person is not wearing any safety gear, such as a harness or helmet. This could be dangerous if they fall.

Skill Level: Novice",Novice,False,"Observations: The person is climbing a rock wall. They are using both hands to grip the holds on the wall. Their feet are not visible, but they appear to be standing on a platform or mat at the base of the wall.

Errors: The person's left hand is not gripping a hold, which could lead to instability while climbing. Additionally, their right hand is not fully extended, which may make it difficult to maintain balance and control.

Skill Level: Novice",Novice,False
6d258ba3-363e-4a40-b739-2b1b6e13fa8a,uniandes_bouldering_030_8,Late Expert,"Observations: The man is climbing on a rock wall. He is reaching for a hold with his right hand.

Errors: The man is not using proper climbing technique. He should be using both hands to reach for the hold.

Skill Level: Novice",Novice,False,"Observations: The person is climbing a wall with colorful holds. They are using both hands to grip the holds, and their feet are positioned on the wall for support. The person appears to be moving up the wall, reaching for higher holds.

Errors: The person may need to improve their hand placement and foot positioning to maintain balance and avoid falling. Additionally, they should focus on maintaining a steady rhythm while climbing to prevent fatigue.

Skill Level: Intermediate Expert",Intermediate Expert,False
b4966f7b-521e-4cf1-a777-9c3ecb07d98f,uniandes_bouldering_033_58,Intermediate Expert,"Observations: The person is climbing a rock wall. They are using both hands to grip the holds on the wall, and their feet are positioned on the wall as well. They appear to be moving upwards and to the right.

Errors: The person's left hand is not gripping the hold as tightly as it could be, which may cause them to lose balance if they need to move quickly. Additionally, their right foot is not fully planted on the wall, which may also cause them to lose balance.

Skill Level: Intermediate Expert",Intermediate Expert,True,"Observations: The person is climbing a rock wall. They are using their hands to grip the holds on the wall. Their feet are not visible, but they appear to be standing on the ground.

Errors: The person is not using proper climbing techniques. They are not using their legs to push off the wall, which can help them climb more efficiently. They are also not using their core muscles to stabilize themselves, which can lead to instability and potential falls.

Skill Level: Novice",Novice,False
d5c7f971-a194-4e17-b820-e879608e452c,uniandes_bouldering_033_41,Intermediate Expert,"Observations: The person is climbing a rock wall. They are using their hands to grip the holds on the wall and their feet to push off the wall. They are moving up the wall, one hand at a time.

Errors: The person is not using proper climbing technique. They are not using their legs effectively to push themselves up the wall. They are also not using their core muscles to stabilize their body.

Skill Level: Novice",Novice,False,"Observations: The person is climbing a wall with colorful holds. They are using both hands to grip the holds, and their feet are positioned on the wall for support. Their arms are extended, and they appear to be focused on the climb.

Errors: The person's left hand is not gripping the hold as tightly as it could be, which may cause them to lose balance or slip. Additionally, their right hand is not fully extended, which may make it difficult to maintain a strong grip on the hold.

Skill Level: Intermediate Expert",Intermediate Expert,True
5c31b6ff-811a-45ae-8cf1-1e433acfccbc,uniandes_bouldering_023_74,Intermediate Expert,"Observations: A woman is climbing a rock wall. She is wearing a blue tank top and black shorts. She is using her hands to grip the holds on the wall.

Errors: The woman is not moving her feet. She should be using her feet to push herself up the wall.

Skill Level: Novice",Novice,False,"Observations: The person is climbing a rock wall. They are using both hands to grip the holds on the wall.

Errors: The person is not using proper climbing technique. They are not using their legs for support, which can lead to fatigue and injury.

Skill Level: Novice",Novice,False
bc47c2ff-a7fe-46d6-8510-f3836e7f1aac,uniandes_bouldering_029_94,Early Expert,"Observations: The person is climbing a rock wall. They are using both hands to grip the holds on the wall.

Errors: The person is not wearing any safety gear, such as a helmet or harness. This could be dangerous if they fall.

Skill Level: Novice",Novice,False,"Observations: The person is climbing a wall with colorful holds. They are using both hands to grip the holds, and their feet are not visible in the image.

Errors: The person's left hand is not gripping the hold properly, which could lead to a fall if they lose balance.

Skill Level: Novice",Novice,False
f6536ebb-873d-4b26-b094-b4a67134bb03,uniandes_bouldering_037_39,Late Expert,"Observations: A man is climbing a rock wall. He is wearing a black shirt and blue pants. He is using his hands to grip the rocks on the wall.

Errors: The man is not wearing any safety gear, such as a helmet or harness. This could be dangerous if he falls.

Skill Level: Novice",Novice,False,"Observations: The person is climbing a rock wall. They are using both hands to grip the holds on the wall. Their feet are not visible, but they appear to be using them to maintain balance.

Errors: The person's left hand is not gripping the hold as tightly as the right hand. This could lead to a loss of balance and potentially falling.

Skill Level: Intermediate Expert",Intermediate Expert,False
aff77589-7e78-4da2-a957-509cbc123ead,uniandes_bouldering_036_66,Intermediate Expert,"Observations: A person is climbing a rock wall. They are wearing a helmet and climbing shoes. The person is using both hands and feet to climb the wall.

Errors: The person is not using proper climbing techniques. They are not using their core muscles effectively, which can lead to fatigue and injury. Additionally, they are not using their legs properly, which can also lead to fatigue and injury.

Skill Level: Novice",Novice,False,"Observations: The person is climbing a rock wall. They are using their hands to grip the holds on the wall.

Errors: The person is not using proper climbing techniques, such as keeping their arms straight and their body close to the wall.

Skill Level: Novice",Novice,False
c714b768-a8ac-49f3-b08c-977cbd9580e6,uniandes_bouldering_036_33,Late Expert,"Observations: A woman is climbing a rock wall. She is wearing a purple shirt and black shorts. She is using her hands to grip the rocks on the wall.

Errors: The woman is not using proper climbing techniques. She is not using her feet to push off the wall, which would help her climb higher. She is also not using her core muscles to stabilize herself.

Skill Level: Novice",Novice,False,"Observations: The man X climbs the wall.

Errors: N/A

Skill Level: Intermediate Expert",Intermediate Expert,False
122ae8c2-0503-4aeb-b1a3-9f2ca8621a6b,uniandes_bouldering_026_19,Novice,"Observations: The woman is climbing a rock wall. She is wearing a pink shirt and black pants. She is using her hands to grip the holds on the wall.

Errors: The woman is not using proper climbing technique. She is not using her feet to push off the wall, which can help her climb more efficiently. Additionally, she is not using her core muscles to stabilize herself, which can also help her climb more efficiently.

Skill Level: Novice",Novice,True,"Observations: The person is climbing a wall with colorful holds. They are using both hands to grip the holds, and their feet are not visible in the image.

Errors: The person may be struggling to maintain balance on the wall, as their feet are not visible. Additionally, they may be using too much force on some of the holds, which could lead to fatigue or injury.

Skill Level: Novice",Novice,True
a37e560e-994c-4a74-aa7d-b64d8ff656fd,uniandes_bouldering_026_105,Novice,"Observations: The person is climbing a rock wall. They are using both hands to grip the holds on the wall, and they are moving their legs to maintain balance and push off the wall.

Errors: The person is not using proper climbing techniques. They are not using their feet effectively to push off the wall, which can lead to instability and potential falls. Additionally, they are not using their core muscles to stabilize their body, which can also lead to instability.

Skill Level: Novice",Novice,True,"Observations: The person is climbing a wall with colorful holds. They are using both hands to grip the holds, and their feet are positioned on the wall for support. The person appears to be moving up the wall, reaching for higher holds.

Errors: The person's left hand is not gripping a hold, which could lead to instability and potential falls.

Skill Level: Intermediate Expert",Intermediate Expert,False
1ebd85db-0120-464c-b8ca-2476ef1dcdd6,uniandes_bouldering_035_44,Early Expert,"Observations: The man is climbing a wall. He is holding onto the wall with his left hand and his right leg is on the wall. His left leg is on the ground.

Errors: The man is not using both hands to hold onto the wall. He should use both hands to maintain balance and safety while climbing.

Skill Level: Novice",Novice,False,"Observations: The person is climbing a rock wall. They are using both hands to grip the holds on the wall. Their feet are not visible, but they appear to be standing on the ground.

Errors: The person is not using proper climbing technique. They are not using their legs to push off the wall, which can help them climb more efficiently. Additionally, they are not using their core muscles to stabilize themselves, which can also make it harder to climb.

Skill Level: Novice",Novice,False
a3968164-961f-4f63-983c-27556a1cb3c1,uniandes_bouldering_025_80,Novice,"Observations: The person is climbing a rock wall. They are using their hands to grip the holds on the wall and their feet to push off the wall. They are moving up the wall, one hand at a time.

Errors: The person is not using proper climbing technique. They are not using their legs effectively to push themselves up the wall. They are also not using their core muscles to stabilize their body.

Skill Level: Novice",Novice,True,"Observations: The person is climbing a rock wall. They are using both hands to grip the holds on the wall.

Errors: The person is not using proper climbing technique. They are not using their legs effectively, which can lead to fatigue and injury.

Skill Level: Novice",Novice,True
33280f82-a3be-4b92-b924-2d24bc1e53a5,uniandes_bouldering_029_24,Novice,"Observations: The woman is kneeling on the floor, facing the climbing wall. She is holding onto a climbing hold with her left hand and appears to be preparing to climb.

Errors: There are no apparent errors in the woman's movement.

Skill Level: Intermediate Expert",Intermediate Expert,False,"Observations: The person is climbing a wall with colorful handholds. They are using both hands to grip the holds, and their feet are also placed on the wall for support. The person appears to be moving upwards, indicating that they are actively climbing.

Errors: There are no apparent errors in the person's movement. They seem to be using proper techniques for climbing, such as maintaining a good grip and foot placement.

Skill Level: Intermediate Expert",Intermediate Expert,False
55c0fbdf-e83e-44b2-ae04-a05cd1ac227e,uniandes_bouldering_032_66,Late Expert,"Observations: A man is climbing a wall. He is wearing a green shirt and blue shorts. He is using his hands to hold onto the wall and his feet to push off of it.

Errors: The man is not using proper climbing techniques. He is not using his legs to push off of the wall, but instead he is using his arms to pull himself up. This can lead to fatigue and injury over time.

Skill Level: Novice",Novice,False,"Observations: The person is climbing a rock wall. They are using their hands to grip the holds on the wall.

Errors: The person is not using proper climbing technique. They are not using their feet to push off the wall, which would help them climb more efficiently.

Skill Level: Novice",Novice,False
8eba5dea-598c-4884-a242-493868d74b9a,uniandes_bouldering_033_12,Late Expert,"Observations: The man is climbing a wall. He is holding onto the wall with his hands and feet. He is looking up at the wall.

Errors: The man is not moving his body correctly. He should be using his arms and legs to climb the wall, not just his hands and feet.

Skill Level: Novice",Novice,False,"Observations: The person is climbing a wall with colorful holds. They are using both hands to grip the holds, and their feet are positioned on the wall for support. The person appears to be moving upwards, indicating that they are actively climbing.

Errors: There are no apparent errors in the person's movement. They are gripping the holds correctly and maintaining a good balance.

Skill Level: Intermediate Expert",Intermediate Expert,False
2a9170a7-2f93-44bc-86ed-dee0463c6721,uniandes_bouldering_037_33,Late Expert,"Observations: The man is climbing the wall. He is holding onto the rock with his left hand and his right leg is on the rock. His left leg is on the ground.

Errors: The man is not using both hands to hold onto the rock. He should use both hands to maintain balance and safety while climbing.

Skill Level: Novice",Novice,False,"Observations: The person is climbing a rock wall. They are using both hands to grip the holds on the wall. Their feet are not visible, but they appear to be standing on the ground.

Errors: The person is not using proper climbing techniques. They are not using their legs for support and are relying too much on their arms. This can lead to fatigue and injury.

Skill Level: Novice",Novice,False
ebedd6de-8008-43fc-b7f7-cda32feab47c,uniandes_bouldering_035_31,Early Expert,"Observations: The person is climbing a rock wall. They are using both hands to grip the holds on the wall, and they are moving their legs to maintain balance.

Errors: The person is not using proper climbing techniques. They are not using their feet to push off the wall, which can help them climb more efficiently. Additionally, they are not using their core muscles to stabilize their body, which can lead to instability and potential injury.

Skill Level: Novice",Novice,False,"Observations: The person is climbing a wall with colorful handholds. They are using both hands to grip the holds, and their feet are positioned on the wall for support. The person appears to be moving upwards, reaching for the next hold.

Errors: The person's left hand is not gripping the hold firmly enough, which could lead to a fall if they lose balance. Additionally, the person's right hand is not fully extended, which may make it difficult to reach the next hold.

Skill Level: Intermediate Expert",Intermediate Expert,False
c3879e1c-0575-4ffa-9c4b-9b730c7f7c44,uniandes_bouldering_036_6,Late Expert,"Observations: A woman is climbing a rock wall. She is wearing a tank top and shorts. She is using her hands to grip the holds on the wall.

Errors: The woman is not using proper climbing technique. She is not using her feet to push off the wall, which can help her climb more efficiently.

Skill Level: Novice",Novice,False,"Observations: The person is climbing a rock wall. They are using both hands to grip the holds on the wall. Their feet are not visible, but they appear to be using them to push off the wall.

Errors: The person is not using proper climbing technique. They are not using their legs effectively to push themselves up the wall. They are also not using their core muscles to stabilize their body.

Skill Level: Novice",Novice,False
74bc0655-0e3e-433f-b8f5-243764621fe5,uniandes_bouldering_030_25,Late Expert,"Observations: The woman is climbing a wall. She is wearing a black tank top and black shorts. She has long hair that is tied back. She is using her hands to grip the wall and her feet to push off the ground.

Errors: The woman is not using proper climbing techniques. She is not using her legs effectively, which can lead to fatigue and injury. She is also not using her core muscles, which can make it harder to maintain balance and control.

Skill Level: Novice",Novice,False,"Observations: The person is climbing a rock wall. They are using both hands and feet to grip the holds on the wall. Their body is angled towards the wall, and they are moving upwards.

Errors: The person is not wearing any safety gear, such as a helmet or harness. This could be dangerous if they fall.

Skill Level: Novice",Novice,False
634e516d-58a5-4737-a7e0-008dcedce371,uniandes_bouldering_024_13,Novice,"Observations: The woman is climbing a rock wall. She is wearing an orange tank top and black pants. She is using her hands to grip the holds on the wall.

Errors: The woman is not using proper climbing technique. She is not using her feet to push off the wall, which would help her climb more efficiently. She is also not using her core muscles to stabilize herself on the wall.

Skill Level: Novice",Novice,True,"Observations: The person is climbing a wall with colorful holds. They are using both hands to grip the holds, and their feet are positioned on the wall for support. The person appears to be moving upwards, as they are reaching for higher holds.

Errors: The person's left hand is not gripping the hold as firmly as the right hand. This could lead to a loss of balance and potentially falling.

Skill Level: Intermediate Expert",Intermediate Expert,False
4ebdd5ee-1aaf-4cff-a525-ca3462938a68,uniandes_bouldering_035_20,Early Expert,"Observations: The person is climbing a rock wall. They are using both hands to grip the holds on the wall, and their feet are positioned on the floor. They are moving their body up the wall, and their arms are extended.

Errors: The person is not using proper climbing techniques. They are not using their legs effectively, and they are not maintaining a good body position. Their movements are not smooth, and they are not using their core muscles to support their body.

Skill Level: Novice",Novice,False,"Observations: The person is climbing a rock wall. They are using both hands to grip the holds on the wall. Their feet are not visible, but they appear to be standing on a platform or mat below the wall.

Errors: The person's left hand is not gripping a hold, which could lead to instability while climbing. Additionally, their right hand is not gripping a hold either, which could also lead to instability.

Skill Level: Novice",Novice,False
76af4b4c-647e-4c40-a153-cee161907ceb,uniandes_bouldering_029_44,Early Expert,"Observations: A woman is climbing a rock wall. She is wearing a tank top and leggings. She has long hair that is tied back. She is holding onto a rope with her left hand.

Errors: The woman is not using proper climbing techniques. She is not gripping the rocks properly and is not using her legs to support herself.

Skill Level: Novice",Novice,False,"Observations: The person is climbing a rock wall. They are using both hands to grip the holds on the wall.

Errors: The person is not using proper climbing technique. They are not using their feet to push off the wall, which can help them climb more efficiently.

Skill Level: Novice",Novice,False
87f73932-5544-478a-a76f-d07a37e4fc1a,uniandes_bouldering_035_87,Intermediate Expert,"Observations: The person is climbing a rock wall. They are using both hands to grip the holds on the wall, and their feet are positioned on the wall as well. They appear to be moving up the wall, but it is not clear how far they have climbed.

Errors: It is not possible to determine if there are any errors in the person's movement based on the given information.

Skill Level: It is not possible to determine the skill level of the person based on the given information.",Unknown,False,"Observations: The person is climbing a rock wall. They are using both hands to grip the holds on the wall. Their feet are also gripping the wall, but it is not clear if they are using them effectively.

Errors: The person appears to be struggling with the climb. They may be using incorrect techniques or not gripping the holds properly. It is also possible that they are not using their feet effectively to maintain balance.

Skill Level: Novice",Novice,False
48c635f3-ef0c-436b-94dc-9fca68c779b7,uniandes_bouldering_034_98,Early Expert,"Observations: A man is climbing a rock wall. He is wearing a helmet and climbing shoes. He is using his hands to grip the holds on the wall.

Errors: The man is not using his feet effectively to maintain balance and support his weight. He is also not using his core muscles to stabilize his body.

Skill Level: Novice",Novice,False,"Observations: The person is climbing a rock wall. They are using their hands to grip the holds on the wall.

Errors: The person is not using proper climbing techniques. They are not using their feet to push off the wall, which can help them climb more efficiently.

Skill Level: Novice",Novice,False
77b98bd6-c60b-4733-8cbf-e62c6f92730e,uniandes_bouldering_036_46,Late Expert,"Observations: A man is climbing a rock wall. He is wearing a black shirt and green pants. He is using his hands to grip the rocks on the wall.

Errors: The man is not using proper climbing techniques. He is not using his feet to push off the wall, which would help him climb higher.

Skill Level: Novice",Novice,False,Observations: The person climbs the wall with both hands and feet. The person holds the climbing hold with his right hand. The person holds the climbing hold with his left hand. The person steps on the climbing hold with his right foot. The person steps on the climbing hold with his left foot. The person holds the climbing hold with his right hand. The person holds the climbing hold with his left hand. The person steps on the climbing hold with his right foot. The person steps on the climbing hold with his left foot. The person holds the climbing hold with his right hand. The person holds the climbing hold with his left hand. The person steps on the climbing hold with his right foot. The person steps on the climbing hold with his left foot. The person holds the climbing hold with his right hand. The person holds the climbing hold with his left hand. The person steps on the climbing hold with his right foot. The person steps on the climbing hold with his left foot. The person holds the climbing hold with his right hand. The person holds the climbing hold with his left hand. The person steps on the climbing hold with his right foot. The person steps on the climbing hold with his left foot. The person holds the climbing hold with his right hand. The person holds the climbing hold with his left hand. The person steps on the climbing hold with his right foot. The person steps on the climbing hold with his left foot. The person holds the climbing hold with his right hand,Unknown,False
c871b776-0e8a-4538-a46e-03dcf3015a3b,uniandes_bouldering_023_60,Late Expert,"Observations: The woman is climbing a rock wall. She is wearing a pink shirt and black shorts. She has long blonde hair. She is using her hands to grip the rocks on the wall.

Errors: The woman is not wearing any safety gear, such as a helmet or harness. This is a potential error as it could lead to injury if she falls.

Skill Level: Novice",Novice,False,"Observations: The person is climbing a wall with colorful holds. They are using both hands to grip the holds and their feet are positioned on the wall for support. Their body is angled towards the wall, and they appear to be focused on finding the next hold to grip.

Errors: The person's left hand is not gripping a hold, which could lead to instability while climbing. Additionally, their right hand is not gripping a hold either, which could also lead to instability. It is unclear if the person is using proper climbing techniques, such as keeping their arms straight and using their core muscles for balance.

Skill Level: Novice",Novice,False
9e62206f-e6e8-4bb1-98de-6603b4fa70e4,uniandes_bouldering_027_106,Early Expert,"Observations: The person is climbing a rock wall. They are using both hands to grip the holds on the wall, and their feet are positioned on the wall to maintain balance.

Errors: The person is not wearing any safety gear, such as a helmet or harness. This could be dangerous if they fall.

Skill Level: Novice",Novice,False,"Observations: The person is climbing a rock wall. They are using both hands to grip the holds on the wall, and they are moving their feet up the wall as well.

Errors: There are no obvious errors in the person's movement. They appear to be climbing correctly and safely.

Skill Level: Intermediate Expert",Intermediate Expert,False
6d9d80c1-9ff3-46be-90fe-ff243d5ccfe0,uniandes_bouldering_028_48,Intermediate Expert,"Observations: A woman is climbing a rock wall. She is wearing a white shirt and black pants. She is using her hands to grip the holds on the wall.

Errors: The woman is not using proper climbing techniques. She is not using her feet to push off the wall, which would help her climb more efficiently.

Skill Level: Novice",Novice,False,"Observations: The person is climbing a rock wall. They are using their hands to grip the holds on the wall.

Errors: The person is not using proper climbing technique. They are not using their feet to push off the wall, which can help them climb more efficiently.

Skill Level: Novice",Novice,False
c432374f-9903-4215-8475-20cb2d64a2b3,uniandes_bouldering_036_81,Intermediate Expert,"Observations: A man is climbing a rock wall. He is wearing a helmet and climbing shoes. He is using his hands to grip the holds on the wall.

Errors: The man is not using his feet effectively to maintain balance and support his weight. He is also not using his core muscles to stabilize his body.

Skill Level: Novice",Novice,False,"Observations: The person is climbing a rock wall. They are using their hands to grip the holds on the wall. Their feet are not visible in the image, but they are likely also gripping the wall.

Errors: The person is not moving their body in a coordinated manner. They are not using their legs to push off the wall, which would help them climb higher. They are also not using their core muscles to stabilize themselves on the wall.

Skill Level: Novice",Novice,False
4c9044be-4dd4-4521-b60c-ec533fa0e5f7,uniandes_bouldering_034_71,Early Expert,"Observations: The person is climbing a rock wall. They are using their hands to grip the holds on the wall and their feet to push off the ground. They are moving up the wall, one hand at a time.

Errors: The person is not wearing any safety gear, such as a helmet or harness. This could be dangerous if they fall.

Skill Level: Novice",Novice,False,"Observations: The person is climbing a rock wall. They are using both hands to grip the holds on the wall. Their feet are also gripping the wall, but it is not clear if they are using them effectively.

Errors: The person is not using their feet effectively to support their weight. This could lead to instability and increase the risk of falling.

Skill Level: Novice",Novice,False
df9c527f-752b-4331-beff-b45fa9b4db30,uniandes_bouldering_028_69,Early Expert,"Observations: The person is climbing a rock wall. They are using both hands to grip the holds on the wall, and their feet are positioned on the wall for support. They are moving upwards and to the right.

Errors: The person's left hand is not gripping the hold as tightly as it could be, which may cause them to lose balance or fall. Additionally, their right foot is not fully planted on the wall, which may also cause them to lose balance or fall.

Skill Level: Intermediate Expert",Intermediate Expert,False,"Observations: The person is climbing a wall with colorful holds. They are using both hands to grip the holds, and their feet are not visible in the image.

Errors: The person may be struggling to maintain balance on the wall, as they are using both hands to grip the holds. Additionally, it is unclear if the person is using proper climbing techniques, such as keeping their core engaged and using their legs for support.

Skill Level: Novice",Novice,False
823628bf-e32c-4b93-9ec2-0c615eb6a999,uniandes_bouldering_024_32,Novice,"Observations: The person is climbing a wall with colorful holds. They are wearing a tank top and black pants. Their arms are extended upwards, and they are using their hands to grip the holds on the wall.

Errors: The person is not wearing any safety gear, such as a helmet or harness. This could be dangerous if they fall from the wall.

Skill Level: Novice",Novice,True,"Observations: The person is climbing a wall with colorful handholds. They are using both hands to grip the handholds, and their feet are not visible in the image.

Errors: The person may be struggling to maintain balance on the wall, as they are using both hands to grip the handholds. Additionally, it is unclear if the person is using proper climbing techniques, such as keeping their arms straight and using their core muscles for stability.

Skill Level: Novice",Novice,True
5c6adb2f-6ea0-4cf1-8316-e7cd23b54b77,uniandes_bouldering_026_17,Novice,"Observations: The woman is climbing a rock wall. She is wearing a pink shirt and black pants. She is using her hands to grip the holds on the wall.

Errors: The woman is not using proper climbing techniques. She is not using her feet to push off the wall, which can help her climb more efficiently. Additionally, she is not using her core muscles to stabilize herself, which can also help her climb more efficiently.

Skill Level: Novice",Novice,True,"Observations: The person is climbing a wall with colorful holds. They are using both hands to grip the holds, and their feet are not visible in the image.

Errors: The person's grip on the holds appears to be somewhat loose, which could lead to a fall if they lose balance. Additionally, their body positioning suggests that they may not have a strong core strength, which can make it difficult to maintain balance and control while climbing.

Skill Level: Novice",Novice,True
54e430a9-93f3-4ead-b969-c9b7fa88435e,uniandes_bouldering_037_10,Intermediate Expert,"Observations: A woman is climbing a rock wall. She is wearing a black tank top and black shorts. She is using her hands to grip the holds on the wall.

Errors: The woman is not using proper climbing technique. She is not using her legs to push herself up the wall, she is relying solely on her arms.

Skill Level: Novice",Novice,False,"Observations: The person is climbing a rock wall. They are using both hands to grip the holds on the wall. Their feet are not visible, but they appear to be standing on the ground.

Errors: The person is not using proper climbing technique. They are not using their legs to push off the wall, which can help them climb more efficiently. Additionally, they are not using their core muscles to stabilize themselves, which can lead to instability and potential falls.

Skill Level: Novice",Novice,False
a48d4861-7036-4905-aa50-57f3b26f88f5,uniandes_bouldering_022_61,Intermediate Expert,"Observations: The woman is climbing a wall. She is holding onto a rock with her left hand and her right leg is on the rock. Her left leg is on the ground.

Errors: The woman is not moving her hands and legs properly to climb the wall.

Skill Level: Novice",Novice,False,"Observations: The person is climbing a wall with colorful holds. They are using both hands to grip the holds, and their feet are positioned on the wall for support. The person appears to be moving upwards, and their body is angled towards the wall.

Errors: The person's movements seem to be somewhat slow and deliberate, which may indicate that they are still developing their climbing skills. Additionally, there is no indication of any errors in their technique.

Skill Level: Intermediate Expert",Intermediate Expert,True
5a3a5b32-c084-4cbb-9dfc-c738fbcedf80,uniandes_bouldering_027_4,Intermediate Expert,"Observations: A woman is climbing a rock wall. She is wearing a white tank top, black pants, and blue shoes. She has long hair that is tied back. She is holding onto a rope with her left hand.

Errors: The woman is not using proper climbing techniques. She is not gripping the holds properly and is not using her legs to support herself. She is also not using the rope correctly.

Skill Level: Novice",Novice,False,"Observations: The person is climbing a wall with a variety of colorful holds. They are using both hands to grip the holds, and their feet are positioned on the wall for support. The person appears to be moving up the wall, reaching for higher holds.

Errors: The person's movements seem to be somewhat hesitant and uncoordinated. They may need more practice to improve their technique and efficiency.

Skill Level: Novice",Novice,False
fcbdc717-8551-490f-9c69-63424cc8562d,uniandes_bouldering_028_51,Intermediate Expert,"Observations: The person is climbing a rock wall. They are wearing a white shirt and black shorts. They are using both hands to grip the rocks on the wall.

Errors: The person is not using proper climbing techniques. They are not using their feet effectively, which could lead to a fall.

Skill Level: Novice",Novice,False,"Observations: The person is climbing a wall with colorful holds. They are using both hands to grip the holds, and their feet are not visible in the image.

Errors: The person's left hand is not gripping the hold properly, which could lead to a fall if they lose balance.

Skill Level: Novice",Novice,False
63758542-8a82-4e62-a235-6b1ef0f03b8a,uniandes_bouldering_030_59,Late Expert,"Observations: A man is climbing a wall. He is wearing a black tank top and black pants. He has a beard and is wearing glasses.

Errors: The man is not using proper climbing techniques. He is not gripping the holds properly and is not using his body weight effectively.

Skill Level: Novice",Novice,False,"Observations: The person is climbing a rock wall. They are using their hands to grip the holds on the wall and their feet to push off the wall. They are moving up the wall, one hand at a time.

Errors: The person is not using proper climbing technique. They are not using their legs effectively to push themselves up the wall. They are also not using their core muscles to stabilize their body.

Skill Level: Novice",Novice,False
8fd76eb9-3bc6-470a-a379-7a045b5347a7,uniandes_bouldering_029_63,Intermediate Expert,"Observations: The man is climbing the wall. He is moving his hands and feet to climb up the wall.

Errors: The man is not wearing any safety gear such as a helmet or harness.

Skill Level: Novice",Novice,False,"Observations: The person is climbing a wall with colorful holds. They are using both hands to grip the holds, and their feet are positioned on the wall for support. The person appears to be moving upwards, indicating that they are actively climbing.

Errors: There are no apparent errors in the person's movement. They are using proper climbing techniques, which suggests that they have some experience with the activity.

Skill Level: Intermediate Expert",Intermediate Expert,True
f79ea56a-c15e-420b-8064-719c18da45d9,uniandes_bouldering_029_78,Early Expert,"Observations: A man is standing on a climbing wall. He is wearing a white shirt and black pants. He is looking up at the wall.

Errors: The man is not moving his body or arms.

Skill Level: Novice",Novice,False,"Observations: The person is climbing a rock wall. They are using their hands to grip the holds on the wall and their feet to push off the wall. They are moving up the wall, one hand at a time.

Errors: The person is not using proper climbing technique. They are not using their legs effectively to push themselves up the wall. They are also not using their core muscles to stabilize their body.

Skill Level: Novice",Novice,False
6f2bed39-3667-429c-966c-5beff1ec73a4,uniandes_bouldering_024_29,Novice,"Observations: The person is climbing a wall with colorful holds. They are using both hands to grip the holds, and their feet are positioned on the wall for support. They appear to be moving upwards, reaching for a higher hold.

Errors: The person's left hand is not gripping the hold properly, which could lead to a fall if they lose balance.

Skill Level: Intermediate Expert",Intermediate Expert,False,"Observations: The person is climbing a wall with colorful holds. They are using both hands to grip the holds, and their feet are not visible in the image.

Errors: The person may be struggling to maintain balance on the wall, as their feet are not visible. Additionally, they may be using too much force on some of the holds, which could lead to fatigue or injury.

Skill Level: Novice",Novice,True
cfefdbdc-5182-4b5f-aa0e-45b82516eb05,uniandes_bouldering_027_35,Novice,"Observations: A woman is climbing a rock wall. She is wearing a black tank top and black leggings. She has long brown hair that is tied back. She is holding onto a rock with her right hand and her left hand is on the wall. She is looking up at the wall.

Errors: The woman is not using proper climbing techniques. She is not using her legs to push herself up the wall, she is only using her arms. This will make it difficult for her to climb higher.

Skill Level: Novice",Novice,True,"Observations: The person is climbing a wall with colorful handholds. They are using both hands to grip the holds, and their feet are positioned on the wall for support. The person appears to be moving upwards, reaching for the next hold.

Errors: The person's left hand is not gripping the hold properly, which could lead to a fall if they lose balance. Additionally, the person's right foot is not positioned correctly, which could also cause instability.

Skill Level: Intermediate Expert",Intermediate Expert,False
14d80211-75b8-4446-bcc8-8286f7ec99c8,uniandes_bouldering_028_4,Intermediate Expert,"Observations: The woman is climbing a rock wall. She is wearing a white tank top and black leggings. She has a pink bag on her shoulder. She is using both hands to grip the rocks on the wall.

Errors: The woman is not moving her feet, which means she is not using them to maintain balance or move up the wall. This could lead to instability and potential falls.

Skill Level: Novice",Novice,False,"Observations: The person is climbing a wall with colorful holds. They are using both hands to grip the holds, and their feet are not visible in the image.

Errors: The person's arms are extended outwards, which may make it difficult for them to maintain balance and control while climbing. Additionally, the person's fingers are spread wide apart, which may make it harder for them to find a secure grip on the holds.

Skill Level: Novice",Novice,False
2944c724-8a19-4ff8-9626-48f00bbddd26,uniandes_bouldering_026_16,Novice,"Observations: The person is climbing a rock wall. They are using both hands to grip the holds on the wall, and they are moving their legs to maintain balance and push off the wall.

Errors: The person is not using proper climbing technique. They are not using their feet effectively to push off the wall, which can lead to instability and potential falls. Additionally, they are not using their core muscles to stabilize their body, which can also lead to instability.

Skill Level: Novice",Novice,True,"Observations: The person is climbing a wall with colorful holds. They are using both hands to grip the holds, and their feet are not visible in the image.

Errors: The person may be struggling to maintain balance on the wall, as they are not using their feet for support. Additionally, it appears that the person is not wearing climbing shoes, which can make it more difficult to grip the holds.

Skill Level: Novice",Novice,True
4d46b132-1c9e-404d-86fd-f7fc1dd4c320,uniandes_bouldering_034_65,Early Expert,"Observations: A man is climbing a rock wall. He is wearing a green shirt and black pants. He is using his hands and feet to climb up the wall. There is a blue mat on the floor below him.

Errors: The man is not wearing any safety gear, such as a helmet or harness. This could be dangerous if he falls.

Skill Level: Novice",Novice,False,"Observations: The person is climbing a rock wall. They are using both hands to grip the holds on the wall. Their feet are also gripping the wall, but they are not yet fully up on it.

Errors: The person is not yet fully up on the wall. They may need more practice to improve their technique and strength.

Skill Level: Novice",Novice,False
54080756-356f-4ce7-87c7-ef21dd7a2c89,uniandes_bouldering_029_14,Early Expert,"Observations: A woman is climbing a rock wall. She is wearing a white shirt and black pants. She is using her hands to grip the rocks on the wall.

Errors: The woman is not using proper climbing techniques. She is not using her feet to push off the wall, which can help her climb more efficiently.

Skill Level: Novice",Novice,False,"Observations: The person is climbing a wall with colorful handholds. They are using both hands to grip the handholds, and their feet are not visible in the image.

Errors: The person may be struggling to maintain balance on the wall, as they are not using their feet for support. Additionally, their grip on the handholds appears to be loose, which could lead to a fall if they lose their balance.

Skill Level: Novice",Novice,False
cddea26a-1eac-4176-a541-fa38ca70a214,uniandes_bouldering_033_45,Late Expert,"Observations: A man is standing on a climbing wall. He is looking up at the wall. A woman is standing behind him, reaching for the wall.

Errors: The woman is not using proper climbing technique. She is not gripping the wall with her hands and feet, but rather reaching for it with her arms.

Skill Level: Novice",Novice,False,"Observations: The person is climbing a wall with colorful holds. They are using both hands to grip the holds, and their feet are positioned on the wall for support. The person appears to be moving upwards, and their arms are extended towards the next hold.

Errors: The person's left hand is not gripping the hold properly, which could lead to a fall if they lose balance. Additionally, the person's right hand is not fully extended, which may make it difficult to reach the next hold.

Skill Level: Intermediate Expert",Intermediate Expert,False
b4cc4099-488e-4dd2-9323-a5bfc0b76c56,uniandes_bouldering_027_18,Early Expert,"Observations: A woman is climbing a rock wall. She is wearing a pink shirt and patterned leggings. She is holding onto a handhold with her right hand and her left leg is extended upwards.

Errors: The woman is not using proper climbing technique. She should be using both hands to hold onto the handholds and her legs should be bent at the knees for better balance.

Skill Level: Novice",Novice,False,"Observations: The person is climbing a rock wall. They are using both hands to grip the holds on the wall. Their feet are also gripping the wall, but it is not clear if they are using them effectively.

Errors: The person appears to be struggling with their grip on the wall. They may be using too much force or not gripping the holds properly, which could lead to a fall. Additionally, their feet do not seem to be providing enough support, which could also contribute to instability.

Skill Level: Novice",Novice,False
b9a4433d-0495-40ad-9242-a6fade55ade9,uniandes_bouldering_034_49,Early Expert,"Observations: The person is climbing a rock wall. They are using both hands to grip the holds on the wall, and they are moving their legs to maintain balance and push off the wall.

Errors: The person is not using proper climbing technique. They are not using their feet effectively to push off the wall, which can lead to instability and increased risk of falling. Additionally, they are not using their core muscles to stabilize their body, which can also contribute to instability.

Skill Level: Novice",Novice,False,"Observations: The person is climbing a rock wall. They are using both hands to grip the holds on the wall. Their feet are also gripping the wall, but it is not clear if they are using them effectively.

Errors: The person appears to be struggling with the climb. They may be having trouble finding the right handholds and footholds, or they may be having difficulty maintaining their balance. It is also possible that they are not using their feet effectively to help them climb.

Skill Level: Novice",Novice,False
4e62f874-b0fe-4159-92c4-3c3fc05fedd6,uniandes_bouldering_033_2,Late Expert,"Observations: A woman is climbing a rock wall. She is wearing a green shirt and black shorts. She is using her hands to grip the rocks on the wall.

Errors: The woman is not using proper climbing techniques. She is not using her feet to push off the wall, which would help her climb higher. She is also not using her core muscles to stabilize herself.

Skill Level: Novice",Novice,False,"Observations: The person is climbing a rock wall. They are using their hands to grip the holds on the wall.

Errors: The person is not using proper climbing technique. They are not using their feet to push off the wall, which can help them climb more efficiently.

Skill Level: Novice",Novice,False
e862c865-bd50-44b6-b553-6aa8a8c9ad1c,uniandes_bouldering_036_78,Intermediate Expert,"Observations: A man is climbing a rock wall. He is wearing a black shirt and black pants. He is using his hands to grip the rocks on the wall.

Errors: The man is not wearing any safety gear, such as a helmet or harness. This could be dangerous if he falls.

Skill Level: Novice",Novice,False,"Observations: The person is climbing a rock wall. They are using both hands to grip the holds on the wall. Their feet are not visible, but they appear to be using them to push off the wall.

Errors: The person's left hand is not gripping a hold, which could lead to a fall if they lose balance.

Skill Level: Novice",Novice,False
74a4d595-cc2e-4c3b-a83f-e7e7a364d463,uniandes_bouldering_036_35,Late Expert,"Observations: The man is climbing the wall. He is holding onto the rock with his left hand and his right hand is on the wall. His feet are on the ground.

Errors: The man is not using proper climbing techniques. He should be using both hands to hold onto the rock and his feet should be on the ground.

Skill Level: Novice",Novice,False,"Observations: The person is climbing a rock wall. They are using both hands to grip the holds on the wall. Their feet are not visible, but they appear to be standing on a platform or mat below the wall.

Errors: The person's left hand is not gripping a hold, which could lead to instability while climbing. Additionally, the person's right hand is not gripping a hold, which could also lead to instability.

Skill Level: Novice",Novice,False
3f98dd3d-9770-460e-87a5-b2e14c212277,uniandes_bouldering_035_12,Early Expert,"Observations: A man is climbing a rock wall. He is wearing a green shirt and blue jeans. He is using his hands to grip the rocks on the wall.

Errors: The man is not wearing any safety gear, such as a helmet or harness. This could be dangerous if he falls.

Skill Level: Novice",Novice,False,"Observations: The person is climbing a rock wall. They are using both hands to grip the holds on the wall.

Errors: The person is not using proper climbing techniques, such as keeping their arms straight and using their legs for support.

Skill Level: Novice",Novice,False
fd0906e9-b867-45e2-b5bb-be6332d7a723,uniandes_bouldering_033_22,Intermediate Expert,"Observations: The person is climbing a wall. They are using their hands to grip the holds on the wall.

Errors: The person is not moving their feet, which may cause them to lose balance and fall.

Skill Level: Novice",Novice,False,"Observations: The person is climbing a rock wall. They are using both hands to grip the holds on the wall. Their feet are also gripping the wall, but it is not clear if they are using them effectively.

Errors: The person appears to be struggling with their grip on the wall. They may be using too much force or not enough force, which could lead to a fall. Additionally, their feet do not seem to be providing much support, which could also contribute to instability.

Skill Level: Novice",Novice,False
a42d7789-07dd-43f2-b51f-278bb3c77f22,uniandes_bouldering_027_64,Novice,"Observations: The person is climbing a rock wall. They are using both hands to grip the holds on the wall, and their feet are positioned on the wall as well. They appear to be moving up the wall, but it is not clear how far they have climbed.

Errors: It is difficult to determine if there are any errors in the person's movement based on the limited information provided. However, it is possible that they may be using incorrect techniques or not gripping the holds properly, which could lead to a fall.

Skill Level: It is difficult to determine the skill level of the person based on the limited information provided. However, it appears that they are at least intermediate expert, as they are able to climb the wall and use both hands and feet to grip the holds.",Intermediate Expert,False,"Observations: The person is climbing a wall with colorful holds. They are using both hands to grip the holds, and their feet are positioned on the wall for support. The person appears to be moving upwards, as indicated by their upward gaze.

Errors: The person's left hand is not gripping the hold as firmly as it could be, which may lead to a loss of balance if they need to move quickly. Additionally, the person's right hand is not fully extended, which may make it difficult to maintain a strong grip on the hold.

Skill Level: Intermediate Expert",Intermediate Expert,False
94a048f2-ed75-4adc-92bb-cbe67acc53e8,uniandes_bouldering_030_57,Late Expert,"Observations: The man is climbing a rock wall. He is wearing a tank top and jeans. He is using his hands to grip the rocks on the wall.

Errors: The man is not wearing climbing shoes, which could affect his grip and performance.

Skill Level: Novice",Novice,False,"Observations: The person is climbing a rock wall. They are using both hands to grip the holds on the wall. Their feet are not visible, but they appear to be using them to push off the wall.

Errors: The person's hands are not gripping the holds firmly enough, which could lead to a fall. Additionally, their feet are not visible, so it is unclear if they are using them effectively to push off the wall.

Skill Level: Novice",Novice,False
e5342798-15e1-496a-877e-599c41e661d2,uniandes_bouldering_030_61,Late Expert,"Observations: The man is climbing a rock wall. He is wearing a helmet and climbing shoes. He is using his hands and feet to grip the rocks on the wall.

Errors: The man is not using proper climbing techniques. He is not using his core muscles to stabilize himself. He is not using his legs to push off the wall.

Skill Level: Novice",Novice,False,"Observations: The person is climbing a rock wall. They are using their hands to grip the holds on the wall.

Errors: The person is not wearing any safety gear, such as a helmet or harness. This could be dangerous if they fall.

Skill Level: Novice",Novice,False
c771b82a-b345-4926-a13f-4cfb917a945d,uniandes_bouldering_033_24,Intermediate Expert,"Observations: A man is climbing a wall. He is using his hands to hold onto the grips on the wall. He is wearing a black shirt and black shorts. There is a woman sitting on the ground watching him climb.

Errors: The man is not using his feet to push off the wall. He is not using his legs to help him climb.

Skill Level: Novice",Novice,False,"Observations: The person is climbing a rock wall. They are using both hands to grip the holds on the wall. Their feet are also gripping the wall, but it is not clear if they are using them effectively.

Errors: The person appears to be struggling with the climb. They may be using their hands and feet inefficiently, which could lead to a slower climb and increased risk of falling.

Skill Level: Novice",Novice,False
38ab5440-4556-4620-a1e8-ec4e35c1b66b,uniandes_bouldering_022_43,Late Expert,"Observations: A woman is climbing a rock wall. She is wearing a blue tank top and black pants. She is using her hands to grip the rocks on the wall.

Errors: The woman is not using proper climbing techniques. She is not using her feet to push off the wall, which would help her climb higher. She is also not using her core muscles to stabilize herself.

Skill Level: Novice",Novice,False,"Observations: The person is climbing a rock wall. They are using both hands to grip the holds on the wall. Their feet are also placed on the wall, providing support.

Errors: The person's left hand is not gripping the hold as tightly as it could be. This may cause them to lose balance and fall.

Skill Level: Intermediate Expert",Intermediate Expert,False
006651a0-7f0f-49e9-8142-5f4dd40128e3,uniandes_bouldering_035_59,Intermediate Expert,"Observations: A man is climbing a rock wall. He is wearing a black shirt and black pants. He is using his hands to grip the rocks on the wall.

Errors: The man is not using proper climbing techniques. He is not using his feet to push off the wall, which would help him climb higher.

Skill Level: Novice",Novice,False,"Observations: The person is climbing a wall with colorful holds. They are using both hands to grip the holds, and their feet are positioned on the wall for support. The person appears to be moving upwards, reaching for the next hold.

Errors: The person's left hand is not gripping the hold as firmly as it could be, which may cause them to lose balance or slip. Additionally, the person's right foot is not positioned optimally for stability, which may also contribute to instability.

Skill Level: Intermediate Expert",Intermediate Expert,True
f7609225-dad3-4d85-8738-caab9145a431,uniandes_bouldering_022_67,Late Expert,"Observations: The woman is climbing a rock wall. She is wearing a blue tank top and black shorts. She is using her hands to grip the rocks on the wall.

Errors: The woman is not moving her feet. She should be using her feet to push herself up the wall.

Skill Level: Novice",Novice,False,"Observations: The person is climbing a wall with colorful holds. They are using their hands to grip the holds and their feet to push off the wall. They are moving up the wall, reaching for different holds.

Errors: The person is not using proper climbing technique. They are not using their legs effectively to push off the wall, and they are not using their core muscles to stabilize themselves. This could lead to a fall and injury.

Skill Level: Novice",Novice,False
9a3af8e6-ad12-401d-88fb-240d2ba6dd50,uniandes_bouldering_023_17,Novice,"Observations: The woman is climbing a wall. She is holding onto the wall with her left hand and her right hand is on the ground. Her legs are bent at the knees and she is looking up at the wall.

Errors: The woman is not using proper climbing techniques. She should be using both hands to hold onto the wall and her feet should be on the ground for support.

Skill Level: Novice",Novice,True,"Observations: The person is climbing a wall with colorful handholds. They are using both hands to grip the holds, and their feet are not visible in the image.

Errors: The person's left hand is not gripping the hold properly, which could lead to a fall if they lose balance.

Skill Level: Novice",Novice,True
3f60a7dd-d004-4842-bdd0-2e112f554cd9,uniandes_bouldering_035_21,Early Expert,"Observations: The person is climbing a rock wall. They are using both hands to grip the rocks on the wall, and their feet are positioned on the floor for support.

Errors: The person is not wearing any safety gear, such as a helmet or harness. This could be dangerous if they fall.

Skill Level: Novice",Novice,False,"Observations: The person is climbing a rock wall. They are using both hands to grip the holds on the wall. Their feet are also gripping the wall, but it is not clear if they are using them effectively.

Errors: The person appears to be struggling with the climb. They may be using incorrect techniques or not gripping the holds properly. It is also possible that they are not using their feet effectively to maintain balance.

Skill Level: Novice",Novice,False
74d47f9d-6264-4407-b9f0-9facc320c938,uniandes_bouldering_035_37,Early Expert,"Observations: The person is climbing a rock wall. They are using both hands to grip the rocks on the wall, and they are moving their legs to maintain balance.

Errors: The person is not wearing any safety gear, such as a helmet or harness. This could be dangerous if they fall.

Skill Level: Novice",Novice,False,"Observations: The person is climbing a rock wall. They are using their hands to grip the holds on the wall and their feet to push off the wall. They are moving up the wall, one hold at a time.

Errors: The person is not wearing any safety gear, such as a helmet or harness. This could be dangerous if they fall.

Skill Level: Novice",Novice,False
fa717629-8c16-4a4e-ba43-0c94f24981c8,uniandes_bouldering_035_97,Early Expert,"Observations: The person is climbing a rock wall. They are using both hands to grip the holds on the wall, and they are moving upwards.

Errors: The person is not wearing any safety gear, such as a harness or helmet. This could be dangerous if they fall.

Skill Level: Novice",Novice,False,"Observations: The person is climbing a wall with a variety of colorful holds. They are using both hands to grip the holds, and their feet are positioned on the wall for support. The person appears to be moving upwards, and their body is angled towards the wall.

Errors: The person's left hand is not gripping a hold, which could lead to instability and potential falls. Additionally, the person's right hand is not fully extended, which may make it difficult to maintain balance and control while climbing.

Skill Level: Novice",Novice,False
d96f1562-436f-4eda-847e-971b4f332fb5,uniandes_bouldering_033_59,Intermediate Expert,"Observations: The person is climbing a wall with colorful handholds. They are wearing a black shirt and gray shorts. They are using both hands to grip the handholds and are moving upwards.

Errors: The person is not using proper climbing techniques, such as keeping their body close to the wall and using their legs for support. They are also not using the handholds efficiently, which could lead to a fall.

Skill Level: Novice",Novice,False,"Observations: The person is climbing a wall with colorful handholds. They are using both hands to grip the holds, and their feet are not visible in the image.

Errors: The person's left hand is not gripping the hold properly, which could lead to a fall if they lose balance.

Skill Level: Novice",Novice,False
5dc66927-b5bc-4c34-93d0-0a9b95107172,uniandes_bouldering_036_38,Late Expert,"Observations: The woman is climbing a rock wall. She is wearing a pink shirt and black pants. She is using her hands to grip the holds on the wall.

Errors: The woman is not moving her feet. She should be using her feet to push herself up the wall.

Skill Level: Novice",Novice,False,"Observations: The person is climbing a rock wall. They are using their hands to grip the holds on the wall and their feet to push off the wall. They are wearing a harness and a helmet.

Errors: The person is not wearing shoes, which could be a safety hazard. They are also not using chalk, which can help improve grip and prevent slipping.

Skill Level: Novice",Novice,False
c9e83252-39b5-4dda-8ff4-1881b0a3890a,uniandes_bouldering_032_78,Intermediate Expert,"Observations: The person is climbing a rock wall. They are using both hands to grip the holds on the wall, and their feet are positioned on the wall as well. They appear to be moving upwards, and their body is angled towards the wall.

Errors: There are no apparent errors in the person's movement. They seem to be climbing with proper technique and control.

Skill Level: Intermediate Expert",Intermediate Expert,True,"Observations: The person is climbing a rock wall. They are using their hands to grip the holds on the wall.

Errors: The person is not using proper climbing technique. They are not using their feet to push off the wall, which can help them climb more efficiently.

Skill Level: Novice",Novice,False
aaf0d082-a972-4620-a1e9-5699023c9c77,uniandes_bouldering_022_62,Intermediate Expert,"Observations: The woman is climbing a rock wall. She is using her hands to grip the holds on the wall and her feet to push off the wall. She is wearing a blue tank top and black shorts.

Errors: The woman is not using proper climbing technique. She is not using her legs effectively to push herself up the wall. She is also not using her core muscles to stabilize her body.

Skill Level: Novice",Novice,False,"Observations: The person is climbing a wall with colorful holds. They are using their hands to grip the holds and their feet to push off the wall. They are moving up the wall, reaching for different holds.

Errors: The person is not using proper climbing technique. They are not using their legs effectively to push themselves up the wall. They are also not using their core muscles to stabilize their body.

Skill Level: Novice",Novice,False
90650627-b4f6-49bd-b0e6-3d94035adadd,uniandes_bouldering_027_107,Early Expert,"Observations: The person is climbing a rock wall. They are wearing a harness and are using both hands to grip the holds on the wall. They are moving slowly and deliberately, carefully placing each hand on a hold before moving to the next one.

Errors: There are no apparent errors in the person's movement. They are climbing safely and efficiently.

Skill Level: Intermediate Expert",Intermediate Expert,False,"Observations: The person is climbing a rock wall. They are using both hands to grip the holds on the wall. Their feet are not visible, but they appear to be using them to push off the wall.

Errors: The person's left hand is not gripping the hold as tightly as it could be. This may cause them to lose balance or fall.

Skill Level: Intermediate Expert",Intermediate Expert,False
dad70a4e-2b7d-463d-bba7-cf8da3c2f1b6,uniandes_bouldering_022_7,Intermediate Expert,"Observations: The woman is climbing a rock wall. She is using her hands to grip the rocks on the wall and her feet to push herself up. She is wearing a blue tank top and black pants.

Errors: The woman is not using proper climbing techniques. She is not using her legs effectively to push herself up, and she is not gripping the rocks with her hands properly.

Skill Level: Novice",Novice,False,"Observations: The person is climbing a wall with colorful holds. They are using both hands to grip the holds, and their feet are positioned on the wall for support. They appear to be moving upwards, reaching for higher holds.

Errors: The person's left hand is not gripping a hold, which could lead to instability. Additionally, their right foot is not positioned correctly, which may cause them to lose balance.

Skill Level: Intermediate Expert",Intermediate Expert,True
7ddc0933-b409-4c1d-96e6-0ecce0d68d9a,uniandes_bouldering_026_22,Novice,"Observations: The woman is climbing a rock wall. She is using her hands to grip the holds on the wall and her feet to push off the wall. She is moving up the wall, one hand at a time.

Errors: The woman is not using proper climbing technique. She is not using her legs effectively to push herself up the wall. She is also not using her core muscles to stabilize her body.

Skill Level: Novice",Novice,True,"Observations: The person is climbing a wall with colorful handholds. They are using both hands to grip the handholds, and their feet are positioned on the wall for support. The person appears to be moving upwards, indicating that they are actively climbing.

Errors: There are no apparent errors in the person's movement. They are using proper climbing techniques, gripping the handholds firmly and maintaining balance.

Skill Level: Intermediate Expert",Intermediate Expert,False
4920d34b-d681-443c-b541-8f114d73909e,uniandes_bouldering_035_60,Intermediate Expert,"Observations: The person is climbing a rock wall. They are wearing a green shirt and black pants. They are using both hands and feet to climb the wall.

Errors: The person is not using proper climbing techniques. They are not using their core muscles effectively, which can lead to fatigue and injury. They are also not using their legs properly, which can cause them to lose balance and fall.

Skill Level: Novice",Novice,False,"Observations: The person is climbing a rock wall. They are using their hands to grip the holds on the wall. They are wearing chalk on their hands.

Errors: The person is not moving their feet, which is necessary for climbing.

Skill Level: Novice",Novice,False
53b52ea1-d45a-428e-989a-0afbd8914588,uniandes_bouldering_032_2,Late Expert,"Observations: The man is climbing a rock wall. He is wearing a green shirt and black shorts. He is using his hands to grip the rocks on the wall.

Errors: The man is not wearing any safety gear, such as a helmet or harness. This could be dangerous if he falls.

Skill Level: Novice",Novice,False,"Observations: The person is climbing a wall with colorful handholds. They are using both hands to grip the handholds, and their feet are not visible in the image.

Errors: The person's movements appear to be slow and deliberate, suggesting that they may be a novice climber. There is no indication of any errors in their technique.

Skill Level: Novice",Novice,False
e8c28e76-e8d5-41df-8ce6-a645ce928b7b,uniandes_bouldering_032_59,Intermediate Expert,"Observations: A man is climbing a rock wall. He is wearing a black shirt and gray shorts. He is climbing with his hands and feet. He is climbing up the wall.

Errors: The man is not using proper climbing techniques. He is not using his core muscles to stabilize himself on the wall. He is not using his legs to push off the wall.

Skill Level: Novice",Novice,False,"Observations: The person is climbing a wall with colorful holds. They are using both hands to grip the holds, and their feet are also on the wall. They are moving up the wall, and their body is positioned in a way that suggests they are experienced.

Errors: There are no visible errors in the person's movement.

Skill Level: Intermediate Expert",Intermediate Expert,True
c1ad1d9f-16f4-4bac-87da-e943ba0905eb,uniandes_bouldering_035_50,Early Expert,"Observations: A man is climbing a rock wall. He is wearing a white shirt and black pants. He is using his hands to grip the rocks on the wall.

Errors: The man is not using proper climbing techniques. He is not using his feet to push off the wall, which would help him climb higher.

Skill Level: Novice",Novice,False,"Observations: The person is climbing a wall with a variety of colorful holds. They are using both hands to grip the holds, and their feet are not visible in the image.

Errors: The person appears to be struggling to maintain balance on the wall, as they are using both hands to grip the holds. This suggests that they may not have enough experience or strength to climb the wall without assistance.

Skill Level: Novice",Novice,False
4401ecf2-9311-49c8-b964-14571648126e,uniandes_bouldering_028_2,Intermediate Expert,"Observations: The person is climbing a rock wall. They are using both hands to grip the holds on the wall, and they are moving their legs to maintain balance.

Errors: The person is not wearing any safety gear, such as a helmet or harness. This could be dangerous if they fall.

Skill Level: Novice",Novice,False,"Observations: The person is climbing a wall with colorful handholds. They are using both hands to grip the handholds, and their feet are positioned on the wall for support. The person appears to be moving upwards, indicating that they are actively climbing.

Errors: There are no apparent errors in the person's movement. They are using proper climbing techniques, such as gripping the handholds firmly and maintaining a good balance.

Skill Level: Intermediate Expert",Intermediate Expert,True
c5c4236d-f8ba-4abf-93c7-5440a31160d4,uniandes_bouldering_026_18,Novice,"Observations: The person is climbing a rock wall. They are using both hands to grip the holds on the wall, and they are moving their feet up the wall as well.

Errors: The person is not wearing any safety gear, such as a harness or helmet. This could be dangerous if they fall.

Skill Level: Novice",Novice,True,"Observations: The person is climbing a rock wall. They are using both hands to grip the holds on the wall. Their feet are not visible, but they appear to be using them to maintain balance.

Errors: The person's hands are not gripping the holds firmly enough, which could lead to a fall. Additionally, their feet may not be providing enough support, which could also result in a fall.

Skill Level: Novice",Novice,True
77b08977-9d91-42a9-88f7-f3efa3e7ba05,uniandes_bouldering_023_81,Intermediate Expert,"Observations: The man stands on the climbing wall and holds onto the rock with his left hand. He then jumps down from the climbing wall.

Errors: The man jumps down from the climbing wall without using both hands to hold onto the rock.

Skill Level: Novice",Novice,False,"Observations: The person is climbing a wall with colorful holds. They are using their hands to grip the holds and their feet to push off the wall. They are moving up the wall, reaching for the next hold.

Errors: The person is not wearing any safety gear, such as a helmet or harness. This could be dangerous if they fall.

Skill Level: Novice",Novice,False
e0d398e3-a18c-4436-8e7d-a69520039921,uniandes_bouldering_037_48,Late Expert,"Observations: A woman is climbing a rock wall. She is wearing a pink shirt and black pants. She is using her hands to grip the rocks on the wall.

Errors: The woman is not using proper climbing techniques. She is not using her feet to push off the wall, which can help her climb more efficiently.

Skill Level: Novice",Novice,False,"Observations: The man is climbing a rock wall. He is using his hands to grip the holds on the wall.

Errors: The man is not wearing any safety gear, such as a harness or helmet. This could be dangerous if he falls.

Skill Level: Novice",Novice,False
ea2d7015-0bf2-422c-b6ac-ebcf88fef619,uniandes_bouldering_025_13,Novice,"Observations: The woman is climbing a rock wall. She is wearing a red tank top and gray shorts. She is using her hands to grip the rocks on the wall.

Errors: The woman is not using proper climbing techniques. She is not using her feet to push off the wall, which would help her climb higher. She is also not using her core muscles to stabilize herself.

Skill Level: Novice",Novice,True,"Observations: The person is climbing a rock wall. They are using their hands to grip the holds on the wall. Their feet are not visible in the image, but they are likely positioned on the wall as well.

Errors: The person's hands are not gripping the holds firmly enough. This could lead to a fall if they lose their balance.

Skill Level: Novice",Novice,True
cb400114-e794-49af-92cc-890933fc233a,uniandes_bouldering_034_62,Early Expert,"Observations: The person is climbing a wall. They are using both hands to grip the holds on the wall. Their feet are positioned on the ground, and they are moving their legs to maintain balance.

Errors: The person is not using proper climbing techniques. They are not gripping the holds with their fingers, but rather using their palms. This can lead to fatigue and injury over time.

Skill Level: Novice",Novice,False,"Observations: The person is climbing a rock wall. They are using their hands to grip the holds on the wall.

Errors: The person is not using proper climbing techniques, such as keeping their body close to the wall and using their legs for support.

Skill Level: Novice",Novice,False
d234f7cf-eb11-41dc-96f4-027edb6e17b9,uniandes_bouldering_032_11,Intermediate Expert,"Observations: The man stands on the ground, then he climbs the wall. He holds the rock with his right hand, then he jumps down.

Errors: N/A

Skill Level: Intermediate Expert",Intermediate Expert,True,"Observations: The person is climbing a wall with colorful holds. They are using both hands to grip the holds, and their feet are not visible in the image.

Errors: The person's fingers are not fully gripping the holds, which could lead to a fall if they lose balance.

Skill Level: Novice",Novice,False
9e7d4067-a515-4290-88e4-03cbe5b945b4,uniandes_bouldering_036_42,Late Expert,"Observations: The woman is climbing a rock wall. She is wearing a tank top and shorts. She is using her hands to grip the holds on the wall.

Errors: The woman is not using proper climbing techniques. She is not using her feet to push off the wall, which can help her climb more efficiently.

Skill Level: Novice",Novice,False,"Observations: The person is climbing a rock wall. They are using both hands to grip the holds on the wall. Their feet are also gripping the wall, but it is not clear if they are using them effectively.

Errors: The person appears to be struggling with their grip on the wall. They may be using too much force or not gripping the holds properly. Additionally, their feet do not seem to be providing enough support for their climb.

Skill Level: Novice",Novice,False
41f85c3b-9398-48f4-a758-45078031b07f,uniandes_bouldering_029_72,Early Expert,"Observations: A person is climbing a rock wall. The person is wearing a wristwatch on their left hand. The person is holding a phone with a QR code on it.

Errors: The person is not using the phone to scan the QR code while climbing.

Skill Level: Novice",Novice,False,"Observations: The person is climbing a rock wall. They are using their hands to grip the holds on the wall.

Errors: The person is not wearing any safety gear, such as a harness or helmet. This could be dangerous if they fall.

Skill Level: Novice",Novice,False
ec173b33-65be-4e8f-9b42-0725c4f5d670,uniandes_bouldering_037_32,Late Expert,"Observations: A man is climbing a rock wall. He is wearing a red shirt and black shorts. He is using his hands to grip the rocks on the wall.

Errors: The man is not using proper climbing techniques. He is not using his feet to push off the wall, which can help him climb higher.

Skill Level: Novice",Novice,False,"Observations: The person is climbing a rock wall. They are using their hands to grip the holds on the wall.

Errors: The person is not wearing any safety gear, such as a harness or helmet. This could be dangerous if they fall.

Skill Level: Novice",Novice,False
1159c8e2-a9bd-4844-a69a-b8b7604db088,uniandes_bouldering_029_3,Intermediate Expert,"Observations: The girl is climbing on a rock wall. She is holding onto a handhold with her left hand and her right hand is on the ground for support. Her legs are bent at the knees and she is looking up at the wall.

Errors: The girl is not using proper climbing technique. She should be using both hands to hold onto the handholds and her feet should be placed on the wall for better balance.

Skill Level: Novice",Novice,False,"Observations: The person is climbing a wall with a variety of colorful holds. They are using both hands to grip the holds, and their feet are positioned on the wall for support. The person appears to be moving up the wall, and their movements suggest they are experienced.

Errors: There are no apparent errors in the person's movements. They are gripping the holds firmly and maintaining good balance.

Skill Level: Intermediate Expert",Intermediate Expert,True
9a54f9e1-9a99-4e67-b16e-fc538d3028f7,uniandes_bouldering_034_103,Early Expert,"Observations: The person is climbing a rock wall. They are using both hands to grip the holds on the wall.

Errors: The person is not wearing any safety gear, such as a helmet or harness. This could be dangerous if they fall.

Skill Level: Novice",Novice,False,"Observations: The person is climbing a rock wall. They are using their hands to grip the holds on the wall.

Errors: The person is not using proper climbing techniques, such as keeping their arms straight and using their legs for support.

Skill Level: Novice",Novice,False
b6e1d3b6-622a-496f-9996-a1340314e268,uniandes_bouldering_027_32,Novice,"Observations: A woman is climbing a rock wall. She is wearing a pink shirt and black shorts. She is using her hands to grip the rocks on the wall.

Errors: The woman is not using proper climbing techniques. She is not using her feet to push off the wall, which can help her climb more efficiently.

Skill Level: Novice",Novice,True,"Observations: The person is climbing a rock wall. They are using both hands to grip the holds on the wall. Their feet are also gripping the wall, but it is not clear if they are using them effectively.

Errors: The person appears to be struggling with the climb. They may be using incorrect techniques for gripping the holds or positioning their feet. It is also possible that they are not using enough strength or balance to maintain their grip.

Skill Level: Novice",Novice,True
08dc1e90-e64a-4420-a773-574758117821,uniandes_bouldering_027_2,Intermediate Expert,"Observations: A woman is climbing a rock wall. She is wearing a tank top and shorts. She has long hair that is tied back. She is using her hands to grip the rocks on the wall.

Errors: The woman is not using proper climbing techniques. She is not using her feet to push off the wall, which would help her climb higher. She is also not using her core muscles to stabilize herself.

Skill Level: Novice",Novice,False,"Observations: The person is climbing a rock wall. They are using both hands to grip the holds on the wall.

Errors: The person is not using proper climbing techniques, such as keeping their arms straight and using their legs for support.

Skill Level: Novice",Novice,False
08b98d19-224d-4f85-9aa9-23cd395f6ab4,uniandes_bouldering_025_56,Novice,"Observations: A woman is standing on a climbing wall. She is holding a phone with a QR code on it. She is looking at the phone.

Errors: The woman is not actively climbing the wall. She is not using her hands to grip the wall.

Skill Level: Novice",Novice,True,"Observations: A woman is sitting on a chair, holding a book. She is looking at the book and smiling. There is a climbing wall behind her.

Errors: The woman is not performing any activity that requires skill or technique.

Skill Level: Novice",Novice,True
184366a0-b85c-4b08-87f2-1125f27b37d1,uniandes_bouldering_037_16,Late Expert,"Observations: The woman is climbing a rock wall. She is wearing a maroon shirt and black leggings. She is using her hands to grip the rocks on the wall.

Errors: The woman is not using proper climbing techniques. She is not using her feet to push off the wall, which can help her climb more efficiently. Additionally, she is not using her core muscles to stabilize herself, which can lead to instability and potential falls.

Skill Level: Novice",Novice,False,"Observations: The person is climbing a rock wall. They are using their hands to grip the holds on the wall and their feet to push off the ground. They are moving up the wall, one hand at a time.

Errors: The person is not using proper climbing technique. They are not using their legs effectively to push themselves up the wall. They are also not using their core muscles to stabilize their body.

Skill Level: Novice",Novice,False
02fb8601-8b2a-41df-bb3c-9b2e1046c2bb,uniandes_bouldering_027_105,Early Expert,"Observations: A woman is climbing a rock wall. She is wearing a pink tank top and blue leggings. She is using her hands to grip the holds on the wall.

Errors: The woman is not using proper climbing technique. She is not using her feet to push off the wall, which can help her climb more efficiently.

Skill Level: Novice",Novice,False,"Observations: The person is standing on the ground, pointing at the climbing wall with her right hand.

Errors: The person is not actively climbing or performing any other physical activity.

Skill Level: Novice",Novice,False
72649889-cddb-43e6-80aa-650d059a60fb,uniandes_bouldering_028_65,Novice,"Observations: The woman is climbing a rock wall. She is wearing a tank top and leggings. She is using her hands to grip the rocks on the wall.

Errors: The woman is not using proper climbing techniques. She is not using her feet to push off the wall, which can help her climb more efficiently.

Skill Level: Novice",Novice,True,"Observations: The person is climbing a wall with colorful holds. They are using both hands to grip the holds, and their feet are positioned on the wall for support. The person appears to be moving upwards, reaching for higher holds.

Errors: The person's left hand is not gripping a hold, which could lead to instability while climbing. Additionally, the person's right hand is not fully extended, which may make it difficult to maintain balance and reach for higher holds.

Skill Level: Intermediate Expert",Intermediate Expert,False
f4d27979-2a6f-45e2-80ce-2ec60b27187f,uniandes_bouldering_028_46,Early Expert,"Observations: The woman is climbing a rock wall. She is wearing a tank top and leggings. She has long hair that is tied back. She is using her hands to grip the rocks on the wall.

Errors: The woman is not using proper climbing techniques. She is not using her legs effectively, which can lead to fatigue and injury. She is also not using her core muscles, which can make it difficult to maintain balance and control.

Skill Level: Novice",Novice,False,"Observations: The person is climbing a rock wall. They are using both hands and feet to grip the holds on the wall. Their body is angled towards the wall, and they are moving upwards.

Errors: The person's left hand is not gripping a hold, which could lead to a fall if they lose balance.

Skill Level: Intermediate Expert",Intermediate Expert,False
e0e7a1f3-3420-4ae2-88fb-666ac9d5cbdc,uniandes_bouldering_033_27,Late Expert,"Observations: A man is climbing a rock wall. He is wearing a green shirt and black shorts. He is using his hands and feet to grip the rocks on the wall. He is moving up the wall, reaching for the next hold with his right hand.

Errors: The man is not using proper climbing technique. He is not using his core muscles to stabilize himself. He is also not using his legs to push off the wall.

Skill Level: Novice",Novice,False,"Observations: The person is climbing a wall with colorful holds. They are using both hands to grip the holds, and their feet are positioned on the wall for support. The person appears to be moving upwards, indicating that they are actively climbing.

Errors: There are no apparent errors in the person's movement. They are maintaining a good grip on the holds and using proper climbing techniques.

Skill Level: Intermediate Expert",Intermediate Expert,False
586597cc-59c5-45d5-9596-0b6506d9c0ba,uniandes_bouldering_037_38,Late Expert,"Observations: The man is climbing a rock wall. He is using his hands to grip the holds on the wall. He is moving his legs up and down to maintain his balance.

Errors: The man is not using proper climbing techniques. He is not gripping the holds with his fingers, but rather with his entire hand. This can lead to fatigue and injury over time.

Skill Level: Novice",Novice,False,"Observations: The person is climbing a rock wall. They are using both hands to grip the holds on the wall. Their feet are not visible, but they appear to be using them to maintain balance.

Errors: The person's left hand is not gripping the hold as tightly as it could be. This may cause them to lose their grip and fall.

Skill Level: Intermediate Expert",Intermediate Expert,False
5f96a32a-2094-477e-a94c-2b39be2d4edd,uniandes_bouldering_023_18,Novice,"Observations: A woman is standing on a climbing wall. She is looking at the wall and pointing with her right hand.

Errors: The woman is not climbing the wall.

Skill Level: Novice",Novice,True,"Observations: The person is holding a phone with both hands. The person is looking at the phone.

Errors: The person is not moving.

Skill Level: Novice",Novice,True
e1e7fe97-da42-4d2e-8ec5-9cdbdb132ffd,uniandes_bouldering_022_51,Early Expert,"Observations: A woman is climbing a rock wall. She is wearing a black tank top and black pants. She is using her hands to grip the rocks on the wall.

Errors: The woman is not using proper climbing techniques. She is not using her feet to push off the wall, which would help her climb more efficiently. She is also not using her core muscles to stabilize herself on the wall.

Skill Level: Novice",Novice,False,"Observations: The person is climbing a wall with colorful holds. They are using both hands to grip the holds, and their feet are not visible in the image.

Errors: The person's arms are not fully extended, which may make it difficult for them to reach certain holds. Additionally, their grip on some of the holds appears to be loose, which could lead to a fall if they lose balance.

Skill Level: Novice",Novice,False
b68d1029-8d60-4edf-9038-7332a8e29877,uniandes_bouldering_034_24,Intermediate Expert,"Observations: The man is climbing a rock wall. He is wearing a green shirt and black pants. He is using his hands to grip the rocks on the wall.

Errors: The man is not wearing any safety gear, such as a helmet or harness. This could be dangerous if he falls.

Skill Level: Novice",Novice,False,"Observations: The person is climbing a wall with colorful holds. They are using both hands to grip the holds, and their feet are positioned on the wall for support. The person appears to be moving upwards, reaching for higher holds.

Errors: The person's left hand is not gripping a hold, which could lead to instability and potential falls. Additionally, the person's right hand is not fully extended, which may make it difficult to maintain balance and reach higher holds.

Skill Level: Novice",Novice,False
f5acfc76-c9c2-4971-9d3c-56c6c9f47953,uniandes_bouldering_034_83,Early Expert,"Observations: The person is climbing a rock wall. They are using both hands and feet to grip the holds on the wall. They are moving upwards, and their body is angled towards the wall.

Errors: The person is not wearing any safety gear, such as a helmet or harness. This could be dangerous if they fall.

Skill Level: Novice",Novice,False,"Observations: The person is climbing a rock wall. They are using both hands to grip the holds on the wall. Their feet are also placed on the wall, providing support.

Errors: The person's left hand is not gripping the hold properly. It appears to be slipping off the hold.

Skill Level: Novice",Novice,False
b4a81a48-0192-4c5d-af0e-132f16ba9d14,uniandes_bouldering_037_60,Intermediate Expert,"Observations: The person is climbing a rock wall. They are using both hands to grip the rocks on the wall.

Errors: The person is not wearing any safety gear, such as a helmet or harness. This could be dangerous if they fall.

Skill Level: Novice",Novice,False,"Observations: The man X climbs the wall.

Errors: N/A

Skill Level: Intermediate Expert",Intermediate Expert,True
d33f338c-bebc-44a7-b3bb-17849a0fc068,uniandes_bouldering_037_49,Late Expert,"Observations: The person is climbing a rock wall. They are using both hands to grip the holds on the wall, and their feet are positioned on the wall as well. They appear to be moving upwards, and their body is angled towards the wall.

Errors: The person's left hand is not gripping a hold, which could lead to instability. Additionally, their right foot is not positioned correctly, which could also cause them to lose balance.

Skill Level: Intermediate Expert",Intermediate Expert,False,"Observations: The person is climbing a rock wall. They are using both hands to grip the holds on the wall. Their feet are not visible, but they appear to be using them to maintain balance.

Errors: The person is not wearing any climbing shoes, which can affect their grip and overall performance. Additionally, their movements seem a bit uncoordinated, suggesting that they may not be very experienced with rock climbing.

Skill Level: Novice",Novice,False
3de5b17a-ca60-46f1-a7aa-e987724dc127,uniandes_bouldering_026_99,Novice,"Observations: The person is climbing a rock wall. They are using both hands to grip the holds on the wall, and they are moving their legs to maintain balance.

Errors: The person is not using proper climbing techniques. They are not using their feet effectively to maintain balance, and they are not using their core muscles to stabilize their body.

Skill Level: Novice",Novice,True,"Observations: The person is climbing a wall with colorful holds. They are using both hands to grip the holds, and their feet are positioned on the wall for support. The person appears to be moving upwards, and their body is angled towards the wall.

Errors: The person's left hand is not gripping a hold, which could lead to instability. Additionally, the person's right hand is not fully gripping the hold, which could also cause instability.

Skill Level: Intermediate Expert",Intermediate Expert,False
6d163b62-a19f-472d-bf2a-d32dfc1ca36a,uniandes_bouldering_032_29,Intermediate Expert,"Observations: The man is climbing a rock wall. He is using his hands to grip the holds on the wall and his feet to push off the ground. He is moving slowly and carefully, making sure to maintain his balance.

Errors: The man is not wearing any safety gear, such as a helmet or harness. This could be dangerous if he falls and hits his head or if he falls and injures himself.

Skill Level: Novice",Novice,False,"Observations: The person is climbing a wall with colorful holds. They are using both hands to grip the holds, and their feet are positioned on the wall. The person appears to be moving upwards, and their arms are extended.

Errors: The person's left hand is not gripping a hold, which could lead to instability. Additionally, the person's right hand is not gripping a hold, which could also lead to instability.

Skill Level: Intermediate Expert",Intermediate Expert,True
c02c8e65-c00e-473d-82b9-7526fa471577,uniandes_bouldering_025_46,Novice,"Observations: The woman is climbing a rock wall. She is using her hands to grip the holds on the wall and her feet to push off the wall. She is moving up the wall, one hand at a time.

Errors: The woman is not using proper climbing technique. She is not using her legs effectively to push herself up the wall. She is also not using her core muscles to stabilize her body.

Skill Level: Novice",Novice,True,"Observations: The person is climbing a wall with colorful handholds. They are using both hands to grip the handholds, and their feet are not visible in the frame.

Errors: The person's arms are slightly bent at the elbows, which may cause them to lose balance if they slip. Additionally, their fingers are not fully extended, which could make it difficult for them to grip the handholds securely.

Skill Level: Intermediate Expert",Intermediate Expert,False
a92a6f64-34a3-41a9-b1f6-6c0950049496,uniandes_bouldering_034_32,Early Expert,"Observations: The man is climbing a wall. He is using his hands to hold onto the grips on the wall. He is moving his legs up the wall.

Errors: The man is not using his feet to push off the wall. This could cause him to lose balance and fall.

Skill Level: Intermediate Expert",Intermediate Expert,False,"Observations: The person is climbing a rock wall. They are using their hands to grip the holds on the wall.

Errors: The person is not using proper climbing technique. They are not using their feet to push off the wall, which can help them climb more efficiently.

Skill Level: Novice",Novice,False
47c1bd4f-331c-469e-b720-91989a8ee5ad,uniandes_bouldering_027_49,Novice,"Observations: A woman is climbing a rock wall. She is wearing a pink shirt and black pants. She is using her hands to grip the holds on the wall.

Errors: The woman is not using proper climbing techniques. She is not using her feet to push off the wall, which can help her climb more efficiently.

Skill Level: Novice",Novice,True,"Observations: The person is climbing a rock wall. They are using their hands to grip the holds on the wall and their feet to push off the wall. They are moving up the wall, one hold at a time.

Errors: The person is not wearing any safety gear, such as a helmet or harness. This could be dangerous if they fall.

Skill Level: Novice",Novice,True
345c7778-a275-4c6b-8a73-5f01ebf7202b,uniandes_bouldering_030_58,Late Expert,"Observations: The man is climbing on a rock wall. He is wearing a tank top and shorts. He is using his hands to grip the rocks on the wall.

Errors: The man is not using proper climbing techniques. He is not using his feet to push off the wall, which can help him climb higher.

Skill Level: Novice",Novice,False,"Observations: The person is climbing a wall with colorful holds. They are using both hands to grip the holds, and their feet are positioned on the wall for support. The person appears to be moving upwards, as indicated by their upward gaze.

Errors: The person's left hand is not gripping a hold, which could lead to instability. Additionally, the person's right hand is not gripping a hold, which could also lead to instability.

Skill Level: Intermediate Expert",Intermediate Expert,False
2915318c-1440-4a50-aced-d39ddc433ffd,uniandes_bouldering_030_26,Late Expert,"Observations: The man is climbing a wall. He is reaching for a hold with his right hand. He is standing on the ground.

Errors: The man is not using proper climbing techniques. He is not using his legs to support himself.

Skill Level: Novice",Novice,False,"Observations: The person is climbing a wall with colorful holds. They are using both hands to grip the holds, and their feet are not visible in the image.

Errors: The person's hand placement on the holds is not optimal for climbing. Their fingers are not wrapped around the holds, which can lead to a loss of grip and increased risk of falling.

Skill Level: Novice",Novice,False
d8d2b81e-19a4-453e-aea9-6dccee022f4e,uniandes_bouldering_031_47,Late Expert,"Observations: The man is climbing the wall. He is holding onto the rock with his left hand and his right hand is on the rock. His legs are bent at the knees and his feet are on the ground.

Errors: The man is not using both hands to climb the wall. He should use both hands to climb the wall.

Skill Level: Novice",Novice,False,"Observations: The person is climbing a rock wall. They are using their hands to grip the holds on the wall.

Errors: The person is not using proper climbing techniques, such as keeping their body close to the wall and using their legs for support.

Skill Level: Novice",Novice,False
7b7365da-5cef-4fbc-8c9b-ab2987fddf0f,uniandes_bouldering_025_16,Novice,"Observations: The woman is lying on her back on the floor, with her legs bent at the knees and her feet flat on the ground. She is reaching up towards the climbing wall with both hands, and appears to be trying to grab onto a hold.

Errors: The woman's arms are not fully extended, which may make it difficult for her to reach the holds on the wall. Additionally, she is not using proper climbing techniques, such as keeping her core engaged and using her legs for support.

Skill Level: Novice",Novice,True,"Observations: The person is climbing a rock wall. They are using both hands to grip the holds on the wall. Their feet are also gripping the wall, but it is not clear if they are using them effectively.

Errors: The person appears to be struggling with their grip on the wall. They may be using too much force or not gripping the holds properly, which could lead to a fall.

Skill Level: Novice",Novice,True
ee479d4d-88b5-4b24-8acf-8d9a6886862d,uniandes_bouldering_023_25,Early Expert,"Observations: A woman is climbing a rock wall. She is wearing a purple shirt and black shorts. She is using her hands to grip the rocks on the wall.

Errors: The woman is not using proper climbing techniques. She is not using her feet to push off the wall, which would help her climb higher.

Skill Level: Novice",Novice,False,"Observations: The person is climbing a wall with colorful holds. They are using both hands to grip the holds, and their feet are positioned on the wall for support. Their arms are extended, and they appear to be focused on the climb.

Errors: There are no apparent errors in the person's movement. They seem to be climbing correctly and efficiently.

Skill Level: Intermediate Expert",Intermediate Expert,False
c0420e58-33dc-4894-b0f0-547bb677a5e7,uniandes_bouldering_029_29,Early Expert,"Observations: The person is climbing a rock wall. They are using both hands to grip the holds on the wall, and they are moving their legs to maintain balance.

Errors: The person is not using proper climbing techniques. They are not using their feet effectively to maintain balance, and they are not using their core muscles to support their body weight.

Skill Level: Novice",Novice,False,"Observations: The person is climbing a wall with colorful holds. They are using both hands to grip the holds, and their feet are positioned on the wall for support. The person appears to be moving up the wall, and their arms are extended outward.

Errors: The person's left hand is not gripping a hold, which could lead to instability and potential falls. Additionally, the person's right hand is not gripping a hold, which could also lead to instability and potential falls.

Skill Level: Novice",Novice,False
4f3ad258-3d8e-430e-88be-d3f6d1db4e90,uniandes_bouldering_033_33,Intermediate Expert,"Observations: A man is climbing a rock wall. He is wearing a green shirt and blue jeans. He is using his hands to grip the rocks on the wall.

Errors: The man is not using proper climbing techniques. He is not using his feet to push off the wall, which would help him climb higher.

Skill Level: Novice",Novice,False,"Observations: The person is climbing a rock wall. They are using both hands to grip the holds on the wall. Their feet are also gripping the wall, but it is not clear if they are using them effectively.

Errors: The person appears to be struggling with the climb. They are not using their feet effectively, which could lead to instability and potential falls. Additionally, their hand placement seems to be inconsistent, which could also contribute to instability.

Skill Level: Novice",Novice,False
5b1e93f4-c064-479e-a969-8865bcfa24e5,uniandes_bouldering_022_77,Early Expert,"Observations: A woman is climbing a rock wall. She is wearing a pink shirt and black shorts. She is using her hands to grip the rocks on the wall.

Errors: The woman is not using proper climbing techniques. She is not using her feet to push off the wall, which would help her climb higher.

Skill Level: Novice",Novice,False,"Observations: The person is climbing a wall with colorful grips. They are using both hands to grip the wall, and their feet are not visible in the image.

Errors: The person's left hand is not gripping the wall as firmly as the right hand. This could lead to a loss of balance and potentially falling off the wall.

Skill Level: Novice",Novice,False
9289524b-3d24-43ec-8212-6ea1f78198ca,uniandes_bouldering_037_43,Intermediate Expert,"Observations: The person is climbing a rock wall. They are using both hands to grip the holds on the wall.

Errors: The person is not wearing any safety gear, such as a harness or helmet. This could be dangerous if they fall.

Skill Level: Novice",Novice,False,"Observations: The person is climbing a wall with colorful handholds. They are using both hands to grip the holds, and their feet are positioned on the ground for support. The person appears to be moving upwards, reaching for the next hold.

Errors: There are no apparent errors in the person's movement. They seem to be climbing correctly and efficiently.

Skill Level: Intermediate Expert",Intermediate Expert,True
b88e4819-69e0-4cb5-9daa-ea8947bc8859,uniandes_bouldering_026_100,Novice,"Observations: The person is climbing a wall with a pink shirt and black pants. They are using both hands to grip the holds on the wall.

Errors: The person is not using proper climbing techniques, such as keeping their core engaged and using their legs for support. They are also not using the holds efficiently, which could lead to a fall.

Skill Level: Novice",Novice,True,"Observations: The person is climbing a wall with colorful holds. They are using both hands to grip the holds, and their feet are not visible in the image.

Errors: The person may be struggling to maintain balance due to the lack of visible feet. Additionally, they may be having difficulty finding the right handholds and footholds on the wall.

Skill Level: Novice",Novice,True
b625c8f6-9346-42a5-97be-5db4a1c764c5,uniandes_bouldering_037_19,Late Expert,"Observations: The woman is climbing a rock wall. She is using her hands to grip the holds on the wall and her feet to push off the wall. She is moving up the wall, using her arms and legs to propel herself forward.

Errors: The woman is not wearing any safety gear, such as a helmet or harness. This could be dangerous if she falls and hits her head or if she falls and injures her back.

Skill Level: Novice",Novice,False,"Observations: The person is climbing a wall with colorful holds. They are using both hands to grip the holds, and their feet are positioned on the wall for support. The person appears to be moving up the wall, reaching for higher holds.

Errors: There are no apparent errors in the person's movement. They are using proper climbing techniques and maintaining good balance.

Skill Level: Intermediate Expert",Intermediate Expert,False
1c4f1db1-70bb-47e6-8d1f-00e924aa0a98,uniandes_bouldering_033_38,Intermediate Expert,"Observations: A woman is climbing a rock wall. She is wearing a blue tank top and black pants. She is using her hands to grip the holds on the wall. She is looking up at the wall.

Errors: The woman is not moving her feet. She should be using her feet to push herself up the wall.

Skill Level: Novice",Novice,False,"Observations: The person is climbing a wall with colorful holds. They are using both hands to grip the holds, and their feet are also placed on the wall for support. The person appears to be moving upwards, indicating that they are actively climbing.

Errors: There are no apparent errors in the person's movement. They seem to be using proper climbing techniques, such as maintaining a good grip and foot placement.

Skill Level: Intermediate Expert",Intermediate Expert,True
0efe83c1-673a-4224-b96d-0b57a67f92fb,uniandes_bouldering_027_23,Novice,"Observations: The woman is climbing a rock wall. She is wearing a pink tank top and black pants. She is using her hands to grip the rocks on the wall.

Errors: The woman is not using proper climbing techniques. She is not using her feet to push off the wall, which can help her climb more efficiently. Additionally, she is not using her core muscles to stabilize herself, which can lead to instability and potential injury.

Skill Level: Novice",Novice,True,"Observations: The person is climbing a wall with colorful handholds. They are using both hands to grip the holds, and their feet are positioned on the wall for support. The person appears to be moving upwards, indicating that they are actively climbing.

Errors: There are no apparent errors in the person's movement. They are using proper climbing techniques, gripping the holds firmly and maintaining balance.

Skill Level: Intermediate Expert",Intermediate Expert,False
907f0593-2ed6-4b8b-af92-8d0dd3117324,uniandes_bouldering_029_53,Early Expert,"Observations: The woman is climbing a rock wall. She is using her hands to grip the holds on the wall and her feet to push off the wall. She is moving up the wall, one hand at a time.

Errors: The woman is not using proper climbing technique. She is not using her legs effectively to push herself up the wall. She is also not using her core muscles to stabilize her body.

Skill Level: Novice",Novice,False,"Observations: The person is climbing a wall with colorful handholds. They are using both hands to grip the handholds, and their feet are not visible in the image.

Errors: The person's grip on the handholds appears to be loose, which could lead to a fall if they lose balance. Additionally, their body posture suggests that they may not have proper climbing form, which could also increase the risk of injury.

Skill Level: Novice",Novice,False
adeccd42-1afa-4802-be20-e56d5467dd04,uniandes_bouldering_024_30,Novice,"Observations: The man stands on the ground and holds onto the climbing wall with his left hand. He then places his right hand on the climbing wall and pulls himself up.

Errors: The man does not have proper grip on the climbing wall, which may lead to falling.

Skill Level: Novice",Novice,True,"Observations: The person is climbing a wall with colorful handholds. They are using both hands to grip the handholds, and their feet are not visible in the image.

Errors: The person's arms are extended outwards, which may make it difficult for them to maintain balance and control while climbing. Additionally, the person's hands are not gripping the handholds firmly, which could lead to a fall.

Skill Level: Novice",Novice,True
45fd3610-226e-4263-9e26-7a2d3a90c379,uniandes_bouldering_030_27,Late Expert,"Observations: The man is climbing the wall. He is holding onto the rock with his left hand and his right hand is on the rock. His legs are bent at the knees and his feet are on the ground. He is looking up at the wall.

Errors: The man is not using proper climbing techniques. He should be using both hands to hold onto the rock and his feet should be on the ground.

Skill Level: Novice",Novice,False,"Observations: The person is climbing a wall with colorful grips. They are using their hands to grip the wall and their feet to push off the wall. They are moving up the wall, one grip at a time.

Errors: The person is not wearing any safety gear, such as a helmet or harness. This could be dangerous if they fall.

Skill Level: Novice",Novice,False
cd39f425-f534-4902-8598-f0724ffcaa48,uniandes_bouldering_028_43,Novice,"Observations: A woman is climbing a rock wall. She is wearing a blue tank top and black pants. She is using her hands to grip the rocks on the wall.

Errors: The woman is not using proper climbing techniques. She is not using her feet to push off the wall, which can help her climb higher. She is also not using her core muscles to stabilize herself on the wall.

Skill Level: Novice",Novice,True,"Observations: The person is climbing a wall with colorful handholds. They are using both hands to grip the handholds, and their feet are positioned on the wall for support. The person appears to be moving upwards, indicating that they are actively climbing.

Errors: There are no apparent errors in the person's movement. They are using proper climbing techniques, gripping the handholds firmly and maintaining balance.

Skill Level: Intermediate Expert",Intermediate Expert,False
04cd2bc7-f306-4bc5-b2ea-8d51a0e587a8,uniandes_bouldering_029_71,Early Expert,"Observations: A man is climbing a rock wall. He is wearing a white shirt and black pants. He is using his hands to grip the rocks on the wall.

Errors: The man is not using proper climbing techniques. He is not using his feet to push off the wall, which would help him climb higher.

Skill Level: Novice",Novice,False,"Observations: The person is climbing a rock wall. They are using their hands to grip the holds on the wall.

Errors: The person is not using proper climbing techniques, such as keeping their feet close together and using their legs for support.

Skill Level: Novice",Novice,False
5e85fac6-afe5-45e8-858d-18cff6e05e74,uniandes_bouldering_034_20,Early Expert,"Observations: The man is climbing a rock wall. He is wearing a white shirt and black pants. He is using his hands to grip the rocks on the wall.

Errors: The man is not using proper climbing techniques. He is not using his feet to push off the wall, which would help him climb higher. He is also not using his core muscles to stabilize himself.

Skill Level: Novice",Novice,False,"Observations: The person is climbing a rock wall. They are using their hands to grip the holds on the wall.

Errors: The person is not using proper climbing technique. They are not using their feet to push off the wall, which can help them climb more efficiently.

Skill Level: Novice",Novice,False
33613bf1-9141-4785-900d-ec459dfb8d80,uniandes_bouldering_027_85,Novice,"Observations: A woman is climbing a rock wall. She is wearing a pink shirt and black shorts. She is holding onto a handhold with her right hand and her left hand is on the wall. She is looking up at the wall.

Errors: The woman is not using proper climbing techniques. She is not using her legs to push herself up the wall. She is not using her core muscles to stabilize herself.

Skill Level: Novice",Novice,True,"Observations: The person is climbing a rock wall. They are using their hands to grip the holds on the wall.

Errors: The person is not using proper climbing techniques, such as keeping their body close to the wall and using their legs for support.

Skill Level: Novice",Novice,True
d02f8c02-4a46-4284-a9c6-1d1c169be7c1,uniandes_bouldering_023_48,Novice,"Observations: The woman is climbing the wall. She is holding onto the rock with her left hand and her right hand is on the ground. Her legs are bent at the knees.

Errors: The woman is not using both hands to climb the wall. She should be using both hands to climb the wall.

Skill Level: Novice",Novice,True,"Observations: The person is climbing a wall with colorful holds. They are using both hands and feet to grip the holds, and they appear to be moving upwards.

Errors: The person's left hand is not gripping a hold, which could lead to instability.

Skill Level: Intermediate Expert",Intermediate Expert,False
7f1b552d-4ccf-43aa-baca-9b1de566b232,uniandes_bouldering_031_15,Late Expert,"Observations: The man is climbing the wall. He is reaching for the rock with his right hand.

Errors: The man is not using proper climbing techniques. He is not using both hands to climb the wall.

Skill Level: Novice",Novice,False,"Observations: The person is climbing a wall with colorful holds. They are using both hands to grip the holds, and their feet are not visible in the image.

Errors: The person's hand placement on the holds is not optimal for climbing. Their fingers are spread out, which can make it difficult to maintain a strong grip on the holds.

Skill Level: Novice",Novice,False
3d17151b-769c-4cbd-adfa-d07cc5148f66,uniandes_bouldering_024_21,Novice,"Observations: The person is climbing a rock wall. They are using both hands to grip the holds on the wall, and they are moving their legs to maintain balance.

Errors: The person is not using proper climbing technique. They are not using their feet effectively to maintain balance, and they are not using their core muscles to stabilize their body.

Skill Level: Novice",Novice,True,"Observations: The person is climbing a wall with colorful handholds. They are using both hands to grip the holds, and their feet are not visible in the image.

Errors: The person's grip on the holds appears to be somewhat loose, which could lead to a fall if they lose balance. Additionally, their body posture suggests that they may not have a strong core strength, which could make it difficult for them to maintain stability while climbing.

Skill Level: Novice",Novice,True
b92ec0ad-020b-4fed-87bf-002eaaa9a8ec,uniandes_bouldering_022_26,Late Expert,"Observations: The woman is climbing a rock wall. She is wearing a blue tank top and black shorts. She is using her hands to grip the rocks on the wall.

Errors: The woman is not moving her feet. She should be using her feet to push herself up the wall.

Skill Level: Novice",Novice,False,"Observations: The person is climbing a wall with colorful handholds. They are using both hands to grip the handholds, and their feet are not visible in the image.

Errors: The person's grip on the handholds appears to be slightly loose, which could lead to a fall if they lose balance. Additionally, their body posture suggests that they may not have a strong core strength, which could make it difficult for them to maintain stability while climbing.

Skill Level: Novice",Novice,False
a3fb3725-41e3-4410-9faa-3821822aa3a4,uniandes_bouldering_035_99,Early Expert,"Observations: The person is climbing a rock wall. They are using both hands to grip the holds on the wall, and they are moving their legs to maintain balance.

Errors: The person is not using proper climbing techniques. They are not using their feet effectively to maintain balance, and they are not using their core muscles to stabilize their body.

Skill Level: Novice",Novice,False,"Observations: The person is climbing a wall with colorful holds. They are using both hands to grip the holds, and their feet are not visible in the image.

Errors: The person may be struggling to find the right handholds, as they are not consistently gripping the holds. Additionally, their body positioning could be improved for better balance and efficiency.

Skill Level: Novice",Novice,False
94388550-e47f-4331-b715-6edbd5804cfa,uniandes_bouldering_026_60,Early Expert,"Observations: The girl is climbing a wall. She is using her hands to hold onto the grips on the wall. She is wearing a pink shirt and patterned leggings.

Errors: The girl is not moving her feet. She should be using her feet to push herself up the wall.

Skill Level: Novice",Novice,False,"Observations: The person is climbing a rock wall. They are using both hands to grip the holds on the wall. Their feet are also gripping the wall, but it is not clear if they are using them effectively.

Errors: The person appears to be struggling with the climb. They may be having trouble finding the right handholds and footholds, or they may be having difficulty maintaining their balance. It is also possible that they are not using their feet effectively to help them climb.

Skill Level: Novice",Novice,False
824fc1aa-353c-4a0e-9657-a7eca24abe76,uniandes_bouldering_027_81,Novice,"Observations: The person is climbing a rock wall. They are using both hands to grip the holds on the wall, and they are moving their legs to maintain balance.

Errors: The person is not wearing any safety gear, such as a harness or helmet. This could be dangerous if they fall.

Skill Level: Novice",Novice,True,"Observations: The person is climbing a rock wall. They are using both hands to grip the holds on the wall, and they are moving their feet up the wall as well.

Errors: The person is not using proper climbing technique. They are not using their legs effectively to push themselves up the wall, and they are not using their core muscles to stabilize their body.

Skill Level: Novice",Novice,True
ab2d04c4-9952-4554-8047-f624b7703523,uniandes_bouldering_036_60,Intermediate Expert,"Observations: The woman is climbing a rock wall. She is wearing a tank top and shorts. She is using her hands to grip the rocks on the wall.

Errors: The woman is not using proper climbing techniques. She is not using her feet to push off the wall, which can help her climb more efficiently.

Skill Level: Novice",Novice,False,"Observations: The person is climbing a rock wall. They are using their hands to grip the holds on the wall.

Errors: The person is not using proper climbing techniques, such as keeping their body close to the wall and using their feet for support.

Skill Level: Novice",Novice,False
0dd25528-6c32-4fbf-9486-b3cf2da57044,uniandes_bouldering_026_38,Novice,"Observations: The person is climbing a rock wall. They are using both hands and feet to grip the holds on the wall. They are moving upwards, and their body is angled towards the wall.

Errors: The person is not using proper climbing technique. They are not using their core muscles effectively, which can lead to fatigue and injury. Additionally, they are not using their legs to push off the wall, which can make it more difficult to climb.

Skill Level: Novice",Novice,True,"Observations: The person is climbing a wall with colorful handholds. They are using both hands to grip the handholds, and their feet are positioned on the wall for support. The person appears to be moving upwards, indicating that they are actively climbing.

Errors: There are no apparent errors in the person's movement. They are using proper techniques to grip the handholds and maintain balance while climbing.

Skill Level: Intermediate Expert",Intermediate Expert,False
b38b83eb-2672-431d-9b5d-4ec1c80730c9,uniandes_bouldering_033_34,Intermediate Expert,"Observations: A man is climbing a rock wall. He is wearing a green shirt and blue shorts. He has his hands on the wall and his feet are off the ground. He is looking up at the wall.

Errors: The man is not using proper climbing techniques. He is not using his legs to push himself up the wall, he is only using his arms. This can lead to fatigue and injury.

Skill Level: Novice",Novice,False,"Observations: The person is climbing a rock wall. They are using their hands to grip the holds on the wall.

Errors: The person is not using proper climbing techniques, such as keeping their arms straight and using their legs for support.

Skill Level: Novice",Novice,False
d1a92201-cbcc-40a6-867a-fab878e1fb46,uniandes_bouldering_025_35,Novice,"Observations: The woman is climbing a rock wall. She is wearing a white tank top and black pants. She is using her hands to grip the holds on the wall.

Errors: The woman is not using proper climbing technique. She is not using her feet to push off the wall, which can help her climb more efficiently. Additionally, she is not using her core muscles to stabilize herself, which can also make it harder for her to climb.

Skill Level: Novice",Novice,True,"Observations: The person is climbing a wall with colorful grips. They are using both hands to grip the wall, and their feet are not visible in the image.

Errors: The person's grip on the wall is not very secure, and they may fall if they lose balance. Additionally, their movements appear to be slow and deliberate, which suggests that they may not be very experienced at climbing.

Skill Level: Novice",Novice,True
ef362c0f-063b-4aeb-af18-d15f0c0a949d,uniandes_bouldering_029_8,Early Expert,"Observations: The person is climbing a wall with her hands and feet. She is wearing a white shirt and black pants. She has long hair that is tied back.

Errors: The person is not using proper climbing techniques. She is not using her legs to push herself up the wall, and she is not using her core muscles to stabilize herself.

Skill Level: Novice",Novice,False,"Observations: The person is climbing a wall with colorful handholds. They are using both hands to grip the handholds, and their feet are positioned on the ground for support. The person appears to be moving upwards, reaching for the next handhold.

Errors: The person's left hand is not gripping the handhold firmly enough, which could lead to a fall if they lose balance. Additionally, the person's right hand is not fully extended, which may make it difficult to reach the next handhold.

Skill Level: Intermediate Expert",Intermediate Expert,False
f772c3be-e068-4bd1-8708-df269694eee0,uniandes_bouldering_023_10,Intermediate Expert,"Observations: A woman is climbing a rock wall. She is wearing a blue tank top and black shorts. She has long brown hair. She is using her hands to grip the rocks on the wall.

Errors: The woman is not moving her feet. She should be using her feet to push herself up the wall.

Skill Level: Novice",Novice,False,"Observations: The person is climbing a wall with colorful handholds. They are using both hands to grip the handholds, and their feet are not visible in the image.

Errors: The person's left hand is not gripping the handhold properly, which could lead to a fall if they lose balance.

Skill Level: Novice",Novice,False
4ece176d-5316-43b5-84d5-e19876813495,uniandes_bouldering_026_90,Early Expert,"Observations: The woman is climbing a rock wall. She is using her hands to grip the holds on the wall and her feet to push off the ground. She is wearing a pink tank top and patterned leggings.

Errors: The woman is not using proper climbing technique. She is not using her legs effectively to push herself up the wall, and she is not using her core muscles to stabilize her body.

Skill Level: Novice",Novice,False,"Observations: The person is climbing a wall with colorful holds. They are using both hands to grip the holds, and their feet are positioned on the wall for support. The person appears to be moving up the wall, reaching for higher holds.

Errors: The person's left hand is not gripping a hold, which could lead to instability while climbing. Additionally, the person's right foot is not positioned correctly, which could also cause instability.

Skill Level: Intermediate Expert",Intermediate Expert,False
43b17f97-4326-437f-b6f7-509fd782a69d,uniandes_bouldering_037_4,Late Expert,"Observations: A woman is climbing a rock wall. She is wearing a pink shirt and black shorts. She is using her hands to grip the rocks on the wall.

Errors: The woman is not using proper climbing techniques. She is not using her feet to push off the wall, which can help her climb more efficiently.

Skill Level: Novice",Novice,False,"Observations: The person is climbing a rock wall. They are using their hands to grip the holds on the wall.

Errors: The person is not using proper climbing techniques, such as keeping their body close to the wall and using their legs for support.

Skill Level: Novice",Novice,False
78cf87e1-aa76-44be-998b-cec8e2b21cf6,uniandes_bouldering_028_57,Early Expert,"Observations: The girl is climbing the wall. She is holding onto the rock with her left hand and her right hand is on the rock. Her legs are bent and she is looking up at the wall.

Errors: The girl is not using both hands to climb the wall. She should be using both hands to climb the wall.

Skill Level: Novice",Novice,False,"Observations: The person is climbing a wall with colorful holds. They are using both hands to grip the holds, and their feet are also placed on the wall for support. The person appears to be moving upwards, and they are looking up at the wall.

Errors: The person's movements seem to be somewhat slow and deliberate, which may indicate that they are still learning the proper techniques for climbing. Additionally, there is no indication that the person is using any specific climbing technique, such as the ""crimp"" or ""chimney"" grip, which could suggest that they are still developing their skills.

Skill Level: Novice",Novice,False
d49fcb33-6321-42fd-8fa6-9fdcbb66b72d,uniandes_bouldering_036_73,Late Expert,"Observations: A woman is climbing a rock wall. She is wearing a pink shirt and black shorts. She is using her hands to grip the rocks on the wall.

Errors: The woman is not using proper climbing techniques. She is not using her feet to push off the wall, which can help her climb more efficiently.

Skill Level: Novice",Novice,False,"Observations: The person is climbing a rock wall. They are using their hands to grip the holds on the wall and their feet to push off the wall. They are moving up the wall, one hand at a time.

Errors: The person is not using proper climbing technique. They are not using their legs effectively to push themselves up the wall. They are also not using their core muscles to stabilize their body.

Skill Level: Novice",Novice,False
a7ae2764-3cb5-45a3-a462-d5f3dd0de04b,uniandes_bouldering_034_6,Intermediate Expert,"Observations: The man is climbing a rock wall. He is using his hands to grip the holds on the wall and his feet to push off the ground. He is moving up the wall, reaching for the next hold with his hand.

Errors: The man is not wearing any safety gear, such as a helmet or harness. This could be dangerous if he falls.

Skill Level: Novice",Novice,False,"Observations: The person is climbing a wall with colorful holds. They are using both hands to grip the holds, and their feet are positioned on the wall for support. The person appears to be moving upwards, reaching for the next hold.

Errors: The person's left hand is not gripping the hold as firmly as it could be, which may cause them to lose balance or slip. Additionally, the person's right foot is not fully planted on the wall, which may also cause instability.

Skill Level: Intermediate Expert",Intermediate Expert,True
7c3e3737-8c9f-4a11-ae69-00cac01de46e,uniandes_bouldering_026_11,Early Expert,"Observations: The woman is climbing a rock wall. She is wearing a pink tank top and patterned leggings. She is using her hands to grip the holds on the wall.

Errors: The woman is not using proper climbing techniques. She is not using her feet effectively, and she is not maintaining a good body position.

Skill Level: Novice",Novice,False,"Observations: The person is climbing a rock wall. They are using both hands to grip the holds on the wall. Their feet are not visible, but they appear to be using them to push off the wall.

Errors: The person is not using proper climbing technique. They are not using their legs effectively to push themselves up the wall. They are also not using their core muscles to stabilize their body.

Skill Level: Novice",Novice,False
0ff1330e-62fb-4ec4-a55a-54773485c2e5,uniandes_bouldering_029_73,Early Expert,"Observations: The person is climbing a rock wall. They are using both hands to grip the holds on the wall, and they are moving their feet up the wall as well.

Errors: The person is not using proper climbing technique. They are not using their legs effectively, and they are not using their core muscles to stabilize themselves. This could lead to a fall if they lose their grip.

Skill Level: Novice",Novice,False,"Observations: The person is climbing a rock wall. They are using their hands to grip the holds on the wall.

Errors: The person is not using proper climbing techniques, such as keeping their arms straight and using their legs for support.

Skill Level: Novice",Novice,False
2236b1b4-7cc5-4a10-a04e-940e0d83bfd4,uniandes_bouldering_022_38,Early Expert,"Observations: A woman is climbing a rock wall. She is wearing a tank top and shorts. She is holding onto a handhold with her right hand and her left hand is on the ground for balance. She is looking up at the wall.

Errors: The woman is not using proper climbing technique. She should be using both hands to hold onto the handholds and her feet should be placed on the wall for better balance.

Skill Level: Novice",Novice,False,"Observations: The person is holding a book with both hands. The person is standing on a climbing wall.

Errors: The person is not moving.

Skill Level: Novice",Novice,False
b3a28e5b-906f-40e0-9428-902c81a9cc55,uniandes_bouldering_027_20,Early Expert,"Observations: A woman is climbing a rock wall. She is wearing a pink tank top and patterned leggings. She is using her hands to grip the holds on the wall.

Errors: The woman is not moving her feet, which is a common error for beginners when climbing. This can lead to instability and difficulty maintaining balance.

Skill Level: Novice",Novice,False,"Observations: The person is climbing a wall with colorful handholds. They are using both hands to grip the holds, and their feet are positioned on the wall for support. The person appears to be moving upwards, as indicated by the changing positions of their hands and feet.

Errors: The person's left hand is not gripping the hold as firmly as it could be, which may lead to a loss of balance if they need to use that hand for additional support. Additionally, the person's right foot is not positioned optimally, which may also contribute to instability.

Skill Level: Intermediate Expert",Intermediate Expert,False
90d40eba-fb77-4014-b51b-675005365f66,uniandes_bouldering_027_52,Novice,"Observations: The woman is climbing a rock wall. She is wearing a pink shirt and black pants. She is using her hands and feet to grip the holds on the wall.

Errors: The woman is not moving her body efficiently. She is not using her core muscles to help her climb. She is also not using her legs to push herself up the wall.

Skill Level: Novice",Novice,True,"Observations: The person is climbing a wall with colorful holds. They are using both hands to grip the holds, and their feet are positioned on the wall for support. They appear to be moving upwards, reaching for the next hold.

Errors: The person's left hand is not gripping the hold as firmly as it could be, which may cause them to lose balance or slip. Additionally, their right hand is not fully extended, which may make it difficult to reach the next hold.

Skill Level: Intermediate Expert",Intermediate Expert,False
05691716-65d8-45b4-b263-5589dcae6bdb,uniandes_bouldering_025_17,Novice,"Observations: The woman is climbing a rock wall. She is using her hands to grip the holds on the wall and her feet to push off the wall. She is wearing a red tank top and black shorts.

Errors: The woman is not using proper climbing technique. She is not using her legs to push off the wall, which can help her climb more efficiently. She is also not using her core muscles to stabilize herself on the wall.

Skill Level: Novice",Novice,True,"Observations: The person is climbing a wall with colorful holds. They are using both hands to grip the holds, and their feet are not visible in the image.

Errors: The person's left hand is not gripping the hold properly, which could lead to a fall if they lose balance.

Skill Level: Novice",Novice,True
292508a4-a37c-47e5-82df-8f9085194f46,uniandes_bouldering_032_48,Intermediate Expert,"Observations: The man is climbing a rock wall. He is wearing a green shirt and blue jeans. He is using his hands to grip the rocks on the wall.

Errors: The man is not using proper climbing techniques. He is not using his feet to push off the wall, which would help him climb higher. He is also not using his core muscles to stabilize himself.

Skill Level: Novice",Novice,False,"Observations: The person is climbing a wall with colorful handholds. They are using both hands to grip the handholds, and their feet are not visible in the image.

Errors: The person's arms are extended outwards, which may make it difficult for them to maintain balance and control while climbing. Additionally, the person's hands are not positioned optimally on the handholds, which could lead to a less efficient climbing technique.

Skill Level: Novice",Novice,False
5ec9b76d-d968-4a8b-9ecd-ccd6c5242745,uniandes_bouldering_024_47,Novice,"Observations: The person is climbing a wall with a hand on a hold and her legs on the wall. She is looking up at the wall.

Errors: The person is not using her feet to climb, which is a common error for beginners.

Skill Level: Novice",Novice,True,"Observations: The person is climbing a wall with colorful holds. They are using both hands to grip the holds, and their feet are not visible in the image.

Errors: The person may be struggling to maintain balance on the wall, as they are using both hands to grip the holds. Additionally, it is unclear if the person is using proper climbing techniques, such as keeping their core engaged and using their legs for support.

Skill Level: Novice",Novice,True
8d6cabe4-79c4-4349-a05d-2d7132f83c94,uniandes_bouldering_032_44,Intermediate Expert,"Observations: The man stands on the ground and then climbs up the wall.

Errors: The man does not hold onto the climbing holds properly, which may lead to falling.

Skill Level: Novice",Novice,False,"Observations: The person is climbing a rock wall. They are using both hands to grip the holds on the wall. Their feet are not visible, but they appear to be using them to push off the wall.

Errors: The person is not using proper climbing technique. They are not using their legs effectively to push off the wall, which can lead to fatigue and injury. Additionally, they are not using their core muscles to stabilize their body, which can also lead to instability and potential falls.

Skill Level: Novice",Novice,False
b550f22d-e337-4a79-b61f-ea911f06cb01,uniandes_bouldering_037_54,Late Expert,"Observations: A woman is climbing a rock wall. She is wearing a blue tank top and black shorts. She is using her hands to grip the rocks on the wall.

Errors: The woman is not using proper climbing techniques. She is not using her feet to push off the wall, which can help her climb more efficiently.

Skill Level: Novice",Novice,False,"Observations: The person is climbing a rock wall. They are using both hands to grip the holds on the wall. Their feet are not visible, but they appear to be using them to push off the wall.

Errors: The person's left hand is not gripping a hold, which could lead to instability and potential falls.

Skill Level: Novice",Novice,False
54b6e544-2272-4568-925b-abf6ddedd223,uniandes_bouldering_027_36,Novice,"Observations: The woman is climbing a rock wall. She is using her hands to grip the holds on the wall and her feet to push off the ground. She is moving up the wall, one hand at a time.

Errors: The woman is not using proper climbing technique. She is not using her legs effectively to push herself up the wall. She is also not using her core muscles to stabilize her body.

Skill Level: Novice",Novice,True,"Observations: The person is climbing a wall with a variety of colorful holds. They are using both hands to grip the holds, and their feet are positioned on the wall for support. The person appears to be moving up the wall, and their body is angled slightly forward.

Errors: The person's left hand is not gripping the hold as tightly as it could be, which may cause them to lose balance or slip. Additionally, the person's right foot is not positioned as securely as it could be, which may also cause them to lose balance or slip.

Skill Level: Intermediate Expert",Intermediate Expert,False
