clip_id,take_folder,ground_truth,camera_used,full_answer,predicted,correct
0ec8c380-66df-414c-8ed1-a644c76539d1,uniandes_bouldering_022_12,Novice,cam01(fallback-no-best_exo),ERROR,Unknown,False
586597cc-59c5-45d5-9596-0b6506d9c0ba,uniandes_bouldering_037_38,Late Expert,cam03,"The climber in the video appears to be at an intermediate expert level based on the following observations:

* **Body Alignment:** The climber maintains good body alignment throughout the climb, with their core engaged and their weight distributed evenly across their feet. This suggests that they have a solid understanding of proper climbing mechanics.

* **Movement Fluency:** The climber's movements appear fluid and controlled, indicating a high level of comfort and familiarity with the route. They are able to transition between holds smoothly without hesitation or unnecessary movements.

* **Technical Precision:** The climber demonstrates strong technical precision by selecting appropriate handholds and footholds, as well as maintaining a consistent grip and foot placement. They also show good body positioning, which allows them to efficiently use the available holds.

Overall, the climber's technique is well-developed, and they exhibit a high level of skill and control. However, there may still be room for improvement in certain areas, such as increasing their speed or exploring more challenging routes.",Intermediate Expert,False
9ceee09a-ab19-4463-baac-0ed48d21827e,uniandes_bouldering_024_44,Novice,cam01,"Novice

The climber appears to be in the early stages of learning how to climb and is not yet comfortable with the movements required for climbing. The climber's body alignment is not yet correct, as she is not using her core muscles effectively and is leaning too far forward. Her movement fluency is also lacking, as she is not yet able to move smoothly and efficiently up the wall. Finally, her technical precision is not yet developed, as she is not yet able to use the holds correctly and is not yet able to maintain a good grip on the wall.",Novice,True
08f0616c-d3c4-414c-a492-d8d157872915,uniandes_bouldering_035_53,Early Expert,cam03,"The climber in the video appears to be at an intermediate expert level based on the following observations:

* **Body Alignment:** The climber maintains good body alignment throughout the sequence, with their core engaged and their weight distributed evenly across their feet. This suggests that they have a solid understanding of proper climbing mechanics.

* **Movement Fluency:** The climber's movements appear fluid and controlled, indicating a high level of comfort and familiarity with the route. They transition between holds smoothly without hesitation or unnecessary movements.

* **Technical Precision:** The climber demonstrates precise hand placement and footwork, selecting appropriate holds for each move. Their technique is consistent and well-executed, suggesting a strong foundation in climbing skills.

Overall, the climber's performance indicates an intermediate expert level of skill, as they exhibit a high degree of control, precision, and fluency while climbing. However, there may still be room for improvement in certain areas, such as increasing speed or exploring more challenging routes.",Intermediate Expert,False
5f1dd7a9-18b5-400a-a3de-1c30f547235e,uniandes_bouldering_027_19,Early Expert,cam03,"The climber in the video appears to be at an intermediate expert level based on the following observations:

* **Body Alignment:** The climber maintains good body alignment throughout the sequence, with their core engaged and their weight distributed evenly across their feet. This suggests that they have a solid understanding of proper climbing mechanics.

* **Movement Fluency:** The climber's movements appear fluid and controlled, indicating a high level of comfort and familiarity with the route. There are no abrupt or jerky motions, which further supports the idea that they are an intermediate expert.

* **Technical Precision:** The climber demonstrates technical precision by selecting appropriate holds and using their fingers effectively. They also show good hand-eye coordination, as evidenced by their ability to reach for and grip the holds accurately.

Overall, the climber's technique is well-developed, but there may still be room for improvement in certain areas. For example, the climber could work on increasing their speed and power to become even more fluent in their movements. Additionally, they might benefit from practicing more challenging routes to continue pushing their limits and developing their skills further.",Intermediate Expert,False
baf283a8-4747-45f1-9c78-241003a8f1b5,uniandes_bouldering_034_56,Intermediate Expert,cam02,"Novice

The climber in the video appears to be a novice based on their body alignment and movement fluency. The climber's body is not aligned with the wall, which can lead to inefficient use of energy and increased risk of injury. Additionally, the climber's movements seem to lack fluidity and precision, indicating that they may not have developed the necessary skills for climbing yet.",Novice,False
ea2d7015-0bf2-422c-b6ac-ebcf88fef619,uniandes_bouldering_025_13,Novice,cam01,"The climber in the video appears to be at an intermediate expert level based on the following observations:

* **Body Alignment:** The climber demonstrates good body alignment throughout the sequence. They maintain a strong core and use their legs effectively for support while reaching for holds with their arms. Their feet are positioned correctly, and they appear to be using the wall's features efficiently.

* **Movement Fluency:** The climber's movements are fluid and controlled. There are no abrupt or jerky motions, indicating a high level of comfort and familiarity with the climbing techniques being used. The transitions between different holds and movements seem natural and well-coordinated.

* **Technical Precision:** The climber exhibits a high degree of technical precision. They are able to select appropriate holds and make efficient use of them. Their hand placement and grip strength appear to be well-developed, allowing them to maintain a secure hold on the wall. Additionally, the climber seems to have a good understanding of the climbing principles, such as body positioning and weight distribution.

Overall, the climber's technique suggests that they have a solid foundation in climbing skills and are likely comfortable tackling more challenging routes. However, there may still be room for improvement in certain areas, such as increasing their speed or developing more advanced techniques.",Intermediate Expert,False
0dd0e0b5-cbd2-42d3-bc00-64375f14f374,uniandes_bouldering_032_81,Intermediate Expert,cam03,"The climber appears to be a novice or early expert based on the following observations:

* **Body Alignment:** The climber's body alignment seems to be inconsistent and not fully optimized for climbing. The climber's feet are not positioned correctly, and there is a lack of proper core engagement, which can lead to inefficient use of energy and increased risk of injury.

* **Movement Fluency:** The climber's movements appear to be somewhat hesitant and uncoordinated. There is a lack of fluidity in the transitions between hand and foot placements, which suggests that the climber may still be developing their climbing technique.

* **Technical Precision:** The climber's technique seems to be lacking in terms of precision. The climber's hand and foot placements do not seem to be optimal, and there is a lack of attention to detail in the climbing route. This suggests that the climber may still be developing their understanding of the climbing route and how to efficiently navigate it.

Overall, the climber's technique appears to be at a novice or early expert level, with room for improvement in terms of body alignment, movement fluency, and technical precision.",Novice,False
1088fd1c-1562-4ee5-b85c-ceb59bf85f20,uniandes_bouldering_035_28,Early Expert,cam02,"The climber in the video appears to be at an intermediate expert level based on the following observations:

* **Body Alignment:** The climber demonstrates good body alignment throughout the climb. They maintain a straight line from head to toe and use their core muscles effectively to stabilize their body. This suggests that they have a solid understanding of proper climbing techniques.

* **Movement Fluency:** The climber's movements appear fluid and controlled. They transition smoothly between holds and maintain a consistent pace. This indicates that they have developed a high degree of muscle memory and can execute complex moves with ease.

* **Technical Precision:** The climber shows impressive technical precision by selecting the right handholds and footholds for each move. They also demonstrate excellent footwork, ensuring that their feet are always placed securely on the wall. Additionally, the climber's hand placement is precise, allowing them to maintain a strong grip on the holds.

Overall, the climber's technique is well-developed, and they exhibit a high level of skill and control. However, there may still be room for improvement in certain areas, such as increasing their speed or adding more variety to their climbing style. With continued practice and experience, the climber could potentially reach late expert status.",Intermediate Expert,False
1c4f1db1-70bb-47e6-8d1f-00e924aa0a98,uniandes_bouldering_033_38,Intermediate Expert,cam02,"The climber in the video appears to be at an intermediate expert level based on the following observations:

* **Body Alignment:** The climber maintains good body alignment throughout the sequence, with their core engaged and their movements fluid. This suggests they have a solid understanding of proper climbing techniques.

* **Movement Fluency:** The climber's movements appear smooth and controlled, indicating a high level of comfort and familiarity with the climbing wall. They transition between holds with ease, suggesting they have developed a good sense of rhythm and timing.

* **Technical Precision:** The climber demonstrates technical precision by selecting appropriate handholds and footholds, maintaining balance, and executing moves with accuracy. They also show good hand-eye coordination, which is essential for climbing.

Overall, the climber's technique and performance suggest that they have reached an intermediate expert level in rock climbing. However, it's important to note that this assessment is based on a limited number of frames, and further observation would be needed to confirm their skill level.",Intermediate Expert,True
b92ec0ad-020b-4fed-87bf-002eaaa9a8ec,uniandes_bouldering_022_26,Late Expert,cam02,"The climber in the video appears to be at an intermediate expert level based on the following observations:

* **Body Alignment:** The climber maintains good body alignment throughout the sequence, with their core engaged and their weight distributed evenly across their feet. This suggests that they have a solid understanding of proper climbing mechanics.

* **Movement Fluency:** The climber's movements appear fluid and controlled, indicating a high level of comfort and familiarity with the route. They transition between holds smoothly without hesitation or awkwardness.

* **Technical Precision:** The climber demonstrates precise hand placement and footwork, selecting appropriate holds for each move. Their technique is consistent and well-executed, suggesting a strong foundation in climbing skills.

Overall, the climber's performance indicates a high level of skill and experience in rock climbing. However, there may still be room for improvement in certain areas, such as increasing speed or developing more advanced techniques.",Intermediate Expert,False
d6462a6d-44d4-43eb-a0d9-11df808ef412,uniandes_bouldering_034_94,Early Expert,cam03,"The climber appears to be at the Intermediate Expert level based on the following observations:

* **Body Alignment:** The climber maintains good body alignment throughout the sequence, with their core engaged and their weight distributed evenly across their feet. This suggests they have a solid understanding of proper climbing mechanics.

* **Movement Fluency:** The climber's movements appear fluid and controlled, indicating a high level of comfort and familiarity with the route. There are no abrupt or jerky motions that would suggest a lack of experience.

* **Technical Precision:** The climber demonstrates precise hand and foot placement, as well as good use of body mechanics to navigate the holds. They also show good judgment in selecting the most efficient lines and techniques for each section of the climb.

Overall, the climber's technique is consistent with someone who has been climbing for several years and has developed a strong foundation in the sport. However, there may still be room for improvement in certain areas, such as increasing speed or developing more advanced techniques.",Intermediate Expert,False
b3a28e5b-906f-40e0-9428-902c81a9cc55,uniandes_bouldering_027_20,Early Expert,cam03,"The climber in the video appears to be at an intermediate expert level based on the following observations:

* **Body Alignment:** The climber maintains good body alignment throughout the sequence, with their core engaged and their weight distributed evenly across their feet. This suggests that they have a solid understanding of proper climbing mechanics.

* **Movement Fluency:** The climber's movements appear fluid and controlled, indicating a high level of comfort and familiarity with the route. They transition between holds smoothly without unnecessary hesitation or awkwardness.

* **Technical Precision:** The climber demonstrates precise hand placement and footwork, selecting appropriate holds for each move. Their technique is consistent and well-executed, suggesting a strong foundation in climbing skills.

Overall, the climber's performance indicates an intermediate level of expertise, as they exhibit a good balance of body alignment, movement fluency, and technical precision. However, there may still be room for improvement in certain aspects of their technique, such as increasing their speed or developing more advanced moves.",Intermediate Expert,False
b285942a-a30b-4d4b-a753-8a29b951c1cb,uniandes_bouldering_026_48,Intermediate Expert,cam01,"The climber in the video appears to be at an intermediate expert level based on the following observations:

* **Body Alignment:** The climber demonstrates good body alignment throughout the sequence. They maintain a strong core and use their legs effectively for support while reaching for holds with their arms. The climber's feet are positioned correctly, and they are able to distribute their weight evenly across the climbing surface.

* **Movement Fluency:** The climber's movements appear fluid and controlled. There are no abrupt or jerky motions, which suggests that they have developed a good sense of rhythm and timing. The climber's transitions between different holds are smooth, indicating a high level of coordination and practice.

* **Technical Precision:** The climber exhibits excellent technical precision in their climbing technique. They are able to select appropriate holds and make efficient use of their body to reach them. The climber's hand placement and grip strength also appear to be well-developed, allowing them to maintain a secure hold on the climbing surface.

Overall, the climber's technique is well-executed, and they demonstrate a high level of skill and experience. However, there may still be room for improvement in certain areas, such as increasing their speed or developing more advanced techniques. With continued practice and training, the climber could potentially advance to a late expert level.",Intermediate Expert,True
0a184bbf-43bf-4d02-bc32-f8989158446a,uniandes_bouldering_023_42,Novice,cam01,"Novice

The climber is not yet comfortable with the climbing wall and is still learning how to use it. The climber is not yet able to maintain proper body alignment while climbing, as seen in frame 1 where the climber is leaning too far forward. The climber also seems to be struggling with movement fluency, as seen in frame 2 where the climber is not yet able to move smoothly up the wall. Finally, the climber is not yet able to perform any technical precision moves, as seen in frame 3 where the climber is not yet able to grip the holds properly.",Novice,True
0ed9a2ce-0e62-43f9-a7e1-37e5a0b89fcc,uniandes_bouldering_033_60,Intermediate Expert,cam02,"The climber in the video appears to be at an intermediate expert level based on the following observations:

* **Body Alignment:** The climber maintains good body alignment throughout the climb, with their core engaged and their weight distributed evenly across their feet. This suggests that they have a solid understanding of proper climbing mechanics.

* **Movement Fluency:** The climber's movements appear fluid and controlled, indicating a high level of comfort and familiarity with the route. They transition between holds smoothly without hesitation or unnecessary movements.

* **Technical Precision:** The climber demonstrates precise hand and foot placement, selecting the most efficient holds for each move. They also show good body positioning, using their core strength to maintain balance and control.

Overall, the climber's technique is well-developed, but there may still be room for improvement in certain areas, such as increasing speed or efficiency. However, given the level of skill demonstrated, it is reasonable to conclude that the climber is at an intermediate expert level.",Intermediate Expert,True
97b78075-0a0c-4198-bc78-b08a2c92b0aa,uniandes_bouldering_027_56,Novice,cam03,"The climber in the video appears to be at an intermediate expert level based on her body alignment, movement fluency, and technical precision.

* **Body Alignment:** The climber maintains good body alignment throughout the climb, with her core engaged and her weight distributed evenly across her feet. Her arms are extended when necessary, but she does not overextend them, which could lead to fatigue or injury. This suggests that she has a good understanding of proper climbing mechanics.

* **Movement Fluency:** The climber's movements appear fluid and controlled, indicating that she has developed a good sense of rhythm and timing while climbing. She transitions between holds smoothly, and her footwork is precise, suggesting that she has practiced and refined her climbing skills.

* **Technical Precision:** The climber demonstrates technical precision by selecting appropriate handholds and footholds, using her fingers effectively, and maintaining a strong grip. Her use of the wall's features, such as the slopers and crimps, also indicates that she has a good understanding of the different types of holds and how to use them effectively.

Overall, the climber's body alignment, movement fluency, and technical precision suggest that she has reached an intermediate expert level in climbing. However, it is important to note that climbing is a skill that requires continuous practice and improvement, so even an intermediate expert may still have room for growth and development.",Intermediate Expert,False
c6e1946e-cd52-43ee-ac5c-acb609d821d6,uniandes_bouldering_035_98,Early Expert,cam02,"The climber in the video appears to be a novice or early expert based on their body alignment and movement fluency. The climber seems to lack proper body alignment as they are not using their core effectively, which can lead to inefficient use of energy and increased risk of injury. Additionally, the climber's movement appears to be somewhat stiff and ungraceful, indicating that they may still be developing their technique. While the climber does seem to have some technical precision, their overall performance suggests that they are still in the early stages of learning and developing their skills.",Novice,False
5d5d169f-3cfa-47da-947d-ec7a93178a59,uniandes_bouldering_029_41,Novice,cam02,"The climber appears to be a novice or early expert based on the following observations:

* **Body Alignment:** The climber's body alignment seems to be off, as they are not using the full range of motion and appear to be leaning too much towards one side. This could indicate that they are still learning proper climbing techniques.
* **Movement Fluency:** The climber's movements seem to be somewhat stiff and ungraceful, which suggests that they may not have a lot of experience with climbing. They also do not seem to be fluid in their movements, which is another sign of a novice or early expert level.
* **Technical Precision:** The climber's technique does not seem to be very precise, as they are not using the correct handholds and footholds. This could be due to a lack of experience or improper instruction.

Overall, the climber's technique and body alignment suggest that they are still at an early stage of learning how to climb. However, it is difficult to determine their exact skill level without more information about their background and training.",Novice,True
48c635f3-ef0c-436b-94dc-9fca68c779b7,uniandes_bouldering_034_98,Early Expert,cam03,"The climber appears to be at the Intermediate Expert level based on the following observations:

* **Body Alignment:** The climber maintains good body alignment throughout the sequence, with their core engaged and their weight distributed evenly across their feet. This suggests they have a solid understanding of proper climbing mechanics.

* **Movement Fluency:** The climber's movements appear fluid and controlled, indicating a high level of comfort and familiarity with the route. There are no abrupt or jerky motions that would suggest a lack of experience.

* **Technical Precision:** The climber demonstrates precise hand and foot placement, as well as good use of body mechanics to navigate the holds. They are able to transition between different types of holds (e.g., slopers, crimps) with ease, which is a hallmark of intermediate-level climbers.

Overall, the climber's technique is consistent with someone who has been climbing for several years and has developed a strong foundation in the sport. However, there may still be room for improvement in certain areas, such as increasing speed or adding more variety to their routes.",Intermediate Expert,False
841c5354-3711-45ce-a226-3d7ba0e6b3df,uniandes_bouldering_030_60,Late Expert,cam02,"Novice

The climber in the video appears to be a novice based on their body alignment and movement fluency. The climber's body is not aligned with the wall, which can lead to inefficient use of energy and increased risk of injury. Additionally, the climber's movements appear to be somewhat stiff and uncoordinated, indicating a lack of technical precision. While the climber has made some progress by reaching for the holds, they have yet to demonstrate the necessary skills and techniques required for climbing at a higher level.",Novice,False
e77f05f8-2458-47de-952a-303245322f2f,uniandes_bouldering_023_53,Early Expert,cam01(fallback-no-best_exo),ERROR,Unknown,False
7cef5f7e-d66d-4b23-b832-ff998d357784,uniandes_bouldering_023_71,Early Expert,cam03,"The climber in the video appears to be at an intermediate expert level based on the following observations:

* **Body Alignment:** The climber maintains good body alignment throughout the sequence, with their core engaged and their weight distributed evenly across their feet. This suggests that they have a solid understanding of proper climbing mechanics.

* **Movement Fluency:** The climber's movements appear fluid and controlled, indicating a high level of comfort and familiarity with the route. There are no abrupt or jerky motions, which further supports the idea that they are an intermediate expert.

* **Technical Precision:** The climber demonstrates technical precision by selecting appropriate holds and using their fingers effectively. They also show good hand-eye coordination, as evidenced by their ability to reach for and grip the holds accurately.

Overall, the climber's technique is well-developed, but there may still be room for improvement in certain areas. For example, the climber could work on increasing their speed and power to become even more fluent in their movements. Additionally, they might benefit from practicing more challenging routes to continue pushing their limits and developing their skills further.",Intermediate Expert,False
6caff659-6697-498e-a5e3-04b50bc09d30,uniandes_bouldering_027_17,Early Expert,cam03,"Novice

The climber appears to be in the early stages of learning how to climb and is not yet comfortable with the techniques required for climbing. The climber's body alignment is not yet correct, as she is not using her core muscles effectively and is leaning too much forward. Her movement is also not fluent, as she is taking small, hesitant steps and is not yet able to move smoothly up the wall. Finally, her technical precision is lacking, as she is not yet able to use the holds correctly and is not yet able to plan out her route effectively.",Novice,False
dcdf4cdc-2b50-4e2c-bbaf-b8a904965867,uniandes_bouldering_029_77,Early Expert,cam03,"The climber in the video appears to be at an intermediate expert level based on the following observations:

* **Body Alignment:** The climber maintains good body alignment throughout the sequence, with their core engaged and their weight distributed evenly across their feet. This suggests that they have a solid understanding of proper climbing mechanics.

* **Movement Fluency:** The climber's movements appear fluid and controlled, indicating a high level of comfort and familiarity with the route. They transition between holds smoothly without hesitation or unnecessary movements.

* **Technical Precision:** The climber demonstrates precise hand placement and footwork, selecting appropriate holds for each move. Their technique is consistent and well-executed, suggesting a strong foundation in climbing skills.

Overall, the climber's performance indicates an intermediate expert level of skill, as they exhibit a high degree of control, precision, and fluency while climbing. However, there may still be room for improvement in certain areas, such as increasing speed or exploring more challenging routes.",Intermediate Expert,False
77f6641e-b713-4723-bafc-ca6b0b957c5e,uniandes_bouldering_036_17,Late Expert,cam02,"The climber in the video appears to be at an intermediate expert level based on the following observations:

* **Body Alignment:** The climber maintains good body alignment throughout the sequence, with their core engaged and their weight distributed evenly across their feet. This suggests that they have a solid understanding of proper climbing mechanics.

* **Movement Fluency:** The climber's movements appear fluid and controlled, indicating a high level of comfort and familiarity with the climbing wall. They transition between holds smoothly without hesitation or awkwardness.

* **Technical Precision:** The climber demonstrates precise hand placement and footwork, selecting appropriate holds for each step. Their technique shows a good grasp of the principles of climbing, such as using the correct body position and maintaining balance.

Overall, the climber's technique and performance suggest that they have reached an intermediate expert level in rock climbing. However, it's important to note that this assessment is based on a limited number of frames, and further observation would be needed to confirm their skill level more accurately.",Intermediate Expert,False
a7ee65f5-b365-4f69-bc6a-95a9583d7ff0,uniandes_bouldering_026_14,Novice,cam02,"The climber in the video appears to be at an intermediate expert level based on her body alignment, movement fluency, and technical precision.

* **Body Alignment:** The climber maintains good body alignment throughout the climb, with her core engaged and her weight distributed evenly across her feet. Her hips are slightly tucked, which helps maintain stability and balance as she ascends the wall. This indicates that she has a solid understanding of proper climbing techniques.

* **Movement Fluency:** The climber's movements appear fluid and controlled, suggesting that she has developed a good sense of rhythm and timing while climbing. She transitions between holds smoothly, and her arm movements are deliberate and purposeful. This level of fluency is typically seen in climbers who have practiced extensively and have a strong grasp of the fundamentals of climbing.

* **Technical Precision:** The climber demonstrates technical precision by selecting appropriate handholds and footholds, and by using her fingers and toes effectively to grip the wall. She also shows good judgment in choosing the best lines and paths up the wall, indicating that she has a good understanding of the different types of climbing routes and how to navigate them. Additionally, her use of the chalk bag suggests that she is aware of the importance of maintaining a good grip and preventing hand fatigue.

Overall, the climber's body alignment, movement fluency, and technical precision suggest that she is an intermediate expert climber. While there may still be room for improvement, she has already developed a strong foundation in the",Intermediate Expert,False
74bc0655-0e3e-433f-b8f5-243764621fe5,uniandes_bouldering_030_25,Late Expert,cam02,"Novice

The climber is still learning the proper techniques for climbing and is not yet comfortable with the movements required to climb the wall. The climber's body alignment is not yet correct, as they are not using the proper hand and foot placement. The climber also seems to be moving slowly and lacks fluidity in their movements.",Novice,False
04cd2bc7-f306-4bc5-b2ea-8d51a0e587a8,uniandes_bouldering_029_71,Early Expert,cam03,"The climber appears to be at the Intermediate Expert level based on the following observations:

* **Body Alignment:** The climber maintains good body alignment throughout the sequence, with their core engaged and their movements fluid. This suggests they have a solid understanding of proper climbing techniques.

* **Movement Fluency:** The climber's movements appear smooth and controlled, indicating a high level of comfort and familiarity with the route. They transition between holds with ease, suggesting they have practiced this route before or have a strong grasp of the necessary techniques.

* **Technical Precision:** The climber demonstrates technical precision by selecting appropriate holds and using them effectively. They also show good hand-eye coordination, which is essential for successful climbing.

Overall, the climber's technique and performance suggest that they have reached an intermediate level of expertise in bouldering. However, there may still be room for improvement in certain areas, such as increasing their speed or developing more advanced techniques.",Intermediate Expert,False
e8f2df2e-5d2d-4352-b06c-95554b1ecdb3,uniandes_bouldering_031_68,Late Expert,cam03,"The climber appears to be at the Intermediate Expert level based on the following observations:

* **Body Alignment:** The climber maintains good body alignment throughout the sequence, with their core engaged and their weight distributed evenly across their feet. This suggests they have a solid understanding of proper climbing mechanics.

* **Movement Fluency:** The climber's movements appear fluid and controlled, indicating a high level of comfort and familiarity with the route. They transition between holds smoothly without hesitation or unnecessary movements.

* **Technical Precision:** The climber demonstrates precise hand placement and footwork, selecting appropriate holds for each step of the climb. Their technique is consistent and well-executed, suggesting a strong foundation in climbing skills.

Overall, the climber's performance indicates a high level of skill and experience, but there may still be room for improvement in certain areas (e.g., speed, power). Therefore, I would classify the climber as an Intermediate Expert.",Intermediate Expert,False
4401cdfe-a383-4116-b1ed-1783b2e0ae7e,uniandes_bouldering_036_4,Late Expert,cam03,"The climber appears to be at the Intermediate Expert level based on the following observations:

* **Body Alignment:** The climber maintains good body alignment throughout the climb, with their core engaged and their weight distributed evenly across their feet. This suggests they have a solid understanding of proper climbing mechanics.

* **Movement Fluency:** The climber's movements appear fluid and controlled, indicating a high level of comfort and familiarity with the route. They are able to transition between holds smoothly without hesitation or unnecessary movements.

* **Technical Precision:** The climber demonstrates strong technical proficiency, as evidenced by their ability to select appropriate handholds and footholds, maintain a secure grip, and execute precise footwork. Their use of the wall's features, such as the overhangs and slopers, also indicates a high level of technical skill.

Overall, the climber's technique is well-developed and efficient, suggesting that they have a solid foundation in climbing fundamentals and are capable of executing complex routes with confidence. However, there may still be room for improvement in certain areas, such as increasing their speed or developing more advanced techniques.",Intermediate Expert,False
d065cac0-836c-4c1b-b255-134428b037c9,uniandes_bouldering_023_77,Intermediate Expert,cam01(fallback-no-best_exo),ERROR,Unknown,False
d33f338c-bebc-44a7-b3bb-17849a0fc068,uniandes_bouldering_037_49,Late Expert,cam03,"The climber in the video appears to be at an intermediate expert level based on the following observations:

* **Body Alignment:** The climber maintains good body alignment throughout the sequence, with their core engaged and their weight distributed evenly across their feet. This suggests that they have a solid understanding of proper climbing mechanics.

* **Movement Fluency:** The climber's movements appear fluid and controlled, indicating a high level of comfort and familiarity with the route. There are no abrupt or jerky motions, which further supports the idea that they are an intermediate expert.

* **Technical Precision:** The climber demonstrates technical precision by selecting appropriate holds and using them effectively. They also show good hand-eye coordination, as evidenced by their ability to reach for and grip the holds accurately.

Overall, the climber's technique is well-developed, but there may still be room for improvement in certain areas. For example, the climber could work on refining their footwork and developing a more efficient climbing style. However, given their current level of performance, it is reasonable to classify them as an intermediate expert.",Intermediate Expert,False
e0e7a1f3-3420-4ae2-88fb-666ac9d5cbdc,uniandes_bouldering_033_27,Late Expert,cam02,"The climber appears to be at the Intermediate Expert level based on the following observations:

* **Body Alignment:** The climber maintains good body alignment throughout the climb, with their core engaged and their weight distributed evenly across their feet. This suggests a high level of control and understanding of proper climbing mechanics.

* **Movement Fluency:** The climber's movements appear fluid and efficient, indicating a good level of technical proficiency. They are able to transition between holds smoothly without unnecessary hesitation or struggle.

* **Technical Precision:** The climber demonstrates a high degree of technical precision in their hand and foot placement, as well as their overall body positioning. They are able to select appropriate holds and maintain a strong grip, even when faced with challenging routes.

Overall, the climber's technique is consistent with that of someone who has been climbing for several years and has developed a solid foundation of skills and knowledge. However, there may still be room for improvement in certain areas, such as increasing speed or adding more variety to their climbing style.",Intermediate Expert,False
d2268823-4c4b-4036-b313-a27083db529d,uniandes_bouldering_037_2,Intermediate Expert,cam03,"The climber in the video appears to be at an intermediate expert level based on the following observations:

* **Body Alignment:** The climber maintains good body alignment throughout the climb, with their core engaged and their weight distributed evenly across their feet and hands. This suggests that they have a solid understanding of proper climbing mechanics.

* **Movement Fluency:** The climber's movements appear fluid and controlled, indicating a high level of comfort and familiarity with the route. They transition between holds smoothly without hesitation or unnecessary movements.

* **Technical Precision:** The climber demonstrates precise hand and foot placement, selecting the most efficient holds for each move. Their technique shows a good understanding of the route's difficulty and the best way to approach it.

Overall, the climber's technique and performance suggest that they have a strong foundation in climbing skills and are likely at an intermediate expert level. However, there may still be room for improvement in certain areas, such as increasing speed or efficiency, which could elevate them to late expert status.",Intermediate Expert,True
a237c7f1-4189-4f28-9a7d-233a976976d6,uniandes_bouldering_036_47,Late Expert,cam02,"The climber in the video appears to be at an intermediate expert level based on the following observations:

* **Body Alignment:** The climber maintains good body alignment throughout the climb, with proper posture and weight distribution. This suggests that they have a solid understanding of the mechanics involved in climbing and can effectively transfer their weight between different handholds and footholds.

* **Movement Fluency:** The climber demonstrates fluid and controlled movements as they navigate the wall. They appear to be comfortable with the route and are able to transition smoothly between different holds without hesitation or unnecessary movements. This indicates a high level of technical proficiency and experience.

* **Technical Precision:** The climber exhibits precise hand and foot placement, which is essential for maintaining balance and stability while climbing. They also demonstrate good use of body mechanics, such as using their core strength to generate power and control their movements. These factors suggest that the climber has a strong foundation in technical climbing skills.

Overall, the climber's body alignment, movement fluency, and technical precision indicate that they are likely an intermediate expert climber. However, it's important to note that this assessment is based on a limited number of frames, and further observation would be needed to make a more definitive judgment about the climber's skill level.",Intermediate Expert,False
3c519043-4e93-4f5e-b521-3b27c235c17c,uniandes_bouldering_024_6,Novice,cam02,"The climber in the video appears to be at an intermediate expert level based on the following observations:

* **Body Alignment:** The climber maintains good body alignment throughout the sequence, with their core engaged and their weight distributed evenly across their feet. This suggests that they have a solid understanding of proper climbing mechanics.

* **Movement Fluency:** The climber's movements appear fluid and controlled, indicating a high level of comfort and familiarity with the climbing wall. They transition between holds smoothly without hesitation or awkwardness.

* **Technical Precision:** The climber demonstrates precise hand placement and footwork, selecting appropriate holds for each move. Their technique shows a good grasp of the principles of climbing, such as using the correct handholds and footholds to maintain balance and momentum.

Overall, the climber's technique and performance suggest that they have developed a strong foundation in climbing skills and are likely comfortable tackling more challenging routes. However, there may still be room for improvement in certain areas, such as increasing their speed or developing more advanced techniques.",Intermediate Expert,False
ea71122a-5318-4c39-9207-10eb0fe6e668,uniandes_bouldering_025_14,Novice,cam01,"The climber in the video appears to be at an intermediate expert level based on the following observations:

* **Body Alignment:** The climber maintains good body alignment throughout the sequence, with their core engaged and their movements fluid. This suggests they have a solid understanding of proper climbing techniques.

* **Movement Fluency:** The climber's movements appear smooth and controlled, indicating a high level of comfort and familiarity with the climbing wall. They transition between holds with ease, suggesting they have developed a strong sense of rhythm and timing.

* **Technical Precision:** The climber demonstrates technical precision by selecting appropriate handholds and footholds, maintaining balance, and executing moves with accuracy. Their ability to maintain control while reaching for higher holds indicates a strong foundation in climbing skills.

Overall, the climber's technique and performance suggest they have reached an intermediate expert level in rock climbing. However, it's important to note that this assessment is based on a limited number of frames, and further observation would be needed to confirm their skill level more accurately.",Intermediate Expert,False
ef362c0f-063b-4aeb-af18-d15f0c0a949d,uniandes_bouldering_029_8,Early Expert,cam03,"The climber in the video appears to be at an intermediate expert level based on the following observations:

* **Body Alignment:** The climber maintains good body alignment throughout the sequence, with their core engaged and their weight distributed evenly across their feet. This suggests that they have a solid understanding of proper climbing mechanics.

* **Movement Fluency:** The climber's movements appear fluid and controlled, indicating a high level of comfort and familiarity with the route. They transition between holds smoothly without hesitation or unnecessary movements.

* **Technical Precision:** The climber demonstrates precise hand placement and footwork, selecting appropriate holds for each move. Their technique is consistent and well-executed, suggesting a strong foundation in climbing skills.

Overall, the climber's performance indicates an intermediate expert level of skill, as they exhibit a high degree of control, precision, and fluency while climbing. However, there may still be room for improvement in certain areas, such as increasing speed or exploring more challenging routes.",Intermediate Expert,False
74d47f9d-6264-4407-b9f0-9facc320c938,uniandes_bouldering_035_37,Early Expert,cam02,"Novice

The climber in the video appears to be a novice based on their body alignment and movement fluency. The climber's body is not aligned with the wall, which can lead to inefficient use of energy and increased risk of injury. Additionally, the climber's movements seem to lack fluidity and precision, indicating that they may not have developed the necessary skills for climbing yet.",Novice,False
297d0185-6f12-4664-b53c-c5fc4054d680,uniandes_bouldering_022_20,Intermediate Expert,cam04,"Novice

The climber's body alignment is not ideal as the knees are bent and the feet are not positioned correctly for climbing. The movement appears to be uncoordinated and lacks fluidity. Technical precision is also lacking as the climber seems to be struggling with the route and does not appear to have a clear plan or strategy. Overall, the climber's technique suggests that they are still in the early stages of learning and developing their skills.",Novice,False
368bcbb7-e89b-4fb5-8049-981c46c8250d,uniandes_bouldering_025_38,Early Expert,cam01(fallback-no-best_exo),ERROR,Unknown,False
599fccf2-b3c2-4eaf-95b2-0749fe66ef4c,uniandes_bouldering_027_114,Novice,cam03,"The climber appears to be at the Intermediate Expert level based on the following observations:

* **Body Alignment:** The climber maintains good body alignment throughout the sequence, with her core engaged and her weight distributed evenly across her feet. Her hips are slightly tucked in, which helps maintain stability and balance as she reaches for the next hold.

* **Movement Fluency:** The climber demonstrates fluid and controlled movements, transitioning smoothly between holds without hesitation or unnecessary movements. This suggests that she has developed a good sense of rhythm and timing, which is essential for efficient climbing.

* **Technical Precision:** The climber shows a high level of technical proficiency, as evidenced by her ability to select and reach for specific holds with precision. She also demonstrates good hand-eye coordination, as seen when she reaches for the next hold while maintaining a strong grip on the previous one.

Overall, the climber's technique is well-developed, and she appears to have a solid understanding of the fundamentals of climbing. However, there may still be room for improvement in certain areas, such as increasing her speed or developing more advanced techniques.",Intermediate Expert,False
947ac112-6848-49aa-8cac-aece95145e0d,uniandes_bouldering_026_72,Novice,cam01,"The climber in the video appears to be at an intermediate expert level based on the following observations:

* **Body Alignment:** The climber demonstrates good body alignment throughout the sequence. They maintain a strong core and proper posture while reaching for holds, which suggests they have a solid understanding of proper climbing techniques.

* **Movement Fluency:** The climber's movements appear fluid and controlled. There are no abrupt or jerky motions, indicating that they have developed a good sense of rhythm and timing in their climbing.

* **Technical Precision:** The climber shows a high level of technical precision by selecting appropriate handholds and footholds, as well as using their body weight effectively to maintain balance and momentum. They also demonstrate good hand-eye coordination when reaching for higher holds.

Overall, the climber's technique is consistent with someone who has been climbing for some time and has developed a good foundation in the sport. However, there may still be room for improvement in certain areas, such as increasing speed or adding more variety to their climbing style.",Intermediate Expert,False
4f3ad258-3d8e-430e-88be-d3f6d1db4e90,uniandes_bouldering_033_33,Intermediate Expert,cam02,"Novice

The climber in the video appears to be a novice based on their body alignment and movement fluency. The climber's body is not aligned with the wall, which can lead to inefficient use of energy and increased risk of injury. Additionally, the climber's movements appear to be somewhat stiff and uncoordinated, indicating a lack of technical precision. While the climber is making progress up the wall, there is room for improvement in terms of body positioning and movement fluidity.",Novice,False
00f50674-1f3c-4847-ab4a-fa2f0f113987,uniandes_bouldering_022_33,Novice,cam01,"Novice

The climber is not yet comfortable with the climbing wall and is still learning how to use it. The climber is not yet able to maintain proper body alignment while climbing, as they are leaning too far forward and not using their core muscles effectively. The climber also appears to be moving in a jerky manner, which indicates that they are not yet fluent in their movements. Additionally, the climber is not yet able to perform any technical moves or techniques, which suggests that they are still in the early stages of learning how to climb.",Novice,True
73853c96-b212-4c0c-840b-521bf4db7109,uniandes_bouldering_032_28,Intermediate Expert,cam02,"Novice

The climber is still learning the proper techniques for climbing and is not yet comfortable with the movements required to climb the wall. The climber's body alignment is not yet correct, as they are not using the proper hand and foot placement. The climber also appears to be moving slowly and not efficiently, which indicates that they are still developing their skills.",Novice,False
00e60518-37eb-47ea-bc82-eefa572ffc8c,uniandes_bouldering_029_65,Intermediate Expert,cam03,"The climber in the video appears to be at an intermediate expert level based on her body alignment, movement fluency, and technical precision.

* **Body Alignment:** The climber maintains good body alignment throughout the climb, with her core engaged and her weight distributed evenly across her feet. Her arms are extended when necessary, but she does not overextend them, which could lead to fatigue or injury. This suggests that she has a solid understanding of proper climbing mechanics.

* **Movement Fluency:** The climber's movements appear fluid and controlled, indicating that she has developed a good sense of rhythm and timing while climbing. She transitions between holds smoothly, and her footwork is precise, suggesting that she has practiced and refined her climbing skills.

* **Technical Precision:** The climber demonstrates technical precision by selecting appropriate holds and using her fingers effectively. She also shows good hand-eye coordination, as evidenced by her ability to reach for and grip the holds accurately. Her use of the crimp hold and the undercling hold indicates that she has a diverse range of techniques at her disposal.

Overall, the climber's body alignment, movement fluency, and technical precision suggest that she is an intermediate expert climber. However, it is important to note that this assessment is based on a limited number of frames, and further observation would be needed to confirm her skill level.",Intermediate Expert,True
2915318c-1440-4a50-aced-d39ddc433ffd,uniandes_bouldering_030_26,Late Expert,cam02,"Novice

The climber's body alignment is not ideal as the climber's back is not straight and the climber's knees are bent. The climber's movement is not fluent as the climber's movements appear to be slow and deliberate. The climber's technical precision is also lacking as the climber is not using the holds effectively and appears to be struggling with the climb.",Novice,False
8eba5dea-598c-4884-a242-493868d74b9a,uniandes_bouldering_033_12,Late Expert,cam02,"The climber appears to be a novice or early expert based on the following observations:

* **Body Alignment:** The climber's body alignment seems to be off as they are not using the full range of their body to grip the holds. Their torso is leaning forward and their legs are not fully extended, which can lead to instability and a higher risk of falling.
* **Movement Fluency:** The climber's movements appear to be somewhat hesitant and uncoordinated. They seem to be struggling with finding the right handholds and footholds, which suggests that they may not have much experience with indoor rock climbing.
* **Technical Precision:** The climber's technique is not very precise. They are not using the correct hand and foot placement for each hold, which can make it difficult to maintain balance and progress up the wall.

Overall, the climber's technique and body alignment suggest that they are still in the early stages of learning how to climb and would benefit from more practice and instruction.",Novice,False
515cb254-42d5-4107-bf65-f17eb654d6b2,uniandes_bouldering_025_81,Novice,cam02,"The climber in the video appears to be at an intermediate expert level based on the following observations:

* **Body Alignment:** The climber maintains good body alignment throughout the sequence. They are able to distribute their weight evenly across their feet and maintain a stable base with their legs. Their core is engaged, which helps them maintain balance and control while reaching for holds.

* **Movement Fluency:** The climber demonstrates fluid and controlled movements as they transition between different holds. They are able to smoothly shift their weight and adjust their body position to reach new holds without hesitation or awkwardness.

* **Technical Precision:** The climber exhibits a high level of technical precision in their climbing technique. They are able to select appropriate holds and use them effectively to progress up the wall. They also demonstrate good hand-eye coordination and the ability to read the wall and plan their next move.

Overall, the climber's technique is well-developed and efficient, indicating that they have likely been climbing for some time and have gained significant experience. However, there may still be room for improvement in certain areas, such as increasing their speed or developing more advanced techniques.",Intermediate Expert,False
b39b5e50-0271-42f2-a6ad-e9a3973f6f59,uniandes_bouldering_027_58,Novice,cam03,"Novice

The climber appears to be in the early stages of learning how to climb and is not yet comfortable with the techniques required for climbing. The climber's body alignment is not yet correct, as they are not using the proper hand and foot placement. Their movement is also not fluent, as they appear to be struggling with the climbing wall. Additionally, their technical precision is lacking, as they are not yet able to perform the necessary climbing moves with accuracy.",Novice,True
ded44860-08c8-48a6-bdc1-6fed5fbb2ca8,uniandes_bouldering_034_21,Early Expert,cam02,"Novice

The climber in the video appears to be a novice based on their body alignment and movement fluency. The climber's body is not aligned with the wall, which can lead to inefficient use of energy and increased risk of injury. Additionally, the climber's movements seem to lack fluidity and precision, indicating that they may not have developed the necessary skills for climbing yet.",Novice,False
78eb1fd3-fd40-45b2-a322-75bf823917ce,uniandes_bouldering_034_8,Early Expert,cam03,"Novice

The climber appears to be in the early stages of learning how to climb and is not yet comfortable with the techniques required for climbing. The climber's body alignment is not yet correct, as they are not using the proper hand and foot placement. Their movement is also not fluent, as they appear to be struggling with the climbing route. Additionally, their technical precision is lacking, as they are not yet able to perform the necessary moves with accuracy.",Novice,False
4d46b132-1c9e-404d-86fd-f7fc1dd4c320,uniandes_bouldering_034_65,Early Expert,cam02,"The climber in the video appears to be at an intermediate expert level based on the following observations:

* **Body Alignment:** The climber maintains good body alignment throughout the sequence, with proper posture and weight distribution. This suggests a level of familiarity with the climbing techniques required for this route.

* **Movement Fluency:** The climber's movements appear fluid and controlled, indicating a high degree of proficiency in executing the necessary climbing maneuvers. There are no signs of hesitation or awkwardness in their actions.

* **Technical Precision:** The climber demonstrates technical precision by selecting appropriate handholds and footholds, as well as maintaining a secure grip and foot placement. The use of the crimp grip and the transition between holds are executed with confidence.

Overall, the climber's technique and performance suggest that they have developed a solid foundation in climbing skills and are capable of executing complex routes with a high degree of accuracy and control. However, there may still be room for improvement in certain aspects of their technique, such as footwork and body positioning, which could elevate their skill level to late expert status.",Intermediate Expert,False
503cc92d-7052-44ff-a21d-da6c4a5d6927,uniandes_bouldering_028_52,Intermediate Expert,cam03,"The climber appears to be a novice or early expert based on the following observations:

* **Body Alignment:** The climber's body alignment seems off as they are not using the wall effectively. Their feet are not positioned correctly, and their body is not aligned with the climbing line. This suggests that they may still be learning proper body positioning for climbing.
* **Movement Fluency:** The climber's movements appear to be somewhat hesitant and uncoordinated. They seem to be struggling with finding the right handholds and footholds, which indicates that they may not have much experience in climbing.
* **Technical Precision:** The climber's technique is not precise, as they are not using the holds efficiently. They are not using their fingers and hands properly, and their foot placement is not correct. This suggests that they may still be developing their technical skills.

Overall, the climber's technique and body alignment suggest that they are at a novice or early expert level. They need more practice and guidance to improve their skills and become more proficient climbers.",Novice,False
490ba87f-dec2-421d-89ae-365b07059004,uniandes_bouldering_029_74,Early Expert,cam03,"The climber appears to be at the Intermediate Expert level based on the following observations:

* **Body Alignment:** The climber maintains good body alignment throughout the sequence, with their core engaged and their weight distributed evenly across their feet. This suggests they have a solid understanding of proper climbing mechanics.

* **Movement Fluency:** The climber's movements appear fluid and controlled, indicating a high level of comfort and familiarity with the route. They transition between holds smoothly without hesitation or unnecessary movements.

* **Technical Precision:** The climber demonstrates precise hand placement and footwork, selecting appropriate holds for each move. Their technique is consistent and well-executed, suggesting a strong foundation in climbing skills.

Overall, the climber's performance indicates a high level of skill and experience, but there may still be room for improvement in certain areas (e.g., speed or style). Therefore, I would classify them as an Intermediate Expert.",Intermediate Expert,False
55a046e6-11d2-4860-a2a4-305e84f87c95,uniandes_bouldering_032_75,Intermediate Expert,cam03,"The climber appears to be at the Intermediate Expert level based on the following observations:

* **Body Alignment:** The climber maintains good body alignment throughout the sequence, with their core engaged and their weight distributed evenly across their feet. This suggests they have a solid understanding of proper climbing mechanics.

* **Movement Fluency:** The climber's movements appear fluid and controlled, indicating a high level of comfort and familiarity with the route. They transition between holds smoothly without hesitation or unnecessary movements.

* **Technical Precision:** The climber demonstrates precise hand placement and footwork, selecting appropriate holds for each step of the climb. Their technique is consistent and well-executed, suggesting a strong foundation in climbing skills.

Overall, the climber's performance indicates a high level of skill and experience, but there may still be room for improvement in certain areas (e.g., speed, power). Therefore, I would classify the climber as an Intermediate Expert.",Intermediate Expert,True
20339f53-7bb2-4b2f-9829-8b1317c7aefe,uniandes_bouldering_034_37,Early Expert,cam02,"The climber appears to be at the Intermediate Expert level based on the following observations:

* **Body Alignment:** The climber maintains good body alignment throughout the sequence, with their core engaged and their weight distributed evenly across their feet. This suggests they have a solid understanding of proper climbing mechanics.

* **Movement Fluency:** The climber's movements appear fluid and controlled, indicating a high level of comfort and familiarity with the route. They transition between holds smoothly without hesitation or awkwardness.

* **Technical Precision:** The climber demonstrates precise hand placement and footwork, selecting appropriate holds and maintaining a strong grip. Their technique is consistent and well-executed, suggesting a strong foundation in climbing skills.

Overall, the climber's performance indicates a high level of skill and experience, but there may still be room for improvement in certain areas. For example, the climber could work on increasing their speed and efficiency while maintaining technical precision. Additionally, they might benefit from practicing more challenging routes to further develop their climbing abilities.",Intermediate Expert,False
e5342798-15e1-496a-877e-599c41e661d2,uniandes_bouldering_030_61,Late Expert,cam02,"Novice

The climber appears to be in the early stages of learning how to climb and is not yet comfortable with the techniques required for climbing. The climber's body alignment is not yet correct, as they are not using the proper hand and foot placement. Their movement is also not fluent, as they appear to be struggling with the climbing wall. Additionally, their technical precision is lacking, as they are not yet able to use the holds effectively.",Novice,False
13187fc4-b19c-44c2-96c4-d6516e80e8c6,uniandes_bouldering_022_49,Novice,cam01,"Novice

The climber appears to be in the early stages of learning how to climb and is not yet comfortable with the movements required for climbing. The body alignment is not correct as the climber is leaning too far back and not using her legs effectively. The movement is not fluent and the climber seems to be struggling with the technical precision needed to climb the wall.",Novice,True
541fd573-8687-496a-8351-aa30f2524bd3,uniandes_bouldering_022_13,Novice,cam01,"Novice

The climber is not yet comfortable with the climbing wall and is still learning how to use it. The climber is not yet able to climb up the wall without falling down. The climber is not yet able to climb up the wall without using their hands and feet. The climber is not yet able to climb up the wall without using their arms and legs. The climber is not yet able to climb up the wall without using their body weight. The climber is not yet able to climb up the wall without using their body weight. The climber is not yet able to climb up the wall without using their body weight. The climber is not yet able to climb up the wall without using their body weight. The climber is not yet able to climb up the wall without using their body weight. The climber is not yet able to climb up the wall without using their body weight. The climber is not yet able to climb up the wall without using their body weight. The climber is not yet able to climb up the wall without using their body weight. The climber is not yet able to climb up the wall without using their body weight. The climber is not yet able to climb up the wall without using their body weight. The climber is not yet able to climb up the wall without using their body weight. The climber is not yet able to climb up the wall without using their body weight. The climber is not yet able",Novice,True
daebd508-2c03-4304-ad6e-44be5672755c,uniandes_bouldering_028_34,Intermediate Expert,cam03,"The climber in the video appears to be at an intermediate expert level based on the following observations:

* **Body Alignment:** The climber maintains good body alignment throughout the sequence. They are able to distribute their weight effectively and maintain proper posture while reaching for holds. This suggests that they have a solid understanding of fundamental climbing techniques.

* **Movement Fluency:** The climber demonstrates fluid and controlled movements as they transition between different holds. Their actions appear deliberate and purposeful, indicating a high level of comfort and familiarity with the climbing wall. However, there may still be room for improvement in terms of efficiency and economy of motion.

* **Technical Precision:** The climber exhibits strong technical precision in their hand placement and footwork. They are able to select appropriate holds and make efficient use of their fingers and toes. However, there might be opportunities for further refinement in their technique, such as improving their grip strength or optimizing their body position for better leverage.

Overall, the climber's performance indicates a high level of skill and experience in climbing. They demonstrate a strong foundation in basic techniques and exhibit a high degree of control and precision. However, there may still be room for improvement in terms of movement fluency and technical refinement.",Intermediate Expert,True
da19130e-ef5e-4255-9080-f714a618f934,uniandes_bouldering_030_29,Late Expert,cam01(fallback-no-best_exo),"Novice

The climber in the video appears to be a novice based on their body alignment and movement fluency. The climber's body is not aligned with the wall, which can lead to inefficient use of energy and increased risk of injury. Additionally, the climber's movements appear to be somewhat stiff and uncoordinated, indicating a lack of technical precision. While the climber is making progress up the wall, there is room for improvement in terms of body positioning and movement fluidity.",Novice,False
5a87d794-6b64-4287-b212-5142aefeefa2,uniandes_bouldering_032_21,Intermediate Expert,cam02,"Novice

The climber in the video appears to be a novice based on their body alignment and movement fluency. The climber's movements seem uncoordinated and lack fluidity, indicating that they may not have much experience with rock climbing. Additionally, the climber's technical precision seems to be lacking as well, which is another indicator of a novice level of skill.",Novice,False
efe3c403-3719-4276-b1b1-0492f93a8397,uniandes_bouldering_023_44,Novice,cam01,"Novice

The climber is not yet comfortable with the climbing wall and is still learning how to use it. The climber is not yet able to climb up the wall without assistance or guidance. The climber is not yet able to perform the climbing movements with ease and fluency. The climber is not yet able to perform the climbing movements with technical precision.",Novice,True
2aaaca24-108a-437e-ab9a-bc3e8d65fcdf,uniandes_bouldering_024_60,Novice,cam03,"The climber in the video appears to be at an intermediate expert level based on the following observations:

1. **Body Alignment**: The climber maintains good body alignment throughout the sequence. They are using their core strength effectively to stabilize themselves and transfer weight efficiently between their feet and hands. This indicates a high level of control and understanding of proper climbing mechanics.

2. **Movement Fluency**: The movements appear fluid and purposeful. There is no hesitation or unnecessary motion, suggesting that the climber has a good grasp of the route and is executing it with confidence. The transitions between hand and foot placements are smooth, which is characteristic of someone who has practiced and refined their technique.

3. **Technical Precision**: The climber demonstrates precise hand and foot placement, selecting the most suitable holds for each step. They also show good use of body positioning to maximize leverage and efficiency. The ability to make these choices quickly and accurately is indicative of intermediate expertise.

Overall, the climber's consistent form, fluid movements, and technical proficiency suggest they have reached an intermediate expert level. However, without seeing more advanced routes or climbs, it's difficult to determine if they are approaching late expert territory.",Intermediate Expert,False
7b7365da-5cef-4fbc-8c9b-ab2987fddf0f,uniandes_bouldering_025_16,Novice,cam01,"Novice

The climber appears to be in the early stages of learning how to climb and is not yet comfortable with the techniques required for climbing. The climber's body alignment is not correct, as they are not using the proper hand and foot placement on the holds. Their movement is also not fluent, as they appear to be struggling to maintain balance and control while climbing. Additionally, there is no evidence of technical precision, as the climber is not yet able to execute the necessary techniques with accuracy.",Novice,True
aaf0d082-a972-4620-a1e9-5699023c9c77,uniandes_bouldering_022_62,Intermediate Expert,cam02,"The climber in the video appears to be at an intermediate expert level based on the following observations:

* **Body Alignment:** The climber maintains good body alignment throughout the sequence, with her core engaged and her weight distributed evenly across her feet. Her hips are slightly tucked, which helps maintain stability and balance while climbing.

* **Movement Fluency:** The climber demonstrates fluid and controlled movements as she ascends the wall. She transitions smoothly between holds and uses her arms and legs effectively to maintain momentum and progress upward. Her movements appear well-coordinated, suggesting a high level of practice and familiarity with the climbing techniques.

* **Technical Precision:** The climber exhibits strong technical precision in her climbing style. She selects appropriate handholds and footholds, ensuring that each move is deliberate and purposeful. Her grip strength and foot placement are consistent, indicating a solid understanding of the principles of climbing mechanics. Additionally, she appears to be using proper climbing techniques, such as the use of the inside-outside footwork and the correct way to reach for holds.

Overall, the climber's technique and performance suggest that she has a good grasp of the fundamentals of climbing and has likely been practicing for some time. However, there may still be room for improvement in certain areas, such as increasing her speed or developing more advanced climbing skills.",Intermediate Expert,True
3f60a7dd-d004-4842-bdd0-2e112f554cd9,uniandes_bouldering_035_21,Early Expert,cam03,"The climber appears to be at the Intermediate Expert level based on the following observations:

* **Body Alignment:** The climber maintains good body alignment throughout the sequence, with their core engaged and their weight distributed evenly across their feet. This suggests they have a solid understanding of proper climbing mechanics.

* **Movement Fluency:** The climber's movements appear fluid and controlled, indicating a high level of comfort and familiarity with the route. They transition between holds smoothly without unnecessary hesitation or awkwardness.

* **Technical Precision:** The climber demonstrates precise hand placement and footwork, consistently using the correct holds for each move. They also show good use of body mechanics, such as reaching out to grab a hold while maintaining balance and stability.

Overall, the climber's technique is well-developed and efficient, suggesting that they have a strong foundation in climbing skills and experience. However, there may still be room for improvement in certain areas, such as increasing speed or adding more variety to their routes.",Intermediate Expert,False
34c5de08-c113-4213-82e0-50a6751d794b,uniandes_bouldering_036_48,Late Expert,cam02,"The climber appears to be at the Intermediate Expert level based on the following observations:

* **Body Alignment:** The climber maintains good body alignment throughout the sequence, with proper posture and weight distribution. This suggests a level of familiarity with the climbing techniques required for this route.

* **Movement Fluency:** The climber's movements appear fluid and controlled, indicating a high degree of proficiency in executing the necessary climbing maneuvers. There are no signs of hesitation or awkwardness in their actions.

* **Technical Precision:** The climber demonstrates precise hand and foot placement, as well as effective use of the climbing holds. This level of technical precision is indicative of someone who has developed a strong understanding of the specific climbing techniques required for this route.

Overall, the climber's technique and performance suggest that they have reached an intermediate level of expertise in rock climbing. They exhibit a good balance between body alignment, movement fluency, and technical precision, which are essential components of advanced climbing skills.",Intermediate Expert,False
783a070b-d9ca-4273-bb9d-0f6ad5939d60,uniandes_bouldering_023_11,Intermediate Expert,cam01(fallback-no-best_exo),ERROR,Unknown,False
4f53ded9-6a79-4ea0-bc28-f93981f4db82,uniandes_bouldering_029_9,Early Expert,cam03,"The climber in the video appears to be at an intermediate expert level based on the following observations:

* **Body Alignment:** The climber maintains good body alignment throughout the sequence, with their core engaged and their weight distributed evenly across their feet. This suggests that they have a solid understanding of proper climbing mechanics.

* **Movement Fluency:** The climber's movements appear fluid and controlled, indicating a high level of comfort and familiarity with the route. There are no abrupt or jerky motions, which further supports the idea that they are an intermediate expert.

* **Technical Precision:** The climber demonstrates technical precision by selecting appropriate holds and using them effectively. They also show good hand-eye coordination, as evidenced by their ability to reach for and grip the holds accurately.

Overall, the climber's technique is well-developed, but there may still be room for improvement in certain areas. For example, the climber could work on increasing their speed and power to become even more fluent in their movements. Additionally, they might benefit from refining their footwork and developing a stronger sense of balance. With continued practice and focused training, the climber has the potential to advance to a late expert level.",Intermediate Expert,False
7ddc0933-b409-4c1d-96e6-0ecce0d68d9a,uniandes_bouldering_026_22,Novice,cam02,"The climber in the video appears to be at an intermediate expert level based on their body alignment, movement fluency, and technical precision.

Body Alignment:
The climber maintains good body alignment throughout the climb, with their core engaged and their weight distributed evenly across their feet. They are able to maintain a straight line from their head to their feet, which is essential for efficient climbing.

Movement Fluency:
The climber's movements are fluid and controlled, indicating a high level of technical proficiency. They are able to transition between holds smoothly and efficiently, without any noticeable hesitation or struggle.

Technical Precision:
The climber demonstrates excellent technical precision, as evidenced by their ability to select the correct holds and execute complex moves with ease. They are able to maintain a strong grip on each hold and adjust their body position accordingly, ensuring that they can reach the next hold with confidence.

Overall, the climber's technique suggests that they have a solid foundation in climbing skills and are well on their way to becoming a late expert climber. However, there may still be room for improvement in certain areas, such as increasing their speed and power, or refining their technique on more challenging routes.",Intermediate Expert,False
06846813-9b38-4177-9caa-2fdef34bd868,uniandes_bouldering_027_87,Novice,cam01(fallback-no-best_exo),"The climber in the video appears to be a novice or early expert based on their body alignment and movement fluency. The climber's body alignment seems to be off as they are not maintaining proper posture while climbing. Their movement also appears to be somewhat stiff and ungraceful, which suggests that they may not have much experience with rock climbing. Additionally, there is no indication of technical precision in their movements, which further supports the idea that they are still developing their skills. Overall, it seems like the climber is still in the early stages of learning how to climb and would benefit from more practice and instruction.",Novice,True
ab2d04c4-9952-4554-8047-f624b7703523,uniandes_bouldering_036_60,Intermediate Expert,cam02,"The climber in the video appears to be at an intermediate expert level based on the following observations:

* **Body Alignment:** The climber maintains good body alignment throughout the climb, with proper posture and weight distribution. This suggests that they have a solid understanding of the mechanics involved in rock climbing.

* **Movement Fluency:** The climber's movements appear fluid and controlled, indicating a high level of comfort and familiarity with the climbing wall. They transition between holds smoothly without hesitation or awkwardness.

* **Technical Precision:** The climber demonstrates precise hand and foot placement, selecting appropriate holds for each move. They also show good use of body mechanics, such as using their core strength to maintain balance and power.

Overall, the climber's technique is well-developed, but there may still be room for improvement in certain areas. For example, the climber could work on increasing their speed and efficiency while maintaining control. Additionally, they might benefit from practicing more challenging routes to further develop their technical skills.",Intermediate Expert,True
55c0fbdf-e83e-44b2-ae04-a05cd1ac227e,uniandes_bouldering_032_66,Late Expert,cam03,"The climber appears to be at the Intermediate Expert level based on the following observations:

* **Body Alignment:** The climber maintains good body alignment throughout the climb, with their core engaged and their weight distributed evenly across their feet. This suggests a high level of control and understanding of proper climbing mechanics.

* **Movement Fluency:** The climber's movements appear fluid and efficient, indicating a good level of technical proficiency. They are able to transition between holds smoothly without unnecessary hesitation or struggle.

* **Technical Precision:** The climber demonstrates a high degree of technical precision in their hand placement and footwork. They are able to select appropriate holds and maintain a strong grip, even when faced with challenging routes.

Overall, the climber's technique is well-developed and consistent, suggesting that they have a solid foundation in climbing skills and are likely comfortable tackling intermediate-level routes. However, there may still be room for improvement in certain areas, such as increasing their speed or developing more advanced techniques for specific types of climbs.",Intermediate Expert,False
50b31b18-a540-4294-9e4a-6a1d2007b872,uniandes_bouldering_024_54,Late Expert,cam01(fallback-no-best_exo),ERROR,Unknown,False
54e52179-7f03-4a57-9b5b-bc526a89a33b,uniandes_bouldering_026_26,Intermediate Expert,cam03,"The climber in the video appears to be at an intermediate expert level based on her body alignment, movement fluency, and technical precision.

Here's my reasoning:

* **Body Alignment:** The climber maintains good body alignment throughout the sequence. She keeps her core engaged, which helps with stability and power. Her hips are slightly tucked, and her knees are bent, allowing for efficient movement up the wall. Her arms are extended when reaching for holds, indicating proper arm positioning.

* **Movement Fluency:** The climber demonstrates fluid and controlled movements. She transitions smoothly between holds, maintaining momentum and balance. Her footwork is precise, and she efficiently shifts her weight to reach new holds. There are no abrupt or jerky movements that would suggest a lack of fluency.

* **Technical Precision:** The climber exhibits strong technical proficiency. She selects appropriate holds and uses them effectively. Her hand placement is accurate, and she avoids overreaching or using inappropriate holds. Her climbing style appears to be well-rounded, incorporating various techniques such as finger jams, crimps, and undercling holds. She also shows good use of her body weight, applying it strategically to maintain control and leverage.

Overall, the climber's technique is consistent with an intermediate expert level. She has a solid foundation in body alignment, movement fluency, and technical precision, but there may still be room for improvement in certain areas. With continued practice and experience, she could potentially advance to a late expert level.",Intermediate Expert,True
823628bf-e32c-4b93-9ec2-0c615eb6a999,uniandes_bouldering_024_32,Novice,cam02,"The climber in the video appears to be at an intermediate expert level based on the following observations:

* **Body Alignment:** The climber maintains good body alignment throughout the climb, with their core engaged and their weight distributed evenly across their feet. This suggests that they have a solid understanding of proper climbing mechanics.

* **Movement Fluency:** The climber's movements appear fluid and controlled, indicating a high level of comfort and familiarity with the route. They are able to transition between holds smoothly without hesitation or unnecessary movements.

* **Technical Precision:** The climber demonstrates strong technical precision by selecting appropriate handholds and footholds, as well as maintaining a consistent grip and foot placement. Their ability to read the wall and make informed decisions about their next move is evident.

Overall, the climber's technique is well-developed, and they exhibit a high degree of skill and confidence in their climbing abilities. However, there may still be room for improvement in certain areas, such as increasing their speed or exploring more challenging routes.",Intermediate Expert,False
03cee26b-3f48-435c-a617-db1130410157,uniandes_bouldering_023_2,Early Expert,cam01,"Novice

The climber in the video appears to be a novice based on her body alignment and movement fluency. Her body is not aligned with the wall, and she seems to be struggling with the technical precision required for climbing. Her movements appear to be slow and uncoordinated, which suggests that she may not have much experience with rock climbing.",Novice,False
67afb15d-7cde-4c6d-8826-2fb9b9192b61,uniandes_bouldering_026_23,Novice,cam01,"The climber in the video appears to be at an intermediate expert level based on the following observations:

* **Body Alignment:** The climber demonstrates good body alignment throughout the climb. Her feet are positioned correctly for each hold, and her body remains relatively straight as she ascends. This suggests that she has a solid understanding of proper climbing techniques.

* **Movement Fluency:** While the climber's movements are generally smooth, there are some instances where her movements appear slightly stiff or awkward. For example, in Frame 4, she seems to struggle with finding the right handhold, which could indicate a lack of familiarity with the specific route or a need for more practice.

* **Technical Precision:** The climber shows a high level of technical precision, particularly in her use of the holds. She consistently places her feet and hands accurately, demonstrating a strong grasp of the fundamental climbing skills required for this route.

Overall, the climber's technique is well-developed, but there is room for improvement in terms of movement fluency. With continued practice and exposure to different routes, she may be able to refine her movements and achieve a higher level of expertise.",Intermediate Expert,False
2d440a5d-6f5d-447f-b0d7-5227df11da5f,uniandes_bouldering_022_72,Novice,cam03,"Novice

The climber appears to be in the early stages of learning how to climb and is not yet comfortable with the techniques required for climbing. The climber's body alignment is not yet correct, as they are not using the proper hand and foot placement. Their movement is also not fluent, as they appear to be struggling with the climbing route. Additionally, their technical precision is lacking, as they are not yet able to use the holds effectively.",Novice,True
68308e20-76b7-4878-af8f-62e74c08e6d3,uniandes_bouldering_036_50,Late Expert,cam02,"The climber in the video appears to be at an intermediate expert level based on the following observations:

* **Body Alignment:** The climber maintains good body alignment throughout the climb, with proper posture and weight distribution. This suggests that they have a solid understanding of the mechanics involved in climbing and can adapt their body position to different holds and angles.

* **Movement Fluency:** The climber's movements appear fluid and controlled, indicating a high level of comfort and familiarity with the climbing wall. They transition between holds smoothly and efficiently, suggesting that they have developed a good sense of rhythm and timing.

* **Technical Precision:** The climber demonstrates technical precision by selecting appropriate holds and using them effectively. They also show good hand-eye coordination, as evidenced by their ability to reach for and grip various holds accurately.

Overall, the climber's technique and performance suggest that they have a strong foundation in climbing skills and are likely at an intermediate expert level. However, it's important to note that this assessment is based on a limited number of frames, so a more comprehensive evaluation would require observing the climber over a longer period or in a variety of climbing scenarios.",Intermediate Expert,False
cddea26a-1eac-4176-a541-fa38ca70a214,uniandes_bouldering_033_45,Late Expert,cam02,"The climber in the video appears to be at an intermediate expert level based on the following observations:

* **Body Alignment:** The climber maintains good body alignment throughout the sequence, with their core engaged and their weight distributed evenly across their feet. This suggests that they have a solid understanding of proper climbing mechanics.

* **Movement Fluency:** The climber's movements appear fluid and controlled, indicating a high level of comfort and familiarity with the route. They transition between holds smoothly without hesitation or unnecessary movements.

* **Technical Precision:** The climber demonstrates precise hand placement and footwork, selecting appropriate holds and maintaining a strong grip. Their technique is consistent and well-executed, suggesting a high level of skill and experience.

Overall, the climber's technique and performance indicate that they are likely an intermediate expert climber. While there may still be room for improvement, their overall form and execution suggest a strong foundation in climbing skills.",Intermediate Expert,False
53b52ea1-d45a-428e-989a-0afbd8914588,uniandes_bouldering_032_2,Late Expert,cam02,"Novice

The climber in the video appears to be a novice as they are still learning how to climb and are not yet able to perform the activity with much fluency or technical precision. The climber is still trying to find their way up the wall and is not yet able to move smoothly and efficiently.",Novice,False
fe9cc639-8550-4f4b-bb1b-b6474dc740d9,uniandes_bouldering_022_5,Intermediate Expert,cam01(fallback-no-best_exo),ERROR,Unknown,False
6cc51836-6b79-4921-9024-d351486ad88c,uniandes_bouldering_033_55,Intermediate Expert,cam02,"Novice

The climber in the video appears to be a novice based on their body alignment and movement fluency. The climber's body is not aligned with the wall, which can lead to inefficient use of energy and increased risk of injury. Additionally, the climber's movements appear to be somewhat stiff and uncoordinated, indicating a lack of technical precision. While the climber has made some progress up the wall, there is still room for improvement in terms of body positioning and movement fluidity.",Novice,False
14e3d506-966c-4775-9499-e800ff752938,uniandes_bouldering_036_57,Intermediate Expert,cam02,"The climber in the video appears to be at an intermediate expert level based on the following observations:

* **Body Alignment:** The climber maintains good body alignment throughout the sequence, with their core engaged and their weight distributed evenly across their feet. This suggests that they have a solid understanding of proper climbing mechanics.

* **Movement Fluency:** The climber's movements appear fluid and controlled, indicating a high level of comfort and familiarity with the climbing wall. They transition between holds smoothly without hesitation or awkwardness.

* **Technical Precision:** The climber demonstrates precise hand placement and footwork, selecting appropriate holds for each move. Their technique shows a good grasp of the principles of climbing, such as using the correct body position and maintaining balance.

Overall, the climber's technique and performance suggest that they have reached an intermediate expert level in rock climbing. However, it's important to note that this assessment is based on a limited number of frames, and further observation would be needed to confirm their skill level more accurately.",Intermediate Expert,True
50a1d087-699a-4b98-a8d3-1c1b9adae130,uniandes_bouldering_037_52,Late Expert,cam03,"The climber in the video appears to be at an intermediate expert level based on the following observations:

* **Body Alignment:** The climber maintains good body alignment throughout the climb, with their body positioned close to the wall and their weight distributed evenly across their feet. This suggests that they have a solid understanding of proper climbing techniques.

* **Movement Fluency:** The climber's movements appear fluid and controlled, indicating a high level of comfort and familiarity with the route. They transition between holds smoothly without hesitation or unnecessary movements.

* **Technical Precision:** The climber demonstrates precise hand and foot placement, selecting the most appropriate holds for each move. They also show good body positioning, using their core strength to maintain balance and control.

Overall, the climber's technique is well-developed, but there may still be room for improvement in certain areas. For example, the climber could work on increasing their speed and efficiency on easier routes to further develop their movement fluency. Additionally, they might benefit from practicing more challenging routes to continue refining their technical precision.",Intermediate Expert,False
b0e3de53-17af-438a-80f5-7bbb2fed0125,uniandes_bouldering_026_21,Novice,cam01,"The climber in the video appears to be at an intermediate expert level based on the following observations:

* **Body Alignment:** The climber maintains good body alignment throughout the climb, with proper posture and weight distribution. This suggests that they have a solid understanding of the mechanics involved in climbing and can effectively transfer their weight between their feet and hands.

* **Movement Fluency:** The climber's movements appear fluid and controlled, indicating a high level of comfort and familiarity with the climbing wall. They are able to transition smoothly between different holds and maintain a consistent pace.

* **Technical Precision:** The climber demonstrates technical precision by selecting appropriate handholds and footholds, as well as using their body effectively to navigate the wall. They also show good hand-eye coordination, which is essential for successful climbing.

Overall, the climber's technique and performance suggest that they have a strong foundation in climbing and are likely at an intermediate expert level. However, it's important to note that this assessment is based on a limited number of frames, so a more comprehensive evaluation would require observing the climber over a longer period of time.",Intermediate Expert,False
8d755767-c021-4782-8374-93f46af70075,uniandes_bouldering_031_30,Late Expert,cam01(fallback-no-best_exo),ERROR,Unknown,False
103eefc6-4c85-4d2f-877a-c56458767c63,uniandes_bouldering_036_12,Intermediate Expert,cam02,"The climber in the video appears to be at an intermediate expert level based on the following observations:

* **Body Alignment:** The climber maintains good body alignment throughout the climb, with their core engaged and their weight distributed evenly across their feet. This suggests that they have a solid understanding of proper climbing mechanics.

* **Movement Fluency:** The climber's movements appear fluid and controlled, indicating a high level of comfort and familiarity with the route. They transition between holds smoothly without hesitation or unnecessary movements.

* **Technical Precision:** The climber demonstrates precise hand and foot placement, selecting the most efficient holds for each move. They also show good use of body mechanics, such as using their hips to generate power and their core to maintain stability.

Overall, the climber's technique is well-developed, but there may still be room for improvement in certain areas, such as increasing their speed or adding more variety to their climbing style. However, given their current level of performance, it is reasonable to classify them as an intermediate expert.",Intermediate Expert,True
f994a8f3-14ff-418d-b7f4-239c1a07f06d,uniandes_bouldering_025_52,Late Expert,cam01(fallback-no-best_exo),ERROR,Unknown,False
b437ad8d-7d90-48b9-84ef-46e6db4a58da,uniandes_bouldering_029_28,Early Expert,cam03,"The climber in the video appears to be at an intermediate expert level based on the following observations:

* **Body Alignment:** The climber maintains good body alignment throughout the sequence, with their core engaged and their weight distributed evenly across their feet. This suggests that they have a solid understanding of proper climbing mechanics.

* **Movement Fluency:** The climber's movements appear fluid and controlled, indicating a high level of comfort and familiarity with the route. There are no abrupt or jerky motions, which further supports the idea that they are an intermediate expert.

* **Technical Precision:** The climber demonstrates technical precision by selecting appropriate holds and using their fingers effectively. They also show good hand-eye coordination, as evidenced by their ability to reach for and grip various holds accurately.

Overall, the climber's technique is well-developed, but there may still be room for improvement in certain areas. For example, the climber could work on increasing their speed and efficiency while maintaining control. Additionally, they might benefit from practicing more challenging routes to continue pushing their limits and refining their skills.",Intermediate Expert,False
08dc1e90-e64a-4420-a773-574758117821,uniandes_bouldering_027_2,Intermediate Expert,cam03,"The climber in the video appears to be at an intermediate expert level based on the following observations:

* **Body Alignment:** The climber maintains good body alignment throughout the sequence, with their core engaged and their weight distributed evenly across their feet. This suggests that they have a solid understanding of proper climbing mechanics.

* **Movement Fluency:** The climber's movements appear fluid and controlled, indicating a high level of comfort and familiarity with the climbing wall. They transition between holds smoothly without hesitation or awkwardness.

* **Technical Precision:** The climber demonstrates precise hand placement and footwork, selecting appropriate holds for each move. Their technique is consistent and well-executed, suggesting a strong foundation in climbing skills.

Overall, the climber's performance indicates an intermediate level of expertise, as they exhibit a good balance of body alignment, movement fluency, and technical precision. However, there may still be room for improvement in certain areas, such as increasing speed or adding more variety to their climbing style.",Intermediate Expert,True
e5c4c6aa-f142-4b45-bb12-97e312cb20fd,uniandes_bouldering_028_24,Early Expert,cam03,"The climber appears to be at the Intermediate Expert level based on the following observations:

* **Body Alignment:** The climber maintains good body alignment throughout the sequence, with their core engaged and their movements fluid. This suggests they have a solid understanding of proper climbing techniques.

* **Movement Fluency:** The climber's movements appear smooth and controlled, indicating a high level of comfort and familiarity with the route. They transition between holds with ease, suggesting they have practiced this route before or have a strong grasp of the necessary techniques.

* **Technical Precision:** The climber demonstrates precise hand placement and footwork, which is essential for maintaining balance and avoiding falls. Their ability to read the route and make calculated decisions about where to place their hands and feet shows a high level of technical proficiency.

Overall, the climber's technique and performance suggest that they have a strong foundation in climbing skills and are likely at the Intermediate Expert level. However, it's important to note that this assessment is based on a limited number of frames, so a more comprehensive evaluation would require observing the climber over a longer period of time.",Intermediate Expert,False
c8dbedf6-61ec-497f-b57e-ee270238da13,uniandes_bouldering_031_69,Late Expert,cam03,"The climber in the video appears to be at an intermediate expert level based on the following observations:

* **Body Alignment:** The climber maintains good body alignment throughout the sequence, with their core engaged and their weight distributed evenly across their feet. This suggests that they have a solid understanding of proper climbing mechanics.

* **Movement Fluency:** The climber's movements appear fluid and controlled, indicating a high level of comfort and familiarity with the route. They transition between holds smoothly without hesitation or unnecessary movements.

* **Technical Precision:** The climber demonstrates precise hand placement and footwork, selecting appropriate holds for each step of the climb. Their technique is consistent and well-executed, suggesting a strong foundation in climbing skills.

Overall, the climber's performance in these frames indicates an intermediate expert level of skill. They exhibit a good balance of strength, technique, and control, but there may still be room for improvement in certain aspects of their climbing style.",Intermediate Expert,False
a729523b-c8c8-40a5-99b5-eebff3772724,uniandes_bouldering_029_48,Intermediate Expert,cam03,"The climber appears to be at the Intermediate Expert level based on the following observations:

* **Body Alignment:** The climber maintains good body alignment throughout the sequence, with their core engaged and their weight distributed evenly across their feet. This suggests they have a solid understanding of proper climbing mechanics.

* **Movement Fluency:** The climber's movements appear fluid and controlled, indicating a high level of comfort and familiarity with the route. They transition between holds smoothly without hesitation or unnecessary movements.

* **Technical Precision:** The climber demonstrates precise hand placement and footwork, selecting appropriate holds for each move. Their technique is consistent and well-executed, suggesting a strong foundation in climbing skills.

Overall, the climber's performance indicates a high level of skill and experience, but there may still be room for improvement in certain areas. For example, the climber could work on refining their footwork and developing a more efficient climbing style. With continued practice and focus on technique, the climber has the potential to reach the Late Expert level.",Intermediate Expert,True
75286d45-1251-421a-90cb-3f0212443244,uniandes_bouldering_036_8,Late Expert,cam03,"The climber appears to be at the Intermediate Expert level based on the following observations:

* **Body Alignment:** The climber maintains good body alignment throughout the climb, with their core engaged and their weight distributed evenly across their feet. This suggests they have a solid understanding of proper climbing mechanics.

* **Movement Fluency:** The climber's movements appear fluid and controlled, indicating a high level of comfort and familiarity with the route. They are able to transition between holds smoothly without hesitation or unnecessary movements.

* **Technical Precision:** The climber demonstrates strong technical proficiency, as evidenced by their ability to select appropriate handholds and footholds, maintain a secure grip, and execute precise footwork. Their use of the crimp hold in frame 6 also shows a high level of technical skill.

Overall, the climber's technique is well-developed and efficient, suggesting that they have likely been climbing for some time and possess a good foundation of skills. However, there may still be room for improvement in certain areas, such as increasing their speed or developing more advanced techniques.",Intermediate Expert,False
