clip_id,take_folder,ground_truth,exo_full_answer,exo_predicted,exo_correct,ego_full_answer,ego_predicted,ego_correct
7c664266-3f75-4b9b-97be-7518ad82ac40,uniandes_bouldering_023_63,Novice,"Novice

The climber is still learning the proper techniques for climbing and is not yet able to perform the activity with much fluency or precision. The climber is still using their hands to climb up the wall instead of their feet, which is a common mistake for beginners. Additionally, the climber is not yet able to maintain good body alignment while climbing, as they are leaning too far forward and not using their core muscles effectively.",Novice,True,"Novice

The climber's movements appear to be uncoordinated and lack fluidity. The climber's body alignment seems off as well, with the climber not maintaining proper posture while climbing. The climber also seems to be struggling with technical precision, as they are not able to grip the holds properly or maintain balance. Overall, the climber appears to be a novice in terms of skill level.",Novice,True
434c1776-61b6-42cb-b101-5032260f1787,uniandes_bouldering_036_45,Late Expert,"Novice

The climber's body alignment and movement fluency appear to be lacking. The climber's body is not aligned with the wall, which can lead to inefficient use of energy and increased risk of injury. Additionally, the climber's movements seem to lack fluidity and precision, indicating that they may still be developing their technique. Overall, the climber's performance suggests that they are still in the early stages of learning and developing their skills as a climber.",Novice,False,"Novice

The climber appears to be struggling with the wall and is not able to maintain proper body alignment or movement fluency. The climber's hands are not positioned correctly on the holds, and there is no indication that they have any technical precision in their movements.",Novice,False
b3655a86-d9a1-439a-8dc8-8c3b5393a1a6,uniandes_bouldering_022_76,Early Expert,"Novice

The climber appears to be in the early stages of learning how to climb and is not yet comfortable with the techniques required for climbing. The climber's body alignment is not yet correct, as she is not using her core muscles effectively and is leaning too far forward. Her movement is also not fluent, as she is not yet able to move smoothly and efficiently up the wall. Finally, her technical precision is lacking, as she is not yet able to use the holds correctly and is not yet able to maintain a good grip on the wall.",Novice,False,"Novice

The climber's body alignment is not ideal as the climber's feet are not aligned with the rock wall and the climber's body is not in a straight line. The climber's movement is not fluent as the climber's movements appear to be slow and deliberate. The climber's technical precision is also lacking as the climber's hand placement and foot placement are not precise.",Novice,False
ba33b214-c9db-4d96-a734-28e69f31b4f8,uniandes_bouldering_035_23,Early Expert,"Novice

The climber appears to be in the early stages of learning how to climb and is not yet comfortable with the movements required for climbing. The climber's body alignment is not yet correct, as they are not using the proper techniques for climbing. The climber's movement fluency is also lacking, as they appear to be struggling with the movements required for climbing. The climber's technical precision is also lacking, as they are not yet able to perform the necessary techniques with accuracy.",Novice,False,"Novice

The person in the video appears to be a novice climber. They are not yet comfortable with the climbing wall and are still learning how to use the holds effectively. Their movements are not fluid or precise, and they seem to be struggling with maintaining proper body alignment while climbing. The person also seems to be unsure about which holds to use and where to place their hands and feet. Overall, their technique is not yet refined, indicating that they are still in the early stages of learning how to climb.",Novice,False
97b78075-0a0c-4198-bc78-b08a2c92b0aa,uniandes_bouldering_027_56,Novice,"The climber in the video appears to be at an intermediate expert level based on the following observations:

* **Body Alignment:** The climber maintains good body alignment throughout the climb, with her core engaged and her movements fluid. Her feet are positioned correctly for each hold, and she uses her body weight effectively to maintain balance and control.

* **Movement Fluency:** The climber's movements are smooth and controlled, indicating a high level of technical proficiency. She transitions between holds seamlessly, and her arm movements are precise and deliberate.

* **Technical Precision:** The climber demonstrates excellent technical precision, as evidenced by her ability to select the correct holds and execute complex moves with ease. Her hand placement and footwork are both accurate and efficient.

Overall, the climber's technique is well-developed, and she appears to have a strong understanding of the fundamentals of climbing. However, there may still be room for improvement in certain areas, such as increasing her speed or adding more variety to her climbing style. With continued practice and experience, the climber could potentially reach late expert status.",Late Expert,False,"Novice

The climber appears to be struggling with the route and is not able to maintain proper body alignment or movement fluency. The climber's movements seem to lack technical precision as well.",Novice,True
f32e2abd-2a4c-425d-a953-ead1997ab98b,uniandes_bouldering_022_35,Early Expert,"Novice

The climber's body alignment is not ideal as the climber is leaning too far to the side and is not using the full range of motion in their arms. The movement is not fluent as the climber is taking large steps and not using the holds efficiently. The technical precision is also lacking as the climber is not using the holds correctly and is not maintaining proper body positioning.",Novice,False,"Novice

The climber's movements appear to be uncoordinated and lack fluidity. The climber's body alignment seems off as well, with the climber not maintaining proper posture throughout the climb. The climber also appears to be struggling with the technical aspects of the climb, as they are not using the holds effectively or efficiently. Overall, the climber's technique is lacking in terms of body alignment, movement fluency, and technical precision, indicating that they are still a novice climber.",Novice,False
6cc51836-6b79-4921-9024-d351486ad88c,uniandes_bouldering_033_55,Intermediate Expert,"Novice

The climber is not yet comfortable with the climbing wall and is still learning how to use it. The climber is not yet able to climb up the wall without falling down. The climber is not yet able to climb up the wall without falling down. The climber is not yet able to climb up the wall without falling down. The climber is not yet able to climb up the wall without falling down. The climber is not yet able to climb up the wall without falling down. The climber is not yet able to climb up the wall without falling down. The climber is not yet able to climb up the wall without falling down. The climber is not yet able to climb up the wall without falling down. The climber is not yet able to climb up the wall without falling down. The climber is not yet able to climb up the wall without falling down. The climber is not yet able to climb up the wall without falling down. The climber is not yet able to climb up the wall without falling down. The climber is not yet able to climb up the wall without falling down. The climber is not yet able to climb up the wall without falling down. The climber is not yet able to climb up the wall without falling down. The climber is not yet able to climb up the wall without falling down. The climber is not yet able to climb up the wall without falling down. The climber is not",Novice,False,"Novice

The climber's body alignment and movement fluency appear to be lacking. The climber's hand placement and foot positioning seem inconsistent, and the climber's movements are not fluid or smooth. The climber also seems to be struggling with the technical precision required for climbing, as evidenced by the lack of proper hand and foot placement on the holds. Overall, the climber's technique appears to be at a novice level.",Novice,False
9220bcc5-91a0-4c2e-b9c5-d58baa3f8c84,uniandes_bouldering_023_64,Novice,"The climber in the video appears to be at an intermediate expert level based on the following observations:

* **Body Alignment:** The climber maintains good body alignment throughout the sequence, with their core engaged and their weight distributed evenly across their feet. This suggests that they have a solid understanding of proper climbing mechanics.

* **Movement Fluency:** The climber's movements appear fluid and controlled, indicating a high level of comfort and familiarity with the climbing wall. They transition between holds smoothly without hesitation or awkwardness.

* **Technical Precision:** The climber demonstrates precise hand placement and footwork, selecting appropriate holds for each step. Their technique is consistent and well-executed, suggesting a strong foundation in climbing skills.

Overall, the climber's performance indicates an intermediate level of expertise, as they exhibit a good balance of body alignment, movement fluency, and technical precision. However, there may still be room for improvement in certain areas, such as increasing speed or adding more variety to their climbing style.",Intermediate Expert,False,"Novice

The climber's body alignment is not consistent throughout the video. The climber's feet are not aligned with the rock holds and the climber's body is not in a straight line. The climber's movement is not fluent as the climber struggles to find the right handholds and footholds. The climber's technical precision is also lacking as the climber does not use proper climbing techniques such as using the correct handholds and footholds.",Novice,True
f29c34e6-0e17-49ee-983b-322e383e9db0,uniandes_bouldering_025_3,Intermediate Expert,"Novice

The climber appears to be in the early stages of learning how to climb and is not yet comfortable with the techniques required for climbing. The climber's body alignment is not yet correct, as she is leaning too far forward and her feet are not properly positioned. Her movement is also not fluent, as she is struggling to find the right handholds and footholds. Additionally, her technical precision is lacking, as she is not yet able to use the proper climbing techniques to ascend the wall.",Novice,False,"Novice

The climber's body alignment is not ideal as the climber's feet are not placed properly and the climber's body is not aligned with the wall. The climber's movement is not fluent as the climber's movements appear to be slow and deliberate. The climber's technical precision is also lacking as the climber's hand placement is not precise and the climber's foot placement is not secure.",Novice,False
2a1667d7-91a8-4a8d-8e73-c5b70dcc8f9f,uniandes_bouldering_026_108,Novice,"The climber in the video appears to be at an intermediate expert level based on the following observations:

* **Body Alignment:** The climber maintains good body alignment throughout the climb, with her back straight and core engaged. Her feet are positioned correctly for each grip, and she uses her legs effectively to maintain balance and leverage.

* **Movement Fluency:** The climber's movements are fluid and controlled, indicating a high level of comfort and familiarity with the climbing wall. She transitions smoothly between grips and uses her body weight efficiently to move up the wall.

* **Technical Precision:** The climber demonstrates excellent technical precision, as evidenced by her ability to select the correct handholds and footholds and execute precise movements. Her grip strength and foot placement appear strong and confident.

Overall, the climber's technique suggests that she has a solid foundation in climbing skills and is likely comfortable tackling more challenging routes. However, there may still be room for improvement in certain areas, such as increasing her speed or developing more advanced techniques.",Intermediate Expert,False,"Novice

The climber in the video appears to be a novice based on their body alignment and movement fluency. The climber's movements seem uncoordinated and lack fluidity, which suggests that they may not have much experience with climbing. Additionally, the climber's technical precision seems to be lacking as well, as they do not appear to be using proper climbing techniques or form. Overall, the climber's performance in the video suggests that they are still in the early stages of learning how to climb and would benefit from more practice and instruction.",Novice,True
78fcb5cb-d902-4f73-8a9d-d277983102d0,uniandes_bouldering_028_55,Early Expert,"The climber appears to be a novice or early expert based on the following observations:

* **Body Alignment:** The climber's body alignment seems to be off, as they are not using the full range of motion and appear to be struggling with maintaining proper posture. This suggests that they may still be learning the correct techniques for climbing.
* **Movement Fluency:** The climber's movements seem to be somewhat stiff and uncoordinated, indicating that they may not have developed the necessary muscle memory and fluidity required for more advanced climbing techniques.
* **Technical Precision:** The climber's technique appears to be lacking in terms of precision. They are not using the holds effectively, and their movements do not seem to be well-coordinated.

Overall, the climber's technique and body alignment suggest that they are still in the early stages of learning how to climb and may benefit from additional practice and instruction.",Early Expert,True,"Novice

The climber's body alignment is not ideal as the climber's feet are not placed properly and the climber's body is not aligned with the wall. The climber's movement is not fluent as the climber's movements appear to be slow and deliberate. The climber's technical precision is also lacking as the climber's hand placement is not precise and the climber's foot placement is not secure.",Novice,False
ee8e8ec3-9926-44bd-bcae-96248b2c5475,uniandes_bouldering_030_63,Late Expert,"Novice

The climber's body alignment and movement fluency appear to be lacking. The climber's feet are not positioned correctly for the climb, and there is no indication of technical precision in their movements. The climber appears to be struggling with the climb and may benefit from more practice and instruction.",Novice,False,"Novice

The climber's body alignment is not ideal as the climber's feet are not aligned with the wall and the climber's knees are bent. The climber's movement is not fluent as the climber's movements appear to be slow and deliberate. The climber's technical precision is also lacking as the climber's hand placement is not precise and the climber's foot placement is not secure.",Novice,False
4809c7a1-362a-47f2-8e3c-9bfd0cd9ea3f,uniandes_bouldering_027_62,Novice,"The climber in the video appears to be at an intermediate expert level based on the following observations:

* **Body Alignment:** The climber maintains good body alignment throughout the sequence. They are able to distribute their weight effectively and maintain proper posture while reaching for holds. This suggests that they have a solid understanding of fundamental climbing techniques.

* **Movement Fluency:** The climber demonstrates fluid and controlled movements as they transition between different holds. Their actions appear deliberate and purposeful, indicating a high level of comfort and familiarity with the climbing wall. However, there may still be room for improvement in terms of efficiency and speed.

* **Technical Precision:** The climber exhibits strong technical precision in their hand placement and footwork. They are able to select appropriate holds and execute precise movements to progress up the wall. While their technique is sound, there might be opportunities to refine certain aspects of their climbing style for even greater efficiency.

Overall, the climber's performance indicates an intermediate level of expertise. They possess a solid foundation in climbing fundamentals but could benefit from further practice to enhance their movement fluency and technical precision.",Intermediate Expert,False,"Novice

The climber's body alignment appears to be off as they are not using the proper climbing techniques. The climber's movement is not fluent and there is a lack of technical precision in their movements.",Novice,True
dd655638-41f1-4d56-aa13-ca50899a9faa,uniandes_bouldering_023_54,Early Expert,"The climber in the video appears to be at an intermediate expert level based on the following observations:

* **Body Alignment:** The climber demonstrates good body alignment throughout the sequence. They maintain a strong core and use their legs effectively for support while reaching for holds with their arms. Their feet are positioned correctly on the wall, and they appear to be using proper foot placement techniques.

* **Movement Fluency:** The climber's movements are fluid and controlled. There are no abrupt or jerky motions, which suggests that they have developed a good sense of rhythm and timing. The transitions between different moves are smooth, indicating a high level of practice and familiarity with the climbing route.

* **Technical Precision:** The climber exhibits excellent technical precision in their climbing technique. They are able to select appropriate holds and make efficient use of their body weight. Their hand and foot placements are accurate, and they seem to have a good understanding of the climbing principles involved in the route.

Overall, the climber's technique is well-developed, and they demonstrate a high level of skill and control. While there may still be room for improvement in certain areas, such as increasing their speed or developing more advanced techniques, the climber's performance in this video suggests that they are already at an intermediate expert level.",Intermediate Expert,False,"Novice

The climber's body alignment appears to be off as they are not using the proper climbing techniques. Their movement is not fluent and they seem to be struggling with the wall. The climber also seems to lack technical precision as they are not using the holds correctly.",Novice,False
83425972-08a3-47eb-8406-46e121bc2226,uniandes_bouldering_023_76,Intermediate Expert,"The climber appears to be a novice or early expert based on the following observations:

* **Body Alignment:** The climber's body alignment seems to be off, as they are not positioned correctly for climbing. Their feet are not placed properly, and their body is not aligned with the wall. This suggests that they may still be learning proper climbing techniques.

* **Movement Fluency:** The climber's movements appear to be somewhat uncoordinated and lack fluidity. They seem to be struggling with the climb, which indicates that they may not have much experience in climbing.

* **Technical Precision:** The climber's technique does not seem precise. They are not using the holds effectively, and their movements do not appear to be well-coordinated. This suggests that they may still be developing their skills.

Overall, the climber's technique and body alignment suggest that they are at a novice or early expert level. They may benefit from more practice and instruction to improve their skills.",Early Expert,False,"Novice

The climber's movements appear to be uncoordinated and lack fluidity. The climber's body alignment seems off as well, with the climber not maintaining proper posture while climbing. The climber also seems to be struggling with the technical aspects of the climb, as they are not using the holds effectively or efficiently. Overall, the climber's technique appears to be lacking in terms of body alignment, movement fluency, and technical precision.",Novice,False
000a19fe-776e-4c88-b0c3-2fad016a6025,uniandes_bouldering_028_7,Early Expert,"The climber in the video appears to be at an intermediate expert level based on the following observations:

* **Body Alignment:** The climber maintains good body alignment throughout the climb, with their core engaged and their weight distributed evenly across their feet. This suggests that they have a solid understanding of proper climbing mechanics.

* **Movement Fluency:** The climber's movements appear fluid and controlled, indicating a high level of comfort and familiarity with the route. They transition between holds smoothly without hesitation or unnecessary movements.

* **Technical Precision:** The climber demonstrates precise hand and foot placement, selecting the most efficient holds for each move. They also show good body positioning, using their core strength to maintain balance and control.

Overall, the climber's technique is well-developed, but there may still be room for improvement in certain areas. For example, the climber could work on increasing their speed and power to reach the top more quickly. Additionally, they might benefit from practicing more challenging routes to further refine their skills.",Intermediate Expert,False,"Novice

The climber's body alignment is not consistent throughout the climb. The climber's movements are not fluid and there is a lack of technical precision in the hand placement and foot positioning. The climber appears to be struggling with the route and is not able to maintain a good grip on the holds.",Novice,False
9ceee09a-ab19-4463-baac-0ed48d21827e,uniandes_bouldering_024_44,Novice,"Novice

The climber appears to be in the early stages of learning how to climb and is not yet comfortable with the movements required for climbing. The climber's body alignment is not yet correct, as she is not using her core muscles effectively and is leaning too far forward. Her movement fluency is also lacking, as she is not yet able to move smoothly and efficiently up the wall. Finally, her technical precision is not yet developed, as she is not yet able to use the holds correctly and is not yet able to maintain a good grip on the wall.",Novice,True,"Novice

The climber appears to be struggling with the wall and is not able to maintain proper body alignment or movement fluency. The climber's hands are not positioned correctly on the holds, and there is no indication of technical precision in their movements.",Novice,True
a6b13562-f2e4-4254-bc1c-9e7513a438c3,uniandes_bouldering_023_23,Early Expert,"Novice

The climber appears to be in the early stages of learning how to climb and is not yet comfortable with the movements required for climbing. The climber's body alignment is not yet correct, as she is leaning too far forward and her arms are not positioned correctly. Her movement fluency is also lacking, as she is not yet able to move smoothly and efficiently up the wall. Finally, her technical precision is not yet developed, as she is not yet able to use the holds effectively and is not yet able to maintain a good grip on the wall.",Novice,False,"Novice

The climber's body alignment is not ideal as they are leaning too far forward and their feet are not positioned correctly for balance. Their movement is not fluent as they are struggling to find the right handholds and footholds. The climber also seems to be lacking in technical precision as they are not using proper climbing techniques such as keeping their core engaged and using their legs effectively.",Novice,False
e92fd3ee-10c6-4267-8966-6de86ab3384b,uniandes_bouldering_035_52,Early Expert,"Novice

The climber is not yet comfortable with the climbing wall and is still learning how to climb. The climber is not yet able to maintain proper body alignment or movement fluency. The climber is also not yet able to perform any technical climbing moves with precision.",Novice,False,"Novice

The climber's body alignment is not ideal as the climber's feet are not positioned correctly and the climber's body is not aligned with the wall. The climber's movement is not fluent as the climber's movements appear to be slow and deliberate. The climber's technical precision is also lacking as the climber is not using the holds effectively and is not maintaining a good grip on the wall.",Novice,False
1191d049-3780-452a-b91d-b04292726dc2,uniandes_bouldering_034_102,Early Expert,"Novice

The climber appears to be in the early stages of learning how to climb and is not yet comfortable with the techniques required for climbing. The climber's body alignment is not yet correct, as they are not using the proper hand and foot placement. Their movement is also not fluent, as they appear to be struggling with the climbing wall. Additionally, there is no indication that the climber has any technical precision, as they are not yet able to perform the necessary climbing techniques.",Novice,False,"Novice

The climber's movements appear to be uncoordinated and lack fluidity. The climber's body alignment seems off as they are not using the proper climbing techniques. The climber's technical precision is also lacking as they are not using the correct handholds and footholds.",Novice,False
1c9fbdba-fa2f-44be-8548-bf436a802235,uniandes_bouldering_028_20,Intermediate Expert,"The person in the video appears to be a novice climber. The movements seem uncoordinated and lack fluidity, indicating that they may not have much experience with rock climbing. The body alignment is also not optimal, as the climber seems to be leaning too far forward and not using proper form. Technical precision is also lacking, as the climber does not appear to be using the holds effectively or maintaining a good grip. Overall, the person's technique suggests that they are still developing their skills and would benefit from more practice and instruction.",Novice,False,"Novice

The climber's body alignment is not ideal as the climber's feet are not aligned with the wall and the climber's knees are bent too much. The climber's movement is not fluent as the climber's movements appear to be slow and deliberate. The climber's technical precision is also lacking as the climber is not using the holds effectively and is not maintaining a good grip.",Novice,False
13a12b1c-082d-4465-8b5b-8f9bfac2017f,uniandes_bouldering_036_76,Late Expert,"Novice

The climber appears to be in the early stages of learning how to climb and is not yet comfortable with the movements required for climbing. The climber's body alignment is not yet correct, as they are not using the proper techniques for climbing. The climber's movement fluency is also lacking, as they appear to be struggling with the movements required for climbing. The climber's technical precision is also lacking, as they are not yet able to perform the necessary techniques with accuracy.",Novice,False,"Novice

The climber's body alignment is not consistent throughout the climb. The climber's movement appears to be somewhat stiff and ungraceful. The climber's technical precision is also lacking as they do not seem to be using the holds in a fluid manner.",Novice,False
00e60518-37eb-47ea-bc82-eefa572ffc8c,uniandes_bouldering_029_65,Intermediate Expert,"Novice

The climber appears to be in the early stages of learning how to climb and is not yet comfortable with the techniques required for climbing. The climber's body alignment is not yet correct, as they are not using the proper hand and foot placement. Their movement is also not fluent, as they appear to be struggling with the climbing wall. Additionally, their technical precision is lacking, as they are not yet able to perform the necessary climbing techniques with accuracy.",Novice,False,"Novice

The climber's body alignment appears to be off as they are not using the proper climbing techniques. The movement is not fluent and there is no technical precision in the way they are climbing.",Novice,False
f8550663-34c3-47dc-961b-8f261e872aa6,uniandes_bouldering_035_70,Early Expert,"Novice

The climber appears to be a novice as they are not yet demonstrating the necessary body alignment, movement fluency, and technical precision required for climbing. The climber is not yet able to maintain proper posture or balance while climbing, and their movements appear to be uncoordinated and slow. Additionally, the climber does not seem to have a clear understanding of the climbing techniques and strategies needed to successfully climb the wall.",Novice,False,"Novice

The climber is still learning the basics and has not yet developed the necessary skills to climb with proper body alignment, movement fluency, or technical precision. The climber is still using their hands to hold onto the holds and is not yet able to use their feet effectively for support.",Novice,False
a237c7f1-4189-4f28-9a7d-233a976976d6,uniandes_bouldering_036_47,Late Expert,"Novice

The climber appears to be in the early stages of learning how to climb and is not yet comfortable with the movements required for climbing. The climber's body alignment is not yet correct, as they are not using the proper techniques for climbing. The climber also seems to lack the necessary movement fluency and technical precision to perform the climbs effectively.",Novice,False,"Novice

The climber is still learning the proper techniques for climbing and has not yet developed the necessary skills to climb efficiently and effectively. The climber's movements are not fluid or precise, and there is room for improvement in terms of body alignment and technical precision.",Novice,False
5e3a185e-7066-457a-959b-54b49e552020,uniandes_bouldering_026_41,Novice,"The climber in the video appears to be a novice or early expert based on their body alignment and movement fluency. The climber's body alignment seems off as they are not maintaining proper posture while climbing. Their movement also appears to be somewhat uncoordinated, with some awkward movements that suggest they may still be learning the proper techniques for climbing. Additionally, there is no indication of technical precision in their climbing style, which further suggests that they are still developing their skills. Therefore, it can be concluded that the climber's skill level is likely a novice or early expert.",Early Expert,False,"Novice

The climber's movements appear to be uncoordinated and lack fluidity. The climber's body alignment seems off as well, with the climber not maintaining proper posture throughout the climb. The climber also appears to be struggling with technical precision, as they are not able to grip the holds effectively or maintain balance. Overall, the climber's technique suggests that they are still in the early stages of learning how to climb and would benefit from more practice and instruction.",Novice,True
236fc074-73c1-415f-91cf-2c71cd12f3d6,uniandes_bouldering_022_32,Novice,"Novice

The climber in the video appears to be a novice based on their body alignment and movement fluency. The climber's body is not aligned with the wall, which can make it difficult to maintain balance and control while climbing. Additionally, the climber's movements appear to be somewhat stiff and uncoordinated, indicating that they may not have much experience with rock climbing. While the climber does show some technical precision by reaching for the holds, their overall performance suggests that they are still developing their skills and technique.",Novice,True,"Novice

The climber appears to be struggling with the wall and is not able to maintain proper body alignment or movement fluency. The climber's movements seem to lack technical precision as well.",Novice,True
3b37049c-f7ba-46bf-955f-0485f23ef54d,uniandes_bouldering_037_22,Late Expert,"Novice

The climber in the video appears to be a novice based on several factors:

1. Body Alignment: The climber's body alignment seems off as they are not using the proper climbing techniques. They are not using their core muscles effectively and are not maintaining a straight line with their body.

2. Movement Fluency: The climber's movements appear to be slow and uncoordinated. They seem to be struggling with the climb and are not fluid in their movements.

3. Technical Precision: The climber is not using the correct climbing techniques. They are not using the holds properly and are not maintaining a good grip on the wall. Their foot placement also seems to be incorrect.

Overall, the climber's technique is lacking, and they need more practice and guidance to improve their skills.",Novice,False,"Novice

The climber's body alignment is not consistent throughout the climb. The climber's movement appears to be somewhat uncoordinated and lacks fluidity. The climber's technical precision is also lacking as they do not seem to be using the holds effectively or efficiently.",Novice,False
d749d0c9-17e6-4645-84a9-6fc44f8d3a9d,uniandes_bouldering_027_61,Novice,"The climber in the video appears to be at an intermediate expert level based on the following observations:

* **Body Alignment:** The climber maintains good body alignment throughout the sequence. They are able to distribute their weight effectively and maintain proper posture while climbing. This suggests that they have a solid understanding of the principles of body mechanics in rock climbing.

* **Movement Fluency:** The climber demonstrates fluid and controlled movements as they ascend the wall. There are no abrupt or jerky motions, indicating a high level of comfort and familiarity with the climbing techniques being used. This suggests that they have developed a good sense of rhythm and timing in their climbing.

* **Technical Precision:** The climber exhibits precise hand and foot placement, which is essential for maintaining balance and preventing falls. They also appear to be using appropriate techniques for specific holds, such as undercling and crimping. This indicates a strong grasp of the technical aspects of rock climbing.

Overall, the climber's technique and performance suggest that they have reached an intermediate expert level in rock climbing. However, it is important to note that this assessment is based on a limited number of frames and may not provide a complete picture of the climber's overall skill level.",Intermediate Expert,False,"Novice

The climber's movements appear to be uncoordinated and lack fluidity. The climber's body alignment seems off as well, with the climber not maintaining proper posture while climbing. The climber also seems to be struggling with technical precision, as they are not able to grip the holds properly or maintain balance. Overall, the climber appears to be a novice in terms of skill level.",Novice,True
15c2eec6-ed88-464d-8917-80ec63c2902c,uniandes_bouldering_037_51,Late Expert,"Novice

The climber appears to be a novice based on the following observations:

* **Body Alignment:** The climber's body alignment seems off, as they are not positioned correctly for climbing. Their feet are not placed properly, and their body is not aligned with the wall. This suggests that they may not have a good understanding of proper climbing techniques.
* **Movement Fluency:** The climber's movements appear to be uncoordinated and lack fluidity. They seem to be struggling with basic climbing techniques, which indicates that they are still in the early stages of learning.
* **Technical Precision:** The climber's technique is not precise, as they are not using the correct handholds and footholds. This suggests that they may not have a good understanding of the different types of holds and how to use them effectively.

Overall, the climber's technique and body alignment suggest that they are still a novice and would benefit from more practice and instruction.",Novice,False,"Novice

The climber's body alignment is not ideal as the climber's feet are not aligned with the wall and the climber's knees are bent too much. The climber's movement is not fluent as the climber is using a lot of energy to climb up the wall. The climber's technical precision is also lacking as the climber is not using the correct handholds and footholds.",Novice,False
6af590b4-317d-4b99-ba3f-d7f639b7dc8f,uniandes_bouldering_028_18,Intermediate Expert,"The climber in the video appears to be at an intermediate expert level based on the following observations:

* **Body Alignment:** The climber maintains good body alignment throughout the sequence. They are able to distribute their weight effectively and maintain proper posture while reaching for holds. This suggests that they have a solid understanding of fundamental climbing techniques.

* **Movement Fluency:** The climber demonstrates fluid and controlled movements as they transition between different holds. Their actions appear deliberate and purposeful, indicating a high level of comfort and familiarity with the climbing wall. However, there may still be room for improvement in terms of efficiency and economy of motion.

* **Technical Precision:** The climber exhibits strong technical precision in their hand placement and footwork. They are able to select appropriate holds and execute precise movements to progress up the wall. While their technique is sound, there might be opportunities for further refinement in certain aspects, such as foot placement or hand positioning.

Overall, the climber's performance indicates an intermediate level of expertise. They possess a good grasp of basic climbing techniques and demonstrate a high degree of control and fluency. However, there is potential for continued growth and development in specific areas of their technique.",Intermediate Expert,True,"Novice

The climber's movements appear to be uncoordinated and lack fluidity. The climber's body alignment seems off as well, with the climber not maintaining proper posture while climbing. The climber also seems to be struggling with technical precision, as they are not able to find the right handholds and footholds consistently.",Novice,False
d8f63b76-f4df-4fdb-9f7d-5db2e5eb3749,uniandes_bouldering_026_94,Novice,"The climber in the video appears to be at an intermediate expert level based on the following observations:

* **Body Alignment:** The climber maintains good body alignment throughout the sequence, with their core engaged and their weight distributed evenly across their feet. This suggests that they have a solid understanding of proper climbing mechanics.

* **Movement Fluency:** The climber's movements appear fluid and controlled, indicating a high level of comfort and familiarity with the route. There are no abrupt or jerky motions, which further supports the idea that they are an intermediate expert.

* **Technical Precision:** The climber demonstrates technical precision by selecting appropriate holds and using them effectively. They also show good hand-eye coordination, as evidenced by their ability to reach for and grip the holds accurately.

Overall, the climber's technique is well-developed, but there may still be room for improvement in certain areas. For example, the climber could work on refining their footwork and developing a more efficient climbing style. However, given their current level of performance, it is reasonable to classify them as an intermediate expert.",Intermediate Expert,False,"Novice

The climber's body alignment is not consistent throughout the video. The climber's feet are not aligned with the rock holds and the climber's body is not in a straight line. The climber's movement is not fluent as the climber struggles to find the right handholds and footholds. The climber's technical precision is also lacking as the climber does not use proper climbing techniques such as using the correct handholds and footholds.",Novice,True
a0f43e31-ad99-4c3f-bc3d-75d6235073fc,uniandes_bouldering_026_12,Early Expert,"The climber in the video appears to be a novice or early expert based on their technique and body alignment. The climber's movements seem somewhat uncoordinated and lack fluidity, which suggests that they may not have much experience with climbing. Additionally, the climber's body alignment does not appear to be optimal, as they are not using the proper techniques for climbing the wall. While the climber has made some progress up the wall, there is still room for improvement in terms of movement fluency and technical precision. Overall, the climber's skill level appears to be at the novice or early expert level.",Early Expert,True,"Novice

The climber appears to be a novice as they are still learning the proper techniques for climbing. They are not yet able to maintain good body alignment and their movements are not fluent or precise. The climber also seems to be struggling with technical precision, as they are not yet able to use the holds effectively.",Novice,False
2d809aef-9a43-4bae-9657-4b63e24e53d5,uniandes_bouldering_029_40,Novice,"Novice

The climber in the video appears to be a novice as they are still learning how to climb and are not yet able to perform the activity with much fluency or precision. The climber is not yet able to maintain proper body alignment while climbing, as they are leaning too far forward and not using their core muscles effectively. Additionally, the climber's movements appear to be somewhat stiff and uncoordinated, indicating that they have not yet developed the necessary muscle memory and coordination to perform the activity smoothly. Finally, the climber has not yet mastered the technical aspects of climbing, such as finding the right handholds and footholds and maintaining balance while climbing.",Novice,True,"Novice

The climber's body alignment is not consistent throughout the climb. The climber's movement appears to be somewhat uncoordinated and lacks fluidity. The climber's technical precision is also lacking as they are not using the holds effectively.",Novice,True
972f0b18-b398-4e9a-a8f8-e4a5da7d65d4,uniandes_bouldering_033_52,Intermediate Expert,"Novice

The climber in the video appears to be a novice based on their body alignment and movement fluency. The climber's body is not aligned with the wall, which can lead to inefficient use of energy and increased risk of injury. Additionally, the climber's movements appear to be somewhat stiff and uncoordinated, indicating a lack of technical precision. While the climber is making progress up the wall, there is room for improvement in terms of body positioning and movement fluidity.",Novice,False,"Novice

The climber's body alignment and movement fluency are not yet refined. The climber's hands are not positioned correctly on the holds, and there is a lack of fluidity in the movements. Technical precision is also lacking as the climber is not using the correct techniques to climb the wall.",Novice,False
4da8398b-50d4-4fa9-b31f-bf65364afe44,uniandes_bouldering_025_44,Novice,"Novice

The climber appears to be a novice as they are not yet able to maintain proper body alignment and movement fluency while climbing the wall. The climber's movements seem to lack fluidity and technical precision, which are essential for climbing at higher levels.",Novice,True,"Novice

The person in the video appears to be a novice climber based on their body alignment and movement fluency. Their movements seem uncoordinated and awkward, with a lack of fluidity and precision. The person's body alignment is also not optimal, as they appear to be leaning and shifting their weight in an inefficient manner. Overall, their technique suggests that they are still developing their skills and are not yet at a level where they can perform with ease and confidence.",Novice,True
0386195b-2c7e-467f-a5e6-7370f9bb2e91,uniandes_bouldering_026_103,Novice,"The climber in the video appears to be a novice or early expert based on their technique and body alignment. The climber is attempting to climb a wall with various holds, but their movements seem uncoordinated and lack fluidity. Their body alignment is not optimal as they are not using the proper climbing techniques, such as keeping their core engaged and maintaining a good posture. Additionally, their technical precision is lacking, as they are not using the correct hand and foot placement on the holds. Overall, the climber's technique suggests that they are still developing their skills and may benefit from more practice and guidance.",Early Expert,False,"Novice

The climber's movements appear to be uncoordinated and lack fluidity. The climber's body alignment seems off as well, with the climber not maintaining proper posture while climbing. The climber also seems to be struggling with technical precision, as they are not able to grip the holds properly or maintain balance. Overall, the climber appears to be a novice in terms of skill level.",Novice,True
515cb254-42d5-4107-bf65-f17eb654d6b2,uniandes_bouldering_025_81,Novice,"The climber in the video appears to be at an intermediate expert level based on the following observations:

* **Body Alignment:** The climber maintains good body alignment throughout the sequence, with their body positioned close to the wall and their weight distributed evenly across their feet. This suggests that they have developed a strong sense of balance and control over their movements.

* **Movement Fluency:** The climber's movements appear fluid and controlled, indicating a high level of proficiency in climbing techniques. They transition smoothly between different holds and maintain a consistent pace, which is characteristic of an intermediate expert climber.

* **Technical Precision:** The climber demonstrates technical precision by selecting appropriate handholds and footholds, as well as using proper climbing techniques such as undercling and crimping. Their ability to execute these techniques accurately and consistently further supports the assessment of their intermediate expert status.

Overall, the climber's body alignment, movement fluency, and technical precision suggest that they possess a solid foundation in climbing skills and are likely at an intermediate expert level. However, it is important to note that this assessment is based solely on the provided video clips and may not fully capture the climber's overall skill level or potential for improvement.",Intermediate Expert,False,"Novice

The climber's body alignment appears to be off as they are not using the proper climbing techniques. Their movement is not fluent and they seem to be struggling with the wall. The climber also seems to lack technical precision in their movements.",Novice,True
2d440a5d-6f5d-447f-b0d7-5227df11da5f,uniandes_bouldering_022_72,Novice,"Novice

The climber is not yet comfortable with the climbing wall and is still learning how to use it. The climber's body alignment is not yet correct, as the climber is not yet able to maintain a straight line between the feet and the hands. The climber's movement is not fluent, as the climber is still learning how to move up the wall. The climber's technical precision is also not yet developed, as the climber is still learning how to grip the holds correctly.",Novice,True,"Novice

The climber's movements appear to be uncoordinated and lack fluidity. The climber's body alignment seems off as well, with the climber not maintaining proper posture while climbing. The climber also seems to be struggling with the technical aspects of the climb, as they are not using the holds effectively or efficiently. Overall, the climber's technique appears to be lacking in terms of body alignment, movement fluency, and technical precision.",Novice,True
43eeff11-629f-4746-b7f1-6d496c8fbd3f,uniandes_bouldering_026_43,Novice,"The climber in the video appears to be at an intermediate expert level based on the following observations:

* **Body Alignment:** The climber maintains good body alignment throughout the climb, with their body positioned close to the wall and their weight distributed evenly across their feet and hands. This suggests that they have a solid understanding of proper climbing techniques and are able to maintain a stable position while ascending.

* **Movement Fluency:** The climber's movements appear fluid and controlled, indicating a high level of comfort and familiarity with the climbing route. They are able to transition between holds smoothly and efficiently, suggesting that they have developed a strong sense of rhythm and timing.

* **Technical Precision:** The climber demonstrates a high level of technical precision, as evidenced by their ability to select and grip appropriate holds with ease. They also show good hand-eye coordination, which allows them to make quick adjustments to their grip and positioning as needed.

Overall, the climber's technique is well-developed and efficient, suggesting that they have a solid foundation in climbing skills and are likely at an intermediate expert level. However, it's important to note that this assessment is based on a limited number of frames, so further observation would be necessary to confirm this conclusion.",Intermediate Expert,False,"Novice

The climber's body alignment is not consistent throughout the climb. The climber's feet are not aligned with the rock holds and the climber's body is not in a straight line. The climber's movement is not fluent as the climber is constantly adjusting their position to find the next hold. The climber's technical precision is also lacking as the climber is not using the correct technique for each hold.",Novice,True
c602f6a4-d8ab-4462-b487-03c2e856b004,uniandes_bouldering_027_54,Novice,"Novice

The climber appears to be struggling with the wall and is not making much progress. Her body alignment is off, as she is leaning too far forward and her feet are not properly positioned for stability. Her movement is not fluent, as she seems to be moving slowly and hesitantly. She also does not seem to have any technical precision in her climbing, as she is not using the holds effectively or efficiently. Overall, her technique suggests that she is still in the early stages of learning how to climb and would benefit from more practice and instruction.",Novice,True,"Novice

The climber's body alignment is not ideal as the climber's feet are not placed properly and the climber's body is not aligned with the wall. The climber's movement is not fluent as the climber's movements appear to be slow and deliberate. The climber's technical precision is also lacking as the climber's hand placement is not precise and the climber's foot placement is not secure.",Novice,True
4914aa77-7ac7-4f8d-af00-ba9b0ec338e9,uniandes_bouldering_033_35,Intermediate Expert,"Novice

The climber is not yet comfortable with the climbing wall and is still learning how to use it. The climber is not yet able to climb up the wall without assistance or guidance. The climber is still learning how to use the wall and is not yet able to perform any advanced climbing techniques.",Novice,False,"Novice

The climber's body alignment is not consistent throughout the video. The climber's feet are not aligned with the rock holds and the climber's body is not in a straight line. The climber's movement is not fluent as the climber's movements are not smooth and there are some pauses between the movements. The climber's technical precision is also not good as the climber is not using the correct technique to climb the wall.",Novice,False
14e3d506-966c-4775-9499-e800ff752938,uniandes_bouldering_036_57,Intermediate Expert,"Novice

The climber appears to be in the early stages of learning how to climb and is not yet comfortable with the movements required for climbing. The climber's body alignment is not yet correct, as they are not using the proper techniques for climbing. The climber also seems to lack the necessary movement fluency and technical precision to perform the climbs effectively.",Novice,False,"Novice

The climber in the video appears to be a novice based on their body alignment and movement fluency. The climber's body is not aligned with the wall, which can lead to inefficient use of energy and increased risk of injury. Additionally, the climber's movements appear to be somewhat stiff and uncoordinated, indicating a lack of technical precision. While the climber is making progress up the wall, there is room for improvement in terms of body positioning and movement fluidity.",Novice,False
488d3a07-a8eb-4489-9773-b36b76edf9cf,uniandes_bouldering_034_36,Early Expert,"Novice

The climber appears to be in the early stages of learning how to climb and is not yet comfortable with the movements required for climbing. The climber's body alignment is not yet correct, as they are not using the proper techniques for climbing. The climber also seems to lack the necessary strength and coordination to perform the movements fluently. Additionally, the climber does not appear to have any technical precision, as they are not yet able to use the holds correctly or maintain balance while climbing.",Novice,False,"Novice

The climber's body alignment is not ideal as the climber's feet are not aligned with the wall and the climber's knees are bent. The climber's movement is not fluent as the climber is using a lot of energy to climb up the wall. The climber's technical precision is also lacking as the climber is not using the correct handholds and footholds.",Novice,False
3b27142e-6d1d-4613-8739-cae532c8e440,uniandes_bouldering_037_8,Late Expert,"Novice

The climber appears to be in the early stages of learning how to climb and is not yet comfortable with the techniques required for climbing. The climber's body alignment is not yet correct, as they are not using the proper hand and foot placement on the wall. Their movement is also not fluent, as they appear to be struggling with the movements required to climb the wall. Additionally, their technical precision is lacking, as they are not yet able to perform the necessary techniques with accuracy.",Novice,False,"Novice

The climber's body alignment and movement fluency appear to be lacking. The climber's hand placement seems inconsistent, and the climber's movements are not fluid or smooth. The climber also seems to be struggling with the technical precision required for climbing, as evidenced by the lack of proper hand placement and body positioning.",Novice,False
dc8b3f69-c4eb-40da-bace-d46b6dfdf4f8,uniandes_bouldering_023_72,Early Expert,"Novice

The climber appears to be a novice as they are not yet able to climb the wall. They are standing in front of it and appear to be looking at the wall. The climber has not yet started climbing the wall.",Novice,False,"Novice

The climber appears to be struggling with the wall and is not able to maintain proper body alignment or movement fluency. The climber's movements seem to lack precision and control, indicating that they may still be in the early stages of learning the sport.",Novice,False
7ca6721f-6dff-4be5-a8dc-eba6890686a2,uniandes_bouldering_037_6,Late Expert,"Novice

The climber appears to be in the early stages of learning how to climb and is not yet comfortable with the techniques required for climbing. The climber's body alignment is not yet correct, as they are not using the proper hand and foot placement. Their movement is also not fluent, as they appear to be struggling with the climbing wall. Additionally, their technical precision is lacking, as they are not yet able to perform the necessary climbing techniques with accuracy.",Novice,False,"Novice

The climber appears to be a novice as they are still learning the proper techniques for climbing. They are not yet able to maintain good body alignment and their movements are not fluent or precise. The climber also seems to be struggling with the technical aspects of climbing, such as finding the right handholds and footholds.",Novice,False
08edb61f-1cff-45cb-882f-e266f9868d5b,uniandes_bouldering_022_58,Intermediate Expert,"Novice

The climber's body alignment is not ideal as her knees are bent and her feet are not positioned correctly. Her movement is not fluent as she is struggling to find the right handholds and footholds. Her technical precision is also lacking as she is not using proper climbing techniques.",Novice,False,"Novice

The climber's body alignment is not ideal as the climber's body is not aligned with the wall and the climber's feet are not positioned correctly. The climber's movement is not fluent as the climber's movements appear to be slow and deliberate. The climber's technical precision is also lacking as the climber is not using the correct techniques for climbing.",Novice,False
d6462a6d-44d4-43eb-a0d9-11df808ef412,uniandes_bouldering_034_94,Early Expert,"Novice

The climber appears to be in the early stages of learning how to climb and is not yet comfortable with the techniques required for climbing. The climber's body alignment is not yet correct, as they are not using the proper hand and foot placement. Their movement is also not fluent, as they appear to be struggling with the climbing wall. Additionally, their technical precision is lacking, as they are not yet able to perform the necessary climbing techniques with accuracy.",Novice,False,"Novice

The climber's body alignment is not ideal as the climber's feet are not aligned with the wall and the climber's knees are bent. The climber's movement is not fluent as the climber's movements appear to be slow and deliberate. The climber's technical precision is also lacking as the climber is not using the holds effectively and appears to be struggling to maintain balance.",Novice,False
107fe109-c5d2-42b1-b4a3-f485ce5f08e3,uniandes_bouldering_022_2,Early Expert,"Novice

The climber in the video appears to be a novice based on their body alignment and movement fluency. The climber's body is not aligned with the wall, which can lead to inefficient use of energy and increased risk of injury. Additionally, the climber's movements appear to be somewhat stiff and uncoordinated, indicating a lack of technical precision. While the climber has managed to reach the top of the wall, their overall performance suggests that they may benefit from further practice and instruction.",Novice,False,"Novice

The climber's body alignment appears to be off as they are not using the proper climbing techniques. Their movement is not fluent and they seem to be struggling with the wall. The climber also seems to lack technical precision as they are not using the correct hand and foot placement.",Novice,False
60e3862a-2c21-4448-ae76-f5ab61b08fe2,uniandes_bouldering_028_35,Intermediate Expert,"Novice

The climber appears to be in the early stages of learning how to climb and is not yet comfortable with the movements required for climbing. The climber's body alignment is not yet correct, as she is leaning too far forward and her arms are not positioned correctly. Her movement is also not fluent, as she seems to be struggling with the climbing wall. Finally, her technical precision is lacking, as she is not yet able to grip the holds properly or maintain a good hand position.",Novice,False,"Novice

The climber is still learning the proper techniques for climbing and has not yet developed the necessary skills to climb efficiently and effectively. The climber's movements are not fluid or precise, and there is room for improvement in terms of body alignment and technical precision.",Novice,False
5867246e-676e-47b1-a3d3-283624ae7996,uniandes_bouldering_029_27,Early Expert,"The climber appears to be a novice or early expert based on the following observations:

* **Body Alignment:** The climber's body alignment seems to be off, as they are not using the wall effectively. Their torso is not aligned with the wall, and their legs are not positioned correctly for efficient climbing. This suggests that they may still be learning proper climbing techniques.

* **Movement Fluency:** The climber's movements appear to be somewhat uncoordinated and lack fluidity. They seem to be struggling with finding the right handholds and footholds, which indicates that they may not have a strong understanding of the climbing technique yet.

* **Technical Precision:** The climber's technique appears to be lacking in terms of precision. They are not using the wall effectively, and their movements do not seem to be well-coordinated. This suggests that they may still be developing their skills and learning how to use the wall efficiently.

Overall, the climber's technique appears to be at a novice or early expert level, as they are still learning proper climbing techniques and improving their body alignment and movement fluency.",Early Expert,True,"Novice

The climber appears to be struggling with the wall and is not able to maintain proper body alignment or movement fluency. The climber's movements seem to lack precision and control, indicating that they may still be in the early stages of learning the sport.",Novice,False
4c052cb2-fd49-4601-a842-7eb09f24e76c,uniandes_bouldering_030_62,Late Expert,"Novice

The climber is not yet comfortable with the climbing wall and is still learning how to use it. The climber is not yet able to climb up the wall without falling down. The climber is not yet able to climb up the wall without falling down. The climber is not yet able to climb up the wall without falling down. The climber is not yet able to climb up the wall without falling down. The climber is not yet able to climb up the wall without falling down. The climber is not yet able to climb up the wall without falling down. The climber is not yet able to climb up the wall without falling down. The climber is not yet able to climb up the wall without falling down. The climber is not yet able to climb up the wall without falling down. The climber is not yet able to climb up the wall without falling down. The climber is not yet able to climb up the wall without falling down. The climber is not yet able to climb up the wall without falling down. The climber is not yet able to climb up the wall without falling down. The climber is not yet able to climb up the wall without falling down. The climber is not yet able to climb up the wall without falling down. The climber is not yet able to climb up the wall without falling down. The climber is not yet able to climb up the wall without falling down. The climber is not",Novice,False,"Novice

The climber in the video appears to be a novice based on their body alignment and movement fluency. The climber's body is not aligned with the climbing wall, which can lead to inefficient use of energy and increased risk of injury. Additionally, the climber's movements appear to be somewhat stiff and uncoordinated, indicating a lack of technical precision. While the climber does seem to have some basic understanding of the climbing wall, they still have room for improvement in terms of body alignment, movement fluency, and technical precision.",Novice,False
da19130e-ef5e-4255-9080-f714a618f934,uniandes_bouldering_030_29,Late Expert,"Novice

The climber in the video appears to be a novice based on their body alignment and movement fluency. The climber's body is not aligned with the wall, which can lead to inefficient use of energy and increased risk of injury. Additionally, the climber's movements appear to be somewhat stiff and uncoordinated, indicating a lack of technical precision. While the climber is making progress up the wall, there is room for improvement in terms of body positioning and movement fluidity.",Novice,False,"Novice

The climber in the video appears to be a novice based on their body alignment and movement fluency. The climber's movements seem uncoordinated and lack fluidity, indicating that they may not have much experience with rock climbing. Additionally, the climber's technical precision seems to be lacking as well, which is another indicator of a novice level of skill.",Novice,False
dc42bea0-358d-4c9c-add3-f6a0d0067751,uniandes_bouldering_037_24,Intermediate Expert,"Novice

The climber's body alignment and movement fluency appear to be lacking. The climber's movements seem to lack fluidity and control, which suggests that they may not have a strong understanding of the proper techniques for climbing. Additionally, the climber's technical precision appears to be low, as they are not able to maintain a consistent grip or position on the wall. Overall, the climber's technique seems to be at a novice level.",Novice,False,"Novice

The climber's body alignment is not consistent throughout the climb. The climber's feet are not aligned with the holds and the climber's body is not in a straight line. The climber's movement is not fluent as the climber is not able to smoothly transition between the holds. The climber's technical precision is also lacking as the climber is not able to grip the holds properly and is not able to maintain a good hand position.",Novice,False
b437ad8d-7d90-48b9-84ef-46e6db4a58da,uniandes_bouldering_029_28,Early Expert,"Novice

The climber appears to be in the early stages of learning how to climb and is not yet comfortable with the techniques required for climbing. The climber's body alignment is not yet correct, as they are not using the proper hand and foot placement. Their movement is also not fluent, as they appear to be struggling to maintain balance and control while climbing. Additionally, there is no evidence of technical precision, as the climber is not yet able to execute the necessary techniques with accuracy.",Novice,False,"Novice

The climber's movements appear to be somewhat uncoordinated and lack fluidity. The climber's body alignment seems off as well, with the climber not maintaining proper posture throughout the climb. The climber also appears to be struggling with technical precision, as they are not using the holds in a way that would allow for efficient climbing. Overall, the climber's technique suggests that they are still developing their skills and are likely at a novice level.",Novice,False
9f7cd016-662c-4f3a-9fb5-9bc41a5b87bb,uniandes_bouldering_036_14,Late Expert,"Novice

The climber appears to be in the early stages of learning how to climb and is not yet comfortable with the techniques required for climbing. The climber's body alignment is not yet correct, as they are not using the proper hand and foot placement. Their movement is also not fluent, as they appear to be struggling with the climbing wall. Additionally, their technical precision is lacking, as they are not yet able to perform the necessary climbing techniques with accuracy.",Novice,False,"Novice

The climber's body alignment is not ideal as the climber's feet are not aligned with the wall and the climber's knees are bent. The climber's movement is not fluent as the climber's movements appear to be slow and deliberate. The climber's technical precision is also lacking as the climber is not using the holds effectively and appears to be struggling to maintain balance.",Novice,False
002732ef-dc20-463e-9b6d-f0e67a65240c,uniandes_bouldering_029_42,Novice,"Novice

The climber appears to be in the early stages of learning how to climb and is not yet comfortable with the techniques required for climbing. The climber's body alignment is not correct as she is not using her core muscles effectively and is leaning too much forward. Her movement is not fluent as she is taking small, hesitant steps and is not able to maintain balance. She also seems to lack technical precision as she is not using the holds correctly and is not able to find the right handholds and footholds. Overall, the climber needs more practice and guidance to improve her skills.",Novice,True,"Novice

The climber appears to be struggling with the wall and is not able to maintain proper body alignment or movement fluency. The climber's movements seem to lack fluidity and technical precision, as they are not able to effectively use the holds to progress up the wall.",Novice,True
3d9b1381-1000-49a9-8a35-70db2e837dda,uniandes_bouldering_037_42,Intermediate Expert,"Novice

The climber appears to be in the early stages of learning how to climb and is not yet comfortable with the techniques required for efficient movement up the wall. The climber's body alignment is not yet correct, as they are leaning too far forward and not using their core muscles effectively. Additionally, the climber's movement is not fluent, as they appear to be struggling to find the right handholds and footholds. The climber also seems to lack technical precision, as they are not yet able to maintain a consistent grip and foot placement. Overall, the climber's technique suggests that they are still a novice and would benefit from more practice and instruction.",Novice,False,"Novice

The climber's body alignment is not consistent throughout the climb. The climber's feet are not aligned with the rock holds and the climber's body is not in a straight line. The climber's movement is not fluent as the climber is not able to smoothly transition between the rock holds. The climber's technical precision is also lacking as the climber is not able to grip the rock holds properly and is not able to maintain a good hand position.",Novice,False
1eebe808-ec84-49b4-819a-91f9b0ebcdf1,uniandes_bouldering_029_51,Early Expert,"The climber in the video appears to be at an intermediate expert level based on the following observations:

* **Body Alignment:** The climber maintains good body alignment throughout the sequence, with their body positioned close to the wall and their weight distributed evenly across their feet and hands. This suggests that they have developed a strong sense of balance and control over their movements.

* **Movement Fluency:** The climber's movements appear fluid and controlled, indicating that they have practiced this route before and have a good understanding of the best techniques for navigating it. There are no signs of hesitation or awkwardness in their movements, which further supports the idea that they are an intermediate expert.

* **Technical Precision:** The climber demonstrates technical precision by using the holds effectively and efficiently. They are able to transition between different types of holds (e.g., slopers, crimps, and jugs) without losing momentum or balance. Additionally, their hand placement and foot positioning suggest that they have a good understanding of the principles of climbing mechanics.

Overall, the climber's technique and performance indicate that they are an intermediate expert climber. While there may still be room for improvement, they have already developed a solid foundation of skills and knowledge that allows them to perform well on more challenging routes.",Intermediate Expert,False,"Novice

The climber's body alignment is not consistent throughout the climb. The climber's feet are not aligned with the holds and the climber's body is not in a straight line. The climber's movement is not fluent as the climber is not able to smoothly transition between the holds. The climber's technical precision is also lacking as the climber is not able to grip the holds properly and is not able to maintain a good hand position.",Novice,False
77f6641e-b713-4723-bafc-ca6b0b957c5e,uniandes_bouldering_036_17,Late Expert,"Novice

The climber appears to be struggling with the wall and is not able to maintain proper body alignment or movement fluency. The climber's movements seem to lack technical precision as well.",Novice,False,"Novice

The climber's body alignment is not consistent throughout the climb. The climber's feet are not aligned with the holds and the climber's body is not in a straight line. The climber's movement is not fluent as the climber is not able to smoothly transition between the holds. The climber's technical precision is also lacking as the climber is not able to grip the holds properly and is not able to maintain a good hand position.",Novice,False
d8f61192-9b18-424d-861b-49328acaf3b9,uniandes_bouldering_022_48,Novice,"Novice

The climber appears to be in the early stages of learning how to climb and is not yet comfortable with the movements required for climbing. The climber's body alignment is not yet correct, as she is not using her core muscles effectively and is not maintaining proper posture. Her movement fluency is also lacking, as she is not yet able to move smoothly and efficiently up the wall. Finally, her technical precision is not yet developed, as she is not yet able to use the holds correctly and is not yet able to maintain a good grip on the wall.",Novice,True,"Novice

The climber appears to be struggling with the wall and is not able to maintain proper body alignment or movement fluency. The climber's movements seem to lack technical precision as well.",Novice,True
8d45fe63-07c7-463f-901e-f5f66414ef16,uniandes_bouldering_022_22,Intermediate Expert,"Novice

The climber's body alignment is not ideal as the climber's feet are not aligned with the wall and the climber's body is not straight. The climber's movement is not fluent as the climber is not moving smoothly up the wall. The climber's technical precision is also lacking as the climber is not using the holds correctly and is not maintaining a good grip.",Novice,False,"Novice

The climber is still learning the basics and has not yet developed a strong sense of body alignment or movement fluency. The climber's movements appear to be somewhat awkward and uncoordinated, and there is room for improvement in terms of technical precision.",Novice,False
73125182-9936-4610-a2aa-9f4095dcbec2,uniandes_bouldering_035_64,Early Expert,"Novice

The climber in the video appears to be a novice based on their body alignment and movement fluency. The climber's body is not aligned with the wall, which can lead to inefficient use of energy and increased risk of injury. Additionally, the climber's movements appear to be somewhat stiff and uncoordinated, indicating a lack of technical precision. While the climber has made some progress up the wall, there is still room for improvement in terms of body positioning and movement fluidity.",Novice,False,"Novice

The climber appears to be struggling with the wall and is not able to maintain proper body alignment or movement fluency. The climber's hands are not positioned correctly for climbing, and there is no indication of technical precision in the movements.",Novice,False
ad952197-37d9-4e10-b7f4-57f3560b6521,uniandes_bouldering_024_2,Intermediate Expert,"The climber in the video appears to be at an intermediate expert level based on the following observations:

* **Body Alignment:** The climber maintains good body alignment throughout the sequence, with their core engaged and their movements fluid. This suggests they have a solid understanding of proper climbing techniques.

* **Movement Fluency:** The climber's movements appear smooth and controlled, indicating a high level of comfort and familiarity with the climbing wall. They transition between holds with ease, suggesting they have developed a good sense of rhythm and timing.

* **Technical Precision:** The climber demonstrates technical precision by selecting appropriate handholds and footholds, as well as maintaining a stable center of gravity. Their use of the wall's features, such as the overhangs and slopers, also indicates a good understanding of the climbing wall's design and how to effectively utilize it.

Overall, the climber's technique and performance suggest that they have reached an intermediate expert level of skill. However, there may still be room for improvement in certain areas, such as increasing their speed or developing more advanced climbing techniques.",Intermediate Expert,True,"Novice

The climber appears to be struggling with the wall and is not able to maintain proper body alignment or movement fluency. The climber's movements seem to lack technical precision as well.",Novice,False
9d8fd4f4-2120-48ec-ba5a-5ca7abda050c,uniandes_bouldering_034_47,Early Expert,"Novice

The climber in the video appears to be a novice based on their body alignment and movement fluency. The climber's body is not aligned with the wall, which can lead to inefficient use of energy and increased risk of injury. Additionally, the climber's movements appear to be somewhat stiff and uncoordinated, indicating a lack of technical precision. While the climber is making progress up the wall, there is room for improvement in terms of body positioning and movement fluidity.",Novice,False,"Novice

The climber appears to be struggling with the wall and is not able to maintain proper body alignment or movement fluency. The climber's movements seem to lack technical precision as well.",Novice,False
2fa7fed3-f7be-428c-8168-bc30d5f0c9c8,uniandes_bouldering_026_91,Early Expert,"The climber appears to be at the Intermediate Expert level based on the following observations:

* **Body Alignment:** The climber maintains good body alignment throughout the climb, with proper posture and weight distribution. This suggests a level of familiarity with the climbing techniques required for this route.

* **Movement Fluency:** The climber's movements appear fluid and controlled, indicating a high level of comfort and proficiency in navigating the climbing wall. There are no signs of hesitation or awkwardness in their movements.

* **Technical Precision:** The climber demonstrates technical precision by selecting appropriate handholds and footholds, as well as maintaining a steady grip and balance. This level of technical skill is indicative of someone who has practiced and refined their climbing techniques over time.

Overall, the climber's performance suggests they have a solid foundation in climbing skills and are likely comfortable tackling more challenging routes. However, there may still be room for improvement in certain areas, such as increasing speed or developing more advanced climbing techniques.",Intermediate Expert,False,"Novice

The climber appears to be in the early stages of learning how to climb and is still developing their technique. The climber's body alignment is not yet optimal, as they are not using their core effectively to maintain balance and stability. Their movement is also not very fluid or graceful, indicating that they may not have much experience with climbing. Additionally, there is room for improvement in terms of technical precision, as the climber is not yet able to use the holds efficiently and is relying too heavily on their arms to support their weight. Overall, the climber's skill level appears to be novice.",Novice,False
2d2f63c6-ba70-47bb-be76-a4314c7dc7b8,uniandes_bouldering_035_62,Early Expert,"Novice

The climber appears to be in the early stages of learning how to climb and is not yet comfortable with the movements required for climbing. The climber's body alignment is not yet correct, as they are not using the proper techniques for climbing. The climber also seems to lack the necessary movement fluency and technical precision to perform the activity correctly.",Novice,False,"Novice

The climber's body alignment is not consistent throughout the video. The climber's feet are not aligned with the rock holds and the climber's body is not in a straight line. The climber's movement is not fluent as the climber struggles to find the right handholds and footholds. The climber's technical precision is also lacking as the climber does not use proper climbing techniques such as using the correct handholds and footholds.",Novice,False
1d994778-4641-497b-bcb6-00cfc61a2517,uniandes_bouldering_036_70,Late Expert,"Novice

The climber in the video appears to be a novice based on their body alignment and movement fluency. The climber's body is not aligned with the wall, which can lead to inefficient use of energy and increased risk of injury. Additionally, the climber's movements appear to be somewhat stiff and uncoordinated, indicating a lack of technical precision. While the climber has made some progress by reaching the top of the wall, there is still room for improvement in terms of body alignment, movement fluency, and technical precision.",Novice,False,"Novice

The climber's movements appear to be uncoordinated and lack fluidity. The climber's body alignment seems off as well, with the climber not maintaining proper posture while climbing. The climber also seems to be struggling with technical precision, as the climber is not using the holds effectively and appears to be relying more on luck than skill.",Novice,False
50a1d087-699a-4b98-a8d3-1c1b9adae130,uniandes_bouldering_037_52,Late Expert,"Novice

The climber appears to be a novice based on the following observations:

1. Body Alignment: The climber's body alignment seems off as they are not maintaining proper posture while climbing. Their feet and hands are not positioned correctly, which can lead to inefficient use of energy and increased risk of injury.

2. Movement Fluency: The climber's movements appear to be uncoordinated and lack fluidity. They seem to be struggling with the route, which suggests that they may not have the necessary skills or experience to perform the climb efficiently.

3. Technical Precision: The climber's technique is not precise, as they are not using the correct handholds and footholds. This can result in a slower climb and an increased risk of falling.

Overall, the climber's technique and movement suggest that they are still developing their skills and are likely at a novice level.",Novice,False,"Novice

The climber's body alignment is not ideal as the climber's feet are not aligned with the wall and the climber's knees are bent. The climber's movement is not fluent as the climber's movements appear to be slow and deliberate. The climber's technical precision is also lacking as the climber's hand placement and grip are not precise.",Novice,False
e1ff1af7-8be8-492c-8ede-4b6cfcc8ae87,uniandes_bouldering_036_36,Late Expert,"Novice

The climber is not yet comfortable with the climbing wall and is still learning how to use it. The climber is not yet able to maintain proper body alignment or movement fluency. The climber is also not yet able to perform any technical precision.",Novice,False,"Novice

The climber's body alignment appears to be off as they are not using the proper climbing techniques. Their movement is not fluent and they seem to be struggling with the wall. The climber also seems to lack technical precision as they are not using the correct handholds and footholds.",Novice,False
4b0fd835-3caf-43ee-83bf-79a28d2bf2ad,uniandes_bouldering_034_29,Early Expert,"Novice

The climber appears to be in the early stages of learning how to climb and is not yet comfortable with the techniques required for climbing. The climber's body alignment is not yet correct, as they are not using the proper hand and foot placement. Their movement is also not fluent, as they appear to be struggling with the climbing wall. Additionally, their technical precision is lacking, as they are not yet able to perform the necessary climbing techniques with accuracy.",Novice,False,"Novice

The climber's body alignment is not consistent throughout the climb. The climber's movement appears to be somewhat uncoordinated and lacks fluidity. The climber's technical precision is also lacking as they seem to be struggling with the route.",Novice,False
a071801a-f4a5-4b7d-a175-2eccd0e65d3d,uniandes_bouldering_028_64,Novice,"The climber in the video appears to be at an intermediate expert level based on the following observations:

* **Body Alignment:** The climber demonstrates good body alignment throughout the sequence. They maintain a strong core and use their legs effectively for support while reaching for holds with their arms. Their feet are positioned correctly on the wall, and they appear to be using proper foot placement techniques.

* **Movement Fluency:** The climber's movements are fluid and controlled. There are no abrupt or jerky motions, indicating that they have developed a good sense of rhythm and timing. The transitions between different moves are smooth, suggesting that they have practiced and refined their technique over time.

* **Technical Precision:** The climber exhibits a high degree of technical precision in their climbing. They are able to select appropriate handholds and footholds, and they demonstrate good hand-eye coordination as they reach for and grip the holds. The climber also appears to be using proper climbing techniques, such as maintaining a straight line with their body and keeping their weight centered.

Overall, the climber's technique is well-developed and demonstrates a good understanding of the fundamentals of climbing. However, there may still be room for improvement in certain areas, such as increasing their speed or developing more advanced climbing skills. With continued practice and experience, the climber could potentially advance to a late expert level.",Late Expert,False,"Novice

The climber's movements appear to be uncoordinated and lack fluidity. The climber's body alignment seems off as well, with the climber not maintaining proper posture while climbing. The climber also appears to be struggling with the technical aspects of the climb, as they are using their hands and feet in an awkward manner. Overall, the climber's technique is lacking, indicating that they are still at a novice level.",Novice,True
3c519043-4e93-4f5e-b521-3b27c235c17c,uniandes_bouldering_024_6,Novice,"Novice

The climber in the video appears to be a novice based on their body alignment and movement fluency. The climber's body is not aligned with the wall, which can lead to inefficient use of energy and increased risk of injury. Additionally, the climber's movements appear to be somewhat stiff and uncoordinated, indicating a lack of technical precision. While the climber has made some progress up the wall, there is still room for improvement in terms of body positioning and movement fluidity.",Novice,True,"Novice

The climber appears to be struggling with the wall and is not able to maintain proper body alignment or movement fluency. The climber's hands are not positioned correctly on the holds, and there is no indication of technical precision in their movements.",Novice,True
ea188e15-10c3-467d-b8f9-602d5aed498a,uniandes_bouldering_029_88,Novice,"The climber in the video appears to be at an intermediate expert level based on the following observations:

* **Body Alignment:** The climber maintains good body alignment throughout the climb, with their core engaged and their weight distributed evenly across their feet. This suggests that they have a solid understanding of proper climbing techniques and can maintain a stable position on the wall.

* **Movement Fluency:** The climber's movements appear fluid and controlled, indicating a high level of comfort and familiarity with the climbing route. They are able to transition between holds smoothly and efficiently, suggesting that they have developed a strong sense of rhythm and timing.

* **Technical Precision:** The climber demonstrates a high level of technical precision, as evidenced by their ability to select and use the appropriate holds for each section of the route. They also show good hand-eye coordination, which is essential for successful climbing.

Overall, the climber's technique and performance suggest that they have a good foundation in climbing skills and are likely at an intermediate expert level. However, it's important to note that this assessment is based on a limited number of frames, so a more comprehensive evaluation would require observing the climber over a longer period of time.",Intermediate Expert,False,"Novice

The climber's body alignment appears to be off as they are not using the proper climbing techniques. Their movement is not fluent and they seem to be struggling with the wall. The climber also seems to lack technical precision as they are not using the correct handholds and footholds.",Novice,True
495c922c-4986-4fc9-8f80-478f2d888850,uniandes_bouldering_029_34,Intermediate Expert,"The climber in the video appears to be a novice or early expert based on her body alignment and movement fluency. She is attempting to climb a wall with various handholds, but her movements seem uncoordinated and lack fluidity. Her body alignment is not optimal as she struggles to maintain balance and proper posture while climbing. Additionally, her technical precision is lacking, as she seems to be relying more on brute force rather than proper technique. Overall, her performance suggests that she is still developing her skills and may benefit from more practice and guidance.",Early Expert,False,"Novice

The climber's body alignment is not ideal as the climber's feet are not aligned with the wall and the climber's body is not in a straight line. The climber's movement is not fluent as the climber's movements appear to be slow and deliberate. The climber's technical precision is also lacking as the climber is not using the holds effectively and appears to be struggling to maintain balance.",Novice,False
b9f8d101-29f7-42c4-8677-b0d563e07dbf,uniandes_bouldering_032_80,Intermediate Expert,"Novice

The climber appears to be in the early stages of learning how to climb and is not yet comfortable with the techniques required for climbing. The climber's body alignment is not yet correct, as they are not using the proper hand and foot placement. Their movement is also not fluent, as they appear to be struggling with the climbing wall. Additionally, there is no indication that the climber has any technical precision, as they are not yet able to perform the necessary techniques correctly.",Novice,False,"Novice

The climber's body alignment appears to be off as they are not using the full range of their body to grip the holds. Their movement is not fluid and they seem to be struggling with the route. The climber also seems to be lacking in technical precision as they are not using the correct hand placement and foot positioning.",Novice,False
1c472019-714d-466e-ad7c-797fb59ab1e1,uniandes_bouldering_026_40,Novice,"The climber in the video appears to be a novice or early expert based on their technique and body alignment. The climber's movements seem somewhat uncoordinated and lack fluidity, which suggests that they may not have much experience with climbing. Additionally, the climber's body alignment is not ideal, as they appear to be leaning too far forward and not using their core muscles effectively. While the climber does show some technical precision by reaching for the holds, their overall performance indicates that they are still developing their skills. Therefore, it is likely that the climber is at a novice or early expert level.",Early Expert,False,"Novice

The climber in the video appears to be a novice based on their body alignment and movement fluency. The climber's movements seem uncoordinated and lack fluidity, indicating that they may not have much experience with rock climbing. Additionally, the climber's technical precision seems to be lacking as well, which is another indicator of a novice level of skill.",Novice,True
6f9e874c-829f-45a2-adfb-40e76efa2006,uniandes_bouldering_031_46,Late Expert,"Novice

The climber is still learning the proper techniques for climbing and has not yet developed the necessary skills to perform the activity with ease and efficiency. The climber's movements appear to be somewhat stiff and uncoordinated, indicating that they may not have had much practice or experience with the activity. Additionally, the climber's body alignment appears to be off, as they are not using the proper form and technique for climbing. Overall, the climber's skill level appears to be at the novice stage.",Novice,False,"Novice

The climber's body alignment is not ideal as the climber's feet are not placed properly and the climber's body is not aligned with the wall. The climber's movement is not fluent as the climber is not moving smoothly up the wall. The climber's technical precision is also lacking as the climber is not using proper handholds and footholds.",Novice,False
c258c50e-986e-4a24-a7eb-6e750c41110b,uniandes_bouldering_035_101,Early Expert,"Novice

The climber appears to be in the early stages of learning how to climb and is not yet comfortable with the movements required for climbing. The climber's body alignment is not yet correct, as they are not using the proper techniques for climbing. Their movement fluency is also lacking, as they appear to be struggling with the movements required for climbing. Technical precision is also lacking, as the climber is not yet able to perform the necessary techniques with accuracy.",Novice,False,"Novice

The climber is still learning the proper techniques for climbing and has not yet developed the necessary skills to climb efficiently or with precision. The climber's movements appear to be somewhat awkward and uncoordinated, and there is no evidence of any technical precision in their climbing style.",Novice,False
aa810edc-47b1-4446-a5e5-ac630b32ef0c,uniandes_bouldering_029_22,Novice,"The climber appears to be a novice or early expert based on the following observations:

* **Body Alignment:** The climber's body alignment seems to be off as they are not using the full range of motion and appear to be struggling with the climb. Their posture suggests that they may not have the necessary strength or technique to maintain proper alignment while climbing.
* **Movement Fluency:** The climber's movements seem to be slow and labored, indicating a lack of fluency in their technique. They do not appear to be able to move smoothly and efficiently, which is a characteristic of more experienced climbers.
* **Technical Precision:** The climber's technique appears to be lacking in terms of precision. They are not using the holds effectively, and their movements seem to be more reactive than proactive, suggesting that they may not have a solid understanding of the climbing techniques required for this particular route.

Overall, the climber's technique and performance suggest that they are still developing their skills and may benefit from additional practice and guidance.",Early Expert,False,"Novice

The climber's body alignment is not consistent throughout the video. The climber's feet are not aligned with the rock holds and the climber's body is not in a straight line. The climber's movement is not fluent as the climber struggles to find the next hold. The climber's technical precision is also lacking as the climber does not use proper climbing techniques such as using the correct hand and foot placement.",Novice,True
91049560-0506-479a-b216-fa6086dd3e11,uniandes_bouldering_029_58,Novice,"The climber in the video appears to be a novice or early expert. The climber's body alignment seems to be off as they are not using the proper climbing techniques. The climber's movement is not fluent and they seem to be struggling with the wall. The climber's technical precision is also lacking as they are not using the proper handholds and footholds. Overall, the climber's technique needs improvement.",Early Expert,False,"Novice

The climber's body alignment appears to be off as they are not using the proper climbing techniques. Their movement is not fluent and they seem to be struggling with the wall. The technical precision is also lacking as they are not using the correct handholds and footholds.",Novice,True
bb219a0a-24ed-4623-8dc2-7496f86755ff,uniandes_bouldering_026_107,Novice,"The climber in the video appears to be at an intermediate expert level based on the following observations:

* **Body Alignment:** The climber maintains good body alignment throughout the sequence. They are able to distribute their weight effectively and maintain proper posture while reaching for holds. This suggests that they have a solid understanding of fundamental climbing techniques.

* **Movement Fluency:** The climber demonstrates fluid and controlled movements as they transition between different holds. Their actions appear deliberate and purposeful, indicating a high level of comfort and familiarity with the climbing environment. However, there may still be room for improvement in terms of efficiency and economy of motion.

* **Technical Precision:** The climber exhibits strong technical precision in their hand placement and footwork. They are able to select appropriate holds and execute precise movements to progress up the wall. While their technique is sound, there might be opportunities for further refinement in certain aspects of their climbing style.

Overall, the climber's performance indicates an intermediate level of expertise. They possess a good grasp of basic climbing principles but could benefit from honing their movement fluency and technical precision to reach a late expert level.",Late Expert,False,"Novice

The climber's body alignment appears to be off as they are not using the proper climbing techniques. The movement is not fluent and there is no technical precision in the way they are climbing.",Novice,True
fd316d2d-57d6-47ee-a1e8-c141a3a29d33,uniandes_bouldering_026_62,Novice,"The climber in the video appears to be at an intermediate expert level based on her body alignment, movement fluency, and technical precision.

Body Alignment:
- The climber maintains good body alignment throughout the sequence. Her core is engaged, and she keeps her body close to the wall, which is essential for efficient climbing. Her hips are slightly bent, allowing her to maintain balance while reaching for holds.

Movement Fluency:
- The climber's movements are fluid and controlled. She transitions smoothly between different holds without hesitation or unnecessary movements. Her arm and leg actions are well-coordinated, indicating a high level of skill and practice.

Technical Precision:
- The climber demonstrates excellent technical precision by selecting the right holds and using them effectively. She reaches for the holds with purpose and accuracy, ensuring that each grip is secure before moving on to the next hold. Her hand placement and foot positioning are precise, contributing to her overall efficiency.

Overall, the climber's body alignment, movement fluency, and technical precision suggest that she has reached an intermediate expert level in rock climbing. However, it's important to note that this assessment is based on a limited number of frames, and further observation would be needed to confirm her skill level more accurately.",Intermediate Expert,False,"Novice

The climber appears to be struggling with the wall and is not able to maintain proper body alignment or movement fluency. The climber's movements seem to lack technical precision as well.",Novice,True
5bb27ee7-ca81-42b7-9c96-e4500413241e,uniandes_bouldering_034_67,Early Expert,"Novice

The climber appears to be in the early stages of learning how to climb and is not yet comfortable with the techniques required for climbing. The climber's body alignment is not yet correct, as they are not using the proper hand and foot placement. Their movement is also not fluent, as they appear to be struggling with the climbing wall. Additionally, there is no indication that the climber has any technical precision, as they are not yet able to perform the necessary techniques correctly.",Novice,False,"Novice

The climber's body alignment is not consistent throughout the climb. The climber's feet are not aligned with the holds and the climber's body is not in a straight line. The climber's movement is not fluent as the climber is not able to smoothly transition between the holds. The climber's technical precision is also lacking as the climber is not able to use the holds effectively.",Novice,False
3e8cacb0-dffe-424e-ac44-539f255c5156,uniandes_bouldering_032_77,Intermediate Expert,"Novice

The climber in the video appears to be a novice as they are still learning how to climb and are not yet able to perform the activity with much fluency or technical precision. The climber is still learning how to use the climbing wall and is not yet able to climb up the wall without assistance.",Novice,False,"Novice

The climber's body alignment is not ideal as the climber's feet are not aligned with the rock holds and the climber's knees are bent too much. The climber's movement is not fluent as the climber's movements appear to be slow and deliberate. The climber's technical precision is also lacking as the climber is not using the correct technique for climbing the wall.",Novice,False
0c5bdd21-9828-43de-8d18-f9d346e3ed90,uniandes_bouldering_025_85,Novice,"Novice

The climber appears to be in the early stages of learning how to climb and is not yet comfortable with the techniques required for climbing. The climber's body alignment is not yet correct, as they are not using the proper hand and foot placement. Their movement is also not fluent, as they appear to be struggling with the climbing wall. Additionally, there is no indication that the climber has any technical precision, as they are not yet able to perform the necessary techniques correctly.",Novice,True,"Novice

The climber's body alignment is not consistent throughout the climb. The climber's feet are not aligned with the rock holds and the climber's body is not in a straight line. The climber's movement is not fluent as the climber is not able to smoothly transition between the rock holds. The climber's technical precision is also lacking as the climber is not able to maintain a good grip on the rock holds.",Novice,True
2af27998-2596-4484-ae0a-4b0d25da25fb,uniandes_bouldering_037_34,Late Expert,"Novice

The climber appears to be in the early stages of learning how to climb and is not yet comfortable with the movements required for climbing. The climber's body alignment is not yet correct, as they are not using the proper techniques for climbing. The climber also seems to be struggling with movement fluency, as they are not yet able to move smoothly and efficiently up the wall. Technical precision is also lacking, as the climber is not yet able to use the proper techniques for climbing.",Novice,False,"Novice

The climber's body alignment appears to be off as they are not using the full range of motion and are not maintaining proper posture. Their movement is not fluid or smooth, and there is a lack of technical precision in their climbing style. The climber seems to be struggling with the route and may benefit from more practice and guidance.",Novice,False
9580429c-539c-46e2-a100-aba20d6cc8e0,uniandes_bouldering_036_74,Late Expert,"The climber in the video appears to be at an intermediate expert level based on the following observations:

* **Body Alignment:** The climber maintains good body alignment throughout the climb, with their body positioned close to the wall and their weight distributed evenly across their feet and hands. This suggests that they have a solid understanding of proper climbing techniques and are able to maintain a stable position on the wall.

* **Movement Fluency:** The climber's movements appear fluid and controlled, indicating that they have developed a high degree of coordination and balance. They are able to transition between holds smoothly and efficiently, suggesting that they have practiced these movements extensively and are comfortable executing them under pressure.

* **Technical Precision:** The climber demonstrates technical precision by selecting appropriate handholds and footholds, and by using their body effectively to reach higher holds. They also show good hand-eye coordination, as evidenced by their ability to grip the holds firmly and make precise movements.

Overall, the climber's technique and performance suggest that they have a strong foundation in climbing skills and are likely at an intermediate expert level. However, it is important to note that this assessment is based on a limited number of frames and may not provide a complete picture of the climber's overall skill level.",Intermediate Expert,False,"Novice

The climber's body alignment is not consistent throughout the climb. The climber's movement appears to be somewhat uncoordinated and lacks fluidity. The climber's technical precision is also lacking as they are not using the holds in a precise manner.",Novice,False
b0b58515-bc80-4ffc-8ee9-b3f4251071ca,uniandes_bouldering_028_28,Novice,"The climber in the video appears to be at an intermediate expert level based on the following observations:

* **Body Alignment:** The climber maintains good body alignment throughout the sequence. They are able to distribute their weight effectively and maintain proper posture while climbing. This suggests that they have a solid understanding of the mechanics involved in rock climbing.

* **Movement Fluency:** The climber demonstrates fluid and controlled movements as they ascend the wall. There are no abrupt or jerky motions, indicating a high level of comfort and familiarity with the climbing techniques being used. This suggests that they have practiced extensively and have developed a natural rhythm for climbing.

* **Technical Precision:** The climber exhibits precise hand and foot placement, which is essential for maintaining balance and preventing falls. They also appear to be using the correct climbing techniques for the specific holds and routes they are tackling. This indicates a strong grasp of the technical aspects of rock climbing.

Overall, the climber's body alignment, movement fluency, and technical precision suggest that they are an intermediate expert climber. While there may still be room for improvement, they demonstrate a high level of skill and experience in the sport.",Intermediate Expert,False,"Novice

The climber's movements appear to be uncoordinated and lack fluidity. The climber's body alignment seems off as well, with the climber not maintaining proper posture while climbing. The climber also seems to be struggling with technical precision, as they are not using the holds effectively or efficiently. Overall, the climber appears to be a novice in rock climbing.",Novice,True
6109e2a2-a28a-4d09-8333-facbb9d855d0,uniandes_bouldering_036_43,Late Expert,"Novice

The climber's body alignment and movement fluency appear to be lacking in this video. The climber seems to be struggling with the route, as they are not able to maintain proper body positioning or fluid movements. Additionally, there is no indication of technical precision, which suggests that the climber may still be developing their skills.",Novice,False,"Novice

The climber appears to be struggling with the wall and is not able to maintain proper body alignment or movement fluency. The climber's movements appear to be slow and uncoordinated, and there is no evidence of technical precision in their climbing style.",Novice,False
f13614a2-2a3a-49ff-92bd-0a585e241aba,uniandes_bouldering_034_55,Intermediate Expert,"Novice

The climber is not yet comfortable with the climbing wall and is still learning how to use it. The climber is not yet able to maintain proper body alignment or movement fluency. The climber is also not yet able to perform any technical precision.",Novice,False,"Novice

The climber appears to be a novice as they are still learning the proper techniques for climbing. They are not yet able to maintain good body alignment and their movements are not fluent or precise. The climber also seems to be struggling with the technical aspects of climbing, such as finding the right handholds and footholds.",Novice,False
700ed1a7-7984-46df-8ae7-0ca0407763ff,uniandes_bouldering_027_21,Early Expert,"The climber appears to be a novice or early expert based on the following observations:

* **Body Alignment:** The climber's body alignment seems to be somewhat off, as they are not fully extending their arms and legs in a straight line. This could indicate that they are still learning proper body mechanics for climbing.
* **Movement Fluency:** The climber's movements appear to be somewhat stiff and ungraceful, which suggests that they may not have much experience with climbing yet.
* **Technical Precision:** The climber's technique does not seem very precise, as they are not using the holds effectively. They also do not seem to be using their body weight efficiently.

Overall, the climber's technique and body alignment suggest that they are still in the early stages of learning how to climb. They may benefit from more practice and instruction to improve their skills.",Early Expert,True,"The climber appears to be at the Intermediate Expert level based on the following observations:

* **Body Alignment:** The climber maintains good body alignment throughout the climb, with their core engaged and their weight distributed evenly across their feet and hands. This suggests that they have a solid understanding of proper climbing mechanics.
* **Movement Fluency:** The climber's movements appear fluid and controlled, indicating a high level of comfort and familiarity with the climbing wall. They are able to transition between holds smoothly without hesitation or struggle.
* **Technical Precision:** The climber demonstrates strong technical precision in their hand placement and footwork. They are able to select appropriate holds for each move and execute them with accuracy.

Overall, the climber's technique is well-developed and efficient, suggesting that they have a good foundation in climbing skills. However, there may still be room for improvement in certain areas, such as increasing their speed or adding more variety to their routes.",Intermediate Expert,False
503cc92d-7052-44ff-a21d-da6c4a5d6927,uniandes_bouldering_028_52,Intermediate Expert,"The person in the video appears to be a novice climber. Their body alignment is not yet optimized for climbing, as they are leaning forward and not maintaining a straight line with their body. Their movement fluency is also lacking, as they seem to be struggling with the climb and not moving smoothly. Additionally, their technical precision is not yet developed, as they are not using proper climbing techniques or form. Overall, their skill level appears to be at the novice stage.",Novice,False,"Novice

The climber appears to be struggling with the wall and is not able to maintain proper body alignment or movement fluency. The climber's hand placement and foot placement appear to be inconsistent and uncoordinated. Technical precision is also lacking as the climber is not able to find the right holds and is not able to maintain a steady grip.",Novice,False
c8dbedf6-61ec-497f-b57e-ee270238da13,uniandes_bouldering_031_69,Late Expert,"Novice

The climber appears to be in the early stages of learning how to climb and is not yet comfortable with the techniques required for climbing. The climber's body alignment is not yet correct, as they are not using the proper hand and foot placement. Their movement is also not fluent, as they appear to be struggling with the climbing wall. Additionally, there is no indication that the climber has any technical precision, as they are not yet able to perform the necessary techniques correctly.",Novice,False,"Novice

The climber's body alignment appears to be off as they are not using the proper climbing techniques. Their movement is not fluent and they seem to be struggling with the wall. The climber also seems to lack technical precision as they are not using the correct hand and foot placement.",Novice,False
e5c264b5-71ec-47b5-a509-f3c56da7f418,uniandes_bouldering_036_51,Late Expert,"Novice

The climber appears to be in the early stages of learning how to climb and is not yet comfortable with the movements required for climbing. The climber's body alignment is not yet correct, as they are not using the proper techniques for climbing. The climber also seems to lack the necessary movement fluency and technical precision to perform the climbs effectively.",Novice,False,"Novice

The climber appears to be struggling with the wall and is not able to maintain proper body alignment or movement fluency. The climber's movements seem to lack precision and control, indicating that they may still be in the early stages of learning the sport.",Novice,False
1bae4806-b9a5-4271-9d40-b14e42c50fa0,uniandes_bouldering_028_42,Novice,"The climber appears to be at the Intermediate Expert level based on the following observations:

* **Body Alignment:** The climber maintains good body alignment throughout the climb, with her core engaged and her movements fluid. Her hips are slightly bent, which helps maintain balance and control while reaching for holds.

* **Movement Fluency:** The climber demonstrates smooth and controlled movements as she transitions between holds. Her arm movements appear to be well-coordinated, and she efficiently uses her body weight to propel herself forward.

* **Technical Precision:** The climber shows a high level of technical proficiency in her climbing technique. She is able to select appropriate holds and execute complex moves with precision. Her use of the crimp grip and finger strength indicates a strong understanding of the different types of holds and how to use them effectively.

Overall, the climber's technique is well-developed, and she appears to have a solid foundation in climbing skills. However, there may still be room for improvement in certain areas, such as increasing her speed or developing more advanced techniques.",Intermediate Expert,False,"Novice

The climber's body alignment is not consistent throughout the climb. The climber's movement appears to be somewhat uncoordinated and lacks fluidity. The climber's technical precision is also lacking as they seem to be struggling with finding the right handholds and footholds.",Novice,True
cdb3d2dc-57b0-4a0e-8645-f37c7b384f74,uniandes_bouldering_032_34,Late Expert,"Novice

The climber appears to be in the early stages of learning how to climb and is not yet comfortable with the techniques required for climbing. The climber's body alignment is not yet correct, as they are not using the proper hand and foot placement. Their movement is also not fluent, as they appear to be struggling with the climbing wall. Additionally, their technical precision is lacking, as they are not yet able to perform the necessary climbing techniques with accuracy.",Novice,False,"Novice

The climber appears to be struggling with the wall and is not able to maintain proper body alignment or movement fluency. The climber's hands are not positioned correctly on the holds, and there is no indication of technical precision in their movements.",Novice,False
8ebffdce-ebf0-4824-a266-2c910dd6b5a7,uniandes_bouldering_036_71,Late Expert,"Novice

The climber's body alignment and movement fluency appear to be lacking. The climber seems to be struggling with the route, as indicated by the slow and hesitant movements. The climber's technical precision also appears to be low, as they seem to be making mistakes while climbing. Overall, the climber's technique suggests that they are still in the early stages of learning how to climb and would benefit from more practice and guidance.",Novice,False,"Novice

The climber's body alignment appears to be off as they are not using the proper climbing techniques. Their movement is not fluent and they seem to be struggling with the wall. The climber also seems to lack technical precision as they are not using the holds correctly.",Novice,False
ee192603-9c39-4ae1-ad7d-46de5fe3bb9c,uniandes_bouldering_035_93,Early Expert,"Novice

The climber appears to be in the early stages of learning how to climb and is not yet comfortable with the movements required for climbing. The climber's body alignment is not yet correct, as they are not using the proper techniques for climbing. Their movement fluency is also lacking, as they appear to be struggling with the movements required for climbing. Technical precision is also lacking, as the climber is not yet able to perform the necessary techniques with accuracy.",Novice,False,"Novice

The climber is still learning the basics of climbing and has not yet developed the necessary skills to climb efficiently or with proper form. The climber's movements are not fluid and there is a lack of technical precision in their climbing.",Novice,False
4401cdfe-a383-4116-b1ed-1783b2e0ae7e,uniandes_bouldering_036_4,Late Expert,"Novice

The climber's body alignment and movement fluency are not yet refined. The climber's movements appear to be somewhat stiff and uncoordinated, which suggests that they may still be developing their technique. Additionally, the climber's technical precision appears to be lacking as they are not yet able to execute the moves with the necessary accuracy and control. Overall, the climber's skill level appears to be at the novice stage.",Novice,False,"Novice

The climber's movements appear to be uncoordinated and lack fluidity. The climber's body alignment seems off as well, with the climber not maintaining proper posture while climbing. The climber also seems to be struggling with the technical aspects of the climb, as they are using their fingers instead of their feet for support. Overall, the climber appears to be a novice in terms of skill level.",Novice,False
297d0185-6f12-4664-b53c-c5fc4054d680,uniandes_bouldering_022_20,Intermediate Expert,"Novice

The climber in the video appears to be a novice as they are still learning how to climb and are not yet able to perform the activity with much fluency or precision. The climber is still trying to find their way up the wall and is not yet able to maintain good body alignment or move fluidly. Additionally, the climber does not appear to have any technical skills that would indicate they are at a higher level of expertise.",Novice,False,"Novice

The climber appears to be struggling with the wall and is not able to maintain proper body alignment or movement fluency. The climber's movements seem to lack technical precision as well.",Novice,False
1f5b4052-c683-436a-be7e-aefd56ede7fa,uniandes_bouldering_037_29,Intermediate Expert,"Novice

The climber in the video appears to be a novice based on their body alignment and movement fluency. The climber's body is not aligned with the wall, which can lead to inefficient use of energy and increased risk of injury. Additionally, the climber's movements appear to be somewhat stiff and uncoordinated, indicating a lack of technical precision. While the climber has made some progress up the wall, there is still room for improvement in terms of body positioning and movement fluidity.",Novice,False,"Novice

The climber's body alignment appears to be off as they are not using the proper climbing techniques. Their movement is not fluent and they seem to be struggling with the wall. The climber also seems to lack technical precision as they are not using the correct handholds and footholds.",Novice,False
9184f98d-fc8c-4158-a6ab-70784f003ad4,uniandes_bouldering_037_28,Intermediate Expert,"Novice

The climber in the video appears to be a novice based on their body alignment and movement fluency. The climber's movements seem uncoordinated and lack fluidity, which suggests that they may not have much experience with rock climbing. Additionally, the climber's body alignment does not appear to be optimal for climbing, as they are not using proper techniques such as keeping their core engaged and maintaining a good posture. Overall, the climber's technique seems to be lacking, indicating that they are still in the early stages of learning how to climb.",Novice,False,"Novice

The climber appears to be struggling with the wall and is not able to maintain proper body alignment or movement fluency. The climber's hands are not positioned correctly on the holds, and there is no indication of technical precision in their movements.",Novice,False
07088783-ff84-476b-9b9f-cfc64ada6d2f,uniandes_bouldering_036_29,Intermediate Expert,"Novice

The climber in the video appears to be a novice based on their body alignment and movement fluency. The climber's body is not aligned with the wall, which can lead to inefficient use of energy and increased risk of injury. Additionally, the climber's movements appear to be somewhat stiff and uncoordinated, indicating a lack of technical precision. While the climber has managed to reach the top of the wall, their overall performance suggests that they may benefit from further practice and instruction.",Novice,False,"Novice

The climber's body alignment is not consistent throughout the climb. The climber's movement appears to be somewhat uncoordinated and lacks fluidity. The climber's technical precision is also lacking as they do not seem to be using the holds in a way that would be considered efficient or effective for climbing.",Novice,False
519215e8-5f92-4cba-bf5b-e01dfce4974f,uniandes_bouldering_036_31,Intermediate Expert,"Novice

The climber appears to be in the early stages of learning how to climb and is not yet comfortable with the techniques required for climbing. The climber's body alignment is not yet correct, as they are not using the proper hand and foot placement on the wall. Their movement is also not fluent, as they appear to be struggling with the movements required to climb the wall. Additionally, their technical precision is lacking, as they are not yet able to perform the necessary techniques with accuracy.",Novice,False,"Novice

The climber appears to be in the early stages of learning how to climb and is not yet comfortable with the techniques required for climbing. The climber's body alignment is not yet correct, as they are not using proper form and are not able to maintain balance while climbing. Their movement is also not fluent, as they appear to be struggling with the movements required to climb. Finally, their technical precision is lacking, as they are not yet able to use the holds correctly and are not able to maintain a steady pace while climbing.",Novice,False
a5765392-52b0-4f9b-9a9c-05f2119c0c0d,uniandes_bouldering_025_42,Novice,"Novice

The climber in the video appears to be a novice based on their body alignment and movement fluency. The climber's body is not aligned with the wall, which can lead to inefficient use of energy and increased risk of injury. Additionally, the climber's movements appear to be somewhat stiff and uncoordinated, indicating a lack of technical precision. While the climber is making progress up the wall, there is room for improvement in terms of body positioning and movement fluidity.",Novice,True,"Novice

The climber's body alignment appears to be off as they are not using the proper climbing techniques. The movement is not fluent and there is no technical precision in the way they are climbing.",Novice,True
e6577f77-2df9-4009-a1e6-c70dbaecfa0c,uniandes_bouldering_026_97,Novice,"The climber in the video appears to be at an intermediate expert level based on the following observations:

1. **Body Alignment**: The climber maintains good body alignment throughout the sequence. They are using their core strength effectively and keeping their body close to the wall, which is essential for efficient climbing. This indicates a high level of technical proficiency.

2. **Movement Fluency**: The climber's movements are fluid and controlled. There are no abrupt or jerky motions, suggesting that they have a good understanding of the climbing techniques required for this route. This fluency is characteristic of someone who has practiced extensively and has a solid grasp of the necessary skills.

3. **Technical Precision**: The climber demonstrates precise hand and foot placement, which is crucial for maintaining balance and avoiding falls. The use of different holds and edges with varying degrees of difficulty shows a high level of technical precision. This level of detail in technique is typically seen in climbers who have reached an intermediate expert stage.

Overall, the climber's consistent form, smooth movements, and precise technique suggest that they are well-versed in the sport and have achieved a level of expertise beyond just learning the basics. Therefore, I would classify this climber as an Intermediate Expert.",Intermediate Expert,False,"Novice

The climber appears to be struggling with the wall and is not able to maintain proper body alignment or movement fluency. The climber's movements seem to lack precision and control, indicating that they may still be in the early stages of learning the sport.",Novice,True
9470ffb0-844d-459e-927a-08ba1ab45ea3,uniandes_bouldering_028_6,Early Expert,"The climber in the video appears to be at an intermediate expert level based on the following observations:

* **Body Alignment:** The climber maintains good body alignment throughout the sequence. They are able to position their body effectively against the wall, using their core strength and balance to support themselves as they ascend. This suggests that they have developed a solid understanding of proper climbing techniques.

* **Movement Fluency:** The climber demonstrates fluid and controlled movements as they navigate the wall. Their transitions between holds appear smooth, indicating a high level of comfort and familiarity with the climbing environment. This fluency is a hallmark of intermediate climbers who have honed their skills through consistent practice.

* **Technical Precision:** The climber exhibits precise hand and foot placement, which is essential for maintaining control and preventing falls. They also demonstrate good use of body mechanics, such as shifting weight efficiently and adjusting their center of gravity to reach higher holds. These technical details suggest that the climber has a strong foundation in climbing fundamentals and is applying them effectively.

Overall, the climber's body alignment, movement fluency, and technical precision indicate that they possess an intermediate level of expertise. While there may still be room for improvement, the video showcases a skilled and confident climber who is well on their way to becoming a late expert.",Late Expert,False,"Novice

The climber is still learning the basics and is not yet comfortable with the climbing wall. The climber is not yet able to maintain proper body alignment while climbing, as seen in frame 1 where the climber is not aligned properly with the wall. The climber also seems to be struggling with movement fluency, as seen in frame 2 where the climber is not moving smoothly up the wall. Technical precision is also lacking, as seen in frame 3 where the climber is not using the correct handholds and footholds.",Novice,False
1a8c5423-d0bd-4127-80ae-73c50e13a2d2,uniandes_bouldering_026_109,Novice,"The climber in the video appears to be a novice or early expert based on the following observations:

1. Body Alignment: The climber seems to lack proper body alignment and balance while climbing. In the first frame, the climber is holding a phone with a QR code, which suggests they might not have started climbing yet. However, in subsequent frames, the climber is seen attempting to climb the wall but struggles to maintain balance and proper posture.

2. Movement Fluency: The climber's movements appear to be uncoordinated and slow. They seem to be struggling to find the right handholds and footholds, indicating a lack of fluency in their climbing technique.

3. Technical Precision: The climber's technique lacks precision, as they are not using the correct handholds and footholds effectively. This could be due to a lack of experience or improper training.

Overall, the climber's technique and performance suggest that they are still at an early stage of learning and developing their skills. They may benefit from more practice and guidance to improve their body alignment, movement fluency, and technical precision.",Early Expert,False,"Novice

The climber's movements appear to be uncoordinated and lack fluidity. The climber's body alignment seems off as they struggle to find the right handholds and footholds. There is no evidence of technical precision in their climbing style.",Novice,True
ee704204-ed23-4093-91fb-12faa6b9144f,uniandes_bouldering_036_67,Intermediate Expert,"Novice

The climber appears to be in the early stages of learning how to climb and is not yet comfortable with the movements required for climbing. The climber's body alignment is not yet correct, as they are not using the proper techniques for climbing. The climber also seems to lack the necessary movement fluency and technical precision to perform the climbs effectively.",Novice,False,"Novice

The climber's body alignment is not consistent throughout the climb. The climber's feet are not aligned with the wall and the climber's body is not in a straight line. The climber's movement is not fluent as the climber's movements are not smooth and there are some pauses between the movements. The climber's technical precision is also not very good as the climber is not using the holds correctly and the climber is not using the correct climbing techniques.",Novice,False
aa1c9e77-d152-46a7-9be9-6b877478543d,uniandes_bouldering_022_37,Early Expert,"Novice

The climber in the video appears to be a novice as they are still learning how to climb and are not yet able to perform the activity with much fluency or precision. The climber is still trying to find their way up the wall and is not yet able to maintain good body alignment or move smoothly and efficiently.",Novice,False,"Novice

The climber's body alignment is not ideal as the climber's feet are not aligned with the wall and the climber's knees are bent. The climber's movement is not fluent as the climber is using their hands to push off the wall instead of using their legs for propulsion. The climber's technical precision is also lacking as the climber is not using proper climbing techniques such as undercling and overhang.",Novice,False
fd3b8a72-eaae-4406-aee6-a6bca9842b9a,uniandes_bouldering_029_57,Novice,"Novice

The climber appears to be in the early stages of learning how to climb and is not yet comfortable with the techniques required for climbing. The climber's body alignment is not yet correct, as they are not using the proper hand and foot placement. Their movement is also not fluent, as they appear to be struggling with the climbing wall. Additionally, there is no indication that the climber has any technical precision, as they are not yet able to perform the necessary techniques correctly.",Novice,True,"Novice

The climber's body alignment is not consistent throughout the climb. The climber's movements are not fluid and there is a lack of technical precision in the way they are climbing.",Novice,True
4608b4d3-de77-4635-8aa9-bed1495af6f5,uniandes_bouldering_027_82,Novice,"Novice

The climber appears to be in the early stages of learning how to climb and is not yet comfortable with the techniques required for climbing. The climber's body alignment is not yet correct, as they are not using the proper hand and foot placement. Their movement is also not fluent, as they appear to be struggling with the climbing wall. Additionally, their technical precision is lacking, as they are not yet able to perform the necessary climbing techniques with accuracy.",Novice,True,"Novice

The climber's body alignment is not consistent throughout the video. The climber's feet are not aligned with the wall and the climber's body is not in a straight line. The climber's movement is not fluent as the climber's movements are not smooth and there are some pauses between the movements. The climber's technical precision is also not very good as the climber is not able to maintain a good grip on the holds and the climber's movements are not precise.",Novice,True
73853c96-b212-4c0c-840b-521bf4db7109,uniandes_bouldering_032_28,Intermediate Expert,"Novice

The climber appears to be struggling with the wall and is not able to maintain proper body alignment or movement fluency. The climber is also not using technical precision in their movements.",Novice,False,"Novice

The climber's movements appear to be uncoordinated and lack fluidity. The climber's body alignment seems off as they struggle to find the right handholds and footholds. Technical precision is also lacking as the climber appears to be making mistakes in their climbing technique.",Novice,False
9f596c0c-2beb-45c9-a484-a21af02018d9,uniandes_bouldering_036_49,Late Expert,"Novice

The climber appears to be in the early stages of learning how to climb and is not yet comfortable with the movements required for climbing. The climber's body alignment is not yet correct, as they are not using the proper techniques for climbing. Their movement fluency is also lacking, as they appear to be struggling with the movements required for climbing. Finally, their technical precision is not yet developed, as they are not yet able to perform the necessary techniques with accuracy.",Novice,False,"Novice

The climber appears to be a novice based on the following observations:

* **Body Alignment:** The climber's body alignment seems off, as they are not using proper climbing techniques. Their arms and legs are not positioned in a way that would allow for efficient movement up the wall.
* **Movement Fluency:** The climber's movements appear to be slow and uncoordinated. They seem to be struggling with the climb and are not demonstrating any fluidity or grace in their movements.
* **Technical Precision:** The climber's technique is lacking in terms of precision. They are not using the holds effectively, and their grip strength does not seem to be sufficient to maintain a secure hold on the wall.

Overall, the climber's technique suggests that they are still in the early stages of learning how to climb and would benefit from more practice and instruction.",Novice,False
eef772dd-c85a-44ae-aada-6029f46ab948,uniandes_bouldering_024_20,Novice,"The climber in the video appears to be at an intermediate expert level based on the following observations:

* **Body Alignment:** The climber maintains good body alignment throughout the climb, with their core engaged and their weight distributed evenly across their feet. This suggests that they have a solid understanding of proper climbing mechanics and can maintain a stable position on the wall.

* **Movement Fluency:** The climber's movements appear fluid and controlled, indicating a high level of comfort and familiarity with the route. They transition between holds smoothly and efficiently, suggesting that they have practiced the route before and have developed a strong sense of rhythm and timing.

* **Technical Precision:** The climber demonstrates technical precision by using the correct hand and foot placement for each hold, as well as maintaining a consistent grip and release pattern. They also show good use of body weight and momentum to propel themselves up the wall, which is a hallmark of advanced climbers.

Overall, the climber's technique and performance suggest that they have a good foundation in climbing skills and are likely at an intermediate expert level. However, it's important to note that this assessment is based on a limited number of frames and may not fully capture the climber's overall skill level or potential.",Intermediate Expert,False,"Novice

The climber's body alignment appears to be off as they are not using the proper climbing techniques. Their movement is not fluent and they seem to be struggling with the wall. The climber also seems to lack technical precision as they are not using the correct hand and foot placement.",Novice,True
0863deaf-65fb-425a-a19a-5032bc20eb8b,uniandes_bouldering_022_56,Early Expert,"Novice

The climber is not yet comfortable with the climbing wall and is still learning how to use it. The climber is not yet able to climb up the wall without assistance or a harness. The climber is not yet able to climb up the wall without assistance or a harness.",Novice,False,"Novice

The climber's movements appear to be uncoordinated and lack fluidity. The climber's body alignment seems off as well, with the climber not maintaining proper posture while climbing. The climber also seems to be struggling with technical precision, as they are not using the holds in a way that would allow for efficient climbing.",Novice,False
993f24bc-49ad-4f29-96f2-441022fed429,uniandes_bouldering_026_65,Novice,"The climber in the video appears to be at an intermediate expert level based on the following observations:

* **Body Alignment:** The climber demonstrates good body alignment throughout the sequence. Her core is engaged, and her movements are controlled as she transitions between holds. This suggests that she has a solid understanding of proper climbing techniques.

* **Movement Fluency:** The climber's movements appear fluid and efficient. She transitions smoothly between holds without unnecessary hesitation or struggle. This indicates that she has developed a good sense of rhythm and timing, which is characteristic of an intermediate expert climber.

* **Technical Precision:** The climber shows technical proficiency by using the correct hand and foot placement for each hold. She also demonstrates good balance and control, especially when reaching for higher holds. These skills are essential for an intermediate expert climber.

Overall, the climber's technique and performance suggest that she has a strong foundation in climbing fundamentals and has progressed beyond the novice stage. However, there may still be room for improvement in certain areas, such as increasing speed and power, which could elevate her to a late expert level.",Late Expert,False,"Novice

The climber in the video appears to be a novice based on their body alignment and movement fluency. The climber's movements seem uncoordinated and lack fluidity, indicating that they may not have much experience with rock climbing. Additionally, the climber's body alignment is not optimal, as they appear to be leaning too far forward and not using their core muscles effectively. Technical precision is also lacking, as the climber seems to be struggling with finding the right handholds and footholds. Overall, the climber's technique suggests that they are still in the early stages of learning how to climb and would benefit from more practice and instruction.",Novice,True
64123abf-5878-4157-8b08-1d43e6145520,uniandes_bouldering_030_9,Late Expert,"Novice

The climber is not yet comfortable with the climbing wall and is still learning how to use it. The climber is not yet able to climb up the wall without assistance or guidance. The climber is still learning how to use the wall and is not yet able to perform any advanced climbing techniques.",Novice,False,"Novice

The climber's body alignment and movement fluency are not yet refined. The climber's hands are not positioned correctly for the holds they are using, and there is a lack of fluidity in their movements. Technical precision is also lacking as the climber is not using the holds effectively to ascend the wall.",Novice,False
34c5de08-c113-4213-82e0-50a6751d794b,uniandes_bouldering_036_48,Late Expert,"Novice

The climber in the video appears to be a novice based on their body alignment and movement fluency. The climber's body is not aligned with the wall, which can lead to inefficient use of energy and increased risk of injury. Additionally, the climber's movements appear to be somewhat stiff and uncoordinated, indicating a lack of technical precision. While the climber is making progress up the wall, there is room for improvement in terms of body positioning and movement fluidity.",Novice,False,"Novice

The climber's body alignment and movement fluency appear to be lacking. The climber's movements seem to be slow and deliberate, which suggests that they may not have much experience with climbing. Additionally, the climber's technique appears to be somewhat imprecise, as they are using their hands to grip the holds rather than their feet. This suggests that the climber may still be learning the proper techniques for climbing. Overall, the climber's skill level appears to be novice.",Novice,False
fb1499ca-5d4e-470d-8388-bfd1bad3861d,uniandes_bouldering_026_93,Novice,"The climber in the video appears to be at an intermediate expert level based on the following observations:

* **Body Alignment:** The climber maintains good body alignment throughout the sequence. Her core is engaged, and her movements are controlled, indicating a solid understanding of proper climbing techniques. She is able to maintain a stable base with her feet while reaching for holds with her hands.

* **Movement Fluency:** The climber demonstrates fluid and efficient movements as she transitions between different holds. Her actions appear well-coordinated, suggesting that she has practiced these routes before and has developed a sense of rhythm and timing.

* **Technical Precision:** The climber exhibits precise hand placement and footwork, which are essential skills for climbing. She is able to select appropriate holds and adjust her body position accordingly. Her movements are deliberate and calculated, showing a high level of technical proficiency.

Overall, the climber's technique is consistent with that of an intermediate expert climber who has developed a strong foundation in climbing fundamentals and has gained experience through practice. However, there may still be room for improvement in certain areas, such as increasing speed or developing more advanced techniques.",Intermediate Expert,False,"Novice

The climber's body alignment appears to be off as they are not using the proper climbing techniques. Their movement is not fluent and they seem to be struggling with the wall. The climber also seems to lack technical precision as they are not using the holds correctly.",Novice,True
ec6ff8f4-3d40-4508-b83f-45c78c0be3b4,uniandes_bouldering_036_16,Late Expert,"Novice

The climber appears to be in the early stages of learning how to climb and is not yet comfortable with the techniques required for climbing. The climber's body alignment is not yet correct, as they are not using the proper hand and foot placement. Their movement is also not fluent, as they appear to be struggling with the climbing wall. Additionally, their technical precision is lacking, as they are not yet able to perform the necessary climbing techniques with accuracy.",Novice,False,"Novice

The climber appears to be struggling with the wall and is not able to maintain proper body alignment or movement fluency. The climber is also not using technical precision in their movements.",Novice,False
c99d1078-bf31-4eb2-8fb7-b6cf4d718f56,uniandes_bouldering_032_27,Intermediate Expert,"Novice

The climber in the video appears to be a novice based on their body alignment and movement fluency. The climber's body is not aligned with the wall, which can lead to inefficient use of energy and increased risk of injury. Additionally, the climber's movements appear to be somewhat stiff and uncoordinated, indicating a lack of technical precision. While the climber is making progress up the wall, there is room for improvement in terms of body positioning and movement fluidity.",Novice,False,"Novice

The climber's body alignment is not ideal as the climber's feet are not properly aligned with the wall and the climber's knees are bent too much. The climber's movement is not fluent as the climber's movements appear to be slow and deliberate. The climber's technical precision is also lacking as the climber is not using the holds effectively and is not maintaining proper body positioning.",Novice,False
33aaf2ae-8b07-46a1-a65d-4a0febc39cd0,uniandes_bouldering_034_73,Early Expert,"Novice

The climber appears to be in the early stages of learning how to climb and is not yet comfortable with the techniques required for climbing. The climber's body alignment is not yet correct, as they are not using the proper hand and foot placement. Their movement is also not fluent, as they appear to be struggling with the climbing wall. Additionally, there is no indication that the climber has any technical precision, as they are not yet able to perform the necessary climbing techniques.",Novice,False,"Novice

The climber's body alignment is not consistent throughout the climb. The climber's feet are not aligned with the holds and the climber's body is not in a straight line. The climber's movement is not fluent as the climber is not able to smoothly transition between the holds. The climber's technical precision is also lacking as the climber is not able to grip the holds properly and is not able to maintain a good hand position.",Novice,False
812f15c7-59bf-41e2-8c8e-f8198cf3dce6,uniandes_bouldering_026_74,Novice,"The climber in the video appears to be at an intermediate expert level based on her body alignment, movement fluency, and technical precision.

* **Body Alignment:** The climber maintains good body alignment throughout the climb, with her core engaged and her movements controlled. Her feet are positioned correctly on the holds, and she uses her arms effectively to maintain balance and leverage.

* **Movement Fluency:** The climber demonstrates fluid and efficient movements as she transitions between holds. She appears comfortable and confident in her technique, which suggests that she has developed a good understanding of the climbing principles and can apply them consistently.

* **Technical Precision:** The climber exhibits strong technical precision in her climbing style. She selects appropriate holds and uses her body weight effectively to maintain control and momentum. Her hand placement and footwork are precise, indicating a high level of skill and experience.

Overall, the climber's body alignment, movement fluency, and technical precision suggest that she is an intermediate expert climber. However, it's important to note that this assessment is based on a limited number of frames, and further observation would be needed to confirm her skill level more accurately.",Intermediate Expert,False,"Novice

The climber's body alignment is not consistent throughout the climb. The climber's feet are not aligned with the rock holds and the climber's body is not in a straight line. The climber's movement is not fluent as the climber's movements are not smooth and the climber's body is not moving in a coordinated manner. The climber's technical precision is also lacking as the climber is not using the correct technique to grip the rock holds.",Novice,True
4bc2fb28-c5a1-44bf-8c90-391586bb448f,uniandes_bouldering_026_59,Early Expert,"The climber in the video appears to be at an intermediate expert level based on the following observations:

* **Body Alignment:** The climber demonstrates good body alignment throughout the sequence. Her core is engaged, and her movements are controlled as she transitions between holds. This suggests that she has a solid understanding of proper climbing techniques.

* **Movement Fluency:** The climber's movements appear fluid and efficient. She transitions smoothly between holds without unnecessary hesitation or struggle. This indicates that she has developed a good sense of rhythm and timing, which is characteristic of an intermediate expert climber.

* **Technical Precision:** The climber shows technical precision in her hand placement and footwork. She consistently places her hands and feet accurately on the holds, demonstrating a high level of control and accuracy. This level of technical proficiency is typically seen in climbers who have spent considerable time practicing and refining their skills.

Overall, the climber's body alignment, movement fluency, and technical precision suggest that she is an intermediate expert climber. However, it's important to note that this assessment is based on a limited number of frames, and a more comprehensive evaluation would require observing the climber over a longer period and across various climbing routes.",Intermediate Expert,False,"Novice

The climber's body alignment and movement fluency appear to be lacking. The climber's feet are not positioned correctly for the climb, and there is no indication of technical precision in the way they are gripping the holds. The climber also seems to be struggling with the climb, as evidenced by the fact that they are using their hands to push off the wall instead of using their legs to propel themselves forward. Overall, the climber appears to be a novice and would benefit from more practice and instruction.",Novice,False
2e9ee3fb-7252-46fa-a8ed-792e993fba66,uniandes_bouldering_036_27,Intermediate Expert,"Novice

The climber in the video appears to be a novice based on their body alignment and movement fluency. The climber's body is not aligned with the wall, which can lead to inefficient use of energy and increased risk of injury. Additionally, the climber's movements appear to be somewhat stiff and uncoordinated, indicating a lack of technical precision. While the climber has managed to reach the top of the wall, their overall performance suggests that they may benefit from further practice and instruction.",Novice,False,"Novice

The climber in the video appears to be a novice as they are still learning how to climb and are not yet comfortable with the techniques required for climbing. The climber is not yet able to maintain proper body alignment or movement fluency while climbing. They also do not appear to have any technical precision when it comes to climbing.",Novice,False
a698521a-4384-4829-bda1-5a29bb3782f1,uniandes_bouldering_037_55,Late Expert,"The climber in the video appears to be at an intermediate expert level based on the following observations:

* **Body Alignment:** The climber maintains good body alignment throughout the climb, with their core engaged and their weight distributed evenly across their feet. This suggests that they have a solid understanding of proper climbing techniques and can maintain a stable position on the wall.

* **Movement Fluency:** The climber's movements appear fluid and controlled, indicating a high level of comfort and familiarity with the route. They are able to transition between holds smoothly and efficiently, suggesting that they have developed a strong sense of rhythm and timing.

* **Technical Precision:** The climber demonstrates a high level of technical precision, as evidenced by their ability to execute complex moves and transitions with ease. They are able to read the wall effectively and make quick decisions about which holds to use, further indicating a strong foundation in climbing skills.

Overall, the climber's technique and performance suggest that they are well on their way to becoming a late expert climber. However, there may still be room for improvement in certain areas, such as increasing their speed or developing more advanced techniques.",Late Expert,True,"The climber in the video appears to be at an intermediate expert level based on the following observations:

* **Body Alignment:** The climber demonstrates good body alignment throughout the climb. They maintain a straight line from head to toe and use their core muscles effectively to generate power for each movement. This suggests that they have a strong understanding of proper climbing technique.

* **Movement Fluency:** The climber's movements appear fluid and controlled. They transition smoothly between holds and maintain a consistent pace throughout the climb. This indicates that they have developed a high degree of muscle memory and can execute complex sequences with ease.

* **Technical Precision:** The climber displays excellent technical precision, particularly when reaching for and gripping the holds. They show a keen awareness of the best way to position their hands and feet for maximum efficiency and stability. Additionally, they demonstrate a good understanding of the different types of holds and how to use them effectively.

Overall, the climber's technique is well-developed and efficient, suggesting that they have a solid foundation in climbing skills. However, there may still be room for improvement in certain areas, such as increasing their speed or developing more advanced techniques.",Intermediate Expert,False
3df9cef1-ec0c-4056-90a4-e24ecb0175b6,uniandes_bouldering_028_22,Intermediate Expert,"The person in the video appears to be a novice climber. Their body alignment is not yet optimized for climbing, as they are leaning forward and not maintaining a straight line with their body. Their movement fluency is also lacking, as they seem to be struggling with the climb and not moving smoothly. Additionally, their technical precision is not yet developed, as they are not using proper climbing techniques or form. Overall, their skill level appears to be at the novice stage.",Novice,False,"Novice

The climber appears to be struggling with the wall and is not able to maintain proper body alignment or movement fluency. The climber's movements seem to lack technical precision as well.",Novice,False
32f5ca4c-a64e-437b-aecb-0b942269eb16,uniandes_bouldering_028_50,Intermediate Expert,"The climber in the video appears to be at an intermediate expert level based on her body alignment, movement fluency, and technical precision.

Body Alignment:
The climber maintains good body alignment throughout the video. She keeps her core engaged, which helps with stability and control as she ascends the wall. Her feet are positioned correctly for each grip, and her arms are extended when necessary, allowing her to maintain a strong and efficient climbing posture.

Movement Fluency:
The climber demonstrates fluid and graceful movements as she climbs the wall. She transitions smoothly between different grips and holds, showing a high level of coordination and control. Her movements appear natural and well-practiced, indicating that she has spent considerable time developing her climbing skills.

Technical Precision:
The climber exhibits excellent technical precision in her climbing technique. She selects appropriate handholds and footholds, ensuring that she is always in a position to maintain a secure grip. Her foot placement is precise, and she uses her legs effectively to generate power and momentum. Additionally, she demonstrates good hand positioning, keeping her fingers spread out to maximize contact with the hold and maintain a strong grip.

Overall, the climber's body alignment, movement fluency, and technical precision suggest that she is an intermediate expert climber. While there may still be room for improvement, her technique is solid, and she appears to have a good understanding of the fundamentals of climbing.",Intermediate Expert,True,"Novice

The climber's body alignment is not consistent throughout the video. The climber's feet are not aligned with the rock holds and the climber's body is not in a straight line. The climber's movement is not fluent as the climber's movements are not smooth and there are some pauses between the movements. The climber's technical precision is also not good as the climber is not using the correct techniques to climb the wall.",Novice,False
0fe91c8e-46e4-48d4-9ff6-c63c9c7689dc,uniandes_bouldering_027_118,Novice,"The person in the video appears to be a novice climber. The movements seem uncoordinated and lack fluidity, indicating that they may not have much experience with climbing. The body alignment is also not optimal, as the climber seems to be leaning too far forward and not using proper technique. The technical precision is also lacking, as the climber does not appear to be using the holds effectively or maintaining a good grip. Overall, the person's technique suggests that they are still developing their skills and would benefit from more practice and instruction.",Novice,True,"Novice

The climber is still learning the proper techniques for climbing and has not yet developed the necessary skills to climb efficiently and effectively. The climber's movements are not fluid or precise, and there is room for improvement in terms of body alignment and technical precision.",Novice,True
9460a1dc-0af5-4312-b883-8a15cc057d12,uniandes_bouldering_034_82,Early Expert,"Novice

The climber appears to be in the early stages of learning how to climb and is not yet comfortable with the techniques required for climbing. The climber's body alignment is not yet correct, as they are not using the proper hand and foot placement. Their movement is also not fluent, as they appear to be struggling with the movements required to climb the wall. Additionally, their technical precision is lacking, as they are not yet able to perform the necessary techniques with accuracy.",Novice,False,"Novice

The climber's body alignment is not consistent throughout the climb. The climber's feet are not aligned with the holds and the climber's body is not in a straight line. The climber's movement is not fluent as the climber is not able to smoothly transition between the holds. The climber's technical precision is also lacking as the climber is not able to use the holds effectively.",Novice,False
f76846c0-300e-4306-8e58-f4c046f673e3,uniandes_bouldering_032_15,Late Expert,"Novice

The climber is still learning the proper techniques for climbing and has not yet developed the necessary skills to perform the activity with ease and efficiency. The climber's movements appear to be somewhat awkward and uncoordinated, which suggests that they may still be in the early stages of learning how to climb. Additionally, the climber's body alignment appears to be off, as they are not using the proper techniques to maintain balance and control while climbing. Overall, the climber's technique is not yet refined, and they would benefit from more practice and instruction to improve their skills.",Novice,False,"Novice

The climber's body alignment appears to be off as they are not using the proper climbing techniques. Their movement is not fluent and they seem to be struggling with the wall. The climber also seems to lack technical precision in their movements.",Novice,False
8ec6efae-99e5-4f8b-94af-a1003cdce281,uniandes_bouldering_035_85,Intermediate Expert,"Novice

The climber in the video appears to be a novice based on their body alignment and movement fluency. The climber's body is not aligned with the wall, which can lead to inefficient use of energy and increased risk of injury. Additionally, the climber's movements appear to be somewhat stiff and uncoordinated, indicating a lack of technical precision. While the climber is making progress up the wall, there is room for improvement in terms of body alignment, movement fluency, and technical precision.",Novice,False,"Novice

The climber's body alignment is not ideal as the climber's feet are not aligned with the wall and the climber's knees are bent. The climber's movement is not fluent as the climber's movements appear to be slow and deliberate. The climber's technical precision is also lacking as the climber is not using the correct technique for climbing.",Novice,False
185aa3aa-05ac-4f75-8ba6-a576289ed73a,uniandes_bouldering_036_61,Intermediate Expert,"Novice

The climber appears to be in the early stages of learning how to climb and is not yet comfortable with the movements required for climbing. The climber's body alignment is not yet correct, as they are not using the proper techniques for climbing. The climber also seems to lack the necessary movement fluency and technical precision to perform the climbs effectively.",Novice,False,"Novice

The climber's body alignment is not consistent throughout the climb. The climber's feet are not aligned with the holds and the climber's body is not in a straight line. The climber's movement is not fluent as the climber is not able to smoothly transition between the holds. The climber's technical precision is also lacking as the climber is not able to grip the holds properly and is not able to maintain a good hand position.",Novice,False
c23dd7cc-178e-4618-9987-8a99e230ca45,uniandes_bouldering_022_3,Early Expert,"Novice

The climber in the video appears to be a novice as they are not yet able to maintain proper body alignment and technical precision while climbing. The climber's movements are not fluent or smooth, and there is a lack of control and balance throughout the climb. The climber also seems to be struggling with the route, as they are frequently falling off the wall.",Novice,False,"Novice

The climber is not yet comfortable with the climbing wall and is still learning how to use it. The climber's movements are not fluid or precise, and there is a lack of body alignment.",Novice,False
400222ed-937d-4dc1-b78a-6bdad7ea1692,uniandes_bouldering_025_43,Novice,"The climber in the video appears to be at an intermediate expert level based on the following observations:

* **Body Alignment:** The climber maintains good body alignment throughout the sequence, with their core engaged and their movements fluid. This suggests that they have a solid understanding of proper climbing techniques and can maintain a stable position while ascending the wall.

* **Movement Fluency:** The climber's movements appear smooth and controlled, indicating a high level of comfort and familiarity with the climbing environment. They transition between holds with ease, suggesting that they have developed a strong sense of rhythm and timing.

* **Technical Precision:** The climber demonstrates technical proficiency by selecting appropriate handholds and footholds, as well as using their body weight effectively to maintain balance and momentum. Their use of the wall's features, such as the overhangs and slopers, also indicates a good understanding of the climbing principles involved.

Overall, the climber's performance in the video suggests that they possess a high level of skill and experience in rock climbing. While there may still be room for improvement in certain areas, the climber's technique and overall performance indicate that they are likely an intermediate expert or late expert level climber.",Late Expert,False,"Novice

The climber appears to be struggling with the wall and is not able to maintain proper body alignment or movement fluency. The climber's movements seem to lack technical precision as well.",Novice,True
6037426d-d8e5-41d1-8714-ad2b85753fa1,uniandes_bouldering_037_30,Intermediate Expert,"Novice

The climber in the video appears to be a novice based on their body alignment and movement fluency. The climber's body is not aligned with the wall, which can lead to inefficient use of energy and increased risk of injury. Additionally, the climber's movements appear to be somewhat stiff and uncoordinated, indicating a lack of technical precision. While the climber has made some progress up the wall, there is still room for improvement in terms of body positioning and movement fluidity.",Novice,False,"Novice

The climber's body alignment appears to be off as they are not using the full range of motion and are not maintaining proper posture. Their movement is not fluid or graceful, and there is no indication that they have any technical precision in their climbing. The climber seems to be struggling with the wall and is not able to maintain balance or control.",Novice,False
b9cd1f0f-3a4c-4e17-8bab-08d449b3bf2d,uniandes_bouldering_028_36,Intermediate Expert,"Novice

The climber appears to be in the early stages of learning how to climb and is not yet comfortable with the movements required for climbing. The climber's body alignment is not yet correct, as they are not using the proper techniques for climbing. The climber's movement is also not fluent, as they appear to be struggling with the movements required for climbing. The climber's technical precision is also lacking, as they are not yet able to perform the necessary techniques with accuracy.",Novice,False,"Novice

The climber's body alignment is not consistent throughout the climb. The climber's movement appears to be somewhat stiff and uncoordinated. The climber's technical precision is also lacking as they do not seem to be using the holds in a fluid manner.",Novice,False
53bf4932-e94f-47b3-b7df-8b780fbcbc4d,uniandes_bouldering_033_6,Intermediate Expert,"Novice

The climber is not yet comfortable with the climbing wall and is still learning how to use it. The climber is not yet able to climb up the wall without assistance or guidance. The climber is still learning how to use the wall and is not yet able to perform any advanced climbing techniques.",Novice,False,"Novice

The climber's body alignment and movement fluency appear to be lacking. The climber's hands are not positioned correctly on the holds, and there is no indication of technical precision in the movements. The climber seems to be struggling with the route and may need more practice to improve their technique.",Novice,False
0d2c7366-d852-4dd3-9615-1538b37b59f8,uniandes_bouldering_026_34,Early Expert,"The climber in the video appears to be at an intermediate expert level based on the following observations:

1. **Body Alignment**: The climber maintains good body alignment throughout the climb. They are able to distribute their weight effectively and maintain proper posture while reaching for holds. This indicates a good understanding of body mechanics and positioning.

2. **Movement Fluency**: The climber's movements appear fluid and controlled. There are no abrupt or jerky motions, suggesting that they have developed a certain level of muscle memory and coordination. However, there may still be room for improvement in terms of efficiency and smoothness.

3. **Technical Precision**: The climber demonstrates a high degree of technical precision by selecting appropriate handholds and footholds, as well as using their body effectively to navigate the route. They also seem to be aware of their body's position relative to the wall, which is crucial for maintaining balance and preventing falls.

Overall, the climber's technique suggests that they have a solid foundation in climbing skills and are likely comfortable with more challenging routes. However, they may benefit from further practice to refine their movements and achieve even greater fluency and precision.",Intermediate Expert,False,"Novice

The climber's body alignment appears to be off as they are not using the proper climbing techniques. Their movement is not fluent and they seem to be struggling with the wall. The climber also seems to lack technical precision in their movements.",Novice,False
f2331d65-e0b8-4c4c-ab6a-561f6d900390,uniandes_bouldering_034_74,Early Expert,"Novice

The climber appears to be in the early stages of learning how to climb and is not yet comfortable with the movements required for climbing. The climber's body alignment is not yet correct, as they are not using the proper techniques for climbing. The climber also seems to lack the necessary strength and coordination to perform the movements fluently. Additionally, the climber does not appear to have any technical precision, as they are not yet able to execute the moves correctly.",Novice,False,"Novice

The climber's body alignment appears to be off as they are not using the proper climbing techniques. The movement is not fluent and there is no technical precision in the way they are climbing.",Novice,False
20e2fe36-5095-438b-acf9-6b4dcadcbc1a,uniandes_bouldering_035_76,Early Expert,"Novice

The climber in the video appears to be a novice based on their body alignment and movement fluency. The climber's body is not aligned with the wall, which can lead to inefficient use of energy and increased risk of injury. Additionally, the climber's movements appear to be somewhat stiff and uncoordinated, indicating a lack of technical precision. While the climber is making progress up the wall, there is room for improvement in terms of body alignment, movement fluency, and technical precision.",Novice,False,"Novice

The climber's body alignment is not ideal as the climber's feet are not aligned with the wall and the climber's knees are bent too much. The climber's movement is not fluent as the climber's movements appear to be slow and deliberate. The climber's technical precision is also lacking as the climber is not using the holds effectively and appears to be struggling to maintain balance.",Novice,False
00f50674-1f3c-4847-ab4a-fa2f0f113987,uniandes_bouldering_022_33,Novice,"Novice

The climber is not yet comfortable with the climbing wall and is still learning how to use it. The climber is not yet able to maintain proper body alignment while climbing, as they are leaning too far forward and not using their core muscles effectively. The climber also appears to be moving in a jerky manner, which indicates that they are not yet fluent in their movements. Additionally, the climber is not yet able to perform any technical moves or techniques, which suggests that they are still in the early stages of learning how to climb.",Novice,True,"Novice

The climber appears to be struggling with the wall and is not able to maintain proper body alignment or movement fluency. The climber's movements seem to lack technical precision as well.",Novice,True
44f816d1-e4b8-4f91-9550-0f90352da721,uniandes_bouldering_034_19,Early Expert,"Novice

The climber in the video appears to be a novice based on their body alignment and movement fluency. The climber's body is not aligned with the wall, which can lead to inefficient use of energy and increased risk of injury. Additionally, the climber's movements appear to be somewhat stiff and uncoordinated, indicating a lack of technical precision. While the climber has managed to reach the top of the wall, their overall performance suggests that they may benefit from further practice and instruction.",Novice,False,"Novice

The climber appears to be struggling with the wall and is not able to maintain proper body alignment or movement fluency. The climber's movements seem to lack technical precision as well.",Novice,False
8ee33160-f258-4d79-bb67-3bdb988268a9,uniandes_bouldering_024_33,Novice,"The climber appears to be a novice or early expert based on the following observations:

* **Body Alignment:** The climber's body alignment seems off as they are not using the full range of their body to grip the holds. Their torso is leaning forward, and their legs are not fully extended, which suggests that they may not have developed the strength and coordination necessary for efficient climbing.
* **Movement Fluency:** The climber's movements appear to be somewhat hesitant and uncoordinated. They seem to be struggling with finding the right handholds and footholds, indicating that they may not have developed the necessary skills and techniques for smooth and fluid climbing.
* **Technical Precision:** The climber's technique appears to be lacking in terms of precision. They are not using the correct hand and foot placement, and their movements do not seem to be well-coordinated. This suggests that they may not have developed the necessary technical skills and knowledge required for effective climbing.

Overall, the climber's technique and performance suggest that they are still in the early stages of learning and developing their climbing skills. They may benefit from more practice and guidance to improve their body alignment, movement fluency, and technical precision.",Early Expert,False,"Novice

The climber's body alignment is not consistent throughout the climb. The climber's feet are not aligned with the holds and the climber's body is not in a straight line. The climber's movement is not fluent as the climber is not able to smoothly transition between the holds. The climber's technical precision is also lacking as the climber is not able to maintain a good grip on the holds and is not able to use the holds effectively.",Novice,True
daebd508-2c03-4304-ad6e-44be5672755c,uniandes_bouldering_028_34,Intermediate Expert,"The climber in the video appears to be at an intermediate expert level based on her body alignment, movement fluency, and technical precision.

* **Body Alignment:** The climber maintains good body alignment throughout the climb, with her core engaged and her weight distributed evenly across her feet. Her hips are slightly bent, allowing for better balance and control as she reaches for holds. This demonstrates a solid understanding of proper climbing mechanics.

* **Movement Fluency:** The climber's movements are fluid and controlled, indicating that she has developed a good sense of rhythm and timing. She transitions smoothly between different holds without hesitation or awkwardness, suggesting that she has practiced this route before and is comfortable with its sequence of moves.

* **Technical Precision:** The climber displays impressive technical precision, particularly when reaching for small or difficult-to-grab holds. Her fingers are well-placed, and she uses her body weight effectively to maintain grip strength. Additionally, she demonstrates excellent hand-eye coordination, which allows her to quickly identify and reach for the next hold.

Overall, the climber's body alignment, movement fluency, and technical precision suggest that she has achieved an intermediate expert level of skill in rock climbing. While there may still be room for improvement, her performance indicates that she has put in significant practice and has developed a strong foundation in the sport.",Intermediate Expert,True,"Novice

The climber's body alignment is not ideal as the climber's feet are not aligned with the rock holds and the climber's body is not in a straight line. The climber's movement is not fluent as the climber's movements appear to be slow and deliberate. The climber's technical precision is also lacking as the climber is not using the correct technique for climbing the wall.",Novice,False
eb55e44f-d047-4ad2-b001-71a4da0399e6,uniandes_bouldering_032_60,Intermediate Expert,"Novice

The climber is not aligned with the wall and is not moving fluently or with technical precision. The climber is not using the holds effectively and is not maintaining proper body positioning.",Novice,False,"Novice

The climber appears to be struggling with the wall and is not able to maintain proper body alignment or movement fluency. The climber's hands are not positioned correctly on the holds, and there is no indication of technical precision in their movements.",Novice,False
b36d3912-538f-423f-9c79-82abc183a50b,uniandes_bouldering_037_20,Late Expert,"Novice

The climber appears to be struggling with the wall and is not able to maintain proper body alignment or movement fluency. The climber's movements seem to lack technical precision as well.",Novice,False,"Novice

The climber's body alignment and movement fluency are not very good. The climber's movements appear to be slow and awkward, and the climber seems to be struggling with the climbing wall. The climber's technical precision is also lacking as the climber appears to be making mistakes while climbing.",Novice,False
87bb136c-debd-4fb0-9b71-dfc91706ab64,uniandes_bouldering_028_29,Novice,"The climber in the video appears to be at an intermediate expert level based on the following observations:

* **Body Alignment:** The climber maintains good body alignment throughout the climb, with their body positioned close to the wall and their weight distributed evenly across their feet. This suggests that they have a solid understanding of proper climbing techniques and are able to maintain a stable position while ascending.

* **Movement Fluency:** The climber's movements appear fluid and controlled, indicating a high level of comfort and familiarity with the climbing route. They are able to transition between holds smoothly and efficiently, suggesting that they have developed a strong sense of rhythm and timing.

* **Technical Precision:** The climber demonstrates a high level of technical precision, as evidenced by their ability to select and place their feet and hands accurately on the holds. They also show good hand-eye coordination, which is essential for successful climbing.

Overall, the climber's technique and performance suggest that they have a solid foundation in climbing skills and are likely at an intermediate expert level. However, it's important to note that this assessment is based on a single video clip, and further observation over time would be necessary to make a more definitive determination of their skill level.",Intermediate Expert,False,"Novice

The climber's body alignment is not ideal as the climber's knees are bent and the climber's feet are not positioned correctly. The climber's movement is not fluent as the climber is struggling to find the right handholds and footholds. The climber's technical precision is also lacking as the climber is not using proper climbing techniques.",Novice,True
b5538972-28e2-44d6-90e2-ed90c2ef646a,uniandes_bouldering_033_44,Late Expert,"Novice

The climber in the video appears to be a novice based on their body alignment and movement fluency. The climber's body is not aligned with the wall, which can lead to inefficient use of energy and increased risk of injury. Additionally, the climber's movements appear to be somewhat stiff and uncoordinated, indicating a lack of technical precision. While the climber may have some basic understanding of climbing techniques, they still need to work on improving their body alignment, movement fluency, and technical precision to progress to a higher skill level.",Novice,False,"Novice

The climber's body alignment appears to be off as they are not using the proper climbing techniques. Their movement is not fluent and they seem to be struggling with the wall. The climber also seems to lack technical precision as they are not using the correct handholds and footholds.",Novice,False
676a70f8-1e29-4d92-9b6a-66706abb9139,uniandes_bouldering_026_98,Novice,"The climber appears to be at the Intermediate Expert level based on the following observations:

* **Body Alignment:** The climber maintains good body alignment throughout the sequence, with their core engaged and their weight distributed evenly across their feet. This suggests they have a solid understanding of proper climbing mechanics.

* **Movement Fluency:** While the climber's movements appear fluid, there is room for improvement in terms of efficiency. The climber's hand movements could be more precise and deliberate, especially when transitioning between holds. Additionally, the climber's footwork could be more dynamic, allowing for smoother transitions between moves.

* **Technical Precision:** The climber demonstrates a good grasp of technical climbing concepts, such as hand placement, foot placement, and body positioning. However, there are opportunities for refinement in terms of hand and foot placement, as well as overall movement efficiency.

Overall, the climber has a strong foundation in climbing technique but could benefit from further practice and refinement to achieve a higher skill level.",Intermediate Expert,False,"Novice

The climber's movements appear to be uncoordinated and lack fluidity. The climber's body alignment seems off as they struggle to find the right handholds and footholds. There is also a lack of technical precision in their climbing style.",Novice,True
cea9b606-6e9c-49ac-9d1c-b906a9ea94be,uniandes_bouldering_036_15,Late Expert,"Novice

The climber appears to be in the early stages of learning how to climb and is not yet comfortable with the movements required for climbing. The climber's body alignment is not yet correct, as they are leaning too far forward and not using their core muscles effectively. Their movement is also not fluent, as they appear to be struggling with the technical aspects of climbing. Finally, their technical precision is lacking, as they are not yet able to use the holds correctly and are not yet able to maintain a good grip on the wall.",Novice,False,"Novice

The climber's body alignment is not consistent throughout the climb. The climber's feet are not aligned with the holds and the climber's body is not in a straight line. The climber's movement is not fluent as the climber is not able to smoothly transition between the holds. The climber's technical precision is also lacking as the climber is not able to grip the holds properly and is not able to maintain a good hand position.",Novice,False
f045b6e4-b1b3-4371-82a1-e6a08ce22a4c,uniandes_bouldering_027_25,Novice,"Novice

The climber appears to be in the early stages of learning how to climb and is not yet comfortable with the movements required for climbing. The climber's body alignment is not yet correct, as they are not using the proper techniques for climbing. The climber also seems to lack the necessary movement fluency and technical precision to perform the climbs effectively.",Novice,True,"Novice

The climber is still learning the proper techniques for climbing and is not yet comfortable with the movements required to climb the wall. The climber's body alignment is off as they are not using the proper climbing stance and are not using the proper hand placement. The climber also seems to be struggling with the movement fluency as they are not able to move smoothly up the wall.",Novice,True
1b5dc443-7e63-4aac-891b-9a074f919547,uniandes_bouldering_036_19,Late Expert,"Novice

The climber's body alignment and movement fluency are not yet refined. The climber's movements appear to be somewhat stiff and uncoordinated, which suggests that they may still be developing their technique. Additionally, the climber's technical precision appears to be lacking as they are not able to maintain a consistent grip on the holds and are not able to efficiently transition between them. Overall, the climber's technique appears to be at a novice level.",Novice,False,"The climber in the video appears to be at an intermediate expert level based on the following observations:

* **Body Alignment:** The climber maintains good body alignment throughout the climb, with their core engaged and their weight distributed evenly across their feet. This suggests that they have a solid understanding of proper climbing techniques and are able to maintain a stable position on the wall.

* **Movement Fluency:** The climber's movements appear fluid and controlled, indicating a high level of comfort and familiarity with the climbing wall. They are able to transition between holds smoothly and efficiently, suggesting that they have developed a strong sense of rhythm and timing.

* **Technical Precision:** The climber demonstrates a high level of technical precision, as evidenced by their ability to select and grip the appropriate holds for each move. They also show good hand-eye coordination, which is essential for successful climbing.

Overall, the climber's technique is well-developed and efficient, suggesting that they have a good foundation in climbing skills and are likely at an intermediate expert level. However, it's important to note that this assessment is based on a limited number of frames, so further observation would be needed to confirm the climber's skill level.",Intermediate Expert,False
39679e76-a06e-4abf-a086-ebeb0032ef9c,uniandes_bouldering_037_25,Intermediate Expert,"Novice

The climber appears to be in the early stages of learning how to climb and lacks the necessary skills for a more advanced level. The climber's body alignment is not optimal, as they are not using the proper climbing techniques. Their movement is also not fluent, as they appear to be struggling with the climb. Additionally, there is no indication that the climber has any technical precision, which is essential for climbing at a higher level.",Novice,False,"Novice

The climber in the video appears to be a novice based on their body alignment and movement fluency. The climber's movements seem uncoordinated and lack fluidity, which suggests that they may not have much experience with rock climbing. Additionally, the climber's body alignment is not ideal, as they appear to be leaning too far forward and not maintaining proper posture. This could lead to a higher risk of injury and make it more difficult for them to climb efficiently. Overall, the climber's technique seems to be lacking in terms of both body alignment and movement fluency, indicating that they are likely still in the early stages of learning how to climb.",Novice,False
68308e20-76b7-4878-af8f-62e74c08e6d3,uniandes_bouldering_036_50,Late Expert,"Novice

The climber appears to be in the early stages of learning how to climb and is not yet comfortable with the movements required for climbing. The climber's body alignment is not yet correct, as they are not using the proper techniques for climbing. The climber also seems to lack the necessary movement fluency and technical precision to perform the climbs effectively.",Novice,False,"Novice

The climber's body alignment appears to be off as they are not using the proper climbing techniques. Their movement is not fluent and they seem to be struggling with the wall. The climber also seems to lack technical precision in their movements.",Novice,False
a0508c87-df3a-4ec1-b270-1d60268b8f8e,uniandes_bouldering_034_30,Early Expert,"Novice

The climber in the video appears to be a novice based on their body alignment and movement fluency. The climber's body is not aligned with the wall, which can lead to inefficient use of energy and increased risk of injury. Additionally, the climber's movements appear to be somewhat stiff and uncoordinated, indicating a lack of technical precision. While the climber is making progress up the wall, there is room for improvement in terms of body positioning and movement fluidity.",Novice,False,"Novice

The climber appears to be struggling with the wall and is not able to maintain proper body alignment or movement fluency. The climber's movements seem to lack technical precision as well.",Novice,False
ccf14363-18c0-4262-9284-1889afb006d6,uniandes_bouldering_030_34,Intermediate Expert,"Novice

The climber is not yet comfortable with the climbing wall and is still learning how to use it. The climber is not yet able to maintain proper body alignment or movement fluency. The climber is also not yet able to perform any technical precision.",Novice,False,"Novice

The climber is still learning the basics and has not yet developed a strong sense of body alignment or movement fluency. The climber's movements appear to be somewhat awkward and uncoordinated, which suggests that they have not yet mastered the technical precision required for climbing.",Novice,False
d6452709-c3d8-481e-829e-aa01e6d1eed3,uniandes_bouldering_028_58,Early Expert,"The person in the video appears to be a novice climber. Their movements are not fluid or precise, and they seem to be struggling with maintaining proper body alignment while climbing. The person is also not using the holds effectively, which suggests that they lack the technical knowledge necessary for more advanced climbing techniques. Overall, the person's performance indicates that they are still in the early stages of learning how to climb and would benefit from more practice and instruction.",Novice,False,"Novice

The climber's body alignment is not consistent throughout the climb. The climber's feet are not aligned with the rock holds and the climber's body is not in a straight line. The climber's movement is not fluent as the climber's movements are not smooth and the climber's body is not moving in a coordinated manner. The climber's technical precision is also lacking as the climber is not using the correct technique to grip the rock holds.",Novice,False
0dd0e0b5-cbd2-42d3-bc00-64375f14f374,uniandes_bouldering_032_81,Intermediate Expert,"Novice

The climber in the video appears to be a novice based on their body alignment and movement fluency. The climber's body is not aligned with the wall, which can lead to inefficient use of energy and increased risk of injury. Additionally, the climber's movements appear to be somewhat stiff and uncoordinated, indicating a lack of technical precision. While the climber is making progress up the wall, there is room for improvement in terms of body positioning and movement fluidity.",Novice,False,"Novice

The climber's body alignment appears to be off as they are not using the proper climbing techniques. Their movement is not fluent and they seem to be struggling with the wall. The climber also seems to lack technical precision in their movements.",Novice,False
7b6ccb77-56ad-4e39-b1f0-96af00c81f5f,uniandes_bouldering_022_30,Novice,"Novice

The climber appears to be a novice as they are still learning the proper techniques for climbing. They are not yet able to maintain good body alignment and their movements are not fluent or precise. The climber also seems to be struggling with the technical aspects of climbing, such as finding the right handholds and footholds.",Novice,True,"Novice

The climber in the video appears to be a novice based on their body alignment and movement fluency. The climber's movements seem uncoordinated and lack fluidity, indicating that they may not have much experience with rock climbing. Additionally, the climber's body alignment is not optimal, as they appear to be leaning too far forward and not using their core muscles effectively. Technical precision is also lacking, as the climber seems to be struggling with finding the right handholds and footholds. Overall, the climber's technique suggests that they are still in the early stages of learning how to climb and would benefit from more practice and instruction.",Novice,True
90a25e4e-8c35-4428-8d15-4bdf813a7806,uniandes_bouldering_023_32,Intermediate Expert,"Novice

The climber appears to be in the early stages of learning how to climb and is not yet comfortable with the techniques required for climbing. The climber's body alignment is not yet correct, as they are not using the proper hand and foot placement. The climber also seems to be struggling with movement fluency, as they are not yet able to move smoothly and efficiently up the wall. Technical precision is also lacking, as the climber is not yet able to use the holds correctly and is not yet able to maintain balance and control while climbing.",Novice,False,"Novice

The climber's body alignment appears to be off as they are not using the proper climbing techniques. Their movement is not fluent and they seem to be struggling with the wall. The climber also seems to lack technical precision as they are not using the holds correctly.",Novice,False
4ef86bfd-3bc1-4c64-864e-8b9bbd89883f,uniandes_bouldering_035_41,Early Expert,"Novice

The climber is not yet comfortable with the climbing wall and is still learning how to use it. The climber is not yet able to maintain proper body alignment or movement fluency. The climber is also not yet able to perform any technical precision.",Novice,False,"Novice

The climber's body alignment and movement fluency appear to be lacking. The climber's movements seem to be slow and uncoordinated, which suggests that they may not have much experience with climbing. Additionally, the climber's technical precision seems to be low as well, as they are not able to grip the holds effectively or maintain a good body position while climbing. Overall, the climber appears to be at a novice level in terms of skill.",Novice,False
8709526d-b2fe-4bc2-9756-04ae1b2a1db5,uniandes_bouldering_036_54,Intermediate Expert,"Novice

The climber appears to be in the early stages of learning how to climb and is not yet comfortable with the techniques required for climbing. The climber's body alignment is not yet correct, as they are not using the proper hand and foot placement. Their movement is also not fluent, as they appear to be struggling with the climbing wall. Additionally, their technical precision is lacking, as they are not yet able to perform the necessary climbing techniques with accuracy.",Novice,False,"Novice

The climber's body alignment is not consistent throughout the climb. The climber's movement appears to be somewhat uncoordinated and lacks fluidity. The climber's technical precision is also lacking as they are using their hands to grip the holds instead of their feet.",Novice,False
e8f2df2e-5d2d-4352-b06c-95554b1ecdb3,uniandes_bouldering_031_68,Late Expert,"Novice

The climber appears to be in the early stages of learning how to climb and is not yet comfortable with the techniques required for climbing. The climber's body alignment is not yet correct, as they are not using the proper hand and foot placement. Their movement is also not fluent, as they appear to be struggling with the climbing wall. Additionally, their technical precision is lacking, as they are not yet able to perform the necessary climbing moves with accuracy.",Novice,False,"Novice

The climber's body alignment is not consistent throughout the video. The climber's movements appear to be somewhat stiff and uncoordinated, which suggests that they may lack experience with the climbing wall. Additionally, the climber's hand placement and grip seem inconsistent, indicating a lack of technical precision. Overall, the climber's technique appears to be at a novice level.",Novice,False
2aaaca24-108a-437e-ab9a-bc3e8d65fcdf,uniandes_bouldering_024_60,Novice,"Novice

The climber's body alignment and movement fluency appear to be lacking in these frames. The climber seems to be struggling with the route, as they are not making much progress up the wall. Their movements also seem to be quite stiff and uncoordinated, which suggests that they may still be developing their technique. Additionally, there is no indication of any technical precision in their climbing style, which further supports the assessment of them being at a novice level.",Novice,True,"Novice

The climber's movements appear to be uncoordinated and lack fluidity. The climber's body alignment seems off as they struggle to find the right handholds and footholds. There is no evidence of technical precision in their climbing style.",Novice,True
ad957d07-273f-43fc-87f1-d5321f04fdde,uniandes_bouldering_029_52,Early Expert,"The climber in the video appears to be at an intermediate expert level based on the following observations:

* **Body Alignment:** The climber maintains good body alignment throughout the climb, with their body positioned close to the wall and their weight distributed evenly across their feet and hands. This suggests that they have a solid understanding of proper climbing techniques and are able to maintain a stable position while ascending.

* **Movement Fluency:** The climber's movements appear fluid and controlled, indicating a high level of comfort and familiarity with the climbing wall. They are able to transition between holds smoothly and efficiently, suggesting that they have developed a strong sense of rhythm and timing.

* **Technical Precision:** The climber demonstrates a high level of technical precision, as evidenced by their ability to select and grip appropriate holds with ease. They also show good hand-eye coordination, which allows them to quickly adjust their grip and positioning as needed during the climb.

Overall, the climber's technique and performance suggest that they have a solid foundation in climbing skills and are likely at an intermediate expert level. However, it's important to note that this assessment is based solely on the provided video clips and may not fully capture the climber's overall skill level or potential for improvement.",Intermediate Expert,False,"Novice

The climber in the video appears to be a novice based on their body alignment and movement fluency. The climber's movements seem uncoordinated and lack fluidity, which suggests that they may not have much experience with rock climbing. Additionally, the climber's body alignment is not optimal, as they appear to be leaning too far forward and not using their core muscles effectively. This could lead to a higher risk of injury and a less efficient climbing style. Overall, the climber's technique seems to be lacking in terms of both body alignment and movement fluency, indicating that they are likely still in the early stages of learning how to climb.",Novice,False
e0c00348-9d87-42e0-8749-9f49515582d7,uniandes_bouldering_032_79,Intermediate Expert,"Novice

The climber in the video appears to be a novice based on their body alignment and movement fluency. The climber's body is not aligned with the wall, which can lead to inefficient use of energy and increased risk of injury. Additionally, the climber's movements appear to be somewhat stiff and uncoordinated, indicating a lack of technical precision. While the climber is making progress up the wall, there is room for improvement in terms of body positioning and movement fluidity.",Novice,False,"Novice

The climber's movements appear to be uncoordinated and lack fluidity. The hand placement seems inconsistent, and the climber appears to be struggling with the route. The climber's body alignment is not optimal, as they seem to be leaning too much at times. Overall, the climber's technique is not precise or efficient, indicating that they are still in the early stages of learning rock climbing.",Novice,False
462acd18-2703-40f2-bf07-e151ab93ca97,uniandes_bouldering_035_17,Early Expert,"Novice

The climber appears to be in the early stages of learning how to climb and is not yet comfortable with the techniques required for climbing. The climber's body alignment is not yet correct, as they are not using the proper hand and foot placement. Their movement is also not fluent, as they appear to be struggling with the climbing wall. Additionally, there is no indication that the climber has any technical precision, as they are not yet able to perform the necessary techniques correctly.",Novice,False,"Novice

The climber in the video appears to be a novice as they are still learning how to climb and are not yet able to perform the activity with much fluency or technical precision. The climber is still learning how to use the climbing wall and is still developing their skills.",Novice,False
490ba87f-dec2-421d-89ae-365b07059004,uniandes_bouldering_029_74,Early Expert,"Novice

The person in the video appears to be a novice climber based on their body alignment and movement fluency. Their body posture is not aligned with the wall, which suggests that they may not have a strong understanding of proper climbing techniques. Additionally, their movements appear to be somewhat stiff and ungraceful, indicating that they may not have much experience or practice in climbing. The person also seems to be struggling with maintaining balance and control while climbing, which further supports the idea that they are still developing their skills. Overall, the person's technique appears to be lacking in terms of body alignment, movement fluency, and technical precision, suggesting that they are still at a novice level.",Novice,False,"Novice

The climber's body alignment is not consistent throughout the climb. The climber's feet are not aligned with the wall and the climber's body is not in a straight line. The climber's movement is not fluent as the climber's movements are not smooth and there are some pauses between the movements. The climber's technical precision is also not very good as the climber is not using the holds correctly and the climber is not using the correct climbing techniques.",Novice,False
d043de61-f9e1-4b66-a73d-02ba2c5b9f4e,uniandes_bouldering_023_80,Intermediate Expert,"Novice

The climber is still learning the proper techniques for climbing and is not yet able to perform the activity with much fluency or precision. The climber is still using their hands to climb up the wall instead of their feet, which is a common mistake for beginners. Additionally, the climber is not yet able to maintain good body alignment while climbing, as they are leaning too far forward and not using their core muscles effectively.",Novice,False,"Novice

The climber appears to be a novice as they are still learning the proper techniques for climbing. The climber's movements are not fluid and appear to be somewhat awkward. The climber also seems to be struggling with the technical aspects of the climb, as they are not using the proper handholds and footholds.",Novice,False
9e4c0d3d-814b-4d7a-bfb4-712ab4431f31,uniandes_bouldering_037_41,Intermediate Expert,"Novice

The climber appears to be in the early stages of learning how to climb and is not yet comfortable with the techniques required for climbing. The climber's body alignment is not yet correct, as they are not using the proper hand and foot placement. Their movement is also not fluent, as they appear to be struggling with the climbing wall. Additionally, their technical precision is lacking, as they are not yet able to perform the necessary climbing techniques with accuracy.",Novice,False,"Novice

The climber's body alignment is not consistent throughout the climb. The climber's feet are not aligned with the holds and the climber's body is not in a straight line. The climber's movement is not fluent as the climber is not able to smoothly transition between the holds. The climber's technical precision is also lacking as the climber is not able to maintain a good grip on the holds and is not able to use the holds effectively.",Novice,False
12351533-12ab-4b85-89b1-c7527240202b,uniandes_bouldering_028_12,Novice,"The climber in the video appears to be at an intermediate expert level based on the following observations:

* **Body Alignment:** The climber maintains good body alignment throughout the sequence. They are able to distribute their weight evenly across their feet and maintain a stable base while reaching for holds. This suggests that they have developed a strong sense of balance and body awareness.

* **Movement Fluency:** The climber's movements appear fluid and controlled. There are no abrupt or jerky motions, indicating that they have practiced and refined their technique over time. The climber's ability to transition between different holds and positions smoothly demonstrates a high level of coordination and control.

* **Technical Precision:** The climber exhibits a high degree of technical precision in their climbing style. They are able to select appropriate holds and use them effectively to progress up the wall. The climber's hand placement and foot positioning are well-timed and deliberate, suggesting a strong understanding of the principles of climbing technique.

Overall, the climber's body alignment, movement fluency, and technical precision indicate that they have achieved an intermediate level of expertise in rock climbing. However, it is important to note that this assessment is based on a limited number of frames and may not fully capture the climber's overall skill level.",Intermediate Expert,False,"Novice

The climber's body alignment is not consistent throughout the climb. The climber's feet are not aligned with the holds and the climber's body is not in a straight line. The climber's movement is not fluent as the climber is not able to smoothly transition between the holds. The climber's technical precision is also lacking as the climber is not able to grip the holds properly and is not able to maintain a good hand position.",Novice,True
8c69e328-8190-4443-af9a-057199134d03,uniandes_bouldering_036_39,Late Expert,"Novice

The climber appears to be in the early stages of learning how to climb and is not yet comfortable with the techniques required for climbing. The climber's body alignment is not correct as they are not using the proper hand and foot placement on the wall. The climber also seems to be struggling with movement fluency, as they are not moving smoothly or efficiently. Technical precision is also lacking, as the climber is not using the correct techniques to climb the wall.",Novice,False,"Novice

The climber's body alignment is not consistent throughout the climb. The climber's movement appears to be somewhat uncoordinated and lacks fluidity. The climber's technical precision is also lacking as they do not seem to be using the holds in a precise manner.",Novice,False
841c5354-3711-45ce-a226-3d7ba0e6b3df,uniandes_bouldering_030_60,Late Expert,"Novice

The climber in the video appears to be a novice based on their body alignment and movement fluency. The climber's movements seem uncoordinated and lack fluidity, indicating that they may not have much experience with rock climbing. Additionally, the climber's body alignment is not optimal, as they appear to be leaning too far forward and not maintaining proper posture while climbing. This suggests that the climber may need more practice and instruction to improve their technique and become more proficient at rock climbing.",Novice,False,"Novice

The climber in the video appears to be a novice based on their body alignment and movement fluency. The climber's movements seem uncoordinated and lack fluidity, indicating that they may not have much experience with rock climbing. Additionally, the climber's body alignment is not optimal, as they appear to be leaning too far forward and not using proper foot placement. Technical precision is also lacking, as the climber seems to be struggling with finding the right handholds and footholds. Overall, the climber's technique suggests that they are still in the early stages of learning how to climb and would benefit from more practice and instruction.",Novice,False
09503846-9851-42b9-90f6-14b69e262d9d,uniandes_bouldering_029_45,Early Expert,"Novice

The climber's body alignment is not ideal as the climber's feet are not aligned with the wall and the climber's body is not straight. The climber's movement is not fluent as the climber is using too much energy to climb up the wall. The climber's technical precision is also lacking as the climber is not using the correct handholds and footholds.",Novice,False,"Novice

The climber's movements appear to be somewhat uncoordinated and lack fluidity. The climber's body alignment seems off as well, with the climber not maintaining proper posture throughout the climb. The climber also appears to be struggling with technical precision, as they are not consistently using the holds in a way that would allow for efficient climbing. Overall, the climber's technique suggests that they are still developing their skills and are likely at a novice level.",Novice,False
fee4a45c-b6c6-4d89-8099-411c11a26526,uniandes_bouldering_026_2,Intermediate Expert,"The climber in the video appears to be at an intermediate expert level based on the following observations:

1. **Body Alignment**: The climber demonstrates good body alignment throughout the sequence. They maintain a straight line from head to toe, which is essential for efficient and safe climbing. This indicates a strong understanding of proper form.

2. **Movement Fluency**: The climber's movements appear fluid and controlled. There are no abrupt or jerky motions, suggesting that they have developed a good sense of rhythm and timing. This fluency is characteristic of someone who has practiced extensively and has a good grasp of the techniques involved.

3. **Technical Precision**: The climber shows a high degree of technical precision. They select appropriate holds with care and execute each move with accuracy. This level of precision is indicative of someone who has spent considerable time refining their skills and understands the nuances of the sport.

Overall, the climber's consistent form, fluid movements, and precise technique suggest that they are at an intermediate expert level. However, it's important to note that this assessment is based on a limited number of frames and may not fully capture the full range of the climber's abilities.",Intermediate Expert,True,"Novice

The climber appears to be struggling with the wall and is not able to maintain proper body alignment or movement fluency. The climber's movements seem to lack precision and control, indicating that they may still be in the early stages of learning the sport.",Novice,False
26191a7e-dece-46ce-ba75-d1f3dcc9d604,uniandes_bouldering_037_56,Late Expert,"Novice

The climber appears to be a novice as they are still learning the proper techniques for climbing. They are not yet able to maintain good body alignment and their movements are not fluent or precise. The climber is also not yet able to use the technical skills required for climbing, such as proper hand placement and foot placement.",Novice,False,"Novice

The climber appears to be a novice as they are still learning the proper techniques for climbing. They are not yet able to maintain good body alignment and their movements are not fluent or precise.",Novice,False
495dbde3-165c-4af1-bf80-46d53f76116c,uniandes_bouldering_035_91,Early Expert,"Novice

The climber's body alignment and movement fluency appear to be lacking. The climber seems to be struggling with the route, as indicated by the slow and hesitant movements. The climber's technical precision also appears to be low, as they seem to be missing some holds or making mistakes while climbing. Overall, the climber's technique suggests that they are still in the early stages of learning how to climb and would benefit from more practice and guidance.",Novice,False,"Novice

The climber's body alignment is not consistent throughout the climb. The climber's movement appears to be somewhat uncoordinated and lacks fluidity. The climber's technical precision is also lacking as they do not seem to be using the holds in a precise manner.",Novice,False
94acdc8f-1377-4dbc-94e6-efcfa08ca8ba,uniandes_bouldering_034_17,Early Expert,"Novice

The climber in the video appears to be a novice as they are not yet able to maintain proper body alignment and technical precision while climbing. The climber's movements are not fluent or smooth, and they seem to be struggling with the wall. The climber's body is not aligned properly, and they appear to be using too much upper body strength rather than relying on their legs for support. Additionally, the climber seems to be lacking the necessary technical skills to climb the wall effectively.",Novice,False,"Novice

The climber appears to be struggling with the wall and is not able to maintain proper body alignment or movement fluency. The climber's movements seem to lack technical precision as well.",Novice,False
94f7b744-962a-4e2e-b5fa-55fd8c2ea7d2,uniandes_bouldering_034_51,Early Expert,"Novice

The climber appears to be in the early stages of learning how to climb and is not yet comfortable with the movements required for climbing. The climber's body alignment is not yet correct, as they are not using the proper techniques for climbing. Their movement is also not fluent, as they appear to be struggling with the movements required for climbing. Additionally, their technical precision is lacking, as they are not yet able to perform the necessary techniques with accuracy.",Novice,False,"Novice

The climber appears to be struggling with the wall and is not able to maintain proper body alignment or movement fluency. The climber's hands are not positioned correctly on the holds, and there is no indication of technical precision in their movements.",Novice,False
b0f2faf0-e14d-4ed8-aea8-e95828d8f2c5,uniandes_bouldering_035_77,Early Expert,"Novice

The climber appears to be a novice as they are not yet able to climb the wall without assistance. They are also not yet able to maintain proper body alignment or movement fluency. The climber is also not yet able to demonstrate any technical precision.",Novice,False,"Novice

The climber's body alignment is not ideal as the climber's feet are not aligned with the wall and the climber's knees are bent. The climber's movement is not fluent as the climber's movements appear to be slow and deliberate. The climber's technical precision is also lacking as the climber's hand placement is not optimal for climbing.",Novice,False
0592f9f4-6db3-46ff-b969-a330ad2a233c,uniandes_bouldering_027_59,Novice,"The climber in the video appears to be at an intermediate expert level based on the following observations:

* **Body Alignment:** The climber maintains good body alignment throughout the sequence. Her core is engaged, and her movements are smooth and controlled. This suggests that she has a solid understanding of proper climbing techniques.

* **Movement Fluency:** The climber's movements are fluid and efficient. She transitions between different holds with ease, indicating a high level of comfort and familiarity with the climbing wall. Her body positioning and foot placement appear natural and instinctive.

* **Technical Precision:** The climber demonstrates technical precision by selecting appropriate handholds and footholds, maintaining a stable center of gravity, and using her body weight effectively. Her use of the rope and belay system also shows a good understanding of safety protocols.

Overall, the climber's technique is well-developed, and she exhibits a high degree of control and confidence while climbing. While there may still be room for improvement in certain areas, such as increasing speed or adding more variety to her routes, the climber's skill level falls within the range of an intermediate expert.",Intermediate Expert,False,"Novice

The climber's body alignment is not ideal as the climber's feet are not aligned with the wall and the climber's knees are bent. The climber's movement is not fluent as the climber's movements appear to be slow and deliberate. The climber's technical precision is also lacking as the climber's hand placement is not precise and the climber's grip is not secure.",Novice,True
103eefc6-4c85-4d2f-877a-c56458767c63,uniandes_bouldering_036_12,Intermediate Expert,"Novice

The climber in the video appears to be a novice based on their body alignment and movement fluency. The climber's body is not aligned with the wall, which can lead to inefficient use of energy and increased risk of injury. Additionally, the climber's movements appear to be somewhat stiff and uncoordinated, indicating a lack of technical precision. While the climber has managed to reach the top of the wall, their overall performance suggests that they may benefit from further practice and instruction.",Novice,False,"Novice

The climber's body alignment is not consistent throughout the climb. The climber's movement appears to be somewhat stiff and uncoordinated. The climber's technical precision is also lacking as they do not seem to be using the holds in a fluid manner.",Novice,False
b003c594-e2fd-42e6-830c-daea009b00a2,uniandes_bouldering_036_37,Late Expert,"Novice

The climber in the video appears to be a novice based on her body alignment and movement fluency. Her body is not aligned with the wall, and she seems to be struggling with the technical precision required for climbing. Her movements appear to be slow and uncoordinated, which suggests that she may not have much experience with rock climbing.",Novice,False,"Novice

The climber's body alignment and movement fluency appear to be lacking. The climber's hand placement seems to be inconsistent, and the climber's movements seem to lack fluidity. The climber also seems to be struggling with the technical precision required for climbing, as evidenced by the inconsistent hand placement and the lack of fluidity in the movements.",Novice,False
c3102961-10c0-4018-90ee-21b98c7b157b,uniandes_bouldering_024_59,Novice,"Novice

The climber in the video appears to be a novice based on their body alignment and movement fluency. The climber's body is not aligned with the wall, which can make it difficult to maintain balance and control while climbing. Additionally, the climber's movements appear to be somewhat stiff and uncoordinated, indicating a lack of technical precision. While the climber has managed to reach the top of the wall, their overall performance suggests that they may benefit from more practice and instruction to improve their technique.",Novice,True,"Novice

The climber appears to be struggling with the wall and is not able to maintain proper body alignment or movement fluency. The climber's movements seem to lack technical precision as well.",Novice,True
af40b5fa-482e-41d4-98bd-aa8d5c852ad2,uniandes_bouldering_027_119,Novice,"The climber in the video appears to be a novice or early expert based on their body alignment and movement fluency. The climber's body is not aligned with the wall, which can lead to inefficient use of energy and increased risk of injury. Additionally, the climber's movements appear to be somewhat stiff and ungraceful, indicating that they may still be developing their technique. While the climber has made some progress by reaching up towards the wall, there is room for improvement in terms of body positioning and fluidity of movement. Overall, the climber's skill level appears to be at the novice or early expert stage.",Early Expert,False,"Novice

The climber is still learning the basics and has not yet developed a strong sense of body alignment or movement fluency. The climber is also not yet able to perform the technical moves with precision.",Novice,True
729035b0-d6b2-4a34-9bfa-618befa6bb4e,uniandes_bouldering_036_41,Late Expert,"Novice

The climber appears to be a novice as they are still learning the proper techniques for climbing. They are not yet able to maintain good body alignment and their movements are not fluent or precise. The climber is also not yet able to use the technical skills required for climbing, such as proper hand placement and foot placement.",Novice,False,"Novice

The climber's body alignment appears to be off as they are not using the proper climbing techniques. Their movement is not fluent and they seem to be struggling with the wall. The climber also seems to lack technical precision in their movements.",Novice,False
bc49545a-7d77-4498-acec-ef1932f271b1,uniandes_bouldering_023_56,Intermediate Expert,"Novice

The climber is not yet comfortable with the climbing wall and is still learning how to use it. The climber is not yet able to maintain proper body alignment or movement fluency. The climber is also not yet able to perform any technical precision.",Novice,False,"Novice

The climber appears to be a novice as they are still learning the proper techniques for climbing. They are not yet able to maintain good body alignment and their movements are not fluent or precise. The climber also seems to be struggling with the technical aspects of climbing, such as finding the right handholds and footholds.",Novice,False
b6590623-9c56-4a71-a210-ff8a5c45fd77,uniandes_bouldering_024_51,Intermediate Expert,"The climber in the video appears to be at an intermediate expert level based on the following observations:

* **Body Alignment:** The climber maintains good body alignment throughout the sequence, with their core engaged and their movements fluid. This suggests they have a solid understanding of proper climbing techniques.

* **Movement Fluency:** The climber's movements appear smooth and controlled, indicating a high level of comfort and familiarity with the climbing wall. They transition between holds with ease, suggesting they have developed a good sense of rhythm and timing.

* **Technical Precision:** The climber demonstrates technical precision by selecting appropriate handholds and footholds, as well as maintaining a stable center of gravity. Their use of the wall's features, such as the overhangs and slopers, also indicates a good understanding of the climbing wall's design and how to utilize it effectively.

Overall, the climber's technique and performance suggest that they have reached an intermediate expert level of skill. However, there may still be room for improvement in certain areas, such as increasing their speed or developing more advanced climbing techniques.",Intermediate Expert,True,"Novice

The climber's body alignment is not consistent throughout the climb. The climber's movement appears to be somewhat uncoordinated and lacks fluidity. The climber's technical precision is also lacking as they seem to be struggling with finding the right handholds and footholds.",Novice,False
79aa2bc4-1f00-41ba-a3b1-733b1b2849be,uniandes_bouldering_029_67,Intermediate Expert,"The climber in the video appears to be a novice or early expert based on their body alignment and movement fluency. The climber's body is not aligned with the wall, which can lead to inefficient use of energy and increased risk of injury. Additionally, the climber's movements appear to be somewhat stiff and ungraceful, indicating that they may still be developing their technique. While the climber does show some technical precision in their hand placement and foot positioning, there is room for improvement in terms of overall body alignment and movement fluidity.",Early Expert,False,"Novice

The climber's body alignment is not ideal as the climber's feet are not aligned with the wall and the climber's knees are bent. The climber's movement is not fluent as the climber's movements appear to be slow and deliberate. The climber's technical precision is also lacking as the climber is not using the holds effectively and appears to be struggling to maintain balance.",Novice,False
599fccf2-b3c2-4eaf-95b2-0749fe66ef4c,uniandes_bouldering_027_114,Novice,"The climber in the video appears to be at an intermediate expert level based on the following observations:

1. Body Alignment: The climber maintains good body alignment throughout the climb, with their core engaged and their weight distributed evenly across their feet. This indicates a high level of control and understanding of proper climbing techniques.

2. Movement Fluency: The climber's movements appear fluid and efficient, suggesting that they have developed a good sense of rhythm and timing while climbing. They are able to transition between holds smoothly without unnecessary hesitation or struggle.

3. Technical Precision: The climber demonstrates a high level of technical proficiency by selecting appropriate handholds and footholds, maintaining balance, and executing moves with precision. Their ability to read the wall and choose the best route showcases a strong understanding of climbing strategy.

Overall, the climber's performance suggests that they have a solid foundation in climbing skills and are likely comfortable tackling more challenging routes. However, there may still be room for improvement in certain areas, such as increasing speed or developing more advanced techniques.",Intermediate Expert,False,"Novice

The climber's body alignment is not ideal as the climber's body is not aligned with the wall and the climber's feet are not positioned correctly. The climber's movement is not fluent as the climber's movements appear to be slow and deliberate. The climber's technical precision is also lacking as the climber is not using the holds effectively and is not maintaining a good grip.",Novice,True
b843d724-be38-4855-9408-7c5cef73274d,uniandes_bouldering_034_69,Early Expert,"Novice

The climber appears to be in the early stages of learning how to climb and is not yet comfortable with the movements required for climbing. The climber's body alignment is not yet correct, as they are not using the proper techniques for gripping and moving up the wall. Their movement is also not fluent, as they appear to be struggling with the movements required for climbing. Additionally, there is no indication that the climber has any technical precision, as they are not yet able to perform the necessary techniques correctly.",Novice,False,"Novice

The climber appears to be struggling with the wall and is not able to maintain proper body alignment or movement fluency. The climber's movements seem to lack technical precision as well.",Novice,False
4f9adb11-6c34-4b76-ba70-19c6ad3a6156,uniandes_bouldering_030_28,Late Expert,"Novice

The climber's body alignment and movement fluency are not yet refined. The climber's movements appear to be somewhat stiff and uncoordinated, which suggests that they may still be developing their technique. Additionally, the climber's technical precision appears to be lacking as well, with some awkward hand placements and footwork. Overall, the climber's technique seems to be at a novice level.",Novice,False,"Novice

The climber appears to be struggling with the wall and is not able to maintain proper body alignment or movement fluency. The climber's movements seem to lack technical precision as well.",Novice,False
e5c4c6aa-f142-4b45-bb12-97e312cb20fd,uniandes_bouldering_028_24,Early Expert,"The climber in the video appears to be at an intermediate expert level based on the following observations:

* **Body Alignment:** The climber maintains good body alignment throughout the climb, with their core engaged and their weight distributed evenly across their feet. This suggests that they have a solid understanding of proper climbing mechanics.

* **Movement Fluency:** The climber's movements appear fluid and controlled, indicating a high level of comfort and familiarity with the route. They are able to transition between holds smoothly without hesitation or unnecessary movements.

* **Technical Precision:** The climber demonstrates strong technical proficiency by selecting appropriate handholds and footholds, as well as using their body effectively to maintain balance and leverage. Their choice of handholds and footholds also suggests that they have a good understanding of the route's difficulty and its optimal line.

Overall, the climber's technique is consistent with that of an intermediate expert climber who has developed a strong foundation in climbing skills and is capable of executing complex routes with confidence and precision. However, there may still be room for improvement in certain areas, such as increasing their speed or developing more advanced techniques for specific sections of the route.",Intermediate Expert,False,"Novice

The climber is still learning the proper techniques for climbing and has not yet developed the necessary skills to climb efficiently and effectively. The climber's movements are not fluid or precise, and there is room for improvement in terms of body alignment and technical precision.",Novice,False
b285942a-a30b-4d4b-a753-8a29b951c1cb,uniandes_bouldering_026_48,Intermediate Expert,"The climber in the video appears to be at an intermediate expert level based on the following observations:

* **Body Alignment:** The climber demonstrates good body alignment throughout the sequence. They maintain a strong core and use their legs effectively for support while reaching for holds with their arms. The climber's feet are positioned correctly, and they are able to distribute their weight evenly across the climbing surface.

* **Movement Fluency:** The climber's movements appear fluid and controlled. There are no abrupt or jerky motions, which suggests that they have developed a good sense of rhythm and timing. The climber's transitions between different holds are smooth, indicating a high level of coordination and practice.

* **Technical Precision:** The climber exhibits excellent technical precision in their climbing technique. They are able to select appropriate holds and make efficient use of their body to reach them. The climber's hand placement and grip strength also appear to be well-developed, allowing them to maintain a secure hold on the climbing surface.

Overall, the climber's technique is well-executed, and they demonstrate a high level of skill and experience. However, there may still be room for improvement in certain areas, such as increasing their speed or developing more advanced techniques. With continued practice and training, the climber could potentially advance to a late expert level.",Late Expert,False,"Novice

The climber appears to be struggling with the wall and is not able to maintain proper body alignment or movement fluency. The climber's hands are not positioned correctly on the holds, and there is no indication of technical precision in their movements.",Novice,False
e7096aaa-8119-4e05-88f1-25e8112be2f7,uniandes_bouldering_034_85,Early Expert,"Novice

The climber appears to be in the early stages of learning how to climb and is not yet comfortable with the techniques required for climbing. The climber's body alignment is not yet correct, as they are not using the proper hand and foot placement. Their movement is also not fluent, as they appear to be struggling with the climbing wall. Additionally, there is no indication that the climber has any technical precision, as they are not yet able to perform the necessary techniques correctly.",Novice,False,"Novice

The climber appears to be a novice as they are still learning the proper techniques for climbing. They are not yet able to maintain good body alignment and their movements are not fluent or precise. The climber also seems to be struggling with the technical aspects of climbing, such as finding the right handholds and footholds.",Novice,False
9426868e-3ba6-45e1-a6d3-0f90b0077970,uniandes_bouldering_027_3,Intermediate Expert,"The climber in the video appears to be at an intermediate expert level based on her body alignment, movement fluency, and technical precision.

Body Alignment:
The climber maintains good body alignment throughout the video. She keeps her core engaged, which helps with stability and power. Her hips are slightly bent, allowing for smooth movement up the wall. Her arms are extended when reaching for holds, which is essential for maintaining balance and control.

Movement Fluency:
The climber demonstrates fluid movements as she ascends the wall. She transitions between holds smoothly without hesitation or awkwardness. Her movements are deliberate and controlled, indicating a high level of skill and experience.

Technical Precision:
The climber exhibits excellent technical precision in her climbing technique. She selects appropriate holds and uses them effectively to maintain her ascent. Her hand placement and foot positioning are precise, ensuring that she can grip the holds securely. Additionally, she adjusts her body weight and center of gravity efficiently to navigate the wall's contours.

Overall, the climber's body alignment, movement fluency, and technical precision suggest that she has achieved an intermediate expert level of skill in rock climbing.",Intermediate Expert,True,"Novice

The climber in the video appears to be a novice based on their body alignment and movement fluency. The climber's movements seem uncoordinated and awkward, with a lack of fluidity and precision. The climber's body alignment is also not ideal, as they appear to be leaning too far forward and not using their core effectively. Additionally, the climber seems to be struggling with technical precision, as they are not able to grip the holds properly or maintain a stable position on the wall. Overall, the climber's technique suggests that they are still in the early stages of learning how to climb and would benefit from more practice and instruction.",Novice,False
75286d45-1251-421a-90cb-3f0212443244,uniandes_bouldering_036_8,Late Expert,"Novice

The climber appears to be struggling with the wall and is not able to maintain proper body alignment or movement fluency. The climber's movements seem to lack technical precision as well.",Novice,False,"Novice

The climber's body alignment is not consistent throughout the climb. The climber's feet are not aligned with the holds and the climber's body is not in a straight line. The climber's movement is not fluent as the climber is not able to smoothly transition between the holds. The climber's technical precision is also lacking as the climber is not able to grip the holds properly and is not able to maintain a good hand position.",Novice,False
c0a1397c-211b-4d12-9706-ca536a671f77,uniandes_bouldering_032_32,Late Expert,"Novice

The climber in the video appears to be a novice based on their body alignment and movement fluency. The climber's body is not aligned with the wall, which can lead to inefficient use of energy and increased risk of injury. Additionally, the climber's movements appear to be somewhat stiff and uncoordinated, indicating a lack of technical precision. While the climber is making progress up the wall, there is room for improvement in terms of body positioning and movement fluidity.",Novice,False,"Novice

The climber's body alignment appears to be off as they are not using the proper climbing techniques. Their movement is not fluent and they seem to be struggling with the wall. The climber also seems to lack technical precision as they are not using the correct handholds and footholds.",Novice,False
f232889b-c70b-4826-a840-8c819a50256a,uniandes_bouldering_036_34,Late Expert,"Novice

The climber appears to be in the early stages of learning how to climb and is not yet comfortable with the techniques required for climbing. The climber's body alignment is not yet correct, as they are not using the proper hand and foot placement. Their movement is also not fluent, as they appear to be struggling with the climbing wall. Additionally, their technical precision is lacking, as they are not yet able to perform the necessary climbing techniques with accuracy.",Novice,False,"Novice

The climber's body alignment is not ideal as the climber's feet are not aligned with the rock wall and the climber's knees are bent too much. The climber's movement is not fluent as the climber's movements appear to be slow and deliberate. The climber's technical precision is also lacking as the climber is not using the correct techniques for climbing the wall.",Novice,False
e3d84441-d0b8-4b77-96e2-4b1c5e0ae85a,uniandes_bouldering_029_10,Early Expert,"Novice

The climber appears to be in the early stages of learning how to climb and is not yet comfortable with the techniques required for climbing. The climber's body alignment is not yet correct, as they are not using the proper hand and foot placement. Their movement is also not fluent, as they appear to be struggling with the climbing wall. Additionally, their technical precision is lacking, as they are not yet able to perform the necessary climbing techniques with accuracy.",Novice,False,"Novice

The climber's body alignment is not consistent throughout the climb. The climber's feet are not aligned with the holds and the climber's body is not in a straight line. The climber's movement is not fluent as the climber is not able to smoothly transition between the holds. The climber's technical precision is also lacking as the climber is not able to grip the holds properly and is not able to maintain a good hand position.",Novice,False
df84386a-0061-410e-8227-aab015e0ff9e,uniandes_bouldering_023_8,Intermediate Expert,"Novice

The climber appears to be in the early stages of learning how to climb and is not yet comfortable with the movements required for climbing. The climber's body alignment is not yet correct, as she is not using her core muscles effectively and is not maintaining proper posture. Her movement fluency is also lacking, as she is not yet able to move smoothly and efficiently up the wall. Finally, her technical precision is not yet developed, as she is not yet able to use the holds correctly and is not yet able to maintain a good grip on the wall.",Novice,False,"Novice

The climber appears to be a novice as they are still learning the proper techniques for climbing. They are not yet able to maintain good body alignment and their movements are not fluent or precise. The climber is also not yet able to use the holds effectively and is still relying on their arms to do most of the work.",Novice,False
d822e2e6-4549-4ceb-82b3-666536ee7cd1,uniandes_bouldering_029_75,Early Expert,"The climber in the video appears to be a novice or early expert based on their body alignment and movement fluency. The climber's body is not aligned with the wall, as they are leaning too far forward and their feet are not positioned correctly for efficient climbing. Additionally, their movements appear to be somewhat stiff and ungraceful, indicating that they may still be developing their technique. While the climber has made some progress by reaching up towards the top of the wall, there is room for improvement in terms of body positioning and fluidity of movement. Overall, the climber's skill level appears to be at the novice or early expert stage.",Early Expert,True,"Novice

The climber's movements appear to be uncoordinated and lack fluidity. The climber's body alignment seems off as they are not using the proper climbing techniques. The climber's technical precision is also lacking as they are not using the holds correctly.",Novice,False
5ee5ff7f-3178-4b59-9031-75b4804ec86a,uniandes_bouldering_027_65,Novice,"Novice

The climber appears to be in the early stages of learning how to climb and is not yet comfortable with the movements required for climbing. The climber's body alignment is not yet correct, as they are not using the proper techniques for climbing. The climber also seems to lack the necessary movement fluency and technical precision to perform the climbs effectively.",Novice,True,"Novice

The climber's body alignment is not ideal as the climber's feet are not aligned with the wall and the climber's knees are bent. The climber's movement is not fluent as the climber's movements appear to be slow and deliberate. The climber's technical precision is also lacking as the climber is not using the holds effectively and appears to be struggling to maintain balance.",Novice,True
ace8113d-5f13-4aa0-bc27-381785968344,uniandes_bouldering_037_36,Late Expert,"The climber appears to be a novice or early expert based on the following observations:

* **Body Alignment:** The climber's body alignment seems to be somewhat off, as they are not fully extending their arms and legs in a way that would allow for efficient movement up the wall. This suggests that they may still be developing their strength and technique.
* **Movement Fluency:** The climber's movements appear to be somewhat stiff and ungraceful, which could indicate that they are still learning how to move fluidly and efficiently on the wall. This could also suggest that they are still developing their overall fitness and strength.
* **Technical Precision:** While the climber appears to have some basic understanding of the climbing techniques, there is room for improvement in terms of technical precision. For example, the climber's hand placement and foot placement seem to be inconsistent, which can lead to inefficient use of energy and increased risk of falling.

Overall, the climber appears to be at a novice or early expert level based on their body alignment, movement fluency, and technical precision. With continued practice and training, they can improve their skills and potentially reach higher levels of expertise.",Early Expert,False,"Novice

The climber's body alignment is not consistent throughout the climb. The climber's arms are not fully extended and the climber's body is not aligned with the wall. The climber's movement is not fluent as the climber's movements are not smooth and the climber's body is not in control. The climber's technical precision is also lacking as the climber is not using the holds correctly and the climber is not using the correct climbing techniques.",Novice,False
18c8b6e4-2a41-4a37-9fea-f6f6610ac0c2,uniandes_bouldering_023_39,Late Expert,"Novice

The climber is not yet comfortable with the climbing wall and is still learning how to use it. The climber is not yet able to maintain proper body alignment while climbing and is not yet able to move fluently or with technical precision.",Novice,False,"Novice

The climber's body alignment is not consistent throughout the climb. The climber's arms and legs are not in proper alignment with each other, which can lead to inefficient use of energy and increased risk of injury. The climber's movement appears to be somewhat fluent, but there is room for improvement in terms of technical precision. The climber's grip strength and hand placement could be improved, as well as their foot placement and overall body positioning.",Novice,False
0f76a58b-aed3-4707-b660-de0015dff0d5,uniandes_bouldering_028_44,Novice,"The climber appears to be a novice or early expert based on the following observations:

* **Body Alignment:** The climber's body alignment seems off as they are not using the holds effectively. Their torso is not aligned with the wall, and their legs are not positioned correctly for efficient climbing. This suggests that they may still be learning proper techniques.

* **Movement Fluency:** The climber's movements appear to be somewhat awkward and uncoordinated. They seem to be struggling with finding the right handholds and footholds, which indicates that they might not have much experience in climbing.

* **Technical Precision:** The climber's technique is not precise, as they are not using the holds efficiently. They are not utilizing their body weight effectively, and their movements lack fluidity. This suggests that they may still be developing their skills and understanding of the sport.

Overall, the climber's technique and body alignment suggest that they are at a novice or early expert level. They may benefit from more practice and guidance to improve their skills and develop better techniques.",Early Expert,False,"Novice

The climber appears to be a novice based on the following observations:

* **Body Alignment:** The climber's body alignment seems off, as they are not using their core effectively and appear to be leaning too much forward. This can lead to fatigue and increased risk of injury.
* **Movement Fluency:** The climber's movements seem uncoordinated and lack fluidity. They are not using their limbs efficiently, which suggests that they may not have a good understanding of proper climbing techniques.
* **Technical Precision:** The climber's technique appears to be lacking in terms of precision. They are not using the holds correctly, and their hand placement is inconsistent.

Overall, the climber's technique and body alignment suggest that they are still developing their skills and are likely a novice or early expert climber.",Early Expert,False
f10f40fe-79e1-4e02-a63c-99e8bc7bb5ea,uniandes_bouldering_023_33,Intermediate Expert,"Novice

The climber's body alignment is not ideal as her knees are bent and her feet are not positioned correctly for climbing. Her movement appears to be uncoordinated and she seems to be struggling with the climb. The technical precision is also lacking as she is not using the holds effectively.",Novice,False,"Novice

The climber's body alignment appears to be off as they are not using the full range of their body to grip the holds. Their movement seems to lack fluency and technical precision as well, as they are not using the correct techniques for climbing.",Novice,False
1e0744e1-1514-4611-a3cc-f2c71b4cd34e,uniandes_bouldering_026_67,Novice,"Novice

The climber appears to be in the early stages of learning how to climb and is not yet comfortable with the techniques required for climbing. The climber's body alignment is not yet correct, as she is not using her core muscles effectively and is not maintaining proper posture. Her movement is also not fluent, as she is not yet able to move smoothly and efficiently up the wall. Additionally, her technical precision is lacking, as she is not yet able to use the holds correctly and is not yet able to maintain a good grip on the wall. Overall, the climber's technique is still developing and she would benefit from more practice and instruction.",Novice,True,"Novice

The climber appears to be a novice based on the following observations:

* **Body Alignment:** The climber's body alignment seems off, as they are not using the proper climbing techniques. Their feet and hands are not positioned correctly for optimal balance and grip.
* **Movement Fluency:** The climber's movements appear to be slow and uncoordinated, indicating a lack of fluency in their climbing technique.
* **Technical Precision:** The climber's technique lacks precision, as they are not using the correct handholds and footholds. This suggests that they have not yet mastered the necessary skills to climb effectively.

Overall, the climber's technique indicates that they are still in the early stages of learning how to climb and would benefit from more practice and instruction.",Novice,True
362be697-92e2-43e1-8121-7ebab3e998c4,uniandes_bouldering_035_71,Early Expert,"Novice

The climber appears to be in the early stages of learning how to climb and is not yet comfortable with the movements required for climbing. The climber's body alignment is not yet correct, as they are not using the proper techniques for climbing. Their movement fluency is also lacking, as they appear to be struggling with the movements required for climbing. Technical precision is also lacking, as the climber is not yet able to perform the necessary techniques with accuracy.",Novice,False,"Novice

The climber in the video appears to be a novice climber as they are still learning how to climb and are not yet able to perform the activity with much fluency or technical precision. The climber is still learning how to use the climbing wall and is still developing their skills.",Novice,False
58477770-7532-4d8e-9604-ecd844bfdeea,uniandes_bouldering_036_62,Intermediate Expert,"Novice

The climber appears to be in the early stages of learning how to climb and is not yet comfortable with the techniques required for climbing. The climber's body alignment is not yet correct, as they are not using the proper hand and foot placement on the wall. Their movement is also not fluent, as they appear to be struggling to maintain balance and control while climbing. Additionally, there is no indication that the climber has any technical precision, as they are not yet able to perform the necessary movements with accuracy.",Novice,False,"Novice

The climber in the video appears to be a novice based on their body alignment and movement fluency. The climber's movements seem uncoordinated and lack fluidity, indicating that they may not have much experience with rock climbing. Additionally, the climber's body alignment is not optimal, as they appear to be leaning too far forward and not maintaining proper posture. This suggests that the climber may need more practice and instruction to improve their technique and become more proficient at rock climbing.",Novice,False
f1b49abc-303f-4523-a929-ddbe9eb1a2b9,uniandes_bouldering_029_23,Novice,"Novice

The climber appears to be in the early stages of learning how to climb and is not yet comfortable with the techniques required for climbing. The climber's body alignment is not yet correct, as she is not using her core muscles effectively and is not maintaining proper posture. Her movement is also not fluent, as she is not yet able to move smoothly and efficiently up the wall. Additionally, her technical precision is lacking, as she is not yet able to use the holds correctly and is not yet able to maintain a good grip on the wall. Overall, the climber's technique is still developing and she would benefit from more practice and instruction.",Novice,True,"Novice

The climber's body alignment is not consistent throughout the video. The climber's feet are not aligned with the wall and the climber's body is not straight. The climber's movement is not fluent as the climber struggles to maintain balance and control while climbing. The climber's technical precision is also lacking as the climber does not use proper hand placement and grip.",Novice,True
9d4d860c-72b1-4e97-9241-d23e3a3cd476,uniandes_bouldering_022_47,Novice,"Novice

The climber is not yet comfortable with the climbing wall and is still learning how to use it. Her body alignment is off as she is not using the proper techniques for climbing. She is also not moving fluently or with much precision.",Novice,True,"Novice

The climber's body alignment is not consistent throughout the climb. The climber's feet are not aligned with the holds and the climber's body is not in a straight line. The climber's movement is not fluent as the climber's movements are not smooth and the climber's body is not moving in a coordinated manner. The climber's technical precision is also lacking as the climber is not using the correct technique to grip the holds.",Novice,True
72dbe20c-71f2-4a8e-8313-1bbd907c0e12,uniandes_bouldering_027_115,Novice,"The climber in the video appears to be at an intermediate expert level based on the following observations:

* **Body Alignment:** The climber maintains good body alignment throughout the climb, with their feet and hands positioned correctly for each hold. They demonstrate proper posture and balance, which is essential for efficient climbing.

* **Movement Fluency:** The climber's movements appear fluid and controlled, indicating a high level of comfort and familiarity with the route. There are no abrupt or jerky motions that would suggest a lack of experience or confidence.

* **Technical Precision:** The climber demonstrates strong technical proficiency by selecting appropriate holds and using them effectively. They also show good hand-eye coordination, as evidenced by their ability to reach and grip the holds accurately.

Overall, the climber's technique suggests they have a solid foundation in climbing skills and are likely comfortable tackling more challenging routes. However, there may still be room for improvement in certain areas, such as footwork or dynamic movement, which could elevate their skill level to late expert status.",Late Expert,False,"Novice

The climber's movements appear to be uncoordinated and lack fluidity. The climber's body alignment seems off as well, with the climber not using the proper climbing techniques. The climber also seems to be struggling with the technical precision required for climbing.",Novice,True
ccc5f36e-d1ad-42a7-8811-94c028f1e2e4,uniandes_bouldering_024_58,Novice,"Novice

The climber appears to be a novice based on the following observations:

1. Body Alignment: The climber's body alignment seems off as they are not using the proper climbing techniques. Their feet and hands are not positioned correctly for efficient climbing.

2. Movement Fluency: The climber's movements appear to be uncoordinated and slow, indicating a lack of fluency in their climbing technique.

3. Technical Precision: The climber lacks technical precision in their climbing style, which is evident from their incorrect hand and foot placement.

Overall, the climber's technique suggests that they are still in the early stages of learning how to climb and would benefit from more practice and guidance.",Novice,True,"Novice

The person in the video appears to be a novice climber based on their body alignment and movement fluency. Their body alignment seems off as they are not using proper climbing techniques. They also seem to lack technical precision, as they are not using the correct handholds and footholds. Overall, their movements appear to be uncoordinated and inefficient.",Novice,True
9e82e166-2c51-4d6d-8375-d1c18ae48a0d,uniandes_bouldering_036_52,Late Expert,"Novice

The climber appears to be in the early stages of learning how to climb and is not yet comfortable with the movements required for climbing. The climber's body alignment is not yet correct, as they are not using the proper techniques for climbing. The climber also seems to lack the necessary movement fluency and technical precision to perform the climbs effectively.",Novice,False,"Novice

The climber appears to be struggling with the wall and is not able to maintain proper body alignment or movement fluency. The climber's movements seem to lack technical precision as well.",Novice,False
c9ccca50-3fd6-4c72-be2c-f977f36a1cf5,uniandes_bouldering_026_104,Novice,"Novice

The climber appears to be in the early stages of learning how to climb and is not yet comfortable with the techniques required for climbing. The climber's body alignment is not yet correct, as they are not using the proper hand and foot placement. Their movement is also not fluent, as they appear to be struggling to find the right holds and are not moving smoothly up the wall. Additionally, their technical precision is lacking, as they are not yet able to perform the necessary techniques with accuracy.",Novice,True,"Novice

The climber appears to be struggling with the route and is not able to maintain proper body alignment or movement fluency. The climber's movements seem to lack precision and control, indicating that they may still be developing their skills in climbing.",Novice,True
3e403d65-fab7-4c69-8089-cb8bcb13d250,uniandes_bouldering_029_4,Intermediate Expert,"Novice

The climber appears to be in the early stages of learning how to climb and is not yet comfortable with the techniques required for climbing. The climber's body alignment is not yet correct, as they are not using the proper hand and foot placement. Their movement is also not fluent, as they appear to be struggling with the climbing wall. Additionally, there is no indication that the climber has any technical precision, as they are not yet able to perform the necessary climbing techniques.",Novice,False,"Novice

The climber in the video appears to be a novice as they are still learning how to climb and are not yet able to perform the activity with much fluency or technical precision. The climber is still trying to find their way up the wall and is not yet able to move smoothly and efficiently.",Novice,False
74fe7307-3e0f-4d5c-a615-a8fd1835ea3a,uniandes_bouldering_036_2,Intermediate Expert,"Novice

The climber appears to be a novice as they are still learning the proper techniques for climbing. They are not yet able to maintain good body alignment and their movements are not fluent or precise. The climber is also not yet able to use the holds effectively and is still relying on their arms to do most of the work.",Novice,False,"Novice

The climber's body alignment is not consistent throughout the climb. The climber's feet are not aligned with the wall and the climber's body is not in a straight line. The climber's movement is not fluent as the climber's movements are not smooth and there are some pauses between the movements. The climber's technical precision is also not good as the climber is not using the holds correctly and the climber is not using the correct climbing techniques.",Novice,False
3b9bdb20-9146-443d-b5b9-b8ba2da9e3b4,uniandes_bouldering_037_50,Late Expert,"Novice

The climber in the video appears to be a novice based on their body alignment and movement fluency. The climber's body is not aligned with the wall, which can lead to inefficient use of energy and increased risk of injury. Additionally, the climber's movements appear to be somewhat stiff and uncoordinated, indicating a lack of technical precision. While the climber has made some progress by reaching the top of the wall, there is still room for improvement in terms of body alignment, movement fluency, and technical precision.",Novice,False,"Novice

The climber's body alignment is not consistent throughout the climb. The climber's feet are not aligned with the holds and the climber's body is not in a straight line. The climber's movement is not fluent as the climber is not able to smoothly transition between the holds. The climber's technical precision is also lacking as the climber is not able to maintain a good grip on the holds and is not able to use the holds efficiently.",Novice,False
bcee7f31-863d-479c-8c18-442f60ba8ab4,uniandes_bouldering_027_79,Novice,"The climber in the video appears to be at an intermediate expert level based on the following observations:

* **Body Alignment:** The climber maintains good body alignment throughout the climb, with their body positioned close to the wall and their weight distributed evenly across their feet and hands. This suggests that they have a solid understanding of proper climbing techniques and are able to maintain a stable position while ascending.

* **Movement Fluency:** The climber's movements appear fluid and controlled, indicating a high level of comfort and familiarity with the climbing route. They are able to transition between holds smoothly and efficiently, suggesting that they have developed a strong sense of rhythm and timing.

* **Technical Precision:** The climber demonstrates a high level of technical precision, as evidenced by their ability to select and grip appropriate holds with ease. They also show good hand-eye coordination, which allows them to quickly adjust their grip and positioning as needed during the climb.

Overall, the climber's technique and performance suggest that they have a solid foundation in climbing skills and are likely at an intermediate expert level. However, it's important to note that this assessment is based on a single video clip, and further observation over time would be necessary to make a more definitive determination of their skill level.",Intermediate Expert,False,"Novice

The climber is still learning the basics of climbing and is not yet comfortable with the techniques required to climb the wall. The climber's movements are not fluid or precise, and there is a lack of body alignment as the climber struggles to find the right handholds and footholds.",Novice,True
f79979f1-7d13-4354-a72b-2ab1e15e3012,uniandes_bouldering_028_31,Early Expert,"The climber in the video appears to be at an intermediate expert level based on the following observations:

* **Body Alignment:** The climber maintains good body alignment throughout the climb, with their body positioned close to the wall and their weight distributed evenly across their feet. This suggests that they have a solid understanding of proper climbing techniques and are able to maintain a stable position while ascending.

* **Movement Fluency:** The climber's movements appear fluid and controlled, indicating a high level of comfort and familiarity with the climbing route. They are able to transition between holds smoothly and efficiently, suggesting that they have developed a strong sense of rhythm and timing.

* **Technical Precision:** The climber demonstrates a high level of technical precision, as evidenced by their ability to select and place their feet and hands accurately on the holds. They also show good hand-eye coordination, which is essential for successful climbing.

Overall, the climber's technique and performance suggest that they have a solid foundation in climbing skills and are likely at an intermediate expert level. However, it's important to note that this assessment is based on a limited number of frames, so a more comprehensive evaluation would require observing the climber over a longer period of time.",Intermediate Expert,False,"Novice

The climber's body alignment is not consistent throughout the climb. The climber's feet are not aligned with the holds and the climber's body is not in a straight line. The climber's movement is not fluent as the climber is not able to smoothly transition between the holds. The climber's technical precision is also lacking as the climber is not able to grip the holds properly and is not able to maintain a good hand position.",Novice,False
0773967b-e702-457d-a8f1-4cc2fdf247d0,uniandes_bouldering_035_100,Early Expert,"Novice

The climber appears to be in the early stages of learning how to climb and is not yet comfortable with the movements required for climbing. The climber's body alignment is not yet correct, as they are not using the proper techniques for climbing. Their movement fluency is also lacking, as they appear to be struggling with the movements required for climbing. Technical precision is also lacking, as the climber is not yet able to perform the necessary techniques with accuracy.",Novice,False,"Novice

The climber's body alignment is not ideal as they are leaning too far forward and their feet are not positioned correctly for balance. Their movement is not fluent as they are struggling to find the right handholds and footholds. The climber also seems to be lacking in technical precision as they are not using proper climbing techniques such as using their core muscles and keeping their arms straight.",Novice,False
34a8ed66-16ea-4d2d-bd49-c33eeea9c4b9,uniandes_bouldering_036_21,Late Expert,"Novice

The climber's body alignment and movement fluency are not yet refined. The climber's body is not aligned with the wall, and there is a lack of fluidity in the movements. The climber's technical precision is also lacking as they are not using the holds effectively to ascend the wall.",Novice,False,"Novice

The climber's body alignment is not consistent throughout the climb. The climber's feet are not aligned with the rock holds and the climber's body is not in a straight line. The climber's movement is not fluent as the climber's movements are not smooth and there are some pauses between the movements. The climber's technical precision is also not good as the climber is not using the correct techniques to climb the wall.",Novice,False
e4e88582-cb8a-49d4-a6ed-e1203e50b59b,uniandes_bouldering_032_30,Intermediate Expert,"Novice

The climber is not yet comfortable with the climbing wall and is still learning how to use it. The climber is not yet able to maintain proper body alignment or movement fluency. The climber is also not yet able to perform any technical moves with precision.",Novice,False,"Novice

The climber appears to be struggling with the wall and is not able to maintain proper body alignment or movement fluency. The climber's movements seem to lack technical precision as well.",Novice,False
375a31e4-be87-4677-a6e2-7b99dc9e2fff,uniandes_bouldering_037_17,Late Expert,"Novice

The climber appears to be struggling with the route and is not demonstrating any fluidity or technical precision in their movements. Their body alignment seems off as they are not using the holds effectively and are not maintaining proper posture. The climber also seems to be taking too long to make progress up the wall, indicating that they may lack experience and confidence in their climbing skills.",Novice,False,"Novice

The climber appears to be struggling with the wall and is not able to maintain proper body alignment or movement fluency. The climber's movements seem to lack technical precision as well.",Novice,False
7982e8f8-1441-4a1b-be66-4c558c5be3f3,uniandes_bouldering_027_117,Novice,"The person in the video appears to be a novice climber. The movements seem uncoordinated and lack fluidity, indicating that they may not have much experience with climbing. The body alignment is also not optimal, as the climber seems to be leaning too far forward and not using proper form. Technical precision is also lacking, as the climber does not appear to be using the holds effectively or maintaining a good grip. Overall, the person's technique suggests that they are still developing their skills and would benefit from more practice and instruction.",Novice,True,"Novice

The climber's body alignment is not consistent throughout the climb. The climber's movements are not fluid and there is a lack of technical precision in the hand placement and foot placement. The climber's body is not aligned with the climbing wall and the climber's movements are not smooth.",Novice,True
e823db56-7593-463a-bea7-846a82810c48,uniandes_bouldering_026_78,Intermediate Expert,"Novice

The climber's body alignment is not ideal as the climber's back is arched and the climber's knees are bent. The movement fluency is also poor as the climber's movements appear to be slow and deliberate. The technical precision is also lacking as the climber does not seem to be using the holds effectively.",Novice,False,"Novice

The climber appears to be struggling with the wall and is not able to maintain proper body alignment or movement fluency. The climber's hands are not positioned correctly on the holds, and there is no indication of technical precision in their movements.",Novice,False
6129123b-d6c6-4a68-851b-63777cc3d56b,uniandes_bouldering_037_58,Late Expert,"Novice

The climber appears to be in the early stages of learning how to climb and is not yet comfortable with the techniques required for climbing. The climber's body alignment is not yet correct, as they are not using the proper hand and foot placement. Their movement is also not fluent, as they appear to be struggling with the climbing wall. Additionally, there is no indication that the climber has any technical precision, as they are not yet able to perform the necessary techniques correctly.",Novice,False,"Novice

The climber's body alignment is not consistent throughout the climb. The climber's feet are not aligned with the holds and the climber's body is not in a straight line. The climber's movement is not fluent as the climber is not able to smoothly transition between the holds. The climber's technical precision is also lacking as the climber is not able to grip the holds properly and is not able to maintain a good hand position.",Novice,False
6d258ba3-363e-4a40-b739-2b1b6e13fa8a,uniandes_bouldering_030_8,Late Expert,"Novice

The climber in the video appears to be a novice based on their body alignment and movement fluency. The climber's movements seem uncoordinated and lack fluidity, which suggests that they may not have much experience with climbing. Additionally, the climber's body alignment is not ideal as they appear to be leaning too far forward and not maintaining proper posture while climbing. This could lead to a higher risk of injury and make it more difficult for them to progress in their climbing skills. Overall, the climber's technique seems to be lacking in terms of body alignment, movement fluency, and technical precision, indicating that they are likely still at a novice level.",Novice,False,"Novice

The climber's body alignment and movement fluency appear to be lacking. The climber's movements seem to be slow and uncoordinated, which suggests that they may not have much experience with climbing. Additionally, the climber's technical precision seems to be low as well, as they are not able to find the right handholds and footholds consistently. Overall, the climber appears to be a novice in terms of their climbing skills.",Novice,False
b4966f7b-521e-4cf1-a777-9c3ecb07d98f,uniandes_bouldering_033_58,Intermediate Expert,"Novice

The climber appears to be in the early stages of learning how to climb and is not yet comfortable with the techniques required for climbing. The climber's body alignment is not yet correct, as they are not using the proper hand and foot placement. Their movement is also not fluent, as they appear to be struggling with the climbing wall. Additionally, there is no indication that the climber has any technical precision, as they are not yet able to perform the necessary techniques correctly.",Novice,False,"Novice

The climber appears to be in the early stages of learning how to climb and is not yet comfortable with the techniques required for climbing. The climber's body alignment is not yet correct, as they are not using the proper hand and foot placement. Their movement is also not fluent, as they appear to be struggling with the climbing wall. Additionally, there is no indication that the climber has any technical precision, as they do not seem to have a good understanding of the climbing techniques required.",Novice,False
d5c7f971-a194-4e17-b820-e879608e452c,uniandes_bouldering_033_41,Intermediate Expert,"Novice

The climber appears to be in the early stages of learning how to climb and is not yet comfortable with the techniques required for climbing. The climber's body alignment is not yet correct, as they are not using the proper hand and foot placement. Their movement is also not fluent, as they appear to be struggling with the climbing wall. Additionally, their technical precision is lacking, as they are not yet able to perform the necessary climbing techniques with accuracy.",Novice,False,"Novice

The climber's body alignment is not ideal as the torso is leaning forward and the knees are bent. The movement appears to be slow and uncoordinated, indicating that the climber is still learning the proper techniques for climbing. The climber also seems to lack technical precision, as they are not using the holds effectively or efficiently. Overall, the climber's technique suggests that they are still in the early stages of learning how to climb and would benefit from more practice and instruction.",Novice,False
5c31b6ff-811a-45ae-8cf1-1e433acfccbc,uniandes_bouldering_023_74,Intermediate Expert,"Novice

The climber is still learning the proper techniques for climbing and is not yet able to perform the activity with much fluency or precision. The climber is still using her hands and feet to climb up the wall, but she is not yet able to use her body in a coordinated manner. She is also not yet able to maintain good body alignment while climbing.",Novice,False,"Novice

The climber appears to be a novice as they are still learning the proper techniques for climbing. They are not yet able to maintain good body alignment and their movements are not fluent or precise. The climber is also not yet able to use the holds effectively and is still relying on their arms to do most of the work.",Novice,False
bc47c2ff-a7fe-46d6-8510-f3836e7f1aac,uniandes_bouldering_029_94,Early Expert,"The climber in the video appears to be at an intermediate expert level based on the following observations:

* **Body Alignment:** The climber maintains good body alignment throughout the sequence. They are able to distribute their weight evenly across their feet and hands, which is essential for maintaining balance and control while climbing. Their core is engaged, and they appear to be using proper posture, which helps with stability and efficiency.

* **Movement Fluency:** The climber demonstrates fluid and controlled movements as they ascend the wall. There are no abrupt or jerky motions, indicating that they have developed a good sense of rhythm and timing. This suggests that they have practiced and refined their climbing technique over time.

* **Technical Precision:** The climber exhibits a high degree of technical precision in their climbing style. They are able to select appropriate handholds and footholds, and they make smooth transitions between them. Their footwork is also precise, allowing them to maintain a strong grip on the wall without unnecessary movement. Additionally, the climber appears to be using proper climbing techniques, such as the ""crimp"" grip, which is evident in the way they are gripping the holds.

Overall, the climber's technique is well-developed, and they demonstrate a good understanding of the fundamentals of climbing. However, there may still be room for improvement in certain areas, such as increasing their speed or developing more advanced climbing techniques. With continued practice and experience, the climber could potentially reach a late expert level.",Late Expert,False,"Novice

The climber appears to be struggling with the wall and is not able to maintain proper body alignment or movement fluency. The climber's hands are not positioned correctly on the holds, and there is no indication of technical precision in their movements.",Novice,False
f6536ebb-873d-4b26-b094-b4a67134bb03,uniandes_bouldering_037_39,Late Expert,"The climber in the video appears to be at an intermediate expert level based on the following observations:

* **Body Alignment:** The climber maintains good body alignment throughout the climb, with their core engaged and their weight distributed evenly across their feet. This suggests that they have a solid understanding of proper climbing techniques and can maintain a stable position on the wall.

* **Movement Fluency:** The climber's movements appear fluid and controlled, indicating a high level of comfort and familiarity with the route. They are able to transition between holds smoothly and efficiently, suggesting that they have developed a strong sense of rhythm and timing.

* **Technical Precision:** The climber demonstrates a high level of technical precision, as evidenced by their ability to select and place their feet and hands accurately on the holds. They also show good hand-eye coordination, which is essential for successful climbing.

Overall, the climber's technique and performance suggest that they have a good foundation in climbing skills and are likely at an intermediate expert level. However, it's important to note that this assessment is based on a limited number of frames, so a more comprehensive evaluation would require observing the climber over a longer period of time.",Intermediate Expert,False,"Novice

The climber's movements appear to be uncoordinated and lack fluidity. The climber's body alignment seems off as they struggle to find the right handholds and footholds. Technical precision is also lacking as the climber frequently misses handholds and footing.",Novice,False
aff77589-7e78-4da2-a957-509cbc123ead,uniandes_bouldering_036_66,Intermediate Expert,"Novice

The climber appears to be a novice as they are not yet demonstrating any advanced techniques or movements. They are simply climbing the wall and reaching for the holds. Their body alignment seems to be off, and there is no indication of movement fluency or technical precision.",Novice,False,"Novice

The climber's body alignment and movement fluency appear to be lacking. The climber's movements seem to be slow and deliberate, which suggests that they may not have much experience with the sport. Additionally, the climber's technique appears to be somewhat imprecise, as they are not using the holds in a way that would suggest a high level of skill. Overall, it seems like the climber is still developing their skills and is likely at a novice level.",Novice,False
c714b768-a8ac-49f3-b08c-977cbd9580e6,uniandes_bouldering_036_33,Late Expert,"Novice

The climber appears to be in the early stages of learning how to climb and is not yet comfortable with the techniques required for climbing. The climber's body alignment is not correct as they are leaning too far forward and not using their core muscles effectively. Their movement is also not fluent, as they appear to be struggling with the movements required to climb the wall. Additionally, there is no indication that the climber has any technical precision, as they are not using the proper techniques or form.",Novice,False,"Novice

The climber in the video appears to be a novice as they are still learning how to climb and are not yet able to perform the activity with much fluency or technical precision. The climber is still learning how to use the climbing wall and is still developing their skills.",Novice,False
122ae8c2-0503-4aeb-b1a3-9f2ca8621a6b,uniandes_bouldering_026_19,Novice,"The climber in the video appears to be at an intermediate expert level based on the following observations:

* **Body Alignment:** The climber demonstrates good body alignment throughout the sequence. Her core is engaged, and her movements are controlled as she transitions between different holds. This suggests that she has a solid understanding of proper climbing techniques.

* **Movement Fluency:** The climber's movements appear fluid and efficient. She transitions smoothly between holds without hesitation or unnecessary movements. This indicates that she has practiced these routes before and has developed a sense of rhythm and flow in her climbing.

* **Technical Precision:** The climber shows technical precision in her hand placement and footwork. She consistently places her hands and feet accurately on the holds, which is essential for maintaining balance and momentum while climbing. Additionally, her use of the crimp hold (as seen in Frame 6) demonstrates a high level of technical proficiency.

Overall, the climber's body alignment, movement fluency, and technical precision suggest that she is an intermediate expert climber. While there may still be room for improvement, her performance in this video indicates a strong foundation in climbing skills and a good understanding of the sport.",Intermediate Expert,False,"Novice

The climber appears to be struggling with the wall and is not able to maintain proper body alignment or movement fluency. The climber's hands are not positioned correctly on the holds, and there is no indication of technical precision in the movements.",Novice,True
a37e560e-994c-4a74-aa7d-b64d8ff656fd,uniandes_bouldering_026_105,Novice,"The climber in the video appears to be at an intermediate expert level based on the following observations:

1. Body Alignment: The climber maintains good body alignment throughout the sequence. They are able to distribute their weight evenly across their feet and hands while gripping the holds. Their core is engaged, which helps maintain stability and balance.

2. Movement Fluency: The climber demonstrates fluid movements as they transition between different holds. There is no hesitation or awkwardness in their actions, indicating a high level of comfort and familiarity with the climbing wall.

3. Technical Precision: The climber exhibits precise hand and foot placement, ensuring that each grip is secure before moving onto the next hold. They also show good body positioning, allowing them to efficiently use the available holds for maximum leverage and control.

Overall, the climber's technique suggests a high level of skill and experience in rock climbing. However, it is important to note that this assessment is based on a limited number of frames, so a more comprehensive evaluation would require observing the climber over a longer period of time.",Intermediate Expert,False,"Novice

The climber's body alignment and movement fluency appear to be lacking. The climber's movements seem to be slow and uncoordinated, which suggests that they may not have much experience with climbing. Additionally, the climber's technical precision seems to be low as well, as they are not able to grip the holds effectively or maintain proper body positioning. Overall, the climber appears to be at a novice level in terms of skill.",Novice,True
1ebd85db-0120-464c-b8ca-2476ef1dcdd6,uniandes_bouldering_035_44,Early Expert,"Novice

The climber appears to be in the early stages of learning how to climb and is not yet comfortable with the techniques required for climbing. The climber's body alignment is not yet correct, as they are not using the proper hand and foot placement. Their movement is also not fluent, as they appear to be struggling to maintain balance and control while climbing. Additionally, there is no indication that the climber has any technical precision, as they are not yet able to perform the necessary climbing techniques with accuracy.",Novice,False,"Novice

The climber's body alignment is not consistent throughout the climb. The climber's movement appears to be somewhat stiff and uncoordinated. The climber's technical precision is also lacking as they are not using the holds efficiently.",Novice,False
a3968164-961f-4f63-983c-27556a1cb3c1,uniandes_bouldering_025_80,Novice,"Novice

The climber appears to be in the early stages of learning how to climb and is not yet comfortable with the techniques required for climbing. The climber's body alignment is not yet correct, as they are not using the proper hand and foot placement. Their movement is also not fluent, as they appear to be struggling with the climbing wall. Additionally, their technical precision is lacking, as they are not yet able to perform the necessary movements with accuracy.",Novice,True,"Novice

The climber appears to be struggling with the wall and is not able to maintain proper body alignment or movement fluency. The climber's hands are not positioned correctly on the holds, and there is no indication of technical precision in their movements.",Novice,True
33280f82-a3be-4b92-b924-2d24bc1e53a5,uniandes_bouldering_029_24,Novice,"Novice

The climber appears to be in the early stages of learning how to climb and is not yet comfortable with the techniques required for climbing. The climber's body alignment is not yet correct, as she is not using her core muscles effectively and is not maintaining proper posture. Her movement is also not fluent, as she is not yet able to move smoothly and efficiently up the wall. Additionally, her technical precision is lacking, as she is not yet able to use the holds correctly and is not yet able to maintain a good grip on the wall. Overall, the climber's technique is still developing and she would benefit from more practice and instruction.",Novice,True,"Novice

The climber appears to be a novice as they are still learning the proper techniques for climbing. They are not yet able to maintain good body alignment and their movements are not fluent or precise. The climber is also not yet able to use the holds effectively and is still relying on their arms to do most of the work.",Novice,True
55c0fbdf-e83e-44b2-ae04-a05cd1ac227e,uniandes_bouldering_032_66,Late Expert,"Novice

The climber is not yet comfortable with the climbing wall and is still learning how to use it. The climber is not yet able to climb up the wall without assistance or guidance. The climber is still learning how to use the wall and is not yet able to perform any advanced climbing techniques.",Novice,False,"Novice

The climber appears to be a novice based on the lack of fluidity and precision in their movements. The climber's body alignment seems off, as they are not using the proper climbing techniques. Their movement is also not fluent, as it appears to be slow and hesitant. Additionally, there is no indication of technical precision, which suggests that the climber may not have a strong understanding of the climbing techniques required for this activity.",Novice,False
8eba5dea-598c-4884-a242-493868d74b9a,uniandes_bouldering_033_12,Late Expert,"Novice

The climber is not yet comfortable with the climbing wall and is still learning how to use it. The climber is not yet able to maintain proper body alignment or movement fluency. The climber is also not yet able to perform any technical moves with precision.",Novice,False,"Novice

The climber's body alignment appears to be off as they are not using the proper climbing techniques. Their movement is not fluent and they seem to be struggling with the wall. The climber also seems to lack technical precision as they are not using the correct hand and foot placement.",Novice,False
2a9170a7-2f93-44bc-86ed-dee0463c6721,uniandes_bouldering_037_33,Late Expert,"Novice

The climber appears to be in the early stages of learning how to climb and is not yet comfortable with the movements required for climbing. The climber's body alignment is not yet correct, as they are not using the proper techniques for climbing. The climber also seems to lack the necessary movement fluency and technical precision to perform the climbs effectively.",Novice,False,"Novice

The climber's body alignment is not ideal as the climber's feet are not aligned with the wall and the climber's knees are bent. The climber's movement is not fluent as the climber's movements appear to be slow and deliberate. The climber's technical precision is also lacking as the climber is not using the correct handholds and footholds.",Novice,False
ebedd6de-8008-43fc-b7f7-cda32feab47c,uniandes_bouldering_035_31,Early Expert,"Novice

The climber appears to be in the early stages of learning how to climb and is not yet comfortable with the movements required for climbing. The climber's body alignment is not yet correct, as they are not using the proper techniques for gripping and moving up the wall. Their movement is also not fluent, as they appear to be struggling with the movements required for climbing. Additionally, their technical precision is lacking, as they are not yet able to perform the necessary techniques with accuracy.",Novice,False,"Novice

The climber's body alignment is not consistent throughout the climb. The climber's feet are not aligned with the rock holds and the climber's body is not in a straight line. The climber's movement is not fluent as the climber's movements are not smooth and the climber's body is not moving in a coordinated manner. The climber's technical precision is also lacking as the climber is not using the correct technique to grip the rock holds.",Novice,False
c3879e1c-0575-4ffa-9c4b-9b730c7f7c44,uniandes_bouldering_036_6,Late Expert,"Novice

The climber's body alignment and movement fluency are not yet refined. The climber's movements appear to be somewhat stiff and uncoordinated, which suggests that they may still be developing their technique. Additionally, the climber's technical precision appears to be lacking as they are not yet able to execute the moves with the necessary accuracy and control. Overall, the climber's skill level appears to be at the novice stage.",Novice,False,"Novice

The climber appears to be struggling with the wall and is not able to maintain proper body alignment or movement fluency. The climber's hands are not positioned correctly on the holds, and there is no indication of technical precision in their movements.",Novice,False
74bc0655-0e3e-433f-b8f5-243764621fe5,uniandes_bouldering_030_25,Late Expert,"Novice

The climber is not yet comfortable with the climbing wall and is still learning how to use it. The climber is not yet able to climb up the wall without falling down. The climber is not yet able to climb up the wall without falling down. The climber is not yet able to climb up the wall without falling down. The climber is not yet able to climb up the wall without falling down. The climber is not yet able to climb up the wall without falling down. The climber is not yet able to climb up the wall without falling down. The climber is not yet able to climb up the wall without falling down. The climber is not yet able to climb up the wall without falling down. The climber is not yet able to climb up the wall without falling down. The climber is not yet able to climb up the wall without falling down. The climber is not yet able to climb up the wall without falling down. The climber is not yet able to climb up the wall without falling down. The climber is not yet able to climb up the wall without falling down. The climber is not yet able to climb up the wall without falling down. The climber is not yet able to climb up the wall without falling down. The climber is not yet able to climb up the wall without falling down. The climber is not yet able to climb up the wall without falling down. The climber is not",Novice,False,"Novice

The climber in the video appears to be a novice based on their body alignment and movement fluency. The climber's movements seem uncoordinated and lack fluidity, indicating that they may not have much experience with rock climbing. Additionally, the climber's body alignment is not optimal, as they appear to be leaning too far forward and not using their core effectively. Technical precision is also lacking, as the climber seems to be struggling with finding the right handholds and footholds. Overall, the climber's technique suggests that they are still in the early stages of learning how to climb and would benefit from more practice and instruction.",Novice,False
634e516d-58a5-4737-a7e0-008dcedce371,uniandes_bouldering_024_13,Novice,"Novice

The climber's body alignment is not ideal as her knees are bent and her feet are not positioned correctly for climbing. Her movement appears to be stiff and ungraceful, indicating that she is still learning the proper techniques. The climber also seems to lack technical precision in her movements, which suggests that she is still developing her skills. Overall, the climber's technique appears to be at a novice level.",Novice,True,"Novice

The climber's body alignment is not consistent throughout the climb. The climber's feet are not aligned with the holds and the climber's body is not in a straight line. The climber's movement is not fluent as the climber's hands are not moving smoothly from one hold to another. The climber's technical precision is also lacking as the climber is not using the correct technique for each hold.",Novice,True
4ebdd5ee-1aaf-4cff-a525-ca3462938a68,uniandes_bouldering_035_20,Early Expert,"Novice

The climber appears to be in the early stages of learning how to climb and is not yet comfortable with the techniques required for climbing. The climber's body alignment is not yet correct, as they are not using the proper hand and foot placement. Their movement is also not fluent, as they appear to be struggling with the climbing wall. Additionally, there is no indication that the climber has any technical precision, as they are not yet able to perform the necessary climbing techniques correctly.",Novice,False,"Novice

The climber's body alignment is not consistent throughout the climb. The climber's movement appears to be somewhat uncoordinated and lacks fluidity. The climber's technical precision is also lacking as they are not using the holds in a precise manner.",Novice,False
76af4b4c-647e-4c40-a153-cee161907ceb,uniandes_bouldering_029_44,Early Expert,"Novice

The climber in the video appears to be a novice as they are still learning the proper techniques for climbing. They are not yet able to maintain good body alignment and their movements are not very fluent or precise. The climber is also not yet able to use the technical skills required for climbing, such as proper hand placement and foot placement.",Novice,False,"Novice

The climber appears to be struggling with the wall and is not able to maintain proper body alignment or movement fluency. The climber's movements seem to lack technical precision as well.",Novice,False
87f73932-5544-478a-a76f-d07a37e4fc1a,uniandes_bouldering_035_87,Intermediate Expert,"Novice

The climber appears to be in the early stages of learning how to climb and is not yet comfortable with the movements required for climbing. The climber's body alignment is not yet correct, as they are not using the proper techniques for climbing. The climber's movement fluency is also lacking, as they appear to be struggling with the movements required for climbing. The climber's technical precision is also lacking, as they are not yet able to perform the necessary techniques with accuracy.",Novice,False,"Novice

The climber's body alignment is not consistent throughout the climb. The climber's feet are not aligned with the hand placements, which can lead to instability and increased risk of falling. The climber's movement appears to be somewhat fluent, but there is room for improvement in terms of technical precision. The climber's hand placements are inconsistent, and the climber seems to be relying more on strength than technique. Overall, the climber's technique suggests that they are still developing their skills and are likely at a novice level.",Novice,False
48c635f3-ef0c-436b-94dc-9fca68c779b7,uniandes_bouldering_034_98,Early Expert,"Novice

The climber appears to be in the early stages of learning how to climb and is not yet comfortable with the techniques required for climbing. The climber's body alignment is not yet correct, as they are not using the proper hand and foot placement. Their movement is also not fluent, as they appear to be struggling with the climbing wall. Additionally, there is no indication that the climber has any technical precision, as they are not yet able to perform the necessary techniques correctly.",Novice,False,"Novice

The climber is still learning the basics and is not yet comfortable with the climbing wall. The climber is not able to maintain proper body alignment while climbing and is not yet fluent in their movements. The climber also does not have the technical precision needed for climbing.",Novice,False
77b98bd6-c60b-4733-8cbf-e62c6f92730e,uniandes_bouldering_036_46,Late Expert,"Novice

The climber appears to be in the early stages of learning how to climb and is not yet comfortable with the movements required for climbing. The climber's body alignment is not yet correct, as they are not using the proper techniques for climbing. The climber also seems to lack the necessary movement fluency and technical precision to perform the climbs effectively.",Novice,False,"Novice

The climber's body alignment is not consistent throughout the climb. The climber's movement appears to be somewhat stiff and uncoordinated. The climber's technical precision is also lacking as they do not seem to be using the holds in a fluid manner.",Novice,False
c871b776-0e8a-4538-a46e-03dcf3015a3b,uniandes_bouldering_023_60,Late Expert,"Novice

The climber is still learning the proper techniques for climbing and has not yet developed the necessary skills to perform the activity with ease and efficiency. The climber's body alignment is off, as she is not using her core muscles effectively and is leaning too far forward. Her movement is also not fluent, as she is taking small, hesitant steps and is not able to maintain a consistent rhythm. Additionally, her technical precision is lacking, as she is not able to grip the holds properly and is not able to transition between them smoothly. Overall, the climber appears to be at a novice level in terms of skill.",Novice,False,"Novice

The climber's body alignment is not consistent throughout the climb. The climber's feet are not aligned with the rock holds and the climber's body is not in a straight line. The climber's movement is not fluent as the climber is not able to smoothly transition between the rock holds. The climber's technical precision is also lacking as the climber is not able to grip the rock holds properly and is not able to maintain a good hand position.",Novice,False
9e62206f-e6e8-4bb1-98de-6603b4fa70e4,uniandes_bouldering_027_106,Early Expert,"The climber in the video appears to be at an intermediate expert level based on the following observations:

* **Body Alignment:** The climber maintains good body alignment throughout the sequence. They are able to distribute their weight effectively and maintain proper posture while climbing. This suggests that they have a solid understanding of the mechanics involved in rock climbing.

* **Movement Fluency:** The climber demonstrates fluid and controlled movements as they navigate the wall. There are no abrupt or jerky motions, indicating a high level of comfort and familiarity with the climbing techniques being used. This suggests that they have developed a good sense of rhythm and timing.

* **Technical Precision:** The climber exhibits precise hand and foot placement, which is essential for maintaining balance and preventing falls. They also appear to be using appropriate techniques for specific holds and routes, such as undercling and crimping. This indicates a strong grasp of the technical aspects of rock climbing.

Overall, the climber's performance in these frames suggests that they possess a high level of skill and experience in rock climbing. While there may still be room for improvement in certain areas, the intermediate expert level accurately reflects their current ability.",Intermediate Expert,False,"Novice

The climber's body alignment is not ideal as the climber's feet are not aligned with the rock holds and the climber's arms are not in a straight line. The movement fluency is also poor as the climber's movements appear to be slow and deliberate. The technical precision is also lacking as the climber is not using the correct technique for climbing the wall.",Novice,False
6d9d80c1-9ff3-46be-90fe-ff243d5ccfe0,uniandes_bouldering_028_48,Intermediate Expert,"The climber in the video appears to be a novice or early expert based on their body alignment and movement fluency. The climber's body is not aligned with the wall, as they are leaning too far forward and their feet are not positioned correctly for efficient climbing. Additionally, their movements appear to be somewhat stiff and uncoordinated, which suggests that they may still be developing their technical skills. While the climber has some basic understanding of how to climb, there is room for improvement in terms of body positioning and movement fluidity.",Early Expert,False,"Novice

The climber appears to be at the beginning stages of learning how to climb and is not yet comfortable with the techniques required for climbing. The climber's movements are not fluid or precise, and there is a lack of body alignment as they struggle to find a good grip on the holds.",Novice,False
c432374f-9903-4215-8475-20cb2d64a2b3,uniandes_bouldering_036_81,Intermediate Expert,"Novice

The climber appears to be in the early stages of learning how to climb and is not yet comfortable with the movements required for climbing. The climber's body alignment is not yet correct, as they are not using the proper techniques for climbing. The climber also seems to lack the necessary movement fluency and technical precision to perform the climbs effectively.",Novice,False,"Novice

The climber's body alignment appears to be off as they are not using the proper climbing techniques. Their movement is not fluent and they seem to be struggling with the wall. The climber also seems to lack technical precision as they are not using the correct handholds and footholds.",Novice,False
4c9044be-4dd4-4521-b60c-ec533fa0e5f7,uniandes_bouldering_034_71,Early Expert,"Novice

The climber appears to be in the early stages of learning how to climb and is not yet comfortable with the movements required for climbing. The climber's body alignment is not yet correct, as they are not using the proper techniques for climbing. The climber's movement is also not fluent, as they appear to be struggling with the movements required for climbing. The climber's technical precision is also lacking, as they are not yet able to perform the necessary techniques with accuracy.",Novice,False,"Novice

The climber's body alignment is not consistent throughout the climb. The climber's feet are not aligned with the wall and the climber's body is not in a straight line. The climber's movement is not fluent as the climber's movements are not smooth and there are some pauses between the movements. The climber's technical precision is also not very good as the climber is not using the holds correctly and the climber is not using the correct climbing techniques.",Novice,False
df9c527f-752b-4331-beff-b45fa9b4db30,uniandes_bouldering_028_69,Early Expert,"The climber in the video appears to be at an intermediate expert level based on the following observations:

* **Body Alignment:** The climber maintains good body alignment throughout the sequence. Her core is engaged, and her movements are controlled, indicating a high level of technical proficiency. She is able to maintain proper posture while reaching for holds, which suggests she has a solid understanding of the principles of climbing mechanics.

* **Movement Fluency:** The climber demonstrates fluid and efficient movements as she transitions between different holds. Her actions appear well-coordinated, with minimal wasted motion. This indicates that she has developed a good sense of rhythm and timing, which is essential for advanced climbing.

* **Technical Precision:** The climber exhibits precise hand placement and footwork, which are crucial for maintaining balance and stability during climbing. Her ability to select appropriate holds and execute complex moves with accuracy suggests a strong foundation in technical skills.

Overall, the climber's technique is consistent with that of an intermediate expert climber. While there may still be room for improvement in certain areas, such as increasing speed or developing more varied routes, the video showcases a high level of skill and control.",Intermediate Expert,False,"The climber appears to be at the Intermediate Expert level based on the following observations:

* **Body Alignment:** The climber maintains good body alignment throughout the climb, with their core engaged and their weight distributed evenly across their feet. This suggests that they have a solid understanding of proper climbing mechanics.
* **Movement Fluency:** The climber's movements appear fluid and controlled, indicating a high level of comfort and familiarity with the climbing wall. They are able to transition between holds smoothly without hesitation or unnecessary movements.
* **Technical Precision:** The climber demonstrates strong technical precision in their hand placement and footwork. They are able to select appropriate holds and maintain a secure grip, even when faced with challenging routes.

Overall, the climber's technique is well-developed and efficient, suggesting that they have a good foundation in climbing skills and experience. However, there may still be room for improvement in certain areas, such as increasing their speed or developing more advanced techniques.",Intermediate Expert,False
823628bf-e32c-4b93-9ec2-0c615eb6a999,uniandes_bouldering_024_32,Novice,"Novice

The climber's body alignment is not ideal as the climber's feet are not aligned with the wall and the climber's knees are bent too much. The movement fluency is also poor as the climber's movements appear to be slow and awkward. The technical precision is also lacking as the climber is not using the holds correctly and is not maintaining a good grip.",Novice,True,"Novice

The climber's movements appear to be uncoordinated and lack fluidity. The climber's body alignment seems off as well, with the climber not maintaining proper posture while climbing. The climber also seems to be struggling with technical precision, as they are not using the holds effectively or efficiently. Overall, the climber appears to be a novice in terms of climbing technique.",Novice,True
5c6adb2f-6ea0-4cf1-8316-e7cd23b54b77,uniandes_bouldering_026_17,Novice,"The climber in the video appears to be at an intermediate expert level based on the following observations:

* **Body Alignment:** The climber demonstrates good body alignment throughout the sequence. They maintain a strong core and use their legs effectively for support while reaching for holds with their arms. Their feet are positioned correctly, and they appear to be using the wall's features efficiently.

* **Movement Fluency:** The climber's movements are fluid and controlled. There are no abrupt or jerky motions, indicating a high level of comfort and familiarity with the climbing techniques being used. The transitions between different holds and movements seem natural and well-coordinated.

* **Technical Precision:** The climber exhibits a high degree of technical precision. They are able to select appropriate handholds and footholds, and their grip strength and foot placement appear to be well-timed and accurate. The climber also seems to have a good understanding of the climbing routes and is able to navigate them effectively.

Overall, the climber's technique suggests that they have a solid foundation in climbing skills and are likely comfortable with more advanced climbing routes. However, there may still be room for improvement in certain areas, such as increasing their speed or developing more dynamic movements.",Intermediate Expert,False,"Novice

The climber in the video appears to be a novice based on their body alignment and movement fluency. The climber's movements seem uncoordinated and lack fluidity, indicating that they may not have much experience with rock climbing. Additionally, the climber's technical precision seems to be lacking as well, as they are not using proper climbing techniques or form.",Novice,True
54e430a9-93f3-4ead-b969-c9b7fa88435e,uniandes_bouldering_037_10,Intermediate Expert,"Novice

The climber appears to be in the early stages of learning how to climb and is not yet comfortable with the techniques required for climbing. The climber's body alignment is not yet correct, as they are not using the proper hand and foot placement. Their movement is also not fluent, as they appear to be struggling with the climbing wall. Additionally, their technical precision is lacking, as they are not yet able to perform the necessary climbing techniques with accuracy.",Novice,False,"Novice

The climber's body alignment is not consistent throughout the video. The climber's feet are not aligned with the wall and the climber's body is not in a straight line. The climber's movement is not fluent as the climber's movements appear to be slow and deliberate. The climber's technical precision is also lacking as the climber does not seem to be using the holds effectively.",Novice,False
a48d4861-7036-4905-aa50-57f3b26f88f5,uniandes_bouldering_022_61,Intermediate Expert,"Novice

The climber is not yet comfortable with the climbing wall and is still learning how to use it. The climber's body alignment is not yet correct, as they are not using the proper techniques for climbing. The climber's movement is not fluent, as they are still learning how to move around the wall. The climber's technical precision is also lacking, as they are not yet able to perform the necessary moves with accuracy.",Novice,False,"Novice

The climber's movements appear to be uncoordinated and lack fluidity. The climber's body alignment seems off as well, with the climber not maintaining proper posture while climbing. The climber also seems to be struggling with technical precision, as they are not using the holds effectively or efficiently. Overall, the climber appears to be a novice in rock climbing.",Novice,False
5a3a5b32-c084-4cbb-9dfc-c738fbcedf80,uniandes_bouldering_027_4,Intermediate Expert,"Novice

The climber appears to be in the early stages of learning how to climb and is not yet comfortable with the techniques required for climbing. The climber's body alignment is not yet correct, as they are not using the proper hand and foot placement. Their movement is also not fluent, as they appear to be struggling with the climbing wall. Additionally, there is no indication that the climber has any technical precision, as they are not yet able to perform the necessary climbing techniques.",Novice,False,"Novice

The climber's body alignment is not ideal as the climber's feet are not aligned with the rock holds and the climber's body is not in a straight line. The climber's movement is not fluent as the climber's movements appear to be slow and deliberate. The climber's technical precision is also lacking as the climber is not using the correct technique for climbing the wall.",Novice,False
fcbdc717-8551-490f-9c69-63424cc8562d,uniandes_bouldering_028_51,Intermediate Expert,"The climber appears to be a novice or early expert based on the following observations:

* **Body Alignment:** The climber's body alignment seems to be off as they are not using the holds effectively. Their feet are not positioned correctly, and their body is not aligned with the wall. This suggests that they may still be learning proper climbing techniques.

* **Movement Fluency:** The climber's movements appear to be somewhat uncoordinated and lack fluidity. They seem to be struggling with the route and are not moving efficiently. This indicates that they may not have much experience in climbing.

* **Technical Precision:** The climber's technique is not precise, as they are not using the holds correctly. They are not maintaining a good grip and are not using their body weight effectively. This suggests that they may still be developing their skills and understanding of the sport.

Overall, the climber's technique and body alignment suggest that they are at a novice or early expert level. They may benefit from more practice and instruction to improve their skills and develop better climbing techniques.",Early Expert,False,"Novice

The climber appears to be struggling with the route and is not able to maintain proper body alignment or movement fluency. The climber's movements seem to lack precision and control, indicating that they may still be developing their skills in climbing.",Novice,False
63758542-8a82-4e62-a235-6b1ef0f03b8a,uniandes_bouldering_030_59,Late Expert,"Novice

The climber appears to be in the early stages of learning how to climb and is not yet comfortable with the techniques required for climbing. The climber's body alignment is not yet correct, as they are not using the proper hand and foot placement. Their movement is also not fluent, as they appear to be struggling with the climbing wall. Additionally, their technical precision is lacking, as they are not yet able to perform the necessary movements with accuracy.",Novice,False,"Novice

The climber's body alignment and movement fluency are not yet refined. The climber's movements appear to be somewhat stiff and awkward, indicating that they may still be learning the proper techniques for climbing. Additionally, the climber's technical precision is lacking as they do not seem to be using the holds in a precise manner.",Novice,False
8fd76eb9-3bc6-470a-a379-7a045b5347a7,uniandes_bouldering_029_63,Intermediate Expert,"The climber in the video appears to be at an intermediate expert level based on the following observations:

* **Body Alignment:** The climber maintains good body alignment throughout the climb, with their core engaged and their weight distributed evenly across their feet. This suggests that they have a solid understanding of proper climbing techniques and can maintain a stable position on the wall.

* **Movement Fluency:** The climber's movements appear fluid and controlled, indicating a high level of comfort and familiarity with the climbing route. They are able to transition between holds smoothly and efficiently, suggesting that they have developed a strong sense of rhythm and timing.

* **Technical Precision:** The climber demonstrates a high level of technical precision, as evidenced by their ability to select and grip the appropriate holds with ease. They also show good hand-eye coordination, which allows them to make quick adjustments to their grip and positioning as needed.

Overall, the climber's technique and performance suggest that they have a strong foundation in climbing skills and are likely well on their way to becoming a late expert climber. However, there may still be room for improvement in certain areas, such as increasing their speed or developing more advanced climbing techniques.",Late Expert,False,"Novice

The climber's body alignment and movement fluency appear to be lacking. The climber's hands are not positioned correctly on the holds, and there is no indication of technical precision in the climbing style. The climber seems to be struggling with the climb, which suggests that they may be a novice or early expert climber.",Early Expert,False
f79ea56a-c15e-420b-8064-719c18da45d9,uniandes_bouldering_029_78,Early Expert,"The person in the video appears to be a novice climber. Their body alignment is not yet optimized for climbing, as they are not using the full range of their body and are not maintaining proper posture. Their movement fluency is also lacking, as they appear to be moving awkwardly and not with much grace or ease. Additionally, their technical precision is not yet developed, as they are not using the correct techniques for climbing the wall. Overall, the person's skill level appears to be that of a novice climber.",Novice,False,"Novice

The climber's body alignment is not consistent throughout the video. The climber's feet are not aligned with the rock holds and the climber's body is not in a straight line. The climber's movement is not fluent as the climber's movements appear to be slow and deliberate. The climber's technical precision is also lacking as the climber does not seem to be using the correct techniques for climbing.",Novice,False
6f2bed39-3667-429c-966c-5beff1ec73a4,uniandes_bouldering_024_29,Novice,"Novice

The climber's body alignment is not ideal as the climber's feet are not aligned with the wall and the climber's knees are bent too much. The climber's movement is not fluent as the climber's movements appear to be slow and deliberate. The climber's technical precision is also lacking as the climber is not using the holds effectively and appears to be struggling to maintain balance.",Novice,True,"Novice

The climber's body alignment is not consistent throughout the climb. The climber's feet are not aligned with the holds and the climber's body is not in a straight line. The climber's movement is not fluent as the climber is not able to smoothly transition between the holds. The climber's technical precision is also lacking as the climber is not able to grip the holds properly and is not able to maintain a good hand position.",Novice,True
cfefdbdc-5182-4b5f-aa0e-45b82516eb05,uniandes_bouldering_027_35,Novice,"Novice

The climber appears to be in the early stages of learning how to climb and is not yet comfortable with the movements required for climbing. The body alignment is not correct as the climber is not using the proper climbing techniques. The movement fluency is also lacking as the climber is not moving smoothly and efficiently. The technical precision is also not good as the climber is not using the proper hand and foot placement.",Novice,True,"Novice

The climber appears to be struggling with the wall and is not able to maintain proper body alignment or movement fluency. The climber's movements seem to lack technical precision as well.",Novice,True
14d80211-75b8-4446-bcc8-8286f7ec99c8,uniandes_bouldering_028_4,Intermediate Expert,"The climber in the video appears to be at an intermediate expert level based on the following observations:

* **Body Alignment:** The climber maintains good body alignment throughout the climb, with their core engaged and their weight distributed evenly across their feet. This suggests that they have a solid understanding of proper climbing techniques and can maintain a stable position on the wall.

* **Movement Fluency:** The climber's movements appear fluid and controlled, indicating a high level of comfort and familiarity with the climbing route. They are able to transition between holds smoothly and efficiently, suggesting that they have developed a strong sense of rhythm and timing.

* **Technical Precision:** The climber demonstrates a high level of technical precision, as evidenced by their ability to place their feet and hands accurately on the holds. They also show good hand-eye coordination, which is essential for successful climbing.

Overall, the climber's technique and performance suggest that they have a good foundation in climbing skills and are likely at an intermediate expert level. However, it's important to note that this assessment is based on a limited number of frames, so a more comprehensive evaluation would require observing the climber over a longer period of time.",Intermediate Expert,True,"Novice

The climber appears to be struggling with the wall and is not able to maintain proper body alignment or movement fluency. The climber's hands are not positioned correctly on the holds, and they appear to be using too much upper body strength rather than relying on their legs for support. Additionally, the climber's movements seem to lack fluidity and precision, indicating that they may still be in the early stages of learning the sport.",Novice,False
2944c724-8a19-4ff8-9626-48f00bbddd26,uniandes_bouldering_026_16,Novice,"The climber in the video appears to be at an intermediate expert level based on the following observations:

1. **Body Alignment**: The climber maintains good body alignment throughout the climb. Her core is engaged, and her movements are controlled, indicating a high level of technical proficiency.

2. **Movement Fluency**: The climber's movements are fluid and efficient. She transitions between holds smoothly without unnecessary pauses or adjustments, suggesting she has a good understanding of the route and its flow.

3. **Technical Precision**: The climber demonstrates precise hand and foot placement, which is crucial for climbing efficiency and safety. Her use of different types of holds (crimps, jugs, and slopers) shows a solid grasp of the techniques required for various climbing styles.

Overall, the climber's consistent performance across these frames indicates that she has reached an intermediate expert level in climbing. However, it's important to note that climbing is a sport with continuous improvement, so even at this level, there's always room for further development and refinement.",Intermediate Expert,False,"Novice

The climber's body alignment is not consistent throughout the video. The climber's feet are not aligned with the rock holds and the climber's body is not in a straight line. The climber's movement is not fluent as the climber struggles to find the next hold and the climber's hands are not positioned correctly for technical precision.",Novice,True
4d46b132-1c9e-404d-86fd-f7fc1dd4c320,uniandes_bouldering_034_65,Early Expert,"Novice

The climber appears to be in the early stages of learning how to climb and is not yet comfortable with the techniques required for climbing. The climber's body alignment is not yet correct, as they are not using the proper hand and foot placement. Their movement is also not fluent, as they appear to be struggling with the climbing wall. Additionally, there is no indication that the climber has any technical precision, as they are not yet able to perform the necessary climbing techniques correctly.",Novice,False,"Novice

The climber's body alignment is not consistent throughout the video. The climber's feet are not aligned with the rock wall and the climber's body is not in a straight line. The climber's movement is not fluent as the climber's movements appear to be slow and deliberate. The climber's technical precision is also lacking as the climber does not seem to be using proper climbing techniques.",Novice,False
54080756-356f-4ce7-87c7-ef21dd7a2c89,uniandes_bouldering_029_14,Early Expert,"Novice

The climber appears to be struggling with the wall and is not making much progress. Her body alignment is off as she is leaning too far forward and her feet are not positioned correctly for stability. Her movement is not fluent and she seems to be having difficulty finding the right handholds and footholds. She also does not seem to have any technical precision in her climbing style.",Novice,False,"Novice

The climber's body alignment is not consistent throughout the climb. The climber's movement appears to be somewhat stiff and uncoordinated. The climber's technical precision is also lacking as they are not using the holds in a fluid manner.",Novice,False
cddea26a-1eac-4176-a541-fa38ca70a214,uniandes_bouldering_033_45,Late Expert,"Novice

The climber in the video appears to be a novice as they are still learning how to climb and are not yet able to perform the activity with much fluency or technical precision. The climber is still learning how to use the wall properly and is not yet able to climb with much speed or efficiency.",Novice,False,"The climber appears to be at the Intermediate Expert level based on the following observations:

* **Body Alignment:** The climber demonstrates good body alignment throughout the climb, maintaining a strong core and proper posture. This suggests a high level of technical proficiency and experience in climbing.
* **Movement Fluency:** The climber's movements appear fluid and controlled, indicating a high degree of comfort and familiarity with the climbing wall. The climber's ability to transition between holds and maintain balance suggests a high level of technical skill.
* **Technical Precision:** The climber exhibits precise hand placement and footwork, demonstrating a strong understanding of the climbing techniques required for this route. The climber's ability to read the wall and choose the most efficient lines of ascent further indicates a high level of technical expertise.

Overall, the climber's technique and performance suggest that they have a solid foundation in climbing and are likely at the Intermediate Expert level. However, it's important to note that this assessment is based on a limited number of frames, and a more comprehensive evaluation would require observing the climber over a longer period or on different routes.",Intermediate Expert,False
b4cc4099-488e-4dd2-9323-a5bfc0b76c56,uniandes_bouldering_027_18,Early Expert,"Novice

The climber appears to be in the early stages of learning how to climb and is not yet comfortable with the movements required for climbing. The body alignment is not correct as the climber is not using the proper techniques for climbing. The movement fluency is also lacking as the climber is not moving smoothly and efficiently. The technical precision is also not present as the climber is not using the proper techniques for climbing.",Novice,False,"Novice

The climber's body alignment is not ideal as the feet are not placed correctly and the body is not aligned with the wall. The movement fluency is also poor as the climber is not moving smoothly and there are several pauses in the climbing sequence. The technical precision is also lacking as the climber is not using the holds correctly and is not maintaining a good grip.",Novice,False
b9a4433d-0495-40ad-9242-a6fade55ade9,uniandes_bouldering_034_49,Early Expert,"Novice

The climber appears to be in the early stages of learning how to climb and is not yet comfortable with the movements required for climbing. The climber's body alignment is not yet correct, as they are not using the proper techniques for climbing. The climber also seems to lack the necessary movement fluency and technical precision to perform the climbs effectively.",Novice,False,"Novice

The climber's body alignment is not consistent throughout the climb. The climber's feet are not aligned with the holds and the climber's body is not in a straight line. The climber's movement is not fluent as the climber is not able to smoothly transition between the holds. The climber's technical precision is also lacking as the climber is not able to maintain a good grip on the holds and is not able to use the holds efficiently.",Novice,False
4e62f874-b0fe-4159-92c4-3c3fc05fedd6,uniandes_bouldering_033_2,Late Expert,"Novice

The climber in the video appears to be a novice as they are still learning how to climb and are not yet able to perform the activity with much fluency or technical precision. The climber is still learning how to use the climbing wall and is not yet able to climb with much speed or control.",Novice,False,"Novice

The climber's body alignment appears to be off as they are not using the proper climbing techniques. Their movement is not fluent and they seem to be struggling with the wall. The climber also seems to lack technical precision in their movements.",Novice,False
e862c865-bd50-44b6-b553-6aa8a8c9ad1c,uniandes_bouldering_036_78,Intermediate Expert,"Novice

The climber appears to be in the early stages of learning how to climb and is not yet comfortable with the movements required for climbing. The climber's body alignment is not yet correct, as they are not using the proper techniques for climbing. The climber also seems to lack the necessary movement fluency and technical precision to perform the climbs effectively.",Novice,False,"Novice

The climber's body alignment appears to be off as they are not using the proper climbing techniques. Their movement is not fluent and they seem to be struggling with the wall. The climber also seems to lack technical precision as they are not using the correct handholds and footholds.",Novice,False
74a4d595-cc2e-4c3b-a83f-e7e7a364d463,uniandes_bouldering_036_35,Late Expert,"Novice

The climber appears to be in the early stages of learning how to climb and is not yet comfortable with the techniques required for climbing. The climber's body alignment is not yet correct, as they are leaning too far forward and not using their core muscles effectively. Their movement is also not fluent, as they appear to be struggling to find the right handholds and footholds. Additionally, their technical precision is lacking, as they are not yet able to use the proper climbing techniques to ascend the wall.",Novice,False,"Novice

The climber's body alignment is not consistent throughout the climb. The climber's feet are not aligned with the rock holds and the climber's body is not in a straight line. The climber's movement is not fluent as the climber is not able to smoothly transition between the holds. The climber's technical precision is also lacking as the climber is not able to grip the holds properly and is not able to maintain a good hand position.",Novice,False
3f98dd3d-9770-460e-87a5-b2e14c212277,uniandes_bouldering_035_12,Early Expert,"Novice

The climber appears to be in the early stages of learning how to climb and is not yet comfortable with the movements required for climbing. The climber's body alignment is not yet correct, as they are not using the proper techniques for climbing. The climber's movement fluency is also lacking, as they appear to be struggling with the movements required for climbing. The climber's technical precision is also lacking, as they are not yet able to perform the necessary techniques with accuracy.",Novice,False,"Novice

The climber's body alignment and movement fluency appear to be lacking. The climber's movements seem to be slow and uncoordinated, which suggests that they may not have much experience with climbing. Additionally, the climber's technical precision seems to be low as well, as there are several instances where the climber appears to be struggling to find a hold or maintain balance. Overall, the climber's technique appears to be quite basic, indicating that they are likely still in the novice stage of learning how to climb.",Novice,False
fd0906e9-b867-45e2-b5bb-be6332d7a723,uniandes_bouldering_033_22,Intermediate Expert,"Novice

The climber is not yet comfortable with the climbing wall and is still learning how to use it. The climber is not yet able to maintain proper body alignment or movement fluency. The climber is also not yet able to perform any technical moves with precision.",Novice,False,"Novice

The climber appears to be struggling with the wall and is not able to maintain proper body alignment or movement fluency. The climber's movements seem to lack technical precision as well.",Novice,False
a42d7789-07dd-43f2-b51f-278bb3c77f22,uniandes_bouldering_027_64,Novice,"The climber in the video appears to be at an intermediate expert level based on the following observations:

* **Body Alignment:** The climber maintains good body alignment throughout the climb, with their core engaged and their weight distributed evenly across their feet. This suggests that they have a solid understanding of proper climbing mechanics.

* **Movement Fluency:** The climber's movements appear fluid and controlled, indicating a high level of comfort and familiarity with the route. They transition between holds smoothly without hesitation or unnecessary movements.

* **Technical Precision:** The climber demonstrates precise hand placement and footwork, making efficient use of the available holds. Their technique is consistent and well-executed, suggesting a strong foundation in climbing skills.

Overall, the climber's performance indicates an intermediate level of expertise, as they exhibit a good balance of body alignment, movement fluency, and technical precision. However, there may still be room for improvement in certain areas, such as increasing speed or adding more dynamic elements to their climbing style.",Intermediate Expert,False,"Novice

The climber's body alignment is not ideal as the climber's feet are not aligned with the wall and the climber's knees are bent. The climber's movement is not fluent as the climber's movements appear to be slow and deliberate. The climber's technical precision is also lacking as the climber is not using the holds effectively and appears to be struggling to maintain balance.",Novice,True
94a048f2-ed75-4adc-92bb-cbe67acc53e8,uniandes_bouldering_030_57,Late Expert,"Novice

The climber in the video appears to be a novice as they are still learning how to climb and are not yet able to perform the activity with much fluency or technical precision. The climber is still trying to find their way up the wall and is not yet able to move smoothly and efficiently.",Novice,False,"Novice

The climber appears to be a novice as they are still learning the proper techniques for climbing. They are not yet able to maintain good body alignment and their movements are not fluent or precise. The climber also seems to be struggling with the technical aspects of the climb, as they are not yet able to use the holds effectively.",Novice,False
e5342798-15e1-496a-877e-599c41e661d2,uniandes_bouldering_030_61,Late Expert,"Novice

The climber appears to be a novice as they are still learning the proper techniques for climbing. They are not yet able to maintain good body alignment and their movements are not fluent or precise.",Novice,False,"Novice

The climber appears to be a novice as they are still learning the proper techniques for climbing. They are not yet able to maintain good body alignment and their movements are not fluent or precise. The climber also seems to be struggling with the technical aspects of the climb, as they are not yet able to use the holds effectively.",Novice,False
c771b82a-b345-4926-a13f-4cfb917a945d,uniandes_bouldering_033_24,Intermediate Expert,"Novice

The climber is not yet comfortable with the climbing wall and is still learning how to use it. The climber is not yet able to climb up the wall without assistance or guidance.",Novice,False,"Novice

The climber appears to be struggling with the wall and is not able to maintain proper body alignment or movement fluency. The climber's hands are not positioned correctly on the holds, and there is no indication of technical precision in their movements.",Novice,False
38ab5440-4556-4620-a1e8-ec4e35c1b66b,uniandes_bouldering_022_43,Late Expert,"Novice

The climber in the video appears to be a novice as they are still learning how to climb and are not yet able to perform the activity with much fluency or precision. The climber is not yet able to maintain proper body alignment while climbing and is not yet able to use technical precision to climb the wall.",Novice,False,"Novice

The climber's body alignment is not consistent throughout the climb. The climber's feet are not aligned with the rock holds and the climber's body is not in a straight line. The climber's movement is not fluent as the climber's movements are not smooth and the climber's body is not moving in a coordinated manner. The climber's technical precision is also lacking as the climber is not using the correct technique to grip the rock holds.",Novice,False
006651a0-7f0f-49e9-8142-5f4dd40128e3,uniandes_bouldering_035_59,Intermediate Expert,"Novice

The climber is not yet comfortable with the climbing wall and is still learning how to use it. The climber is not yet able to climb up the wall without assistance or guidance. The climber is still learning how to use the wall and is not yet able to perform any advanced climbing techniques.",Novice,False,"Novice

The climber's body alignment is not ideal as the climber's knees are bent and the climber's feet are not positioned correctly. The climber's movement is not fluent as the climber is not moving smoothly up the wall. The climber's technical precision is also lacking as the climber is not using the holds correctly.",Novice,False
f7609225-dad3-4d85-8738-caab9145a431,uniandes_bouldering_022_67,Late Expert,"Novice

The climber is not yet comfortable with the climbing wall and is still learning how to use it. The climber is not yet able to maintain proper body alignment while climbing, as seen in frame 1 where the climber is leaning too far forward. The climber also seems to be struggling with movement fluency, as seen in frame 2 where the climber is not yet able to move smoothly up the wall. Finally, the climber is not yet able to perform any technical precision moves, as seen in frame 3 where the climber is not yet able to grip the holds properly.",Novice,False,"Novice

The climber's movements appear to be uncoordinated and lack fluidity. The climber's body alignment seems off as they struggle to find the right handholds and footholds. There is no evidence of technical precision in their climbing style.",Novice,False
9a3af8e6-ad12-401d-88fb-240d2ba6dd50,uniandes_bouldering_023_17,Novice,"Novice

The climber is not yet comfortable with the climbing wall and is still learning how to use it. The climber is not yet able to maintain proper body alignment or movement fluency. The climber is also not yet able to perform any technical moves with precision.",Novice,True,"Novice

The climber's body alignment is not ideal as the climber's feet are not properly aligned with the wall and the climber's knees are bent too much. The climber's movement is not fluent as the climber's movements appear to be slow and deliberate. The climber's technical precision is also lacking as the climber is not using the holds effectively and is not maintaining proper body positioning.",Novice,True
3f60a7dd-d004-4842-bdd0-2e112f554cd9,uniandes_bouldering_035_21,Early Expert,"Novice

The climber appears to be in the early stages of learning how to climb and is not yet comfortable with the techniques required for climbing. The climber's body alignment is not yet correct, as they are not using the proper hand and foot placement on the holds. Their movement is also not fluent, as they appear to be struggling to maintain balance and control while climbing. Additionally, there is no indication that the climber has any technical precision, as they are not yet able to execute the necessary techniques with accuracy.",Novice,False,"Novice

The climber's body alignment is not consistent throughout the climb. The climber's feet are not aligned with the holds and the climber's body is not in a straight line. The climber's movement is not fluent as the climber is not able to smoothly transition between the holds. The climber's technical precision is also lacking as the climber is not able to maintain a good grip on the holds and is not able to use the holds effectively.",Novice,False
74d47f9d-6264-4407-b9f0-9facc320c938,uniandes_bouldering_035_37,Early Expert,"Novice

The climber appears to be in the early stages of learning how to climb and is not yet comfortable with the movements required for climbing. The climber's body alignment is not yet correct, as they are not using the proper techniques for climbing. Their movement fluency is also lacking, as they appear to be struggling with the movements required for climbing. Technical precision is also lacking, as the climber is not yet able to perform the necessary techniques with accuracy.",Novice,False,"Novice

The climber's body alignment appears to be off as they are not using the proper climbing techniques. Their movement is not fluent and they seem to be struggling with the wall. The climber also seems to lack technical precision in their movements.",Novice,False
fa717629-8c16-4a4e-ba43-0c94f24981c8,uniandes_bouldering_035_97,Early Expert,"Novice

The climber appears to be in the early stages of learning how to climb and is not yet comfortable with the movements required for climbing. The climber's body alignment is not yet correct, as they are not using the proper techniques for climbing. The climber's movement fluency is also lacking, as they appear to be struggling with the movements required for climbing. The climber's technical precision is also lacking, as they are not yet able to perform the necessary techniques with accuracy.",Novice,False,"Novice

The climber is still learning the proper techniques for climbing and is not yet able to perform the activity with much fluency or precision. The climber is still using their arms to climb up the wall instead of using their legs to propel themselves forward.",Novice,False
d96f1562-436f-4eda-847e-971b4f332fb5,uniandes_bouldering_033_59,Intermediate Expert,"Novice

The climber appears to be in the early stages of learning how to climb and is not yet comfortable with the techniques required for climbing. The climber's body alignment is not yet correct, as they are not using the proper hand and foot placement. Their movement is also not fluent, as they appear to be struggling with the climbing wall. Additionally, there is no indication that the climber has any technical precision, as they are not yet able to perform the necessary climbing techniques.",Novice,False,"Novice

The climber's body alignment appears to be off as they are not using the proper climbing techniques. Their movement is not fluent and they seem to be struggling with the wall. The climber also seems to lack technical precision in their movements.",Novice,False
5dc66927-b5bc-4c34-93d0-0a9b95107172,uniandes_bouldering_036_38,Late Expert,"Novice

The climber appears to be in the early stages of learning how to climb and is not yet comfortable with the techniques required for climbing. The climber's body alignment is not yet correct, as they are not using the proper hand and foot placement. Their movement is also not fluent, as they appear to be struggling with the climbing wall. Additionally, their technical precision is lacking, as they are not yet able to perform the necessary climbing techniques with accuracy.",Novice,False,"Novice

The climber's body alignment is not consistent throughout the climb. The climber's feet are not aligned with the rock holds and the climber's body is not in a straight line. The climber's movement is not fluent as the climber's movements are not smooth and there are some jerky movements. The climber's technical precision is also not very good as the climber is not using the correct technique to grip the rock holds.",Novice,False
c9e83252-39b5-4dda-8ff4-1881b0a3890a,uniandes_bouldering_032_78,Intermediate Expert,"Novice

The climber appears to be a novice as they are not yet able to maintain proper body alignment and movement fluency while climbing the wall. The climber's movements seem to lack technical precision, which is a characteristic of a novice climber.",Novice,False,"Novice

The climber's body alignment is not ideal as the climber's feet are not aligned with the rock holds and the climber's body is not in a straight line. The movement fluency is also poor as the climber's movements appear to be slow and deliberate. The technical precision is also lacking as the climber is not using the correct technique for climbing the wall.",Novice,False
aaf0d082-a972-4620-a1e9-5699023c9c77,uniandes_bouldering_022_62,Intermediate Expert,"Novice

The climber is not yet comfortable with the route and is still learning how to move up the wall. The climber's body alignment is not yet correct, as the climber is leaning too far forward and not using the full range of motion in the arms. The climber also seems to be struggling with the technical precision required for the route, as the climber is not able to maintain a consistent grip on the holds. Overall, the climber's movement fluency is also lacking, as the climber is not yet able to move smoothly and efficiently up the wall.",Novice,False,"Novice

The climber's movements appear to be uncoordinated and lack fluidity. The climber's body alignment seems off as well, with the climber not maintaining proper posture while climbing. The climber also seems to be struggling with technical precision, as they are not using the holds effectively or efficiently. Overall, the climber appears to be a novice in rock climbing.",Novice,False
90650627-b4f6-49bd-b0e6-3d94035adadd,uniandes_bouldering_027_107,Early Expert,"Novice

The climber appears to be in the early stages of learning how to climb and is not yet comfortable with the techniques required for climbing. The climber's body alignment is not yet correct, as they are not using proper form and are not yet able to maintain balance while climbing. Their movement is also not fluent, as they appear to be struggling with the movements required to climb the wall. Finally, their technical precision is lacking, as they are not yet able to use the holds correctly and are not yet able to plan out their route on the wall.",Novice,False,"Novice

The climber's body alignment is not consistent throughout the climb. The climber's feet are not aligned with the holds and the climber's body is not in a straight line. The climber's movement is not fluent as the climber is not able to smoothly transition between the holds. The climber's technical precision is also lacking as the climber is not able to maintain a good grip on the holds and is not able to use the holds effectively.",Novice,False
dad70a4e-2b7d-463d-bba7-cf8da3c2f1b6,uniandes_bouldering_022_7,Intermediate Expert,"Novice

The climber's body alignment is not ideal as the climber's knees are bent and the climber's body is not aligned with the wall. The climber's movement is not fluent as the climber is using a lot of energy to climb up the wall. The climber's technical precision is also lacking as the climber is not using the correct techniques to climb up the wall.",Novice,False,"Novice

The climber appears to be struggling with the wall and is not able to maintain proper body alignment or movement fluency. The climber's hands are not positioned correctly on the holds, and they seem to be relying too much on their legs for support. Technical precision is also lacking as the climber is not using the holds effectively.",Novice,False
7ddc0933-b409-4c1d-96e6-0ecce0d68d9a,uniandes_bouldering_026_22,Novice,"The climber in the video appears to be at an intermediate expert level based on the following observations:

* **Body Alignment:** The climber demonstrates good body alignment throughout the sequence. They maintain a strong core and proper posture while reaching for holds, which suggests they have a solid understanding of proper climbing techniques.

* **Movement Fluency:** The climber's movements appear fluid and controlled. There are no abrupt or jerky motions, indicating that they have developed a good sense of rhythm and timing in their climbing.

* **Technical Precision:** The climber shows a high level of technical precision by selecting appropriate handholds and footholds, as well as maintaining a stable center of gravity. They also demonstrate good hand-eye coordination, which is essential for successful climbing.

Overall, the climber's technique is well-developed, but there may still be room for improvement in certain areas. For example, the climber could work on increasing their speed and power, as well as developing more advanced climbing techniques such as dynamic moves or bouldering. However, given the level of skill demonstrated in the video, it is reasonable to conclude that the climber is at an intermediate expert level.",Intermediate Expert,False,"Novice

The climber's body alignment and movement fluency are not yet refined. The climber's movements appear to be somewhat stiff and awkward, indicating that they may still be learning the proper techniques for climbing. Additionally, the climber's technical precision is lacking as they are not able to grip the holds effectively or maintain a consistent rhythm while climbing.",Novice,True
4920d34b-d681-443c-b541-8f114d73909e,uniandes_bouldering_035_60,Intermediate Expert,"Novice

The climber appears to be in the early stages of learning how to climb and is not yet comfortable with the movements required for climbing. The climber's body alignment is not yet correct, as they are not using the proper techniques for climbing. Their movement fluency is also lacking, as they appear to be struggling with the movements required for climbing. Technical precision is also lacking, as the climber is not yet able to perform the necessary techniques with accuracy.",Novice,False,"Novice

The climber in the video appears to be a novice based on their body alignment and movement fluency. The climber's movements seem uncoordinated and lack fluidity, which suggests that they may not have much experience with rock climbing. Additionally, the climber's technique does not appear to be precise, as they are using their hands to grip the holds rather than their feet. This indicates that the climber may still be learning the proper techniques for climbing.",Novice,False
53b52ea1-d45a-428e-989a-0afbd8914588,uniandes_bouldering_032_2,Late Expert,"Novice

The climber in the video appears to be a novice as they are still learning how to climb and are not yet able to perform the activity with much fluency or precision. The climber is still trying to find their way up the wall and is not yet able to move smoothly and efficiently. Additionally, the climber does not appear to have a strong understanding of the technical aspects of climbing, such as body alignment and hand placement.",Novice,False,"Novice

The climber's body alignment and movement fluency appear to be lacking. The climber's movements seem to be uncoordinated and awkward, which suggests that they may not have much experience with rock climbing. Additionally, the climber's technical precision seems to be low as well, as there are several instances where the climber appears to be struggling to find a grip or maintain balance. Overall, the climber's technique appears to be quite basic, indicating that they are likely still in the early stages of learning how to climb.",Novice,False
e8c28e76-e8d5-41df-8ce6-a645ce928b7b,uniandes_bouldering_032_59,Intermediate Expert,"Novice

The climber in the video appears to be a novice based on their body alignment and movement fluency. The climber's body is not aligned with the wall, which can lead to inefficient use of energy and increased risk of injury. Additionally, the climber's movements appear to be somewhat stiff and uncoordinated, indicating a lack of technical precision. While the climber may have some basic understanding of climbing techniques, they still need to develop their skills further before progressing to more advanced levels.",Novice,False,"Novice

The climber's body alignment is not ideal as the climber's feet are not aligned with the wall and the climber's knees are bent. The climber's movement is not fluent as the climber's movements appear to be slow and deliberate. The climber's technical precision is also lacking as the climber is not using the holds effectively and appears to be struggling to maintain balance.",Novice,False
c1ad1d9f-16f4-4bac-87da-e943ba0905eb,uniandes_bouldering_035_50,Early Expert,"Novice

The climber in the video appears to be a novice based on their body alignment and movement fluency. The climber's body is not aligned with the wall, which can lead to inefficient use of energy and increased risk of injury. Additionally, the climber's movements appear to be somewhat stiff and uncoordinated, indicating a lack of technical precision. While the climber is making progress up the wall, there is room for improvement in terms of body alignment, movement fluency, and technical precision.",Novice,False,"Novice

The climber's body alignment is not ideal as the climber's feet are not aligned with the rock and the climber's knees are bent. The climber's movement is not fluent as the climber's movements appear to be slow and deliberate. The climber's technical precision is also lacking as the climber's hand placement is not precise and the climber's fingers are not gripping the holds properly.",Novice,False
4401ecf2-9311-49c8-b964-14571648126e,uniandes_bouldering_028_2,Intermediate Expert,"The climber in the video appears to be at an intermediate expert level based on the following observations:

* **Body Alignment:** The climber maintains good body alignment throughout the sequence. They are able to position their body effectively against the wall, using their core strength and balance to navigate the holds. This suggests a level of familiarity with the climbing techniques required for this route.

* **Movement Fluency:** The climber demonstrates fluid and controlled movements as they transition between holds. There are no abrupt or jerky motions that would indicate a lack of experience or confidence. The climber's movements appear well-coordinated, which is characteristic of someone who has practiced and refined their skills over time.

* **Technical Precision:** The climber exhibits a high degree of technical precision in their climbing technique. They are able to select appropriate handholds and footholds, and they efficiently transfer weight between them. The climber also shows good hand-eye coordination, as evidenced by their ability to reach and grip the holds accurately.

Overall, the climber's body alignment, movement fluency, and technical precision suggest that they have a solid foundation in climbing skills and are likely at an intermediate expert level. However, it's important to note that this assessment is based on a limited number of frames, and further observation would be needed to make a more definitive judgment about the climber's skill level.",Intermediate Expert,True,"Novice

The climber appears to be struggling with the wall and is not able to maintain proper body alignment or movement fluency. The climber's movements seem to lack technical precision as well.",Novice,False
c5c4236d-f8ba-4abf-93c7-5440a31160d4,uniandes_bouldering_026_18,Novice,"The climber in the video appears to be a novice or early expert based on their body alignment and movement fluency. The climber's body is not aligned with the wall, as they are leaning too far forward and their feet are not positioned correctly for proper balance. Additionally, their movement appears to be somewhat stiff and ungraceful, which suggests that they may still be developing their technique. While the climber has made some progress by reaching up towards the wall, there is room for improvement in terms of body positioning and fluidity of movement. Overall, the climber's skill level appears to be at the novice or early expert stage.",Early Expert,False,"Novice

The climber's body alignment appears to be off as they are not using the proper climbing techniques. Their movement is not fluent and they seem to be struggling with the wall. The climber also seems to lack technical precision in their movements.",Novice,True
77b08977-9d91-42a9-88f7-f3efa3e7ba05,uniandes_bouldering_023_81,Intermediate Expert,"Novice

The climber is not yet comfortable with the climbing wall and is still learning how to use it. The climber is not yet able to climb up the wall without assistance or guidance. The climber is still learning how to use the wall and is not yet able to perform the activity with ease and confidence.",Novice,False,"Novice

The climber's body alignment and movement fluency appear to be lacking. The climber's hand placement seems inconsistent, and the climber's body is not aligned with the wall. The climber's movements seem to lack fluidity and precision.",Novice,False
e0d398e3-a18c-4436-8e7d-a69520039921,uniandes_bouldering_037_48,Late Expert,"Novice

The climber appears to be in the early stages of learning how to climb and is not yet comfortable with the movements required for climbing. The climber's body alignment is not yet correct, as they are not using the proper techniques for climbing. The climber also seems to lack the necessary movement fluency and technical precision to perform the climbs effectively.",Novice,False,"Novice

The climber's body alignment is not ideal as the climber's feet are not aligned with the wall and the climber's knees are bent. The climber's movement is not fluent as the climber's movements appear to be slow and deliberate. The climber's technical precision is also lacking as the climber is not using the holds in a precise manner.",Novice,False
ea2d7015-0bf2-422c-b6ac-ebcf88fef619,uniandes_bouldering_025_13,Novice,"The climber in the video appears to be at an intermediate expert level based on the following observations:

* **Body Alignment:** The climber demonstrates good body alignment throughout the sequence. They maintain a strong core and use their legs effectively for support while reaching for holds with their arms. Their feet are positioned correctly, and they appear to be using the wall's features efficiently.

* **Movement Fluency:** The climber's movements are fluid and controlled. There are no abrupt or jerky motions, indicating a high level of comfort and familiarity with the climbing techniques being used. The transitions between different holds and movements seem natural and well-coordinated.

* **Technical Precision:** The climber exhibits a high degree of technical precision. They are able to select appropriate holds and make efficient use of them. Their hand placement and grip strength appear to be well-developed, allowing them to maintain a secure hold on the wall. Additionally, the climber seems to have a good understanding of the climbing principles, such as body positioning and weight distribution.

Overall, the climber's technique suggests that they have a solid foundation in climbing skills and are likely comfortable tackling more challenging routes. However, there may still be room for improvement in certain areas, such as increasing their speed or developing more advanced techniques.",Intermediate Expert,False,"Novice

The climber's body alignment appears to be off as they are not using the proper climbing techniques. Their movement is not fluent and they seem to be struggling with the wall. The climber also seems to lack technical precision as they are not using the holds correctly.",Novice,True
cb400114-e794-49af-92cc-890933fc233a,uniandes_bouldering_034_62,Early Expert,"Novice

The climber appears to be in the early stages of learning how to climb and is not yet comfortable with the movements required for climbing. The climber's body alignment is not yet correct, as they are not using the proper techniques for climbing. Their movement is also not fluent, as they appear to be struggling with the movements required for climbing. Additionally, their technical precision is lacking, as they are not yet able to perform the necessary techniques with accuracy.",Novice,False,"Novice

The climber's body alignment appears to be off as they are not using the proper climbing techniques. The movement fluency and technical precision are also lacking as the climber seems to be struggling with the wall.",Novice,False
d234f7cf-eb11-41dc-96f4-027edb6e17b9,uniandes_bouldering_032_11,Intermediate Expert,"Novice

The climber in the video appears to be a novice based on their body alignment and movement fluency. The climber's body is not aligned with the wall, which can lead to inefficient use of energy and increased risk of injury. Additionally, the climber's movements appear to be somewhat stiff and uncoordinated, indicating a lack of technical precision. While the climber has managed to reach the top of the wall, their overall performance suggests that they may benefit from further practice and instruction.",Novice,False,"Novice

The climber's movements appear to be uncoordinated and lack fluidity. The climber's body alignment seems off as they are not using the proper climbing techniques. The climber's hand placement and foot positioning also seem to be incorrect.",Novice,False
9e7d4067-a515-4290-88e4-03cbe5b945b4,uniandes_bouldering_036_42,Late Expert,"Novice

The climber appears to be in the early stages of learning how to climb and is not yet comfortable with the techniques required for climbing. The climber's body alignment is not yet correct, as they are not using the proper hand and foot placement on the holds. Additionally, the climber's movement is not fluent, as they appear to be struggling to maintain balance and control while climbing. The climber also does not seem to have any technical precision, as they are not yet able to execute the necessary techniques with accuracy. Overall, the climber's skill level appears to be novice.",Novice,False,"Novice

The climber appears to be struggling with the wall and is not able to maintain proper body alignment or movement fluency. The climber's movements seem to lack technical precision as well.",Novice,False
41f85c3b-9398-48f4-a758-45078031b07f,uniandes_bouldering_029_72,Early Expert,"The climber in the video appears to be a novice or early expert based on their body alignment and movement fluency. The climber's body is not aligned with the wall, which can lead to inefficient use of energy and increased risk of injury. Additionally, the climber's movements appear to be somewhat stiff and ungraceful, indicating that they may still be developing their technique. While the climber has made some progress, there is room for improvement in terms of body alignment and movement fluency.",Early Expert,True,"Novice

The climber in the video appears to be a novice as they are still learning how to climb and are not yet able to perform the activity with much fluency or technical precision. The climber is still trying to find their way up the wall and is not yet able to move smoothly and efficiently.",Novice,False
ec173b33-65be-4e8f-9b42-0725c4f5d670,uniandes_bouldering_037_32,Late Expert,"Novice

The climber appears to be in the early stages of learning how to climb and is not yet comfortable with the techniques required for climbing. The climber's body alignment is not yet correct, as they are not using the proper hand and foot placement. Their movement is also not fluent, as they appear to be struggling with the climbing wall. Additionally, their technical precision is lacking, as they are not yet able to perform the necessary climbing techniques with accuracy.",Novice,False,"Novice

The climber's body alignment is not consistent throughout the climb. The climber's movement appears to be somewhat stiff and ungraceful. The climber's technical precision is also lacking as they do not seem to be using the holds in a fluid manner.",Novice,False
1159c8e2-a9bd-4844-a69a-b8b7604db088,uniandes_bouldering_029_3,Intermediate Expert,"The climber in the video appears to be at an intermediate expert level based on the following observations:

* **Body Alignment:** The climber maintains good body alignment throughout the sequence. Her core is engaged, and her movements are smooth and controlled as she transitions between holds. This suggests that she has developed a strong sense of body awareness and is able to maintain proper posture while climbing.

* **Movement Fluency:** The climber demonstrates fluid and efficient movements as she ascends the wall. She is able to transition smoothly between holds without hesitation or unnecessary movements, indicating a high level of technical proficiency and practice.

* **Technical Precision:** The climber exhibits precise hand placement and footwork, which are essential for successful climbing. Her grip strength and balance appear to be well-developed, allowing her to maintain control and avoid falling. Additionally, she seems to have a good understanding of the different types of holds and how to use them effectively.

Overall, the climber's technique is consistent with that of an intermediate expert climber who has put in significant time and effort into developing their skills. However, there may still be room for improvement in certain areas, such as increasing speed or adding more variety to their climbing style.",Intermediate Expert,True,"Novice

The climber appears to be struggling with the wall and is not able to maintain proper body alignment or movement fluency. The climber's movements seem to lack precision and control, indicating that they may still be in the early stages of learning the sport.",Novice,False
9a54f9e1-9a99-4e67-b16e-fc538d3028f7,uniandes_bouldering_034_103,Early Expert,"Novice

The climber appears to be in the early stages of learning how to climb and is not yet comfortable with the techniques required for climbing. The climber's body alignment is not yet correct, as they are not using the proper hand and foot placement. Their movement is also not fluent, as they appear to be struggling with the climbing wall. Additionally, there is no indication that the climber has any technical precision, as they are not yet able to perform the necessary techniques correctly.",Novice,False,"Novice

The climber's body alignment is not ideal as the climber's body is not aligned with the wall and the climber's feet are not positioned correctly. The climber's movement is not fluent as the climber is not using proper climbing techniques. The climber's technical precision is also lacking as the climber is not using the correct handholds and footholds.",Novice,False
b6e1d3b6-622a-496f-9996-a1340314e268,uniandes_bouldering_027_32,Novice,"Novice

The climber appears to be in the early stages of learning how to climb and is not yet comfortable with the techniques required for climbing. The climber's body alignment is not yet correct, as they are not using the proper hand and foot placement. Their movement is also not fluent, as they appear to be struggling with the climbing wall. Additionally, there is no indication that the climber has any technical precision, as they are not yet able to perform the necessary climbing techniques correctly.",Novice,True,"Novice

The climber's body alignment is not ideal as the climber's feet are not aligned with the rock wall and the climber's knees are bent. The climber's movement is not fluent as the climber's movements appear to be slow and deliberate. The climber's technical precision is also lacking as the climber's hand placement is not precise and the climber's foot placement is not secure.",Novice,True
08dc1e90-e64a-4420-a773-574758117821,uniandes_bouldering_027_2,Intermediate Expert,"Novice

The climber appears to be in the early stages of learning how to climb and is not yet comfortable with the techniques required for climbing. The climber's body alignment is not yet correct, as they are leaning too far forward and not using their core muscles effectively. Their movement is also not fluent, as they appear to be struggling to find the right handholds and footholds. Additionally, their technical precision is lacking, as they are not yet able to use the proper climbing techniques to ascend the wall.",Novice,False,"Novice

The climber in the video appears to be a novice based on their body alignment and movement fluency. The climber's body is not aligned with the wall, which can lead to inefficient use of energy and increased risk of injury. Additionally, the climber's movements appear to be somewhat stiff and uncoordinated, indicating a lack of technical precision. While the climber has some basic understanding of climbing techniques, they still have room for improvement in terms of body alignment, movement fluency, and technical precision.",Novice,False
08b98d19-224d-4f85-9aa9-23cd395f6ab4,uniandes_bouldering_025_56,Novice,"Novice

The climber in the video appears to be a novice as they are not yet comfortable with the climbing wall and are still learning how to climb. They are not yet able to perform the activity with much fluency or technical precision.",Novice,True,"Novice

The person in the video appears to be a novice climber based on their body alignment and movement fluency. Their movements seem uncoordinated and awkward, with a lack of fluidity and precision. The person's body alignment is also not ideal, as they appear to be leaning and shifting their weight in an inefficient manner. Overall, their technique suggests that they are still developing their skills and are not yet at a level where they can perform with ease and confidence.",Novice,True
184366a0-b85c-4b08-87f2-1125f27b37d1,uniandes_bouldering_037_16,Late Expert,"The climber in the video appears to be at an intermediate expert level based on the following observations:

* **Body Alignment:** The climber demonstrates good body alignment throughout the climb. They maintain a strong core and use their legs effectively for support while reaching for holds with their arms. Their feet are positioned correctly on the wall, and they adjust their weight distribution as needed.

* **Movement Fluency:** The climber's movements are fluid and controlled. They transition smoothly between different climbing techniques, such as reaching, pulling, and pressing. There are no abrupt or jerky movements that would suggest a lack of experience or confidence.

* **Technical Precision:** The climber exhibits a high level of technical precision. They select appropriate handholds and footholds, and their grip strength and finger placement appear well-developed. They also demonstrate good balance and control, especially during more challenging sections of the climb.

Overall, the climber's technique is consistent with that of an intermediate expert climber. They have developed a solid foundation in climbing skills and are able to apply them effectively in a variety of situations. However, there may still be room for improvement in certain areas, such as increasing their speed or developing more advanced techniques.",Intermediate Expert,False,"Novice

The climber's body alignment is not consistent throughout the climb. The climber's feet are not aligned with the rock holds and the climber's body is not in a straight line. The climber's movement is not fluent as the climber's movements are not smooth and there are some pauses between the movements. The climber's technical precision is also not good as the climber is not using the correct technique to grip the rock holds.",Novice,False
02fb8601-8b2a-41df-bb3c-9b2e1046c2bb,uniandes_bouldering_027_105,Early Expert,"The climber in the video appears to be at an intermediate expert level based on the following observations:

* **Body Alignment:** The climber maintains good body alignment throughout the climb, with their core engaged and their weight distributed evenly across their feet. This suggests that they have a solid understanding of proper climbing techniques and can maintain a stable position on the wall.

* **Movement Fluency:** The climber's movements appear fluid and controlled, indicating a high level of comfort and familiarity with the route. They are able to transition between holds smoothly and efficiently, suggesting that they have developed a strong sense of rhythm and timing.

* **Technical Precision:** The climber demonstrates a high level of technical precision, as evidenced by their ability to place their feet and hands accurately on the holds. They also show good hand-eye coordination, which is essential for navigating complex routes.

Overall, the climber's technique is well-developed and efficient, indicating that they have likely been climbing for some time and have gained significant experience. However, there may still be room for improvement in certain areas, such as increasing their speed or developing more advanced techniques.",Intermediate Expert,False,"Novice

The climber's body alignment appears to be off as they are not using the proper climbing techniques. The movement fluency and technical precision are also lacking as the climber seems to be struggling with the wall.",Novice,False
72649889-cddb-43e6-80aa-650d059a60fb,uniandes_bouldering_028_65,Novice,"The climber in the video appears to be at an intermediate expert level based on the following observations:

* **Body Alignment:** The climber demonstrates good body alignment throughout the sequence. They maintain a strong core and use their legs effectively for support while reaching for holds with their arms. Their feet are positioned correctly, and they appear to be using the wall's features efficiently.

* **Movement Fluency:** The climber's movements are fluid and controlled. There are no abrupt or jerky motions, indicating a high level of comfort and familiarity with the climbing techniques being used. The transitions between different moves are smooth, suggesting that the climber has practiced these sequences before.

* **Technical Precision:** The climber exhibits excellent technical precision. They are able to select appropriate handholds and footholds, and their grip strength and foot placement are well-timed. The climber also shows good balance and control, which is essential for maintaining stability during challenging moves.

Overall, the climber's technique is well-developed, and they demonstrate a high level of skill and experience. However, there may still be room for improvement in certain areas, such as increasing speed or adding more variety to their climbing style. With continued practice and exposure to new challenges, the climber could potentially reach late expert status.",Late Expert,False,"Novice

The climber's body alignment is not consistent throughout the climb. The climber's movements are not fluid and there is a lack of technical precision in the hand placement and foot positioning. The climber appears to be struggling with the route and is not able to maintain a good grip on the holds.",Novice,True
f4d27979-2a6f-45e2-80ce-2ec60b27187f,uniandes_bouldering_028_46,Early Expert,"The person in the video appears to be a novice climber. The movements seem uncoordinated and lack fluidity, indicating that they may not have much experience with climbing. The body alignment is also not ideal, as the climber seems to be leaning too far forward and not using proper form. Technical precision is also lacking, as the climber does not appear to be using the holds effectively or maintaining balance. Overall, the person's technique suggests that they are still developing their skills and would benefit from more practice and instruction.",Novice,False,"Novice

The climber's body alignment appears to be off as they are not using the proper climbing techniques. Their movement is not fluent and they seem to be struggling with the wall. The climber also seems to lack technical precision as they are not using the holds correctly.",Novice,False
e0e7a1f3-3420-4ae2-88fb-666ac9d5cbdc,uniandes_bouldering_033_27,Late Expert,"Novice

The climber is not yet comfortable with the climbing wall and is still learning how to use it. The climber is not yet able to climb up the wall without assistance or guidance. The climber is still learning how to use the wall and is not yet able to perform any advanced climbing techniques.",Novice,False,"Novice

The climber's body alignment appears to be off as they are not using the proper climbing techniques. Their movement is not fluent and they seem to be struggling with the wall. The climber also seems to lack technical precision in their movements.",Novice,False
586597cc-59c5-45d5-9596-0b6506d9c0ba,uniandes_bouldering_037_38,Late Expert,"Novice

The climber in the video appears to be a novice based on their body alignment and movement fluency. The climber's body is not aligned with the wall, which can lead to inefficient use of energy and increased risk of injury. Additionally, the climber's movements appear to be somewhat stiff and uncoordinated, indicating a lack of technical precision. While the climber is making progress up the wall, there is room for improvement in terms of body positioning and fluidity of movement.",Novice,False,"Novice

The climber's body alignment is not ideal as the climber's feet are not aligned with the rock and the climber's knees are bent. The climber's movement is not fluent as the climber's movements appear to be slow and deliberate. The climber's technical precision is also lacking as the climber is not using the correct technique for climbing the wall.",Novice,False
5f96a32a-2094-477e-a94c-2b39be2d4edd,uniandes_bouldering_023_18,Novice,"Novice

The climber is not yet comfortable with the climbing wall and is still learning how to use it. The climber is not yet able to climb up the wall without assistance or guidance. The climber is still learning how to use the wall and is not yet able to perform the activity with ease and confidence.",Novice,True,"Novice

The person in the video appears to be a novice climber based on their body alignment and movement fluency. The climber's movements seem uncoordinated and lack fluidity, indicating that they may not have much experience with rock climbing. Additionally, the climber's body alignment does not appear to be optimal for climbing, which could further contribute to their lack of skill. Overall, the person's technique seems to be lacking in terms of both body alignment and movement fluency, suggesting that they are still in the early stages of learning how to climb.",Novice,True
e1e7fe97-da42-4d2e-8ec5-9cdbdb132ffd,uniandes_bouldering_022_51,Early Expert,"Novice

The climber appears to be in the early stages of learning how to climb and is not yet comfortable with the movements required for climbing. The climber's body alignment is not yet correct, as she is not using her core muscles effectively and is leaning too far forward. Her movement fluency is also lacking, as she is not yet able to move smoothly and efficiently up the wall. Finally, her technical precision is not yet developed, as she is not yet able to use the holds correctly and is not yet able to maintain a good grip on the wall.",Novice,False,"Novice

The climber's body alignment is not consistent throughout the climb. The climber's movement appears to be somewhat uncoordinated and lacks fluidity. The climber's technical precision is also lacking as they seem to be struggling with finding the right handholds and footholds.",Novice,False
b68d1029-8d60-4edf-9038-7332a8e29877,uniandes_bouldering_034_24,Intermediate Expert,"Novice

The climber in the video appears to be a novice as they are still learning the proper techniques for climbing. They are not yet able to maintain good body alignment and their movements are not very fluent or precise. The climber is also not yet able to use the technical skills required for climbing, such as proper hand placement and foot placement.",Novice,False,"Novice

The climber's body alignment is not consistent throughout the video. The climber's feet are not aligned with the rock holds and the climber's body is not in a straight line. The climber's movement is not fluent as the climber's movements appear to be slow and deliberate. The climber's technical precision is also lacking as the climber does not seem to be using the correct techniques for climbing.",Novice,False
f5acfc76-c9c2-4971-9d3c-56c6c9f47953,uniandes_bouldering_034_83,Early Expert,"Novice

The climber appears to be in the early stages of learning how to climb and is not yet comfortable with the techniques required for climbing. The climber's body alignment is not yet correct, as they are not using the proper hand and foot placement. Their movement is also not fluent, as they appear to be struggling with the climbing wall. Additionally, there is no indication that the climber has any technical precision, as they are not yet able to perform the necessary climbing techniques.",Novice,False,"Novice

The climber's body alignment is not consistent throughout the climb. The climber's feet are not aligned with the holds and the climber's body is not in a straight line. The climber's movement is not fluent as the climber is not able to smoothly transition between the holds. The climber's technical precision is also lacking as the climber is not able to grip the holds properly and is not able to maintain a good hand position.",Novice,False
b4a81a48-0192-4c5d-af0e-132f16ba9d14,uniandes_bouldering_037_60,Intermediate Expert,"Novice

The climber appears to be in the early stages of learning how to climb and is not yet comfortable with the techniques required for climbing. The climber's body alignment is not yet correct, as they are not using the proper hand and foot placement. Their movement is also not fluent, as they appear to be struggling with the climbing wall. Additionally, their technical precision is lacking, as they are not yet able to perform the necessary climbing techniques with accuracy.",Novice,False,"Novice

The climber is still learning the proper techniques for climbing and has not yet developed the necessary skills to climb efficiently and effectively. The climber's movements are not fluid or precise, and there is room for improvement in terms of body alignment and technical precision.",Novice,False
d33f338c-bebc-44a7-b3bb-17849a0fc068,uniandes_bouldering_037_49,Late Expert,"Novice

The climber appears to be in the early stages of learning how to climb and is not yet comfortable with the movements required for climbing. The climber's body alignment is not yet correct, as they are not using the proper techniques for climbing. Their movement fluency is also lacking, as they appear to be struggling with the movements required for climbing. Technical precision is also lacking, as the climber is not yet able to perform the necessary techniques with accuracy.",Novice,False,"Novice

The climber's body alignment is not consistent throughout the climb. The climber's movement appears to be somewhat stiff and uncoordinated. The climber's technical precision is also lacking as they do not seem to be using the holds in a fluid manner.",Novice,False
3de5b17a-ca60-46f1-a7aa-e987724dc127,uniandes_bouldering_026_99,Novice,"The climber in the video appears to be at an intermediate expert level based on the following observations:

1. **Body Alignment**: The climber maintains good body alignment throughout the sequence. They are able to distribute their weight effectively and maintain proper posture while reaching for holds. This suggests a level of familiarity with the climbing techniques required.

2. **Movement Fluency**: The movements appear fluid and controlled. The climber transitions between different holds smoothly without hesitation or awkwardness. This indicates a certain level of proficiency and practice in climbing.

3. **Technical Precision**: The climber demonstrates technical precision by selecting appropriate handholds and footholds, and using them efficiently. They also show good hand-eye coordination as they reach for higher holds. The use of both hands and feet in a coordinated manner further supports this observation.

Overall, the climber's technique and performance suggest that they have reached an intermediate level of expertise in bouldering. They exhibit a good understanding of the fundamental climbing principles and can apply them consistently during the climb. However, there may still be room for improvement in more advanced techniques and strategies.",Intermediate Expert,False,"Novice

The climber appears to be struggling with the wall and is not able to maintain proper body alignment or movement fluency. The climber's movements seem to lack technical precision as well.",Novice,True
6d163b62-a19f-472d-bf2a-d32dfc1ca36a,uniandes_bouldering_032_29,Intermediate Expert,"Novice

The climber appears to be in the early stages of learning how to climb and is not yet comfortable with the movements required for climbing. The climber's body alignment is not yet correct, as they are not using the proper techniques for climbing. The climber also seems to lack the necessary strength and endurance to perform the movements required for climbing. Additionally, the climber's movement fluency is not yet developed, as they appear to be struggling with the movements required for climbing. The climber's technical precision is also lacking, as they are not yet able to perform the necessary techniques with accuracy. Overall, the climber appears to be a novice and would benefit from more practice and instruction.",Novice,False,"Novice

The climber's body alignment is not consistent throughout the climb. The climber's movement appears to be somewhat stiff and uncoordinated. The climber's technical precision is also lacking as they are not using the holds efficiently.",Novice,False
c02c8e65-c00e-473d-82b9-7526fa471577,uniandes_bouldering_025_46,Novice,"Novice

The climber appears to be struggling with the climb and is not demonstrating any fluidity or technical precision in their movements. The climber's body alignment seems off as they are not using the holds effectively. It is evident that the climber needs more practice and guidance to improve their technique.",Novice,True,"Novice

The climber's body alignment is not consistent throughout the video. The climber's arms and legs are not in proper position for climbing, which suggests that they may be a novice climber. The climber's movement appears to be somewhat fluent, but there is room for improvement. The climber's technical precision is also lacking as the climber does not seem to be using the correct techniques for climbing.",Novice,True
a92a6f64-34a3-41a9-b1f6-6c0950049496,uniandes_bouldering_034_32,Early Expert,"Novice

The climber in the video appears to be a novice based on their body alignment and movement fluency. The climber's body is not aligned with the wall, which can lead to inefficient use of energy and increased risk of injury. Additionally, the climber's movements appear to be somewhat stiff and uncoordinated, indicating a lack of technical precision. While the climber is making progress up the wall, there is room for improvement in terms of body positioning and fluidity of movement.",Novice,False,"Novice

The climber's body alignment is not consistent throughout the climb. The climber's movement appears to be somewhat stiff and uncoordinated. The climber's technical precision is also lacking as they are not using the holds in a fluid manner.",Novice,False
47c1bd4f-331c-469e-b720-91989a8ee5ad,uniandes_bouldering_027_49,Novice,"Novice

The climber appears to be struggling with the wall and is not making much progress. Her body alignment is off, as she is leaning too far forward and her feet are not positioned correctly for climbing. Her movement is not fluent, and it seems like she is having difficulty finding the right handholds and footholds. She also seems to be lacking in technical precision, as she is not using the proper techniques for climbing. Overall, her technique suggests that she is still a novice climber.",Novice,True,"Novice

The climber in the video appears to be a novice based on their body alignment and movement fluency. The climber's movements seem uncoordinated and lack fluidity, indicating that they may not have much experience with rock climbing. Additionally, the climber's body alignment is not optimal, as they appear to be leaning too far forward and not maintaining proper posture. Technical precision is also lacking, as the climber seems to be struggling with finding the right handholds and footholds. Overall, the climber's technique suggests that they are still in the early stages of learning how to climb and would benefit from more practice and instruction.",Novice,True
345c7778-a275-4c6b-8a73-5f01ebf7202b,uniandes_bouldering_030_58,Late Expert,"Novice

The climber appears to be in the early stages of learning how to climb and is not yet comfortable with the techniques required for climbing. The climber's body alignment is not yet correct, as they are not using the proper hand and foot placement. Their movement is also not fluent, as they appear to be struggling with the climbing wall. Additionally, their technical precision is lacking, as they are not yet able to perform the necessary movements with accuracy.",Novice,False,"Novice

The climber's body alignment is not ideal as the climber's feet are not aligned with the wall and the climber's knees are bent. The climber's movement is not fluent as the climber's movements appear to be slow and deliberate. The climber's technical precision is also lacking as the climber is not using the holds effectively and appears to be struggling to maintain balance.",Novice,False
2915318c-1440-4a50-aced-d39ddc433ffd,uniandes_bouldering_030_26,Late Expert,"Novice

The climber is not yet comfortable with the climbing wall and is still learning how to use it. The climber is not yet able to climb up the wall without falling down. The climber is not yet able to climb up the wall without falling down. The climber is not yet able to climb up the wall without falling down. The climber is not yet able to climb up the wall without falling down. The climber is not yet able to climb up the wall without falling down. The climber is not yet able to climb up the wall without falling down. The climber is not yet able to climb up the wall without falling down. The climber is not yet able to climb up the wall without falling down. The climber is not yet able to climb up the wall without falling down. The climber is not yet able to climb up the wall without falling down. The climber is not yet able to climb up the wall without falling down. The climber is not yet able to climb up the wall without falling down. The climber is not yet able to climb up the wall without falling down. The climber is not yet able to climb up the wall without falling down. The climber is not yet able to climb up the wall without falling down. The climber is not yet able to climb up the wall without falling down. The climber is not yet able to climb up the wall without falling down. The climber is not",Novice,False,"Novice

The climber's body alignment appears to be off as they are not using the proper climbing techniques. Their movement is not fluent and they seem to be struggling with the wall. The climber also seems to lack technical precision as they are not using the holds correctly.",Novice,False
d8d2b81e-19a4-453e-aea9-6dccee022f4e,uniandes_bouldering_031_47,Late Expert,"Novice

The climber appears to be struggling with the route and is not making much progress. The body alignment is poor as the climber is leaning too far forward and not using the holds effectively. The movement is not fluent and the climber seems to be unsure of what to do next. Technical precision is also lacking as the climber is not using the holds correctly and is not maintaining a good grip. Overall, the climber's technique is very basic and they seem to be at a beginner level.",Novice,False,"Novice

The climber's body alignment is not consistent throughout the climb. The climber's movement appears to be somewhat uncoordinated and lacks fluidity. The climber's technical precision is also lacking as they do not seem to be using the holds in a way that would be considered efficient or effective for climbing.",Novice,False
7b7365da-5cef-4fbc-8c9b-ab2987fddf0f,uniandes_bouldering_025_16,Novice,"Novice

The climber appears to be in the early stages of learning how to climb and is not yet comfortable with the techniques required for climbing. The climber's body alignment is not correct, as they are not using the proper hand and foot placement on the holds. Their movement is also not fluent, as they appear to be struggling to maintain balance and control while climbing. Additionally, there is no evidence of technical precision, as the climber is not yet able to execute the necessary techniques with accuracy.",Novice,True,"Novice

The climber's body alignment is not consistent throughout the climb. The climber's feet are not aligned with the rock holds and the climber's body is not in a straight line. The climber's movement is not fluent as the climber is not able to smoothly transition between the rock holds. The climber's technical precision is also lacking as the climber is not able to maintain a good grip on the rock holds.",Novice,True
ee479d4d-88b5-4b24-8acf-8d9a6886862d,uniandes_bouldering_023_25,Early Expert,"Novice

The climber is still learning the proper techniques for climbing and is not yet able to perform the activity with much fluency or precision. The climber is not yet able to maintain good body alignment while climbing and is not yet able to use the proper hand and foot placement.",Novice,False,"Novice

The climber appears to be struggling with the wall and is not able to maintain proper body alignment or movement fluency. The climber's movements seem to lack precision and control, indicating that they may still be in the early stages of learning the sport.",Novice,False
c0420e58-33dc-4894-b0f0-547bb677a5e7,uniandes_bouldering_029_29,Early Expert,"The climber in the video appears to be at an intermediate expert level based on the following observations:

* **Body Alignment:** The climber maintains good body alignment throughout the sequence. They are able to position their body effectively against the wall, using their core strength and balance to maintain stability while reaching for holds. This suggests that they have developed a strong understanding of proper climbing techniques.

* **Movement Fluency:** The climber demonstrates fluid and controlled movements as they transition between different holds. Their actions appear deliberate and purposeful, indicating a high level of familiarity with the climbing route and the skills required to navigate it. This level of fluency is typically seen in climbers who have practiced extensively and have developed a good sense of rhythm and timing.

* **Technical Precision:** The climber exhibits precise hand placement and foot positioning, which are essential for maintaining control and preventing falls. They also demonstrate good use of their fingers and toes to grip the holds, which is indicative of a high level of technical proficiency. Additionally, the climber's ability to read the route and make quick decisions about the next move shows a good understanding of the technical aspects of climbing.

Overall, the climber's body alignment, movement fluency, and technical precision suggest that they are at an intermediate expert level. However, it is important to note that this assessment is based on a limited number of frames, and further observation would be needed to confirm the climber's skill level more accurately.",Intermediate Expert,False,"Novice

The climber's body alignment is not consistent throughout the climb. The climber's movement appears to be somewhat uncoordinated and lacks fluidity. The climber's technical precision is also lacking as they seem to be struggling with finding the right handholds and footholds.",Novice,False
4f3ad258-3d8e-430e-88be-d3f6d1db4e90,uniandes_bouldering_033_33,Intermediate Expert,"Novice

The climber in the video appears to be a novice as they are still learning how to climb and are not yet able to perform the activity with much fluency or technical precision. The climber is still trying to find their way up the wall and is not yet able to move smoothly and efficiently.",Novice,False,"Novice

The climber's movements appear to be uncoordinated and lack fluidity. The body alignment seems off as the climber struggles to find the right handholds and footholds. Technical precision is also lacking, as the climber frequently misses handholds or steps on them instead of placing them correctly. Overall, the climber's technique suggests they are still in the early stages of learning rock climbing.",Novice,False
5b1e93f4-c064-479e-a969-8865bcfa24e5,uniandes_bouldering_022_77,Early Expert,"Novice

The climber is still learning the proper techniques for climbing and is not yet able to perform the activity with much fluency or precision. The climber is still using her hands to climb up the wall instead of her feet, which is a common mistake for beginners. Additionally, she is not yet able to maintain good body alignment while climbing, as she is leaning too far forward and not keeping her body straight.",Novice,False,"Novice

The climber's body alignment is not ideal as the climber's feet are not placed properly and the climber's body is not aligned with the wall. The climber's movement is not fluent as the climber's movements appear to be slow and deliberate. The climber's technical precision is also lacking as the climber's hand placement is not precise and the climber's foot placement is not secure.",Novice,False
9289524b-3d24-43ec-8212-6ea1f78198ca,uniandes_bouldering_037_43,Intermediate Expert,"Novice

The climber appears to be in the early stages of learning how to climb and is not yet comfortable with the movements required for climbing. The climber's body alignment is not yet correct, as they are not using the proper techniques for climbing. The climber's movement fluency is also lacking, as they appear to be struggling with the movements required for climbing. The climber's technical precision is also lacking, as they are not yet able to perform the necessary techniques with accuracy.",Novice,False,"Novice

The climber's body alignment is not consistent throughout the climb. The climber's feet are not aligned with the rock holds and the climber's body is not in a straight line. The climber's movement is not fluent as the climber is not able to smoothly transition between the rock holds. The climber's technical precision is also lacking as the climber is not able to grip the rock holds properly and is not able to maintain a good hand position.",Novice,False
b88e4819-69e0-4cb5-9daa-ea8947bc8859,uniandes_bouldering_026_100,Novice,"The climber in the video appears to be at an intermediate expert level based on the following observations:

1. **Body Alignment**: The climber maintains good body alignment throughout the sequence. They are using their core strength effectively and keeping their body close to the wall, which is essential for efficient climbing. This indicates a high level of technical proficiency.

2. **Movement Fluency**: The movements appear fluid and controlled. There is no hesitation or awkwardness in transitioning between holds, suggesting that the climber has a good understanding of the route and can execute it smoothly. This fluency is characteristic of someone who has practiced extensively and has a solid grasp of climbing techniques.

3. **Technical Precision**: The climber demonstrates precise hand placement and foot positioning, indicating a strong foundation in technical skills. They are able to maintain balance and control while moving up the wall, which is a hallmark of intermediate expertise.

Overall, the climber's consistent form, smooth transitions, and technical accuracy suggest they have reached an intermediate expert level in bouldering. However, without seeing more advanced routes or climbs, it's difficult to determine if they are approaching late expert territory.",Late Expert,False,"Novice

The climber appears to be struggling with the route and is not able to maintain proper body alignment or movement fluency. The climber's hand placement and foot placement seem inconsistent, and there is no indication of technical precision in the movements.",Novice,True
b625c8f6-9346-42a5-97be-5db4a1c764c5,uniandes_bouldering_037_19,Late Expert,"The climber in the video appears to be at an intermediate expert level based on the following observations:

* **Body Alignment:** The climber demonstrates good body alignment throughout the climb. Her core is engaged, and her movements are controlled, indicating a high level of technical proficiency. She maintains a strong connection with the wall, which suggests she has a solid understanding of proper climbing techniques.

* **Movement Fluency:** The climber's movements are fluid and efficient. She transitions between holds smoothly, showing a good sense of rhythm and timing. This indicates that she has practiced these routes before and has developed a natural flow in her climbing style.

* **Technical Precision:** The climber exhibits precise hand and foot placement, which is crucial for maintaining balance and stability while climbing. Her use of the wall's features, such as edges and slopers, is well-executed, demonstrating a good understanding of the route's difficulty and the best way to approach it.

Overall, the climber's technique is well-developed, and she appears to have a good grasp of the fundamentals of climbing. However, there may still be room for improvement in certain areas, such as increasing her speed or developing more advanced climbing skills. Nonetheless, her performance in this video suggests that she is an intermediate expert climber.",Intermediate Expert,False,"Novice

The climber's body alignment is not consistent throughout the climb. The climber's feet are not aligned with the rock holds and the climber's body is not in a straight line. The climber's movement is not fluent as the climber's movements are not smooth and there are some pauses between the movements. The climber's technical precision is also not good as the climber is not using the correct technique to grip the rock holds.",Novice,False
1c4f1db1-70bb-47e6-8d1f-00e924aa0a98,uniandes_bouldering_033_38,Intermediate Expert,"Novice

The climber in the video appears to be a novice based on their body alignment and movement fluency. The climber's body is not aligned with the wall, which can lead to inefficient use of energy and increased risk of injury. Additionally, the climber's movements appear to be somewhat stiff and uncoordinated, indicating a lack of technical precision. While the climber has managed to reach the top of the wall, their overall performance suggests that they may benefit from further practice and instruction.",Novice,False,"Novice

The climber's body alignment is not consistent throughout the climb. The climber's feet are not aligned with the holds and the climber's body is not in a straight line. The climber's movement is not fluent as the climber is not able to smoothly transition between the holds. The climber's technical precision is also lacking as the climber is not able to maintain a good grip on the holds and is not able to use the holds efficiently.",Novice,False
0efe83c1-673a-4224-b96d-0b57a67f92fb,uniandes_bouldering_027_23,Novice,"Novice

The climber appears to be struggling with the wall and is not making much progress. Her body alignment is off, as she is leaning too far forward and her arms are not positioned correctly for climbing. Her movement is not fluent, and it seems like she is having difficulty finding the right handholds and footholds. She also seems to be lacking in technical precision, as she is not using proper climbing techniques. Overall, her technique suggests that she is still a novice climber.",Novice,True,"Novice

The climber in the video appears to be a novice based on their body alignment and movement fluency. The climber's movements seem uncoordinated and lack fluidity, indicating that they may not have much experience with climbing. Additionally, the climber's body alignment does not appear to be optimal for climbing, as they do not seem to be using proper techniques or form. Overall, the climber's technique seems to be lacking, which suggests that they are still in the early stages of learning how to climb.",Novice,True
907f0593-2ed6-4b8b-af92-8d0dd3117324,uniandes_bouldering_029_53,Early Expert,"Novice

The climber appears to be struggling with the wall and is not making much progress. Her body alignment is off, as she is leaning too far forward and her feet are not properly positioned. Her movement is not fluent, and it seems like she is having difficulty finding the right handholds and footholds. She also seems to be lacking in technical precision, as she is not using the proper climbing techniques. Overall, her performance suggests that she is still a novice climber.",Novice,False,"Novice

The climber's body alignment and movement fluency appear to be lacking. The climber's movements seem uncoordinated and awkward, with the climber's body not aligned properly with the climbing wall. The climber's technical precision also seems to be lacking as the climber struggles to find the right handholds and footholds. Overall, the climber appears to be a novice in rock climbing.",Novice,False
adeccd42-1afa-4802-be20-e56d5467dd04,uniandes_bouldering_024_30,Novice,"Novice

The climber's body alignment is not ideal as the climber is leaning too far to the side and not maintaining a straight line with the wall. The movement fluency is also lacking as the climber is not moving smoothly and appears to be struggling with the climb. The technical precision is also poor as the climber is not using the holds effectively and is not maintaining proper hand and foot placement. Overall, the climber's technique is very basic and lacks the necessary skills for a more advanced level of climbing.",Novice,True,"Novice

The climber's body alignment is not consistent throughout the video. The climber's arms and legs are not in proper alignment with each other, which can lead to inefficient use of energy and increased risk of injury. The climber's movement appears to be somewhat fluent, but there is room for improvement in terms of technical precision. The climber's technique seems to lack some of the finer details that would be expected from someone who has more experience with climbing. Overall, the climber's skill level appears to be novice.",Novice,True
45fd3610-226e-4263-9e26-7a2d3a90c379,uniandes_bouldering_030_27,Late Expert,"Novice

The climber is not yet comfortable with the climbing wall and is still learning how to use it. The climber is not yet able to climb up the wall without assistance or guidance. The climber is still learning how to use the wall and is not yet able to perform any advanced climbing techniques.",Novice,False,"Novice

The person in the video appears to be a novice climber based on their body alignment and movement fluency. Their movements seem uncoordinated and lack fluidity, indicating that they may not have much experience with rock climbing. Additionally, their technical precision seems to be lacking as well, which is another indicator of a novice level.",Novice,False
cd39f425-f534-4902-8598-f0724ffcaa48,uniandes_bouldering_028_43,Novice,"The climber in the video appears to be a novice or early expert. The movements seem uncoordinated and lack fluidity, indicating that they may not have much experience with climbing. The climber's body alignment is also not ideal, as they are not using the proper techniques for climbing the wall. While the climber does show some technical precision by reaching for the holds, their overall performance suggests that they are still developing their skills.",Early Expert,False,"Novice

The climber's body alignment is not consistent throughout the climb. The climber's feet are not aligned with the holds and the climber's body is not in a straight line. The climber's movement is not fluent as the climber is not able to smoothly transition between the holds. The climber's technical precision is also lacking as the climber is not able to grip the holds properly and is not able to maintain a good hand position.",Novice,True
04cd2bc7-f306-4bc5-b2ea-8d51a0e587a8,uniandes_bouldering_029_71,Early Expert,"The climber in the video appears to be at an intermediate expert level based on the following observations:

* **Body Alignment:** The climber maintains good body alignment throughout the climb, with their body positioned close to the wall and their weight distributed evenly across their feet. This suggests that they have a solid understanding of proper climbing techniques and are able to maintain a stable position while ascending.

* **Movement Fluency:** The climber's movements appear fluid and controlled, indicating a high level of comfort and familiarity with the climbing route. They are able to transition between holds smoothly and efficiently, suggesting that they have developed a strong sense of rhythm and timing.

* **Technical Precision:** The climber demonstrates a high level of technical precision, as evidenced by their ability to select and place their feet and hands accurately on the holds. They also show good hand-eye coordination, which allows them to quickly identify and reach for the next hold without hesitation.

Overall, the climber's technique and performance suggest that they have a solid foundation in climbing skills and are likely at an intermediate expert level. However, it's important to note that this assessment is based on a single video clip, and further observation over time would be needed to confirm their skill level more definitively.",Intermediate Expert,False,"Novice

The climber's movements appear to be uncoordinated and lack fluidity. The climber's body alignment seems off as well, with the climber not maintaining proper posture while climbing. The climber also seems to be struggling with technical precision, as they are not using the holds effectively or efficiently.",Novice,False
5e85fac6-afe5-45e8-858d-18cff6e05e74,uniandes_bouldering_034_20,Early Expert,"Novice

The climber appears to be in the early stages of learning how to climb and is not yet comfortable with the techniques required for climbing. The climber's body alignment is not yet correct, as they are not using the proper hand and foot placement. Their movement is also not fluent, as they appear to be struggling with the climbing wall. Additionally, their technical precision is lacking, as they are not yet able to perform the necessary movements with accuracy.",Novice,False,"Novice

The climber's body alignment is not consistent throughout the video. The climber's feet are not aligned with the rock wall, and the climber's body is not in a straight line. The climber's movement is not fluent; the climber's movements appear to be slow and deliberate. The climber's technical precision is also lacking as the climber does not seem to be using proper climbing techniques.",Novice,False
33613bf1-9141-4785-900d-ec459dfb8d80,uniandes_bouldering_027_85,Novice,"Novice

The climber in the video appears to be a novice based on several factors:

1. Body Alignment: The climber's body alignment seems off as they are not using the proper climbing techniques. They are not using their core muscles effectively and are not maintaining a straight line with their body.

2. Movement Fluency: The climber's movements appear to be slow and uncoordinated. They seem to be struggling to find the right handholds and footholds, which indicates that they lack the necessary skills and experience to perform the climb smoothly.

3. Technical Precision: The climber's technique is not precise, and they are not using the correct climbing techniques. They are not using their fingers and hands effectively, and their feet placement is not optimal.

Overall, the climber's technique and performance suggest that they are still at a novice level and would benefit from more practice and instruction.",Novice,True,"Novice

The climber's body alignment is not consistent throughout the video. The climber's feet are not aligned with the rock holds and the climber's body is not in a straight line. The climber's movement is not fluent as the climber's movements are not smooth and there are some pauses between the movements. The climber's technical precision is also not good as the climber is not using the correct technique to climb the wall.",Novice,True
d02f8c02-4a46-4284-a9c6-1d1c169be7c1,uniandes_bouldering_023_48,Novice,"Novice

The climber is not yet comfortable with the climbing wall and is still learning how to use it. The climber is not yet able to perform the activity with much fluency or technical precision.",Novice,True,"Novice

The climber's body alignment is not ideal as the climber's feet are not aligned with the rock and the climber's body is not in a straight line. The climber's movement is not fluent as the climber's movements appear to be slow and deliberate. The climber's technical precision is also lacking as the climber is not using the correct techniques for climbing the wall.",Novice,True
7f1b552d-4ccf-43aa-baca-9b1de566b232,uniandes_bouldering_031_15,Late Expert,"Novice

The climber appears to be in the early stages of learning how to climb and is not yet comfortable with the movements required for climbing. The climber's body alignment is not yet correct, as they are not using the proper techniques for climbing. Their movement fluency is also lacking, as they appear to be struggling with the movements required for climbing. Finally, their technical precision is not yet developed, as they are not yet able to perform the necessary techniques with accuracy.",Novice,False,"Novice

The climber appears to be a novice as they are still learning the proper techniques for climbing. They are not yet able to maintain good body alignment and their movements are not fluent or precise. The climber is also not yet able to use the holds effectively and is still relying on their arms to do most of the work.",Novice,False
3d17151b-769c-4cbd-adfa-d07cc5148f66,uniandes_bouldering_024_21,Novice,"The climber in the video appears to be at an intermediate expert level based on the following observations:

* **Body Alignment:** The climber maintains good body alignment throughout the sequence, with their core engaged and their weight distributed evenly across their feet. This suggests that they have a solid understanding of proper climbing mechanics.

* **Movement Fluency:** The climber's movements appear fluid and controlled, indicating a high level of comfort and familiarity with the climbing wall. They transition between holds smoothly without hesitation or awkwardness.

* **Technical Precision:** The climber demonstrates precise hand placement and footwork, selecting appropriate holds for each move. Their technique shows a good grasp of the principles of climbing, such as using the correct handholds and footholds to maintain balance and momentum.

Overall, the climber's technique and performance suggest that they have developed a strong foundation in climbing skills and are likely comfortable tackling more challenging routes. However, there may still be room for improvement in certain areas, such as increasing their speed or developing more advanced techniques.",Intermediate Expert,False,"Novice

The climber's movements appear to be uncoordinated and lack fluidity. The climber's body alignment seems off as well, with the climber not maintaining proper posture while climbing. The climber also seems to be struggling with the technical aspects of the climb, as they are not using the holds in a precise manner. Overall, the climber appears to be at a novice level.",Novice,True
b92ec0ad-020b-4fed-87bf-002eaaa9a8ec,uniandes_bouldering_022_26,Late Expert,"Novice

The climber in the video appears to be a novice as they are still learning the proper techniques for climbing. They are not yet able to maintain good body alignment and their movements are not very fluent or precise. The climber is also not yet able to use the technical skills required for climbing, such as proper hand placement and foot placement.",Novice,False,"Novice

The climber's body alignment is not ideal as the climber's feet are not placed properly and the climber's body is not aligned with the wall. The climber's movement is not fluent as the climber's movements appear to be slow and deliberate. The climber's technical precision is also lacking as the climber's hand placement and foot placement are not precise.",Novice,False
a3fb3725-41e3-4410-9faa-3821822aa3a4,uniandes_bouldering_035_99,Early Expert,"Novice

The climber appears to be in the early stages of learning how to climb and is not yet comfortable with the movements required for climbing. The climber's body alignment is not yet correct, as they are not using the proper techniques for climbing. The climber's movement fluency is also lacking, as they appear to be struggling with the movements required for climbing. The climber's technical precision is also lacking, as they are not yet able to perform the necessary techniques with accuracy.",Novice,False,"Novice

The climber is still learning the proper techniques for climbing and has not yet developed the necessary skills to climb efficiently and effectively. The climber's movements are not fluid or precise, and there is room for improvement in terms of body alignment and technical precision.",Novice,False
94388550-e47f-4331-b715-6edbd5804cfa,uniandes_bouldering_026_60,Early Expert,"Novice

The climber in the video appears to be a novice based on her body alignment and movement fluency. Her body is not aligned with the wall, and she seems to be struggling with the technical aspects of climbing. Her movements are not fluid or smooth, and she appears to be making mistakes that would be corrected by someone with more experience. The climber also seems to be lacking in technical precision, as she is not using the holds correctly and is not maintaining proper form. Overall, her technique suggests that she is still in the early stages of learning how to climb and would benefit from more practice and instruction.",Novice,False,"Novice

The climber appears to be struggling with the wall and is not able to maintain proper body alignment or movement fluency. The climber's hands are not positioned correctly on the holds, and there is no indication of technical precision in their movements.",Novice,False
824fc1aa-353c-4a0e-9657-a7eca24abe76,uniandes_bouldering_027_81,Novice,"The climber in the video appears to be at an intermediate expert level based on the following observations:

* **Body Alignment:** The climber maintains good body alignment throughout the sequence. They are able to distribute their weight effectively and maintain proper posture while climbing. This suggests that they have a solid understanding of the principles of body mechanics in rock climbing.

* **Movement Fluency:** The climber demonstrates fluid and controlled movements as they ascend the wall. There are no abrupt or jerky motions, indicating a high level of comfort and familiarity with the climbing techniques being used. This suggests that they have developed a good sense of rhythm and timing in their climbing.

* **Technical Precision:** The climber exhibits precise hand and foot placement, which is essential for maintaining balance and preventing falls. They also appear to be using appropriate techniques for specific holds, such as undercling and crimping. This indicates a strong grasp of the technical aspects of rock climbing.

Overall, the climber's technique and performance suggest that they have reached an intermediate expert level in rock climbing. However, it is important to note that this assessment is based on a limited number of frames and may not provide a complete picture of the climber's overall skill level.",Intermediate Expert,False,"Novice

The climber appears to be struggling with the wall and is not able to maintain proper body alignment or movement fluency. The climber's movements seem to lack technical precision as well.",Novice,True
ab2d04c4-9952-4554-8047-f624b7703523,uniandes_bouldering_036_60,Intermediate Expert,"Novice

The climber appears to be in the early stages of learning how to climb and is not yet comfortable with the techniques required for climbing. The climber's body alignment is not yet correct, as they are not using the proper hand and foot placement. Their movement is also not fluent, as they appear to be struggling with the climbing wall. Additionally, there is no indication that the climber has any technical precision, as they are not yet able to perform the necessary climbing techniques.",Novice,False,"Novice

The climber's body alignment is not consistent throughout the climb. The climber's movement appears to be somewhat uncoordinated and lacks fluidity. The climber's technical precision is also lacking as they do not seem to be using the holds in a precise manner.",Novice,False
0dd25528-6c32-4fbf-9486-b3cf2da57044,uniandes_bouldering_026_38,Novice,"The climber in the video appears to be at an intermediate expert level based on the following observations:

* **Body Alignment:** The climber maintains good body alignment throughout the climb, with proper posture and weight distribution. This suggests that they have a solid understanding of the mechanics involved in climbing and can effectively transfer their weight between different handholds and footholds.

* **Movement Fluency:** The climber's movements appear fluid and controlled, indicating a high level of comfort and familiarity with the climbing route. They are able to transition smoothly between different holds without hesitation or awkwardness, which is characteristic of climbers who have practiced extensively and developed a strong sense of rhythm.

* **Technical Precision:** The climber demonstrates technical precision by using appropriate handholds and footholds, as well as maintaining a steady grip and foot placement. They also show good use of body mechanics, such as shifting their weight efficiently and using their core strength to maintain balance and control.

Overall, the climber's technique and performance suggest that they have a good foundation in climbing skills and are likely at an intermediate expert level. However, it's important to note that this assessment is based on a single video clip, and further observation over time would provide a more comprehensive evaluation of the climber's skill level.",Intermediate Expert,False,"Novice

The climber appears to be struggling with the wall and is not able to maintain proper body alignment or movement fluency. The climber's movements seem uncoordinated and they are not able to use the holds effectively. Technical precision is also lacking as the climber is not able to maintain a good grip on the holds and is not able to move up the wall in a smooth manner.",Novice,True
b38b83eb-2672-431d-9b5d-4ec1c80730c9,uniandes_bouldering_033_34,Intermediate Expert,"Novice

The climber is not yet comfortable with the climbing wall and is still learning how to use it. The climber is not yet able to maintain proper body alignment or movement fluency. The climber is also not yet able to perform any technical precision.",Novice,False,"Novice

The climber's movements appear to be uncoordinated and lack fluidity. The hand placement seems inconsistent, and the climber does not seem to have a clear strategy for climbing the wall. The climber's body alignment also appears to be off, as they are not using their core effectively to maintain balance and stability. Overall, the climber's technique suggests that they are still in the early stages of learning how to climb and would benefit from more practice and instruction.",Novice,False
d1a92201-cbcc-40a6-867a-fab878e1fb46,uniandes_bouldering_025_35,Novice,"Novice

The climber's body alignment is not ideal as her knees are bent and her feet are not positioned correctly for climbing. Her movement appears to be stiff and ungraceful, indicating that she is still learning the proper techniques. The climber also seems to lack technical precision in her movements, which suggests that she is still developing her skills. Overall, the climber's technique is not yet refined, and she would benefit from more practice and instruction.",Novice,True,"Novice

The climber's body alignment is not ideal as the climber's feet are not aligned with the wall and the climber's knees are bent. The climber's movement is not fluent as the climber's movements appear to be slow and deliberate. The climber's technical precision is also lacking as the climber's hand placement is not precise and the climber's foot placement is not secure.",Novice,True
ef362c0f-063b-4aeb-af18-d15f0c0a949d,uniandes_bouldering_029_8,Early Expert,"Novice

The climber appears to be in the early stages of learning how to climb and is not yet comfortable with the techniques required for climbing. The climber's body alignment is not yet correct, as they are not using the proper hand placement and foot positioning. Their movement is also not fluent, as they appear to be struggling with the climbing wall. Additionally, there is no indication that the climber has any technical precision, as they are not yet able to perform the necessary climbing techniques correctly.",Novice,False,"Novice

The climber's body alignment appears to be off as they are not using the proper climbing techniques. Their movement is not fluent and they seem to be struggling with the wall. The climber also seems to lack technical precision as they are not using the holds correctly.",Novice,False
f772c3be-e068-4bd1-8708-df269694eee0,uniandes_bouldering_023_10,Intermediate Expert,"Novice

The climber is still learning the proper techniques for climbing and is not yet able to perform the activity with much fluency or precision. The climber is still using her hands to climb up the wall instead of her feet, which is a common mistake for beginners. Additionally, she is not yet able to maintain good body alignment while climbing, as evidenced by her lack of balance and control.",Novice,False,"Novice

The climber's body alignment is not consistent throughout the video. The climber's feet are not aligned with the wall and the climber's body is not straight. The climber's movement is not fluent as the climber's movements are not smooth and the climber's hands are not in the correct position to maintain balance. The climber's technical precision is also lacking as the climber's hand placement is not precise and the climber's foot placement is not accurate.",Novice,False
4ece176d-5316-43b5-84d5-e19876813495,uniandes_bouldering_026_90,Early Expert,"The climber in the video appears to be at an intermediate expert level based on her body alignment, movement fluency, and technical precision.

Body Alignment:
The climber maintains good body alignment throughout the sequence. She keeps her core engaged, which helps with stability and power. Her hips are slightly bent, allowing for better weight distribution and control. Her knees are slightly bent as well, which helps with balance and prevents strain on her joints. Overall, her body alignment suggests that she has a good understanding of proper climbing techniques.

Movement Fluency:
The climber demonstrates fluid and controlled movements. She transitions smoothly between different holds and uses her arms and legs effectively to maintain momentum. Her movements appear natural and efficient, indicating that she has practiced these techniques before. The lack of hesitation or awkwardness in her movements suggests that she has a good grasp of the climbing fundamentals.

Technical Precision:
The climber shows impressive technical precision in her climbing. She selects appropriate holds and uses them efficiently to progress up the wall. Her hand placement and foot placement are precise, and she adjusts her body position accordingly. Additionally, she demonstrates good hand-eye coordination, which allows her to find and reach for the next hold accurately. These technical skills indicate that she has a solid foundation in climbing techniques and has likely spent considerable time practicing.

Overall, the climber's body alignment, movement fluency, and technical precision suggest that she is an intermediate expert climber. While there may still be room for improvement, her performance in the",Intermediate Expert,False,"Novice

The climber's body alignment and movement fluency are not yet refined. The climber's hand placement and foot positioning appear to be inconsistent, and the climber seems to be struggling with the route. The climber's technique also appears to be lacking in terms of precision, as the climber is not able to maintain a consistent grip or balance while climbing.",Novice,False
43b17f97-4326-437f-b6f7-509fd782a69d,uniandes_bouldering_037_4,Late Expert,"Novice

The climber appears to be a novice based on the following observations:

1. Body Alignment: The climber's body alignment seems off as they are not using the proper climbing techniques. They appear to be leaning too much and not using their core muscles effectively.

2. Movement Fluency: The climber's movements seem uncoordinated and lack fluidity. They do not seem to have a good sense of rhythm or timing in their movements.

3. Technical Precision: The climber does not seem to have a good understanding of the technical aspects of climbing. They are not using the correct handholds and footholds, and their foot placement appears to be incorrect.

Overall, the climber's technique suggests that they are still in the early stages of learning how to climb and would benefit from more practice and instruction.",Novice,False,"Novice

The climber's body alignment is not consistent throughout the climb. The climber's movement appears to be somewhat uncoordinated and lacks fluidity. The climber's technical precision is also lacking as they seem to be struggling with the route.",Novice,False
78cf87e1-aa76-44be-998b-cec8e2b21cf6,uniandes_bouldering_028_57,Early Expert,"The climber in the video appears to be at an intermediate expert level based on the following observations:

* **Body Alignment:** The climber maintains good body alignment throughout the sequence. Her core is engaged, and her movements are controlled, indicating a solid understanding of proper climbing techniques. She is able to maintain a stable base with her feet and use her body weight effectively.

* **Movement Fluency:** The climber demonstrates fluid and efficient movements as she ascends the wall. Her transitions between holds are smooth, and she appears to have a good sense of rhythm and timing. This suggests that she has practiced and refined her climbing skills over time.

* **Technical Precision:** The climber exhibits technical precision in her climbing style. She selects appropriate handholds and footholds, and her movements are deliberate and purposeful. She also shows good hand-eye coordination, which is essential for successful climbing.

Overall, the climber's technique and performance suggest that she has reached an intermediate expert level in climbing. However, it is important to note that climbing is a highly specialized sport, and even experts continue to improve and refine their skills through practice and experience.",Intermediate Expert,False,"Novice

The climber's body alignment is not consistent throughout the climb. The climber's feet are not aligned with the holds and the climber's body is not in a straight line. The climber's movement is not fluent as the climber is not able to smoothly transition between the holds. The climber's technical precision is also lacking as the climber is not able to maintain a good grip on the holds and is not able to use the holds effectively.",Novice,False
d49fcb33-6321-42fd-8fa6-9fdcbb66b72d,uniandes_bouldering_036_73,Late Expert,"Novice

The climber appears to be a novice as they are still learning the proper techniques for climbing. They are not yet able to maintain good body alignment and their movements are not fluent or precise. The climber is also not yet able to use the wall effectively and is still learning how to use the holds properly.",Novice,False,"Novice

The climber appears to be a novice as they are still learning the proper techniques for climbing. They are not yet able to maintain good body alignment and their movements are not fluent or precise.",Novice,False
a7ae2764-3cb5-45a3-a462-d5f3dd0de04b,uniandes_bouldering_034_6,Intermediate Expert,"The climber in the video appears to be at an intermediate expert level based on the following observations:

* **Body Alignment:** The climber demonstrates good body alignment throughout the sequence. They maintain a strong core and use their legs effectively for support while reaching for holds with their arms. Their feet are positioned correctly on the wall, and they adjust their weight distribution as needed.

* **Movement Fluency:** The climber's movements appear fluid and controlled. There are no abrupt or jerky motions, indicating a high level of coordination and practice. The transitions between different climbing techniques (e.g., reaching, pulling, and stepping) are smooth and efficient.

* **Technical Precision:** The climber exhibits excellent technical precision in their climbing style. They select appropriate handholds and footholds, and their grip strength and foot placement are well-timed. The climber also demonstrates good route-finding skills, choosing the most efficient path up the wall.

Overall, the climber's technique is consistent with that of an intermediate expert climber. They have developed a solid foundation in climbing fundamentals and are able to execute complex routes with confidence and skill. However, there may still be room for improvement in certain areas, such as increasing their speed or developing more advanced climbing techniques.",Intermediate Expert,True,"Novice

The climber's body alignment and movement fluency appear to be lacking. The climber's feet are not positioned correctly for balance and the climber's movements seem to lack fluidity. The climber also seems to be struggling with technical precision as they are not using the holds in a way that would allow them to climb efficiently.",Novice,False
7c3e3737-8c9f-4a11-ae69-00cac01de46e,uniandes_bouldering_026_11,Early Expert,"The climber in the video appears to be at an intermediate expert level based on the following observations:

1. **Body Alignment**: The climber demonstrates good body alignment throughout the sequence. They maintain a straight line from head to toe when reaching for holds, which is crucial for efficient and safe climbing. This indicates a strong understanding of proper form.

2. **Movement Fluency**: The climber's movements appear fluid and controlled. There are no abrupt or jerky motions, suggesting that they have developed a good sense of rhythm and timing. This fluency is indicative of someone who has practiced extensively and can execute techniques with ease.

3. **Technical Precision**: The climber shows a high degree of technical precision. They are able to select and reach for specific holds with accuracy, indicating a solid grasp of the climbing techniques required for the route. The use of different handholds and footholds suggests familiarity with various climbing styles and routes.

Overall, the climber's consistent body alignment, fluent movements, and precise technique point towards an intermediate expert level of skill. However, it's important to note that this assessment is based on a limited number of frames, and further observation over a longer period would provide a more comprehensive evaluation.",Intermediate Expert,False,"Novice

The climber appears to be struggling with the wall and is not able to maintain proper body alignment or movement fluency. The climber's hands are not positioned correctly on the holds, and there is no indication of technical precision in their movements.",Novice,False
0ff1330e-62fb-4ec4-a55a-54773485c2e5,uniandes_bouldering_029_73,Early Expert,"The climber in the video appears to be at an intermediate expert level based on the following observations:

* **Body Alignment:** The climber maintains good body alignment throughout the sequence. They are able to distribute their weight evenly across their feet and hands, which is essential for maintaining balance and control while climbing. Their core is engaged, and they appear to be using proper posture, which helps with stability and efficiency.

* **Movement Fluency:** The climber demonstrates fluid and controlled movements as they ascend the wall. There are no abrupt or jerky motions, indicating that they have developed a good sense of rhythm and timing. This suggests that they have practiced and refined their climbing technique over time.

* **Technical Precision:** The climber exhibits a high degree of technical precision in their climbing style. They are able to select appropriate handholds and footholds, and they make efficient use of their body mechanics to navigate the wall. For example, they are able to transition smoothly between different types of holds (e.g., slopers, crimps, and jugs) without losing momentum. Additionally, they appear to be using proper climbing techniques such as the ""crimp"" grip and the ""undercling"" grip, which are essential for certain types of climbs.

Overall, the climber's technique and performance suggest that they have a solid foundation in climbing and are likely at an intermediate expert level. However, it's important to note that this assessment is based on a limited number of frames, so a more",Intermediate Expert,False,"Novice

The climber's body alignment is not consistent throughout the climb. The climber's movement appears to be somewhat uncoordinated and lacks fluidity. The climber's technical precision is also lacking as they do not seem to be using the holds effectively or efficiently.",Novice,False
2236b1b4-7cc5-4a10-a04e-940e0d83bfd4,uniandes_bouldering_022_38,Early Expert,"Novice

The climber is not yet comfortable with the climbing wall and is still learning how to use it. The climber is not yet able to climb up the wall without assistance or guidance. The climber is not yet able to perform any advanced climbing techniques. The climber is not yet able to climb up the wall without assistance or guidance. The climber is not yet able to perform any advanced climbing techniques.",Novice,False,"Novice

The person in the video appears to be a novice climber based on their body alignment and movement fluency. Their movements seem uncoordinated and awkward, with a lack of fluidity and precision. The person's body alignment is also not ideal, as they appear to be leaning and shifting their weight excessively while climbing. Additionally, there is no indication of technical precision in their climbing style, which suggests that they may still be developing their skills and techniques. Overall, the person's performance in the video indicates that they are at a novice level of skill.",Novice,False
b3a28e5b-906f-40e0-9428-902c81a9cc55,uniandes_bouldering_027_20,Early Expert,"The climber in the video appears to be a novice or early expert based on her technique and body alignment. She is attempting to climb a wall with various holds, but her movements seem somewhat stiff and uncoordinated. Her body alignment is not optimal as she is not using her core muscles effectively, which can lead to a lack of stability and control. Additionally, her technical precision is lacking as she seems to be struggling with finding the right handholds and footholds. Overall, her performance suggests that she may still be developing her skills and technique.",Early Expert,True,"Novice

The climber is still learning the proper techniques for climbing and has not yet developed the necessary skills to climb efficiently or with ease. The climber's movements are not fluid and there is a lack of coordination between the arms and legs. The climber also seems to be struggling with maintaining balance and control while climbing.",Novice,False
90d40eba-fb77-4014-b51b-675005365f66,uniandes_bouldering_027_52,Novice,"The climber in the video appears to be at an intermediate expert level based on her body alignment, movement fluency, and technical precision.

Body Alignment:
The climber maintains good body alignment throughout the video. She keeps her core engaged, which helps with stability and power. Her hips are slightly bent, allowing for better weight distribution and control. Her knees are slightly bent as well, which helps with balance and prevents strain on her joints. Overall, her body alignment suggests that she has a good understanding of proper climbing techniques.

Movement Fluency:
The climber demonstrates fluid and controlled movements. She transitions smoothly between different holds and uses her arms and legs effectively to maintain her position on the wall. Her movements appear natural and efficient, indicating that she has practiced and refined her technique over time. The lack of hesitation or awkwardness in her movements suggests that she is comfortable and confident in her abilities.

Technical Precision:
The climber exhibits high levels of technical precision in her climbing. She selects appropriate holds and uses them effectively to progress up the wall. Her hand placement is precise, and she maintains a strong grip on each hold. Her footwork is also accurate, as she places her feet correctly on the wall to support her body weight and maintain balance. Additionally, she demonstrates good body positioning, which allows her to use her body weight effectively to climb.

Overall, the climber's body alignment, movement fluency, and technical precision suggest that she is an intermediate expert climber. While there may still",Intermediate Expert,False,"Novice

The climber appears to be struggling with the climbing wall, as they are not able to maintain proper body alignment and are not moving fluidly. The climber's movements seem to lack technical precision, and it seems like they are still learning the basics of climbing.",Novice,True
05691716-65d8-45b4-b263-5589dcae6bdb,uniandes_bouldering_025_17,Novice,"The climber in the video appears to be at an intermediate expert level based on the following observations:

* **Body Alignment:** The climber demonstrates good body alignment throughout the sequence. They maintain a strong core and use their legs effectively for support while reaching for holds with their arms. Their feet are positioned correctly on the wall, and they appear to be using proper foot placement techniques.

* **Movement Fluency:** The climber's movements are fluid and controlled. There are no abrupt or jerky motions, indicating that they have developed a good sense of rhythm and timing. The transitions between different moves are smooth, suggesting that they have practiced these techniques before.

* **Technical Precision:** The climber shows a high level of technical precision in their climbing. They are able to select appropriate holds and make efficient use of their body weight. Their hand and foot placements are accurate, and they seem to understand the importance of maintaining a balanced center of gravity.

Overall, the climber's technique suggests that they have a solid foundation in climbing fundamentals and have likely spent considerable time practicing and refining their skills. While there may still be room for improvement, the level of proficiency displayed in this video indicates that the climber is well on their way to becoming an intermediate expert.",Intermediate Expert,False,"Novice

The climber's body alignment is not ideal as the climber's feet are not properly aligned with the wall and the climber's knees are bent too much. The climber's movement is not fluent as the climber's movements appear to be slow and deliberate. The climber's technical precision is also lacking as the climber is not using proper climbing techniques such as using the correct handholds and footholds.",Novice,True
292508a4-a37c-47e5-82df-8f9085194f46,uniandes_bouldering_032_48,Intermediate Expert,"Novice

The climber in the video appears to be a novice based on their body alignment and movement fluency. The climber's body is not aligned with the wall, which can lead to inefficient use of energy and increased risk of injury. Additionally, the climber's movements appear to be somewhat stiff and uncoordinated, indicating a lack of technical precision. While the climber is making progress up the wall, there is room for improvement in terms of body positioning and movement fluidity.",Novice,False,"Novice

The climber's body alignment is not consistent throughout the climb. The climber's feet are not aligned with the rock holds and the climber's body is not in a straight line. The climber's movement is not fluent as the climber is not able to smoothly transition between the holds. The climber's technical precision is also lacking as the climber is not able to grip the holds properly and is not able to maintain a good hand position.",Novice,False
5ec9b76d-d968-4a8b-9ecd-ccd6c5242745,uniandes_bouldering_024_47,Novice,"The climber appears to be at the Intermediate Expert level based on the following observations:

* **Body Alignment:** The climber maintains good body alignment throughout the sequence, with their core engaged and their movements fluid. They are able to distribute their weight effectively across the holds, which suggests a good understanding of body mechanics.

* **Movement Fluency:** The climber's movements appear smooth and controlled, indicating a high level of coordination and practice. There are no abrupt or jerky movements that would suggest a lack of fluency.

* **Technical Precision:** The climber demonstrates technical proficiency by selecting appropriate holds and using them efficiently. They also show good hand-eye coordination, as evidenced by their ability to reach for and grip the holds accurately.

Overall, the climber's technique is well-developed, but there may still be room for improvement in certain areas, such as increasing their speed or adding more variety to their climbing style. However, given the level of skill demonstrated in these frames, it is reasonable to conclude that the climber is at the Intermediate Expert level.",Intermediate Expert,False,"Novice

The climber's body alignment appears to be off as they are not using the proper climbing techniques. Their movement is not fluent and they seem to be struggling with the wall. The climber also seems to lack technical precision as they are not using the holds correctly.",Novice,True
8d6cabe4-79c4-4349-a05d-2d7132f83c94,uniandes_bouldering_032_44,Intermediate Expert,"Novice

The climber in the video appears to be a novice based on their body alignment and movement fluency. The climber's body is not aligned with the wall, which can lead to inefficient use of energy and increased risk of injury. Additionally, the climber's movements appear to be somewhat stiff and uncoordinated, indicating a lack of technical precision. While the climber is making progress up the wall, there is room for improvement in terms of body positioning and movement fluidity.",Novice,False,"Novice

The climber appears to be a novice as they are still learning the proper techniques for climbing. The climber's body alignment and movement fluency are not yet refined, and there is room for improvement in their technical precision.",Novice,False
b550f22d-e337-4a79-b61f-ea911f06cb01,uniandes_bouldering_037_54,Late Expert,"Novice

The climber appears to be a novice based on the following observations:

1. Body Alignment: The climber's body alignment seems off as they are not using the proper climbing techniques. They appear to be leaning too much and not maintaining a straight line with their body.

2. Movement Fluency: The climber's movements seem uncoordinated and lack fluidity. They do not seem to have a good sense of rhythm or timing in their movements.

3. Technical Precision: The climber does not seem to have a good understanding of the technical aspects of climbing. They are not using the correct handholds and footholds, and their foot placement appears to be incorrect.

Overall, the climber's technique suggests that they are still in the early stages of learning how to climb and would benefit from more practice and instruction.",Novice,False,"Novice

The climber's body alignment appears to be off as they are not using the full range of motion and are not maintaining proper posture while climbing. Their movement is not fluid or smooth, and there is a lack of technical precision in their hand placement and grip. The climber seems to be struggling with the route and may benefit from more practice and guidance to improve their technique.",Novice,False
54b6e544-2272-4568-925b-abf6ddedd223,uniandes_bouldering_027_36,Novice,"The climber in the video appears to be at an intermediate expert level based on the following observations:

* **Body Alignment:** The climber maintains good body alignment throughout the sequence. They are able to position their body effectively against the wall, using their core strength and balance to maintain stability while reaching for holds. This suggests that they have developed a good understanding of proper climbing techniques.

* **Movement Fluency:** The climber demonstrates fluid and controlled movements as they transition between different holds. Their actions appear deliberate and purposeful, indicating a high level of familiarity with the climbing route and the physical demands of the climb. This suggests that they have practiced and refined their climbing skills over time.

* **Technical Precision:** The climber exhibits precise hand placement and foot positioning, which are essential for maintaining control and preventing falls. They also demonstrate good use of their body weight and leverage, allowing them to efficiently move up the wall. These technical aspects suggest that they have a solid foundation in climbing techniques and are able to apply them effectively during the climb.

Overall, the climber's body alignment, movement fluency, and technical precision indicate that they possess an intermediate level of expertise in climbing. While there may still be room for improvement, their performance in these areas suggests that they have put in significant effort and practice to develop their skills.",Intermediate Expert,False,"Novice

The climber in the video appears to be a novice based on their body alignment and movement fluency. The climber's movements seem uncoordinated and lack fluidity, which suggests that they may not have much experience with rock climbing. Additionally, the climber's body alignment is not ideal as they appear to be leaning too far forward and not using their core muscles effectively. Technical precision is also lacking as the climber seems to be struggling with finding the right handholds and footholds. Overall, the climber's technique indicates that they are still in the early stages of learning how to climb and would benefit from more practice and instruction.",Novice,True
