clip_id,take_folder,ground_truth,exo_full_answer,exo_predicted,exo_correct,ego_full_answer,ego_predicted,ego_correct
586597cc-59c5-45d5-9596-0b6506d9c0ba,uniandes_bouldering_037_38,Late Expert,"The climber in the video appears to be at an intermediate expert level based on the following observations:

1. **Body Alignment**: The climber demonstrates good body alignment throughout the climb. They maintain a strong core and use proper foot placement and hand positioning to navigate the holds effectively. This indicates a high level of control and understanding of the climbing principles.

2. **Movement Fluency**: The climber's movements are fluid and efficient. There are no signs of hesitation or awkwardness in their transitions between holds. This suggests that they have practiced the route before and have a good grasp of the sequence of moves required.

3. **Technical Precision**: The climber shows precise hand and foot placements, which is crucial for maintaining balance and avoiding falls. They also demonstrate the ability to read the wall and choose the most efficient path up, indicating a good understanding of the climbing techniques involved.

Overall, the climber's consistent performance across multiple frames suggests a high level of skill and experience. They appear to be comfortable with the route and able to execute it with confidence and precision. Therefore, I would classify this climber as an Intermediate Expert.",Intermediate Expert,False,"The climber appears to be at the Intermediate Expert level based on the following observations:

1. **Body Alignment**: The climber demonstrates good body alignment throughout the climb. They maintain proper posture and use their core strength effectively to distribute weight and balance.

2. **Movement Fluency**: The climber's movements are fluid and controlled. There is no hesitation or awkwardness in transitioning between holds, indicating a high level of comfort and familiarity with the climbing route.

3. **Technical Precision**: The climber shows excellent technical precision by selecting the right handholds and footholds, ensuring each grip is secure before moving to the next hold. They also adjust their body position to optimize leverage and efficiency.

Overall, the climber's consistent performance across various aspects of climbing suggests they have reached an intermediate level of expertise. However, there may still be room for improvement in certain areas, such as speed or more complex routes, which could elevate them to a late expert level.",Late Expert,True
9ceee09a-ab19-4463-baac-0ed48d21827e,uniandes_bouldering_024_44,Novice,"The person in the video appears to be a novice or early expert climber based on their body alignment and movement fluency. Here's a breakdown of the observations:

1. **Body Alignment**: The climber seems to have some difficulty maintaining proper body alignment while climbing. Their posture is not entirely straight, which can lead to inefficient use of energy and increased risk of injury.

2. **Movement Fluency**: The climber's movements appear somewhat stiff and ungraceful. There is room for improvement in fluidity and control, suggesting that they may still be developing their technique.

3. **Technical Precision**: While the climber is making progress, there are areas where technical precision could be improved. For instance, the hand placement and foot positioning seem inconsistent at times, indicating that they might need more practice with specific techniques.

Overall, the climber demonstrates basic understanding and execution of climbing fundamentals but has room for significant improvement in terms of body alignment, movement fluency, and technical precision. They would benefit from more practice and guidance to refine their skills further.",Early Expert,False,"The climber in the video appears to be at an intermediate expert level based on the following observations:

1. **Body Alignment**: The climber demonstrates good body alignment throughout the climb. They maintain a straight line from head to toe, which is crucial for efficient movement and balance. This indicates a high level of control and understanding of proper climbing techniques.

2. **Movement Fluency**: The climber's movements are fluid and well-coordinated. There are no abrupt or jerky motions, suggesting that they have developed a natural rhythm and timing for climbing. This fluency is indicative of someone who has practiced extensively and has a good grasp of the mechanics involved in climbing.

3. **Technical Precision**: The climber shows precise hand and foot placement, selecting the most suitable holds for each step. They also demonstrate the ability to transition between different types of holds smoothly, indicating a strong understanding of the various techniques required for different sections of the climb. The use of both hands and feet effectively and efficiently is another sign of technical proficiency.

Overall, the climber's consistent form, smooth transitions, and precise technique suggest that they have reached an intermediate expert level. However, it's important to note that this assessment is based on a single video clip, and further observation over time would provide a more comprehensive evaluation of their skill level.",Intermediate Expert,False
08f0616c-d3c4-414c-a492-d8d157872915,uniandes_bouldering_035_53,Early Expert,"The climber appears to be at the Intermediate Expert level based on the following observations:

1. **Body Alignment**: The climber maintains good body alignment throughout the climb, which is crucial for efficient movement and safety. This indicates a high level of technical proficiency.

2. **Movement Fluency**: The climber's movements appear fluid and controlled, suggesting a high degree of practice and familiarity with the route. There are no abrupt or awkward movements that would indicate a novice or early expert level.

3. **Technical Precision**: The climber demonstrates precise hand and foot placement, as well as effective use of climbing techniques such as reaching, pulling, and pressing. This level of technical precision is characteristic of climbers who have developed a strong foundation in climbing skills.

Overall, the climber's consistent performance across these aspects suggests they are an Intermediate Expert. They have likely been climbing for several years and have developed a solid understanding of the sport's fundamentals while also honing their specific climbing style.",Intermediate Expert,False,"The climber appears to be a novice or early expert based on the following observations:

1. **Body Alignment**: The climber's body alignment seems to be inconsistent and not fully optimized for climbing efficiency. There are moments where the climber's weight distribution and positioning appear off, which can lead to inefficient use of energy and increased risk of falling.

2. **Movement Fluency**: The climber's movements lack fluidity and seem somewhat hesitant. This could be due to a lack of familiarity with the route or a need for more practice in transitioning between holds smoothly.

3. **Technical Precision**: While the climber is making progress up the wall, there are instances where the grip and foot placement could be more precise. For example, the climber might be able to find better handholds or footholds that would allow for smoother ascents.

**Overall Skill Level**: Based on these observations, the climber appears to be at a novice or early expert level. They have some basic understanding of climbing techniques but still have room for improvement in terms of body alignment, movement fluency, and technical precision. With consistent practice and guidance, they can develop into a more proficient climber.",Early Expert,True
5f1dd7a9-18b5-400a-a3de-1c30f547235e,uniandes_bouldering_027_19,Early Expert,"The person in the video appears to be a novice or early expert in rock climbing. Here's my reasoning:

1. **Body Alignment**: The individual seems to be in the process of learning proper climbing techniques. Their body positioning and movements suggest they might not have fully mastered the necessary balance and coordination required for more advanced climbing.

2. **Movement Fluency**: The movements appear somewhat stiff and uncoordinated. This indicates that the person may still be developing their muscle memory and fluidity in executing climbing maneuvers.

3. **Technical Precision**: While the person is attempting to climb, there are noticeable errors in technique. For instance, the hand placement and foot positioning seem inconsistent with standard climbing practices. This suggests that the individual is still refining their skills and understanding of the correct techniques.

Given these observations, I would classify the person as a novice or early expert in rock climbing. They demonstrate some basic understanding of the sport but require further practice and instruction to improve their technique and overall performance.",Early Expert,True,"The climber appears to be at the Intermediate Expert level based on the following observations:

1. **Body Alignment**: The climber demonstrates good body alignment throughout the climb. They maintain proper posture and use their core strength effectively to distribute weight and balance.

2. **Movement Fluency**: The movements appear fluid and controlled. The climber transitions between holds smoothly without unnecessary hesitation or struggle, indicating a high level of comfort and familiarity with the route.

3. **Technical Precision**: The climber shows precise hand placement and footwork. They select appropriate holds and adjust their grip and stance efficiently, which suggests a strong understanding of climbing techniques.

Overall, the climber's consistent performance across various aspects of climbing indicates they have reached an intermediate level of expertise. However, there may still be room for improvement in certain areas, such as increasing speed or perfecting specific techniques.",Intermediate Expert,False
baf283a8-4747-45f1-9c78-241003a8f1b5,uniandes_bouldering_034_56,Intermediate Expert,"The person in the video appears to be a novice or early expert climber based on their technique and body alignment.

Here's my reasoning:

1. **Body Alignment**: The climber's body alignment seems to be inconsistent throughout the video. At times, they appear to be leaning too far forward or backward, which can lead to instability and increased risk of falling. This suggests that they may still be developing proper body positioning for climbing.

2. **Movement Fluency**: The climber's movements seem somewhat stiff and ungraceful at times. There are moments where their movements appear to lack fluidity, indicating that they might not have fully mastered the coordination required for efficient climbing.

3. **Technical Precision**: While the climber does manage to reach some holds, there are instances where their technique appears to be lacking. For example, they may not be using the correct hand placement or foot positioning, which could result in less efficient use of energy and increased risk of injury.

Overall, while the climber has made progress in terms of reaching holds and maintaining balance, there is room for improvement in terms of body alignment, movement fluency, and technical precision. With continued practice and guidance, they can develop into a more skilled climber.",Early Expert,False,"The climber in the video appears to be at an intermediate expert level based on the following observations:

1. **Body Alignment**: The climber demonstrates good body alignment throughout the climb. They maintain a straight line from head to toe, which is crucial for efficient movement and power generation. The climber's core is engaged, and their hips are slightly tucked, allowing for better balance and control.

2. **Movement Fluency**: The climber's movements are fluid and controlled. There is no hesitation or unnecessary movement, indicating a high level of proficiency. The transitions between holds are smooth, suggesting that the climber has a good understanding of the route and can anticipate the next move.

3. **Technical Precision**: The climber exhibits strong technical precision. They use the correct hand and foot placement on each hold, ensuring stability and efficiency. The climber's grip strength and finger positioning are well-timed, allowing them to maintain a secure hold on the climbing wall.

Overall, the climber's technique is consistent with an intermediate expert level. They demonstrate a solid foundation in body alignment, movement fluency, and technical precision, making it evident that they have put in significant practice and training to reach this level of expertise.",Intermediate Expert,True
ea2d7015-0bf2-422c-b6ac-ebcf88fef619,uniandes_bouldering_025_13,Novice,"The individual in the video appears to be at an intermediate expert skill level based on the following observations:

1. **Body Alignment**: The climber demonstrates good body alignment throughout the climbing sequence. Her posture is stable and controlled, indicating a strong understanding of proper climbing mechanics. She maintains a balanced center of gravity, which is crucial for efficient movement and safety.

2. **Movement Fluency**: The climber's movements are fluid and well-coordinated. There is no hesitation or awkwardness in her transitions between holds, suggesting that she has practiced and refined her technique over time. Her ability to smoothly shift weight and adjust her body position reflects a high level of comfort and proficiency with the climbing wall.

3. **Technical Precision**: The climber exhibits precise hand and foot placement, which is evident as she moves up the wall. Her selection of holds and her use of different techniques (e.g., undercling, crimping) appear deliberate and well-executed. This level of technical precision indicates a solid grasp of the fundamental climbing skills required for intermediate-level climbs.

Overall, the climber's consistent form, smooth transitions, and technical accuracy suggest that she has reached an intermediate expert level. However, there may still be room for further refinement and mastery of advanced techniques to progress to a late expert level.",Late Expert,False,"The climber appears to be a novice or early expert based on the following observations:

1. **Body Alignment**: The climber's body alignment seems inconsistent and lacks fluidity. There are moments where the climber's posture is not aligned with the climbing holds, which can lead to inefficient use of energy and increased risk of injury.

2. **Movement Fluency**: The climber's movements appear somewhat hesitant and lack smoothness. This suggests that the climber may still be developing their coordination and muscle memory for climbing techniques.

3. **Technical Precision**: While the climber is making contact with the holds, there is room for improvement in terms of precision. The climber's hand placement and foot positioning could be more deliberate and efficient, indicating a need for further practice and refinement of technique.

Overall, the climber demonstrates some basic understanding of climbing but has room for significant improvement in terms of body alignment, movement fluency, and technical precision. They would benefit from additional training and practice to develop their skills further.",Early Expert,False
0dd0e0b5-cbd2-42d3-bc00-64375f14f374,uniandes_bouldering_032_81,Intermediate Expert,"Novice

The climber appears to be in the early stages of learning how to climb and lacks the necessary skills for a more advanced level. The movements seem uncoordinated and lack fluidity, indicating that they may not have received proper instruction or practice yet. Additionally, the climber's body alignment seems off, as they are not using the proper techniques to maintain balance and control while climbing. Overall, the climber's technique is not precise, and there is room for improvement in terms of movement fluency and body alignment.",Novice,False,"The climber appears to be at the Intermediate Expert level based on the following observations:

1. **Body Alignment**: The climber demonstrates good body alignment throughout the climb. They maintain proper posture and use their core strength effectively to distribute weight and balance.

2. **Movement Fluency**: The climber's movements are fluid and controlled. There is no hesitation or awkwardness in transitioning between holds, indicating a high level of comfort and familiarity with the climbing route.

3. **Technical Precision**: The climber shows excellent technical precision by selecting the right handholds and footholds, ensuring each grip is secure before moving to the next hold. They also adjust their body position to optimize leverage and efficiency.

Overall, the climber exhibits a strong understanding of climbing techniques and has developed the necessary skills to navigate challenging routes with confidence. However, there may still be room for improvement in certain aspects, such as increasing speed or exploring more advanced routes.",Intermediate Expert,True
1088fd1c-1562-4ee5-b85c-ceb59bf85f20,uniandes_bouldering_035_28,Early Expert,"The climber in the video appears to be at an intermediate expert level based on the following observations:

1. **Body Alignment**: The climber demonstrates good body alignment throughout the climb. They maintain a strong core and use their legs effectively for support while reaching for holds with their arms. This indicates a high level of control and understanding of proper climbing mechanics.

2. **Movement Fluency**: The climber's movements are fluid and efficient. There are no abrupt or jerky motions, suggesting that they have developed a natural rhythm and timing in their climbing style. This fluency is characteristic of someone who has practiced extensively and has a good grasp of the techniques required for the route.

3. **Technical Precision**: The climber shows a high degree of technical precision. They select appropriate handholds and footholds with care, ensuring that each move is deliberate and calculated. This level of precision is indicative of someone who has a solid foundation in climbing techniques and can execute them accurately under pressure.

Overall, the climber's consistent performance across various aspects of climbing (alignment, fluency, and precision) suggests that they are an intermediate expert. They demonstrate a strong understanding of the sport and have likely spent considerable time honing their skills. However, there may still be room for further refinement and improvement as they continue to progress towards late expert status.",Late Expert,False,"The climber appears to be at the Intermediate Expert level based on the following observations:

1. **Body Alignment**: The climber demonstrates good body alignment throughout the climb. They maintain a straight line from head to toe, which is crucial for efficient movement and balance. This indicates a strong understanding of proper climbing techniques.

2. **Movement Fluency**: The climber's movements appear fluid and controlled. There are no abrupt or jerky motions, suggesting that they have developed a good sense of rhythm and timing in their climbing. This fluency is characteristic of climbers who have practiced extensively and have a good grasp of the mechanics involved.

3. **Technical Precision**: The climber shows a high level of technical precision by selecting appropriate holds and using them effectively. They also demonstrate good hand placement and footwork, which are essential skills for successful climbing. The use of chalk and the ability to transition between different types of holds (e.g., edge, crimp, and open hand) indicate a solid foundation in technical skills.

While the climber may not yet be at the Late Expert level, where one would expect even greater speed, strength, and technical mastery, the Intermediate Expert level is well-justified given the observed body alignment, movement fluency, and technical precision. The climber has clearly put in significant practice and has developed a strong foundation in the fundamentals of climbing.",Late Expert,False
1c4f1db1-70bb-47e6-8d1f-00e924aa0a98,uniandes_bouldering_033_38,Intermediate Expert,"The climber in the video appears to be at an intermediate expert level based on the following observations:

1. **Body Alignment**: The climber demonstrates good body alignment throughout the climb. They maintain a strong core and use their legs effectively for support while reaching for holds with their arms. This indicates a high level of control and understanding of proper climbing mechanics.

2. **Movement Fluency**: The climber's movements are fluid and efficient. There are no signs of hesitation or awkwardness in their transitions between different holds. This suggests that they have practiced and refined their technique over time, which is characteristic of an intermediate expert climber.

3. **Technical Precision**: The climber shows a high degree of technical precision. They select appropriate holds and make calculated moves, indicating a deep understanding of the route and the best way to navigate it. The use of both hands and feet in a coordinated manner further supports this observation.

Overall, the climber's consistent performance across these aspects suggests they are well beyond a novice level but not yet at the late expert level where one might expect even more advanced techniques and a higher degree of automation in their movements. Therefore, an intermediate expert level seems most appropriate for this climber.",Late Expert,False,"The climber in the video appears to be at an intermediate expert level based on the following observations:

1. **Body Alignment**: The climber demonstrates good body alignment throughout the climb. They maintain a strong core and use their body weight effectively to distribute force across the holds. This suggests a high level of control and understanding of proper climbing mechanics.

2. **Movement Fluency**: The movements appear fluid and well-coordinated. The climber transitions smoothly between different types of holds (crimps, jugs, and slopers) without hesitation or unnecessary adjustments. This indicates a high degree of practice and familiarity with the climbing techniques required for the route.

3. **Technical Precision**: The climber shows precise hand placement and foot positioning. They select the most appropriate hold for each step and adjust their grip strength accordingly. This level of technical precision is characteristic of climbers who have developed a strong foundation in the fundamentals of climbing.

Overall, the climber's consistent performance across various aspects of climbing—body alignment, movement fluency, and technical precision—suggests they are an intermediate expert. However, it's important to note that this assessment is based on a limited number of frames and may not fully capture the full range of the climber's abilities.",Intermediate Expert,True
b92ec0ad-020b-4fed-87bf-002eaaa9a8ec,uniandes_bouldering_022_26,Late Expert,"The climber in the video appears to be at an intermediate expert level based on the following observations:

1. **Body Alignment**: The climber demonstrates good body alignment throughout the climb. They maintain a strong core and use their legs effectively for support while reaching for holds. This indicates a high level of control and understanding of proper climbing mechanics.

2. **Movement Fluency**: The climber's movements are fluid and efficient. There are no signs of hesitation or awkwardness in their transitions between holds. This suggests that they have practiced the route before and are comfortable with the sequence of moves required.

3. **Technical Precision**: The climber shows precise hand placement and footwork. They are able to select the correct holds and execute the necessary movements with accuracy. This level of technical proficiency is characteristic of someone who has developed a solid foundation in climbing techniques and is now applying them with confidence.

Overall, the climber's consistent form, smooth transitions, and technical execution suggest that they possess an intermediate level of expertise in bouldering. They likely have experience climbing similar routes and are capable of tackling more challenging problems with continued practice and refinement.",Intermediate Expert,False,"Novice

The climber's body alignment appears to be off, as they are not maintaining proper posture and balance while climbing. Their movement seems uncoordinated and lacks fluidity, indicating a lack of experience. Technical precision is also lacking, as the climber struggles with finding the right handholds and footholds. Overall, the climber's technique suggests that they are still in the early stages of learning rock climbing.",Novice,False
d6462a6d-44d4-43eb-a0d9-11df808ef412,uniandes_bouldering_034_94,Early Expert,"The climber in the video appears to be at an intermediate expert skill level based on the following observations:

1. **Body Alignment**: The climber demonstrates good body alignment throughout the climb. They maintain a straight line from head to toe, which is essential for efficient movement and balance. This indicates a high level of control and understanding of proper climbing techniques.

2. **Movement Fluency**: The climber's movements are fluid and controlled. There are no abrupt or jerky motions, suggesting that they have developed a good sense of rhythm and timing. This fluency is characteristic of someone who has practiced extensively and has a solid grasp of the mechanics involved in climbing.

3. **Technical Precision**: The climber shows precise hand and foot placement, which is crucial for maintaining stability and progress up the wall. They appear to be using the holds effectively, indicating a strong understanding of the technical aspects of climbing. The use of different types of holds (crimps, jugs, slopers) also suggests a high level of technical proficiency.

Overall, the climber's consistent form, smooth movements, and precise technique point towards an intermediate expert level of skill. However, it's important to note that this assessment is based on a single video clip, and further observation over time would provide a more comprehensive evaluation of their skill level.",Intermediate Expert,False,"Novice

The climber appears to be at the novice level based on the following observations:

1. **Body Alignment**: The climber's body alignment seems inconsistent and lacks proper form. The climber's feet do not appear to be positioned correctly for efficient climbing, which can lead to inefficient use of energy and increased risk of injury.

2. **Movement Fluency**: The climber's movements seem uncoordinated and lack fluidity. There is no clear indication of a smooth transition between hand and foot placements, suggesting that the climber may still be developing their technique.

3. **Technical Precision**: The climber's technique appears to be lacking in terms of precision. The climber's hand and foot placements do not seem to be deliberate or intentional, indicating a lack of familiarity with the climbing wall's layout and the correct techniques required for efficient climbing.

Overall, the climber's technique suggests they are still in the early stages of learning and developing their skills. They would benefit from more practice and guidance to improve their body alignment, movement fluency, and technical precision.",Novice,False
b3a28e5b-906f-40e0-9428-902c81a9cc55,uniandes_bouldering_027_20,Early Expert,"The person in the video appears to be a novice or early expert in rock climbing. Here's my reasoning:

1. **Body Alignment**: The climber seems to be struggling with maintaining proper body alignment. Her posture is not ideal for efficient climbing, and she appears to be leaning too far forward, which can lead to instability and increased risk of falling.

2. **Movement Fluency**: The movements seem somewhat stiff and uncoordinated. There is no fluidity in her actions, suggesting that she may not have much experience or practice in rock climbing.

3. **Technical Precision**: The climber is attempting to climb without using any safety equipment, which indicates a lack of technical precision. Proper use of climbing gear, such as harnesses and ropes, is crucial for safety and efficiency in climbing.

Overall, based on the body alignment, movement fluency, and technical precision observed, it seems that the climber is at a novice or early expert level. She would benefit from more practice and instruction to improve her skills and techniques.",Early Expert,True,"The climber appears to be at the Intermediate Expert level based on the following observations:

1. **Body Alignment**: The climber demonstrates good body alignment, maintaining proper posture and positioning throughout the climb. This suggests a strong understanding of fundamental climbing techniques.

2. **Movement Fluency**: The movements appear fluid and controlled, indicating a high level of comfort and familiarity with the climbing wall. The climber transitions between holds smoothly without hesitation or awkwardness.

3. **Technical Precision**: The climber exhibits precise hand placement and grip strength, which are crucial for efficient climbing. The use of different types of holds (crimps, jugs, slopers) shows a good grasp of various techniques required for different sections of the climb.

Overall, the climber's consistent form, smooth transitions, and ability to handle different types of holds suggest they have reached an intermediate level of expertise in rock climbing. However, there may still be room for improvement in more advanced techniques and problem-solving skills.",Intermediate Expert,False
b285942a-a30b-4d4b-a753-8a29b951c1cb,uniandes_bouldering_026_48,Intermediate Expert,"The climber in the video appears to be at an intermediate expert level based on the following observations:

1. **Body Alignment**: The climber demonstrates good body alignment throughout the climb. She maintains a strong core and uses her legs effectively for support while reaching for holds with her arms. Her posture suggests she has a good understanding of proper climbing mechanics.

2. **Movement Fluency**: The climber's movements are fluid and controlled. She transitions between different holds smoothly without hesitation or unnecessary movements. This indicates a high level of comfort and familiarity with the climbing route.

3. **Technical Precision**: The climber shows precise hand placement and foot positioning. She selects the right holds for each move and adjusts her body accordingly. Her technique is consistent and demonstrates a solid grasp of the principles of climbing.

Overall, the climber's performance reflects a high level of skill and experience. She exhibits confidence and control, which are hallmarks of an intermediate expert climber. However, there may still be room for further refinement and improvement in certain aspects of her technique.",Intermediate Expert,True,"The climber in the video appears to be at an intermediate expert level based on the following observations:

1. **Body Alignment**: The climber demonstrates good body alignment throughout the climb. They maintain proper posture and use their core strength effectively to distribute weight and balance. This indicates a high level of control and understanding of climbing mechanics.

2. **Movement Fluency**: The climber's movements are fluid and efficient. There is no hesitation or unnecessary motion, suggesting that they have developed a natural rhythm and flow in their climbing style. This fluency is characteristic of someone who has practiced extensively and has a good grasp of the techniques required for climbing.

3. **Technical Precision**: The climber shows a high degree of technical precision. They select appropriate holds with care and execute each move with accuracy. This includes using the right hand and foot placement, as well as maintaining a strong grip on the holds. The climber's ability to adapt to different hold shapes and sizes also points to a high level of technical proficiency.

Overall, the climber's consistent performance across various aspects of climbing suggests that they are an intermediate expert. They demonstrate a solid foundation in the fundamentals of climbing, combined with the ability to apply these skills in a dynamic and challenging environment.",Intermediate Expert,True
0a184bbf-43bf-4d02-bc32-f8989158446a,uniandes_bouldering_023_42,Novice,"The person in the video appears to be a novice or early expert climber based on their technique and body alignment.

Here's my reasoning:

1. **Body Alignment**: The climber seems to have a basic understanding of proper climbing posture, but there are some areas for improvement. For instance, their knees are not fully extended, which can lead to inefficient use of energy and increased risk of injury. Additionally, their hips are not fully engaged, which can affect their ability to maintain balance and generate power.

2. **Movement Fluency**: The climber's movements appear somewhat stiff and ungraceful. This suggests that they may not have developed a natural rhythm or flow in their climbing technique. Improving movement fluency would require more practice and familiarity with the climbing wall's layout and the specific route being attempted.

3. **Technical Precision**: While the climber is making contact with the holds, their technique could benefit from refinement. For example, their hand placement and grip strength seem inconsistent, which can impact their ability to maintain control and avoid falls. Additionally, their footwork appears to be lacking in precision, as they are not using the wall effectively to support their weight and maintain balance.

Overall, the climber demonstrates a basic understanding of climbing techniques but lacks the fluency and precision required for intermediate or advanced levels. With consistent practice and guidance, they can improve their skills and potentially reach higher levels of expertise.",Early Expert,False,"The climber appears to be a novice or early expert based on the following observations:

1. **Body Alignment**: The climber's body alignment seems inconsistent and lacks fluidity. There are moments where the climber's posture is not optimal for climbing, which could lead to inefficient use of energy and increased risk of injury.

2. **Movement Fluency**: The climber's movements appear somewhat hesitant and uncoordinated. There are instances where the climber seems to struggle with finding the right handholds and footholds, indicating a lack of fluency in their technique.

3. **Technical Precision**: While the climber does manage to find some holds and make progress up the wall, there is room for improvement in terms of technical precision. The climber's hand placement and foot positioning do not always align perfectly with the available holds, leading to potential inefficiencies and increased difficulty in maintaining balance.

Overall, the climber's technique suggests that they are still developing their skills and may benefit from more practice and guidance to improve their body alignment, movement fluency, and technical precision.",Early Expert,False
0ed9a2ce-0e62-43f9-a7e1-37e5a0b89fcc,uniandes_bouldering_033_60,Intermediate Expert,"Novice

The climber appears to be in the early stages of learning how to climb and lacks the necessary skills for more advanced techniques. The movements seem uncoordinated and lack fluidity, indicating that they may not have received proper instruction or practice yet. Additionally, the climber's body alignment seems off, as they are not using the proper climbing techniques, which suggests that they need more guidance and training before progressing to higher levels of expertise.",Novice,False,"The climber appears to be at the Intermediate Expert level based on the following observations:

1. **Body Alignment**: The climber demonstrates good body alignment throughout the climb. They maintain proper posture and use their core strength effectively to distribute weight and balance. This indicates a strong understanding of fundamental climbing principles.

2. **Movement Fluency**: The climber's movements are fluid and controlled. There is no hesitation or awkwardness in transitioning between holds, suggesting a high level of comfort and familiarity with the route. This fluency is characteristic of someone who has practiced extensively and developed muscle memory for various climbing techniques.

3. **Technical Precision**: The climber exhibits precise hand placement and footwork. They select appropriate holds and adjust their grip and stance accordingly, showing a keen eye for detail and a solid grasp of technical aspects of climbing. The ability to make quick adjustments and execute complex moves with accuracy is indicative of intermediate expertise.

Overall, the climber's consistent performance across different holds and transitions, combined with their ability to maintain proper form and execute technical maneuvers with precision, points towards an Intermediate Expert level of skill.",Intermediate Expert,True
97b78075-0a0c-4198-bc78-b08a2c92b0aa,uniandes_bouldering_027_56,Novice,"The person in the video appears to be a novice or early expert in rock climbing. Here's my reasoning:

1. **Body Alignment**: The individual seems to be in the process of learning proper climbing techniques. Their posture and positioning suggest they might not have fully mastered the correct alignment for climbing, which is crucial for safety and efficiency.

2. **Movement Fluency**: The movements appear somewhat uncoordinated and lack fluidity. This could indicate that the person is still developing their muscle memory and understanding of the climbing mechanics.

3. **Technical Precision**: The person's technique shows room for improvement. They seem to be struggling with finding the right handholds and footholds, which is essential for maintaining balance and progressing up the wall.

Overall, based on these observations, the person's skill level appears to be at the novice or early expert stage. They may benefit from more practice and guidance to refine their technique and build confidence in their abilities.",Early Expert,False,"The person in the video appears to be a novice or early expert climber based on the following observations:

1. **Body Alignment**: The climber seems to be using basic techniques for climbing, which suggests they might not have advanced knowledge about optimal body positioning and alignment for efficient climbing.

2. **Movement Fluency**: The movements appear somewhat unrefined and lack fluidity. This could indicate that the climber is still developing their muscle memory and coordination necessary for more fluent climbing.

3. **Technical Precision**: The climber's technique looks basic, with some hand and foot placement that may not be as precise as it could be for someone with more experience. There are also moments where the climber seems to struggle with finding the right grip or placing their feet correctly.

Overall, the climber's technique shows room for improvement, suggesting they are either a novice or at an early stage of becoming an expert climber. They would benefit from more practice and instruction to refine their skills further.",Early Expert,False
c6e1946e-cd52-43ee-ac5c-acb609d821d6,uniandes_bouldering_035_98,Early Expert,"The person in the video appears to be a novice or early expert climber based on the following observations:

1. **Body Alignment**: The climber's body alignment seems to be inconsistent and not fully optimized for climbing efficiency. For example, the climber's feet placement and hand positioning do not appear to be ideal for maintaining balance and momentum during the climb.

2. **Movement Fluency**: The climber's movements seem somewhat stiff and ungraceful. There is a lack of fluidity in the transitions between different climbing techniques, which suggests that the climber may still be developing their overall climbing mechanics.

3. **Technical Precision**: While the climber is making progress, there are noticeable areas where technical precision could be improved. For instance, the climber's grip strength and hand placement on the holds could be more consistent, and the climber might benefit from practicing better footwork and body positioning.

Overall, the climber demonstrates some basic understanding of climbing techniques but lacks the refinement and consistency required for intermediate or advanced levels. With continued practice and focused training, the climber can improve their skills and potentially reach higher levels of expertise.",Early Expert,True,"Novice

The climber appears to be at the novice level based on the following observations:

1. Body Alignment: The climber's body alignment seems off, as they are not maintaining proper posture and balance while climbing. This suggests that they may lack the necessary strength and control to maintain a stable position.

2. Movement Fluency: The climber's movements appear to be somewhat hesitant and uncoordinated. They seem to be struggling with finding the right handholds and footholds, which indicates a lack of familiarity with the climbing wall and its features.

3. Technical Precision: The climber's technique is not precise, as they are not using the correct climbing techniques for the given route. They are relying more on luck than skill to find the right holds and make progress up the wall.

Overall, the climber's technique and body alignment suggest that they are still in the early stages of learning how to climb and would benefit from more practice and guidance to improve their skills.",Novice,False
5d5d169f-3cfa-47da-947d-ec7a93178a59,uniandes_bouldering_029_41,Novice,"The person in the video appears to be a novice or early expert climber based on their technique and body alignment. Here's a breakdown of the observations:

1. **Body Alignment**: The climber's body alignment seems to be inconsistent throughout the sequence. At times, her posture is not ideal for climbing, which could lead to inefficient use of energy and increased risk of injury. For example, in some frames, she is not maintaining a straight line with her body, which can cause strain on her muscles.

2. **Movement Fluency**: The climber's movements appear somewhat stiff and ungraceful. There is a lack of fluidity in her actions, which suggests that she may not have a strong understanding of proper climbing techniques. This could be due to a lack of practice or experience.

3. **Technical Precision**: The climber's technique lacks precision. Her hand placement and foot positioning do not seem to be optimal for the specific holds and footholds she is using. This could be due to a lack of familiarity with the route or a need for more practice in general climbing techniques.

Overall, while the climber shows some potential, there is room for improvement in terms of body alignment, movement fluency, and technical precision. With consistent practice and guidance, she has the potential to develop into an intermediate or late expert climber.",Late Expert,False,"Novice

The climber appears to be a novice based on the following observations:

1. Body Alignment: The climber's body alignment seems off, as they are not maintaining proper posture and balance while climbing. This suggests that they may lack the necessary strength and control to maintain a stable position.

2. Movement Fluency: The climber's movements appear to be somewhat stiff and uncoordinated. They seem to be struggling with finding the right handholds and footholds, which indicates that they might not have enough experience or practice in climbing.

3. Technical Precision: The climber's technique is not precise, as they are not using the correct climbing techniques for each hold. For example, they are not using their fingers effectively, and their foot placement seems to be inconsistent. This suggests that they need more practice and guidance to improve their technical skills.

Overall, the climber's technique and body alignment indicate that they are still at a beginner level and would benefit from more practice and instruction to develop their skills further.",Novice,True
48c635f3-ef0c-436b-94dc-9fca68c779b7,uniandes_bouldering_034_98,Early Expert,"The person in the video appears to be a novice or early expert climber based on their body alignment and movement fluency. Here's why:

1. **Body Alignment**: The climber seems to lack proper body alignment, which is crucial for efficient climbing. Their posture does not appear to be optimized for climbing, as they do not seem to be using their core effectively or maintaining a straight line from head to toe.

2. **Movement Fluency**: The climber's movements are not fluid or smooth. There are noticeable pauses and hesitations between movements, indicating that they may not have developed the muscle memory necessary for more advanced climbing techniques.

3. **Technical Precision**: While the climber is attempting to climb, there is a lack of technical precision in their hand placement and foot positioning. This suggests that they might still be developing their understanding of the correct techniques required for climbing.

Overall, the climber's technique and body alignment indicate that they are at an early stage in their climbing journey. They would benefit from further practice and instruction to improve their skills and develop better body mechanics.",Early Expert,True,"The climber appears to be at the Intermediate Expert level based on the following observations:

1. **Body Alignment**: The climber demonstrates good body alignment throughout the climb. They maintain a straight line from head to toe, which is crucial for efficient movement and balance. This indicates a high level of control and understanding of proper climbing techniques.

2. **Movement Fluency**: The climber's movements are fluid and confident. There are no signs of hesitation or awkwardness in their transitions between holds. This suggests that they have practiced these routes before and have a good sense of rhythm and timing.

3. **Technical Precision**: The climber shows precise hand placement and foot positioning. They are able to select the most suitable holds for each step, indicating a strong grasp of the technical aspects of climbing. The use of different types of holds (crimps, jugs, slopers) with ease further supports this assessment.

Overall, the climber's consistent form, smooth movements, and technical proficiency suggest they are well-versed in climbing techniques and are likely at the Intermediate Expert level. However, without seeing more advanced climbs or more varied routes, it's difficult to determine if they are closer to the Early or Late Expert levels.",Late Expert,False
841c5354-3711-45ce-a226-3d7ba0e6b3df,uniandes_bouldering_030_60,Late Expert,"Novice

The climber's body alignment and movement fluency appear to be inconsistent and uncoordinated. The climber seems to struggle with maintaining proper form and balance while climbing the wall. Technical precision is also lacking as the climber frequently misjudges hand placements and foot placements, leading to frequent falls or near-falls. Overall, the climber's technique suggests that they are still in the early stages of learning and developing their skills.",Novice,False,"Novice

The climber's movements appear to be uncoordinated and lack fluidity, indicating a novice level of skill. The climber struggles with maintaining proper body alignment and technical precision, as evidenced by the inconsistent hand placement and difficulty in transitioning between holds. The climber also seems to be lacking in strength and endurance, as they struggle to maintain their grip and balance throughout the climb. Overall, the climber's technique is not yet refined, and there is room for significant improvement in terms of body alignment, movement fluency, and technical precision.",Novice,False
7cef5f7e-d66d-4b23-b832-ff998d357784,uniandes_bouldering_023_71,Early Expert,"Novice

The climber appears to be in the early stages of learning how to climb and lacks the necessary skills for a more advanced level. The movements seem uncoordinated and lack fluidity, indicating that they may not have received proper instruction or practice yet. Additionally, the climber's body alignment seems off, as they are not using the proper techniques to maintain balance and stability while climbing. Overall, the climber's technique is not precise, and there is room for improvement in terms of movement fluency and body alignment.",Novice,False,"Novice

The climber appears to be a novice based on the following observations:

1. Body Alignment: The climber's body alignment seems off, as they are not maintaining proper posture and balance while climbing. This suggests that they lack the necessary strength and control to maintain a stable position.

2. Movement Fluency: The climber's movements appear to be slow and uncoordinated, indicating a lack of familiarity with the climbing techniques and the ability to perform them smoothly and efficiently.

3. Technical Precision: The climber's technique is not precise, as they are not using the correct handholds and footholds, which could lead to accidents or injuries. Additionally, their climbing style does not seem to be optimized for speed or efficiency, suggesting that they are still in the early stages of learning the sport.

Overall, the climber's technique and performance suggest that they are at a novice level and would benefit from more practice and guidance to improve their skills.",Novice,False
6caff659-6697-498e-a5e3-04b50bc09d30,uniandes_bouldering_027_17,Early Expert,"The person in the video appears to be a novice or early expert climber based on their technique and body alignment. Here's a breakdown of the observations:

1. **Body Alignment**: The climber's body alignment seems to be inconsistent throughout the video. At times, her posture is not ideal for climbing, which could lead to inefficient use of energy and increased risk of injury. For example, she is seen leaning back excessively at one point, which might not be optimal for maintaining balance and control.

2. **Movement Fluency**: The climber's movements appear somewhat stiff and ungraceful. There is a lack of fluidity in her actions, which suggests that she may still be developing her climbing skills. Her transitions between different holds and grips seem awkward, indicating that she might not have fully mastered the techniques required for smooth climbing.

3. **Technical Precision**: While the climber does manage to grip some of the holds, there is room for improvement in terms of technical precision. Her hand placement and foot positioning do not always align with the most efficient climbing strategies. This could be due to a lack of practice or familiarity with the specific climbing route being attempted.

Overall, the climber's technique shows signs of a novice or early expert level. She has basic understanding of climbing principles but needs more practice and refinement to achieve intermediate or late expert status.",Late Expert,False,"The climber appears to be at the Intermediate Expert level based on the following observations:

1. **Body Alignment**: The climber demonstrates good body alignment throughout the climb. They maintain proper posture and use their core strength effectively to distribute weight and balance.

2. **Movement Fluency**: The movements appear fluid and controlled. The climber transitions between holds smoothly without unnecessary hesitation or awkwardness, indicating a high level of comfort and familiarity with the route.

3. **Technical Precision**: The climber shows precise hand placement and footwork. They select appropriate holds for each step and adjust their grip and stance accordingly. The use of different types of holds (crimps, jugs, slopers) suggests a good understanding of climbing techniques.

Overall, the climber exhibits a high degree of skill and confidence in their technique, which aligns well with the Intermediate Expert level. However, there may still be room for improvement in certain aspects such as speed or more complex routes.",Intermediate Expert,False
dcdf4cdc-2b50-4e2c-bbaf-b8a904965867,uniandes_bouldering_029_77,Early Expert,"The climber appears to be at the Intermediate Expert level based on the following observations:

1. **Body Alignment**: The climber maintains good body alignment throughout the climb, which is crucial for efficient movement and safety. This indicates a high level of technical proficiency.

2. **Movement Fluency**: The climber's movements appear fluid and controlled, suggesting a good understanding of the climbing techniques and the ability to execute them smoothly. This is indicative of an intermediate level of expertise.

3. **Technical Precision**: The climber demonstrates precise hand and foot placements, as well as good use of body mechanics. This level of technical precision is characteristic of climbers who have developed a strong foundation in climbing skills but may not yet be at the highest levels of mastery.

Overall, the climber's consistent form, fluid movements, and technical precision suggest they are at an Intermediate Expert level. However, it's important to note that this assessment is based on a single video clip, and further observation over time would provide a more comprehensive evaluation of their skill level.",Intermediate Expert,False,"The climber appears to be at the Intermediate Expert level based on the following observations:

1. **Body Alignment**: The climber demonstrates good body alignment throughout the climb. They maintain a straight line with their body, ensuring that their center of gravity remains close to the wall. This is crucial for efficient movement and stability.

2. **Movement Fluency**: The climber's movements are fluid and controlled. There are no abrupt or jerky actions, indicating a high level of comfort and familiarity with the climbing techniques being used. The transitions between holds are smooth, suggesting a well-practiced routine.

3. **Technical Precision**: The climber shows a high degree of technical proficiency. They select appropriate handholds and footholds with precision, ensuring that each grip is secure before moving to the next hold. The use of different hand and foot positions indicates a strong understanding of the climbing principles and the ability to adapt to various climbing scenarios.

Overall, the climber's consistent performance across multiple frames suggests they have a solid foundation in climbing techniques and are capable of executing them with confidence and accuracy. Their skill level aligns closely with that of an Intermediate Expert climber.",Intermediate Expert,False
77f6641e-b713-4723-bafc-ca6b0b957c5e,uniandes_bouldering_036_17,Late Expert,"The climber in the video appears to be at an intermediate expert level based on the following observations:

1. **Body Alignment**: The climber demonstrates good body alignment throughout the climb. They maintain a strong core and use their legs effectively for support while reaching for holds with their arms. This indicates a high level of control and understanding of proper climbing mechanics.

2. **Movement Fluency**: The climber's movements are fluid and efficient. There are no abrupt or jerky motions, suggesting that they have developed a natural rhythm and timing for climbing. This fluency is characteristic of someone who has practiced extensively and has a good grasp of the techniques required for the route.

3. **Technical Precision**: The climber shows a high degree of technical precision. They select appropriate handholds and footholds with care, ensuring that each move is deliberate and calculated. This level of precision is indicative of someone who has a solid foundation in climbing techniques and can execute them accurately under pressure.

Overall, the climber's consistent performance across various aspects of climbing (body alignment, movement fluency, and technical precision) suggests that they are an intermediate expert. They demonstrate a strong understanding of the sport and have likely put in significant practice to achieve this level of skill.",Intermediate Expert,False,"Novice

The climber's movements appear to be uncoordinated and lack fluidity, indicating a novice level of skill. The climber struggles with maintaining proper body alignment and technical precision, as evidenced by the inconsistent hand placement and difficulty in transitioning between holds. The climber also seems to be lacking in strength and endurance, as they struggle to maintain their grip and balance during the climb. Overall, the climber's technique is not yet refined, and there is room for significant improvement in terms of body alignment, movement fluency, and technical precision.",Novice,False
a7ee65f5-b365-4f69-bc6a-95a9583d7ff0,uniandes_bouldering_026_14,Novice,"The person in the video appears to be a novice or early expert climber based on their technique and body alignment.

Here's my reasoning:

1. **Body Alignment**: The climber seems to have some difficulty maintaining proper body alignment while climbing. Their posture is not entirely straight, which can lead to inefficient use of energy and increased risk of injury. This suggests that they may still be developing their core strength and balance.

2. **Movement Fluency**: The climber's movements appear somewhat stiff and ungraceful. There is room for improvement in fluidity and gracefulness, indicating that they might not yet have fully mastered the natural flow required for efficient climbing.

3. **Technical Precision**: While the climber is making progress, there are noticeable areas where technical precision could be improved. For instance, their hand placement and foot positioning seem inconsistent at times, which can affect both performance and safety.

Overall, the climber demonstrates basic understanding and execution of climbing techniques but lacks the refinement and efficiency seen in more advanced climbers. Therefore, I would classify them as a novice or early expert. With continued practice and guidance, they can develop into an intermediate or late expert climber.",Late Expert,False,"The climber appears to be a novice or early expert based on the following observations:

1. **Body Alignment**: The climber seems to lack proper body alignment and balance. The posture does not appear to be efficient for climbing, which could lead to inefficient use of energy and increased risk of injury.

2. **Movement Fluency**: The movements seem somewhat awkward and uncoordinated. There is no fluidity in the transitions between hand and foot placements, indicating that the climber may still be developing their technique.

3. **Technical Precision**: The climber struggles with technical precision. The grip and placement of hands and feet do not appear to be optimal, suggesting that they might need more practice to improve their technique.

Overall, the climber's technique indicates that they are at an early stage of learning and development. They would benefit from more practice and guidance to improve their skills and achieve better performance.",Early Expert,False
74bc0655-0e3e-433f-b8f5-243764621fe5,uniandes_bouldering_030_25,Late Expert,"The climber in the video appears to be at an intermediate expert level based on the following observations:

1. **Body Alignment**: The climber demonstrates good body alignment throughout the climb. They maintain proper posture and use their core strength effectively to support their movements. This indicates a high level of control and understanding of climbing mechanics.

2. **Movement Fluency**: The climber's movements are fluid and efficient. There are no abrupt or jerky actions, suggesting that they have developed a natural rhythm and timing for climbing. This fluency is characteristic of someone who has practiced extensively and has a good grasp of the techniques involved.

3. **Technical Precision**: The climber shows a high degree of technical precision. They make calculated decisions about which holds to grip and how to position their body to maximize efficiency. This level of precision is indicative of someone who has studied and practiced climbing techniques thoroughly.

Overall, the climber's consistent performance across these aspects suggests that they are an intermediate expert. They have developed a strong foundation in climbing skills and are capable of executing complex routes with confidence and precision. However, there may still be room for further refinement and improvement as they continue to hone their craft.",Intermediate Expert,False,"Novice

The climber appears to be a novice based on the following observations:

1. Body Alignment: The climber's body alignment seems off, as they are not maintaining proper posture and balance while climbing. This suggests that they lack the necessary strength and control to maintain a stable position.

2. Movement Fluency: The climber's movements appear to be slow and uncoordinated, indicating a lack of familiarity with the climbing techniques and the ability to perform them smoothly and efficiently.

3. Technical Precision: The climber's technique is not precise, as they seem to be struggling with finding the right handholds and footholds. This suggests that they have not yet developed the necessary skills and knowledge to execute the climbing moves accurately and effectively.

Overall, the climber's performance indicates that they are still in the early stages of learning and developing their climbing skills. They may benefit from more practice and guidance to improve their technique and build confidence in their abilities.",Novice,False
04cd2bc7-f306-4bc5-b2ea-8d51a0e587a8,uniandes_bouldering_029_71,Early Expert,"The climber in the video appears to be at an intermediate expert level based on the following observations:

1. **Body Alignment**: The climber maintains good body alignment throughout the climb. They are able to distribute weight evenly and use their core effectively to maintain balance and stability. This indicates a strong understanding of proper climbing techniques.

2. **Movement Fluency**: The climber's movements are fluid and controlled. There are no abrupt or jerky motions, suggesting that they have developed a good sense of rhythm and timing. This fluency is indicative of someone who has practiced extensively and has a good grasp of the mechanics involved in climbing.

3. **Technical Precision**: The climber demonstrates precise hand and foot placement, which is crucial for maintaining control and preventing falls. They also show good use of body mechanics, such as using their core to transfer weight efficiently between holds. These technical skills are hallmarks of an intermediate expert climber.

Overall, the climber's consistent form, fluid movements, and technical proficiency suggest that they are well beyond a novice level but not yet at the highest levels of expertise. Therefore, the skill level can be classified as Intermediate Expert.",Intermediate Expert,False,"Novice

The climber's movements appear to be uncoordinated and lack fluidity, indicating a novice level of skill. The climber struggles with maintaining proper body alignment and technical precision, as evidenced by the inconsistent hand placement and difficulty in transitioning between holds. The climber also seems to be relying heavily on visual cues rather than developing a sense of spatial awareness and muscle memory, which are essential for more advanced climbers. Overall, the climber's technique suggests they are still in the early stages of learning and developing the necessary skills for climbing.",Novice,False
e8f2df2e-5d2d-4352-b06c-95554b1ecdb3,uniandes_bouldering_031_68,Late Expert,"The climber in the video appears to be at an intermediate expert level based on the following observations:

1. **Body Alignment**: The climber demonstrates good body alignment throughout the climb. They maintain a strong core and use proper foot placement and hand positioning to navigate the holds effectively. This indicates a high level of control and understanding of the climbing principles.

2. **Movement Fluency**: The climber's movements are fluid and efficient. There is no hesitation or unnecessary motion, suggesting that they have a good grasp of the route and can execute it with ease. This fluency is characteristic of someone who has practiced the route multiple times and has developed muscle memory for the specific sequence of moves.

3. **Technical Precision**: The climber shows precise hand and foot placement, which is crucial for maintaining balance and avoiding falls. They also demonstrate the ability to transition between different types of holds (e.g., slopers, crimps) smoothly, indicating a high level of technical proficiency.

Overall, the climber's consistent performance across various aspects of climbing suggests that they are an intermediate expert. They have likely spent considerable time practicing and refining their skills, allowing them to perform the route with confidence and precision.",Intermediate Expert,False,"The climber in the video appears to be at an intermediate expert level based on the following observations:

1. **Body Alignment**: The climber demonstrates good body alignment throughout the climb. They maintain a strong core and use their body weight effectively to distribute force across the holds. This suggests a high level of control and understanding of proper climbing mechanics.

2. **Movement Fluency**: The climber's movements are fluid and efficient. There is no hesitation or unnecessary motion, indicating a high degree of practice and familiarity with the route. The transitions between different types of holds (e.g., edge, crimp, and volume) are smooth, which is characteristic of an intermediate expert climber.

3. **Technical Precision**: The climber shows precise hand placement and footwork. They select the most appropriate hold for each step and adjust their grip and stance accordingly. The use of both hands and feet in a coordinated manner further indicates a strong grasp of technical skills.

While the climber exhibits advanced techniques and a high level of proficiency, there may still be room for improvement in certain aspects such as speed or dynamic movement. However, overall, the climber's technique and performance suggest they are well beyond a novice level and have reached an intermediate expert stage in their climbing journey.",Intermediate Expert,False
4401cdfe-a383-4116-b1ed-1783b2e0ae7e,uniandes_bouldering_036_4,Late Expert,"The climber in the video appears to be at an intermediate expert level based on the following observations:

1. **Body Alignment**: The climber demonstrates good body alignment throughout the climb. They maintain a strong core and use their body weight effectively to navigate the wall. The climber's feet are positioned correctly for each grip, and they adjust their body posture to reach the next hold efficiently.

2. **Movement Fluency**: The climber's movements are fluid and controlled. There are no abrupt or jerky motions, indicating a high level of comfort and familiarity with the climbing technique. The transitions between holds are smooth, suggesting that the climber has practiced this route before and knows how to execute it efficiently.

3. **Technical Precision**: The climber shows excellent technical precision. They select the right handholds and footholds with care, ensuring that each move is deliberate and calculated. The climber's grip strength and foot placement are well-timed, allowing them to progress steadily up the wall without unnecessary effort.

Overall, the climber's technique is consistent with someone who has a solid understanding of climbing principles and has likely spent considerable time practicing similar routes. While there may still be room for improvement, the climber's performance suggests they are well on their way to becoming an intermediate expert.",Intermediate Expert,False,"The climber appears to be at an intermediate expert level based on the following observations:

1. **Body Alignment**: The climber demonstrates good body alignment throughout the climb. They maintain proper posture and use their core strength effectively to distribute weight and balance.

2. **Movement Fluency**: The climber's movements are fluid and controlled. There is no hesitation or awkwardness in transitioning between holds, indicating a high level of comfort and familiarity with the climbing route.

3. **Technical Precision**: The climber shows excellent technical precision by selecting appropriate handholds and footholds, ensuring each grip is secure before moving to the next hold. They also adjust their body position to optimize leverage and efficiency.

Overall, the climber's consistent performance across various aspects of climbing suggests they have reached an intermediate expert level. However, there may still be room for improvement in certain areas, such as speed or specific techniques, which could elevate them to late expert status with further practice and refinement.",Late Expert,True
d33f338c-bebc-44a7-b3bb-17849a0fc068,uniandes_bouldering_037_49,Late Expert,"The climber in the video appears to be at an intermediate expert level based on the following observations:

1. **Body Alignment**: The climber demonstrates good body alignment throughout the climb. They maintain proper posture and use their core strength effectively to distribute weight and balance. This indicates a high level of control and understanding of climbing mechanics.

2. **Movement Fluency**: The climber's movements are fluid and efficient. There is no hesitation or unnecessary motion, suggesting that they have developed a natural rhythm and flow in their climbing technique. This fluency is characteristic of someone who has practiced extensively and has a good grasp of the climbing principles.

3. **Technical Precision**: The climber shows precise hand and foot placement, which is crucial for maintaining stability and progress up the wall. They also demonstrate the ability to transition between holds smoothly, indicating a strong understanding of the route and the technical aspects of the climb.

Overall, the climber's consistent performance across these frames suggests a high level of skill and experience. They exhibit the characteristics of an intermediate expert climber who can execute complex routes with confidence and precision.",Intermediate Expert,False,"Novice

The climber's movements appear to be uncoordinated and lack fluidity, indicating a novice level of skill. The climber struggles with maintaining proper body alignment and technical precision, as evidenced by the frequent need for readjustment and the overall lack of smoothness in their climbing style.",Novice,False
e0e7a1f3-3420-4ae2-88fb-666ac9d5cbdc,uniandes_bouldering_033_27,Late Expert,"The climber in the video appears to be at an intermediate expert level based on the following observations:

1. **Body Alignment**: The climber demonstrates good body alignment throughout the climb. They maintain a strong core and use their body weight effectively to navigate the holds. This indicates a high level of control and understanding of proper climbing techniques.

2. **Movement Fluency**: The climber's movements are fluid and efficient. There are no signs of hesitation or awkwardness in their transitions between holds. This suggests that they have practiced and refined their climbing skills over time.

3. **Technical Precision**: The climber shows a high degree of technical precision. They select the right handholds and footholds with care, ensuring each move is deliberate and calculated. This level of precision is characteristic of climbers who have developed a deep understanding of the routes and the best way to tackle them.

Overall, the climber's consistent performance across these frames, combined with their ability to execute complex moves with ease, points towards an intermediate expert level of skill. However, it's important to note that this assessment is based on a limited number of frames and a single route. A more comprehensive evaluation would require observing the climber on multiple routes and under varying conditions.",Intermediate Expert,False,"The climber appears to be at an intermediate expert level based on the following observations:

1. **Body Alignment**: The climber demonstrates good body alignment throughout the climb. They maintain proper posture and use their core strength effectively to distribute weight and balance. This indicates a high level of control and understanding of fundamental climbing principles.

2. **Movement Fluency**: The climber's movements are fluid and efficient. There is no hesitation or unnecessary motion, suggesting that they have developed a natural rhythm and timing in their climbing style. This fluency is characteristic of someone who has practiced extensively and has a good grasp of the mechanics involved in climbing.

3. **Technical Precision**: The climber shows a high degree of technical precision. They select appropriate holds with care, ensuring that each grip is secure before moving on to the next hold. This attention to detail and the ability to execute complex moves accurately point towards a strong foundation in climbing techniques.

Overall, the climber's consistent performance across various aspects of climbing—alignment, fluency, and technical execution—suggests that they are well beyond a novice level and have reached an intermediate expert status. However, there may still be room for further refinement and improvement as they continue to develop their skills.",Intermediate Expert,False
d2268823-4c4b-4036-b313-a27083db529d,uniandes_bouldering_037_2,Intermediate Expert,"The climber in the video appears to be at an intermediate expert level based on the following observations:

1. **Body Alignment**: The climber demonstrates good body alignment throughout the climb. They maintain a strong core and use proper foot placement and hand positioning to navigate the holds effectively. This indicates a high level of control and understanding of the climbing technique.

2. **Movement Fluency**: The climber's movements are fluid and efficient. There are no signs of hesitation or awkwardness in their transitions between holds. This suggests that they have practiced the route multiple times and have a good grasp of the sequence of moves required.

3. **Technical Precision**: The climber shows precise hand and foot placements, which is crucial for maintaining balance and avoiding falls. They also demonstrate the ability to read the wall and choose the most efficient path up, indicating a good understanding of the climbing principles involved.

Overall, the climber's consistent performance across the frames suggests they have reached an intermediate expert level in rock climbing. They exhibit a high degree of technical proficiency and physical control, which are hallmarks of someone who has dedicated significant time and effort to mastering the sport.",Intermediate Expert,True,"Novice

The person in the video appears to be a novice climber based on their body alignment and movement fluency. Their movements seem uncoordinated and lack fluidity, indicating that they may not have much experience with climbing. The technical precision is also lacking as they struggle to find the right handholds and footholds, which suggests that they are still developing their skills. Overall, the person's technique seems to be at a beginner level, and they would benefit from more practice and guidance to improve their climbing abilities.",Novice,False
a237c7f1-4189-4f28-9a7d-233a976976d6,uniandes_bouldering_036_47,Late Expert,"The climber in the video appears to be at an intermediate expert level based on the following observations:

1. **Body Alignment**: The climber demonstrates good body alignment throughout the climb. They maintain a strong core and use proper foot placement, which suggests they have a solid understanding of fundamental climbing techniques.

2. **Movement Fluency**: The climber's movements appear fluid and controlled. There are no abrupt or jerky motions, indicating a high level of comfort and familiarity with the route. This fluency is characteristic of someone who has practiced the route multiple times and has developed muscle memory for the specific sequence of moves.

3. **Technical Precision**: The climber shows precise hand and foot placements, especially when transitioning between holds. They also demonstrate good balance and timing, which are crucial for maintaining control during challenging sections of the climb. The ability to execute complex moves with accuracy suggests a high level of technical proficiency.

Overall, the climber's consistent form, smooth transitions, and precise technique indicate that they are well beyond a novice level and have likely reached an intermediate expert status. However, without seeing more advanced routes or climbs, it's difficult to determine if they are approaching late expert territory.",Late Expert,True,"The climber appears to be at an intermediate expert level based on the following observations:

1. **Body Alignment**: The climber demonstrates good body alignment, maintaining proper posture and positioning throughout the climb. This suggests a level of familiarity with the techniques required for climbing.

2. **Movement Fluency**: The movements appear fluid and controlled, indicating a high degree of practice and comfort with the climbing environment. The climber transitions between holds smoothly without hesitation or awkwardness.

3. **Technical Precision**: The climber exhibits precise hand placement and grip strength, which are crucial for maintaining balance and momentum during the climb. The use of different types of holds (crimps, jugs, and slopers) shows a good understanding of the techniques involved in bouldering.

While there may still be room for improvement in certain aspects of technique or efficiency, the overall performance indicates that the climber has developed a solid foundation in climbing skills and is well on their way to becoming an expert.",Intermediate Expert,False
3c519043-4e93-4f5e-b521-3b27c235c17c,uniandes_bouldering_024_6,Novice,"The climber in the video appears to be at an intermediate expert level based on the following observations:

1. **Body Alignment**: The climber demonstrates good body alignment throughout the climb. They maintain a strong core and use their body weight effectively to navigate the holds. This suggests a high level of control and understanding of proper climbing techniques.

2. **Movement Fluency**: The climber's movements are fluid and efficient. There are no abrupt or jerky motions, indicating a high degree of practice and familiarity with the route. The transitions between holds are smooth, which is characteristic of someone who has climbed similar routes before.

3. **Technical Precision**: The climber shows precise hand placement and footwork. They select the right holds for each move and adjust their body position accordingly. This level of technical precision is indicative of someone who has developed a strong foundation in climbing skills and is able to apply them consistently.

Overall, the climber's body alignment, movement fluency, and technical precision suggest that they have reached an intermediate expert level. However, it's important to note that this assessment is based on a single video clip, and further observation over time would provide a more comprehensive evaluation of their skill level.",Intermediate Expert,False,"The climber in the video appears to be at an intermediate expert level based on the following observations:

1. **Body Alignment**: The climber demonstrates good body alignment throughout the climb. They maintain proper posture and use their core strength effectively to distribute weight and balance. This indicates a high level of control and understanding of climbing mechanics.

2. **Movement Fluency**: The climber's movements are fluid and efficient. There is no hesitation or unnecessary motion, suggesting that they have developed a natural rhythm and flow in their climbing technique. This fluency is characteristic of someone who has practiced extensively and has a good grasp of the climbing principles.

3. **Technical Precision**: The climber shows a high degree of technical precision in their selection and use of holds. They are able to identify the best handholds and footholds for each move, indicating a strong understanding of the climbing routes and the importance of choosing the right grip. The climber also demonstrates good hand placement and foot positioning, which are crucial for maintaining stability and momentum during the climb.

Overall, the climber's consistent performance across various holds and techniques suggests that they have reached an intermediate expert level. They exhibit a solid foundation in climbing skills and are likely capable of tackling more challenging routes with confidence. However, there may still be room for improvement in specific areas, such as speed climbing or problem-solving, depending on the climber's goals and aspirations.",Intermediate Expert,False
ea71122a-5318-4c39-9207-10eb0fe6e668,uniandes_bouldering_025_14,Novice,"The individual in the video appears to be a novice or early expert climber based on the following observations:

1. **Body Alignment**: The climber's body alignment seems to be inconsistent and not fully optimized for climbing efficiency. For instance, in some frames, the climber's posture is not ideal, with the body leaning too far forward or backward, which can lead to inefficient use of energy and increased risk of falling.

2. **Movement Fluency**: The climber's movements appear somewhat stiff and ungraceful. There is a lack of fluidity in the transitions between different handholds and footholds, suggesting that the climber may still be developing their coordination and muscle memory.

3. **Technical Precision**: While the climber is making progress by reaching higher holds, there is room for improvement in technical precision. The climber's grip strength and hand placement could be more refined, as seen in some frames where the climber struggles to maintain balance or secure a hold.

Overall, the climber demonstrates basic understanding and execution of climbing techniques but lacks the refinement and fluency typically associated with intermediate or advanced climbers. Therefore, the skill level appears to be at the novice or early expert stage.",Early Expert,False,"Novice

The climber appears to be a novice based on the following observations:

1. Body Alignment: The climber's body alignment seems off, as they are not maintaining proper posture and balance while climbing. This suggests that they lack the necessary strength and control to maintain a stable position.

2. Movement Fluency: The climber's movements appear to be slow and uncoordinated, indicating a lack of familiarity with the climbing techniques and the ability to perform them smoothly and efficiently.

3. Technical Precision: The climber's technique is not precise, as they are not using the correct hand and foot placements or gripping techniques. This suggests that they have not yet mastered the fundamental skills required for climbing.

Overall, the climber's technique and performance indicate that they are still in the early stages of learning and developing their climbing skills. They may benefit from additional practice and guidance to improve their body alignment, movement fluency, and technical precision.",Novice,True
ef362c0f-063b-4aeb-af18-d15f0c0a949d,uniandes_bouldering_029_8,Early Expert,"The climber appears to be at the Intermediate Expert level based on the following observations:

1. **Body Alignment**: The climber maintains good body alignment throughout the climb, which is crucial for efficient movement and safety. This indicates a high level of technical proficiency.

2. **Movement Fluency**: The climber demonstrates fluid and controlled movements, suggesting they have developed a good sense of rhythm and timing in their climbing technique. This fluency is characteristic of climbers who have practiced extensively and refined their skills.

3. **Technical Precision**: The climber shows precise hand placements and footwork, indicating a strong understanding of the technical aspects of climbing. They are able to select appropriate holds and maintain balance effectively, which is indicative of intermediate expertise.

Overall, the climber's consistent form, smooth movements, and technical accuracy suggest that they possess a solid foundation in climbing techniques and are likely at the Intermediate Expert level. However, without seeing more advanced climbs or observing their progression over time, it's challenging to determine if they are approaching late expert levels.",Late Expert,False,"The climber in the video appears to be at an intermediate expert level based on the following observations:

1. **Body Alignment**: The climber demonstrates good body alignment throughout the climb. They maintain a strong core and use their body weight effectively to distribute force across the holds. This suggests a high level of control and understanding of proper climbing mechanics.

2. **Movement Fluency**: The climber's movements are fluid and efficient. There is no hesitation or unnecessary motion, indicating a high degree of practice and familiarity with the route. The transitions between holds are smooth, showing a well-honed technique.

3. **Technical Precision**: The climber exhibits precise hand placement and footwork. They select the most suitable holds for each position and adjust their grip and stance accordingly. The use of different types of holds (e.g., slopers, crimps) is executed with confidence and accuracy.

Overall, the climber's consistent form, efficient movement, and technical proficiency suggest they have reached an intermediate expert level. However, there may still be room for further refinement and improvement as they continue to develop their skills.",Intermediate Expert,False
74d47f9d-6264-4407-b9f0-9facc320c938,uniandes_bouldering_035_37,Early Expert,"The climber in the video appears to be at an intermediate expert level based on the following observations:

1. **Body Alignment**: The climber demonstrates good body alignment throughout the climb. They maintain a strong core and use proper foot placement and hand positioning to navigate the holds effectively. This indicates a high level of control and understanding of the climbing principles.

2. **Movement Fluency**: The climber's movements are fluid and efficient. There are no abrupt or jerky motions, suggesting that they have developed a natural rhythm and timing for climbing. This fluency is characteristic of someone who has practiced extensively and has a good grasp of the techniques required for climbing.

3. **Technical Precision**: The climber shows a high degree of technical precision. They select the right holds with care and execute each move with accuracy. This includes using the correct grip types (crimps, jugs, etc.) and maintaining a balanced body position. The ability to make these precise choices quickly and confidently is a hallmark of an intermediate expert climber.

Overall, the climber's consistent form, smooth movements, and technical proficiency suggest that they are well beyond a novice level but not yet at the highest levels of expertise. Therefore, the skill level can be classified as Intermediate Expert.",Intermediate Expert,False,"Novice

The climber appears to be a novice based on the following observations:

1. Body Alignment: The climber's body alignment seems off, as they are not maintaining proper posture and balance while climbing. This suggests that they may lack the necessary strength and coordination to maintain a stable position.

2. Movement Fluency: The climber's movements appear to be somewhat stiff and uncoordinated. They seem to be struggling with finding the right handholds and footholds, which indicates that they might not have enough practice or experience in rock climbing.

3. Technical Precision: The climber's technique is not precise, as they are not using the correct climbing techniques such as using the correct handholds and footholds, maintaining a good grip, and using their body weight effectively. This suggests that they need more practice and guidance to improve their technical skills.

Overall, the climber's technique and body alignment indicate that they are still at a novice level and would benefit from more practice and guidance to improve their skills.",Novice,False
297d0185-6f12-4664-b53c-c5fc4054d680,uniandes_bouldering_022_20,Intermediate Expert,"The climber in the video appears to be at an intermediate expert level based on the following observations:

1. **Body Alignment**: The climber demonstrates good body alignment throughout the climb. They maintain a strong core and use proper foot placement and hand positioning to navigate the holds effectively. This indicates a high level of control and understanding of the climbing principles.

2. **Movement Fluency**: The climber's movements are fluid and efficient. There are no abrupt or jerky motions, suggesting that they have developed a natural rhythm and timing for climbing. This fluency is characteristic of someone who has practiced extensively and has a good grasp of the techniques required for the route.

3. **Technical Precision**: The climber shows a high degree of technical precision. They select the right holds with care, place their feet and hands accurately, and adjust their body position to optimize their reach and leverage. This level of precision is indicative of an intermediate expert climber who can execute complex moves with confidence.

Overall, the climber's consistent performance across various frames suggests a solid foundation in climbing skills, which aligns with the intermediate expert level. However, it's important to note that this assessment is based on a limited number of frames, and a more comprehensive evaluation would require observing the climber over a longer period or on different routes.",Intermediate Expert,True,"Novice

The climber's movements appear to be uncoordinated and lack fluidity, indicating a novice level of skill. The climber struggles with maintaining proper body alignment and technical precision, as evidenced by the inconsistent hand placement and difficulty in transitioning between holds. The climber also seems to be relying heavily on visual cues rather than developing a sense of spatial awareness and muscle memory, which are essential for more advanced climbers. Overall, the climber's technique suggests they are still in the early stages of learning and developing the necessary skills for climbing.",Novice,False
599fccf2-b3c2-4eaf-95b2-0749fe66ef4c,uniandes_bouldering_027_114,Novice,"The individual in the video appears to be a novice or early expert in rock climbing based on the following observations:

1. **Body Alignment**: The climber's body alignment seems somewhat basic and unrefined. There is no indication of advanced techniques such as dynamic movement, efficient weight distribution, or precise foot placement that would be expected from someone with more experience.

2. **Movement Fluency**: The movements appear slow and deliberate, lacking the fluidity and grace typically seen in more experienced climbers. This suggests that the climber may still be developing their technique and muscle memory.

3. **Technical Precision**: While the climber is making progress by reaching for holds, there is room for improvement in terms of technical precision. The hand and foot placements seem less than optimal, and the overall approach to the climb does not demonstrate a high level of technical expertise.

Given these observations, it is reasonable to conclude that the climber is at a novice or early expert level. They have some understanding of the basics but lack the refined skills and techniques required for intermediate or late expert levels.",Late Expert,False,"Novice

The climber appears to be at the novice level based on the following observations:

1. Body Alignment: The climber's body alignment seems off, as they are not maintaining proper posture and balance while climbing. This suggests that they may not have a strong understanding of the correct techniques for climbing.

2. Movement Fluency: The climber's movements appear to be somewhat hesitant and uncoordinated. They seem to be struggling with finding the right handholds and footholds, which indicates that they lack fluency in their climbing technique.

3. Technical Precision: The climber's technique lacks precision, as they are not using the appropriate handholds and footholds effectively. This suggests that they may not have a solid foundation in the basic climbing techniques and may need more practice to improve their skills.

Overall, the climber's technique and performance suggest that they are still at the novice level and would benefit from more practice and guidance to develop their skills further.",Novice,True
947ac112-6848-49aa-8cac-aece95145e0d,uniandes_bouldering_026_72,Novice,"The person in the video appears to be a novice or early expert in bouldering. Here's my reasoning:

1. **Body Alignment**: The individual seems to be struggling with maintaining proper body alignment while climbing. In the video, they are often seen leaning or shifting their weight awkwardly, which can lead to inefficient use of energy and increased risk of injury.

2. **Movement Fluency**: The movements appear somewhat stiff and ungraceful. There is a lack of fluidity in their transitions between different holds and positions. This suggests that they may not have developed the necessary muscle memory and coordination required for more advanced techniques.

3. **Technical Precision**: While the person is attempting to climb, there are noticeable errors in their technique. For example, they seem to be using incorrect hand placements or not utilizing the full range of motion available at each hold. This indicates a need for more practice and instruction to improve their technical skills.

Overall, based on these observations, the person's skill level appears to be at the novice or early expert stage. They would benefit from additional training and guidance to refine their technique and build a stronger foundation in bouldering.",Early Expert,False,"The climber in the video appears to be at an intermediate expert level based on the following observations:

1. **Body Alignment**: The climber demonstrates good body alignment throughout the climb. They maintain a straight line from head to toe, which is crucial for efficient movement and balance. This indicates a high level of control and understanding of proper climbing techniques.

2. **Movement Fluency**: The climber's movements are fluid and controlled. There are no abrupt or jerky motions, suggesting that they have developed a natural rhythm and timing for climbing. This fluency is indicative of someone who has practiced extensively and has a good grasp of the mechanics involved in climbing.

3. **Technical Precision**: The climber shows precise hand and foot placement, which is essential for maintaining stability and progress up the wall. They are able to select the right holds and transitions between them with confidence, indicating a strong understanding of the technical aspects of climbing.

Overall, the climber's consistent form, smooth movements, and technical proficiency suggest that they are well beyond a novice level and have likely reached an intermediate to late expert stage in their climbing journey. However, without seeing more advanced climbs or more varied routes, it's difficult to definitively place them at the highest expert levels.",Late Expert,False
4f3ad258-3d8e-430e-88be-d3f6d1db4e90,uniandes_bouldering_033_33,Intermediate Expert,"The climber in the video appears to be at an intermediate expert level based on the following observations:

1. **Body Alignment**: The climber demonstrates good body alignment throughout the climb. They maintain a straight line from head to toe, which is essential for efficient movement and balance. This indicates a high level of control and understanding of proper climbing techniques.

2. **Movement Fluency**: The climber's movements are fluid and controlled. There are no abrupt or jerky motions, suggesting that they have developed a good sense of rhythm and timing. This fluency is characteristic of someone who has practiced extensively and has a solid grasp of the mechanics involved in climbing.

3. **Technical Precision**: The climber shows precise hand and foot placement, which is crucial for maintaining stability and progress up the wall. They appear to be using the correct techniques for each hold, indicating a strong foundation in climbing skills. The use of the right hand and foot placements suggests a level of technical proficiency.

Overall, the climber's consistent body alignment, fluent movements, and precise technical execution point towards an intermediate expert level of skill. However, it's important to note that this assessment is based on a single video clip, and further observation over time would provide a more comprehensive evaluation of their skill level.",Intermediate Expert,True,"The climber appears to be at the Intermediate Expert level based on the following observations:

1. **Body Alignment**: The climber demonstrates good body alignment throughout the climb. They maintain proper posture and use their core strength effectively to distribute weight and balance.

2. **Movement Fluency**: The climber's movements are fluid and controlled. There is no hesitation or awkwardness in their transitions between holds, indicating a high level of comfort and familiarity with the climbing route.

3. **Technical Precision**: The climber exhibits precise hand placement and footwork. They select the most suitable holds for each step and adjust their grip and stance accordingly. The use of different types of holds (e.g., slopers, crimps) is executed with confidence and accuracy.

Overall, the climber's technique is well-developed, and they exhibit a strong understanding of climbing principles. However, there may still be room for improvement in certain aspects, such as increasing speed or efficiency, which could elevate them to a Late Expert level.",Late Expert,False
00f50674-1f3c-4847-ab4a-fa2f0f113987,uniandes_bouldering_022_33,Novice,"The climber in the video appears to be at an intermediate expert level based on the following observations:

1. **Body Alignment**: The climber demonstrates good body alignment throughout the climb. They maintain a strong core and use proper foot placement and hand positioning to navigate the holds effectively. This indicates a high level of control and understanding of the climbing technique.

2. **Movement Fluency**: The climber's movements are fluid and efficient. There is no hesitation or unnecessary motion, suggesting that they have a good grasp of the route and can execute it with ease. This fluency is characteristic of someone who has practiced the route multiple times and has developed muscle memory for the specific sequence of moves.

3. **Technical Precision**: The climber shows precise hand and foot placement, which is crucial for maintaining balance and avoiding falls. They also demonstrate the ability to transition between different types of holds (e.g., slopers, crimps) smoothly, indicating a high level of technical proficiency.

Overall, the climber's consistent performance across various frames suggests that they have a solid foundation in climbing techniques and are likely at an intermediate expert level. However, without more information about their overall experience and training history, it's difficult to determine if they are a novice, early expert, late expert, or somewhere in between.",Late Expert,False,"The climber in the video appears to be at an intermediate expert level based on the following observations:

1. **Body Alignment**: The climber demonstrates good body alignment throughout the climb. They maintain a strong core and use their body weight effectively to distribute force across the holds. This suggests a high level of control and understanding of proper climbing mechanics.

2. **Movement Fluency**: The climber's movements are fluid and efficient. There is no hesitation or unnecessary motion, indicating a high degree of practice and familiarity with the route. The transitions between different types of holds (e.g., edge, crimp, and volume) are smooth, which is characteristic of an intermediate expert climber.

3. **Technical Precision**: The climber shows precise hand placement and footwork. They consistently reach for the next hold with accuracy, ensuring that each grip is secure before moving on. This level of technical precision is indicative of someone who has spent considerable time practicing and refining their skills.

Overall, the climber's consistent form, efficient movement, and technical proficiency suggest they are an intermediate expert. However, it's important to note that this assessment is based on a single video clip, and further observation over multiple climbs would provide a more comprehensive evaluation of their skill level.",Intermediate Expert,False
73853c96-b212-4c0c-840b-521bf4db7109,uniandes_bouldering_032_28,Intermediate Expert,"The climber in the video appears to be at an intermediate expert level based on the following observations:

1. **Body Alignment**: The climber demonstrates good body alignment throughout the climb. They maintain a strong core and use their body weight effectively to navigate the wall. This indicates a high level of control and understanding of proper climbing techniques.

2. **Movement Fluency**: The climber's movements are fluid and efficient. There are no abrupt or jerky motions, suggesting that they have developed a natural rhythm and timing for climbing. This fluency is characteristic of someone who has practiced extensively and has a good grasp of the mechanics involved in climbing.

3. **Technical Precision**: The climber shows a high degree of technical precision. They make calculated decisions about which holds to grip and how to position their body to achieve the best leverage. This level of precision is indicative of someone who has studied and practiced climbing techniques thoroughly.

Overall, the climber's consistent performance across various aspects of climbing (body alignment, movement fluency, and technical precision) suggests that they are an intermediate expert. However, it's important to note that this assessment is based on a single video clip, and further observation over time would provide a more comprehensive evaluation of their skill level.",Intermediate Expert,True,"The climber appears to be at an intermediate expert level based on the following observations:

1. **Body Alignment**: The climber demonstrates good body alignment throughout the climb. They maintain proper posture and use their core strength effectively to distribute weight and balance. This indicates a high level of control and understanding of body mechanics.

2. **Movement Fluency**: The movements appear fluid and well-coordinated. The climber transitions between holds smoothly without hesitation or unnecessary adjustments. This suggests a high degree of practice and familiarity with the climbing route.

3. **Technical Precision**: The climber shows precise hand placement and foot positioning. They select the most efficient holds for each move, indicating a strong grasp of technical climbing principles. The use of different types of holds (crimps, jugs, slopers) is executed with confidence and accuracy.

Overall, the climber's consistent performance across various aspects of climbing—alignment, fluency, and technical execution—points towards an intermediate expert level. However, there may still be room for further refinement in certain areas to reach late expert status.",Late Expert,False
00e60518-37eb-47ea-bc82-eefa572ffc8c,uniandes_bouldering_029_65,Intermediate Expert,"The person in the video appears to be a novice or early expert in rock climbing. Here's my reasoning:

1. **Body Alignment**: The climber seems to be in the early stages of learning proper climbing techniques. Their body positioning and movements suggest they might not have fully mastered the necessary balance and coordination required for more advanced climbing.

2. **Movement Fluency**: The climber's movements appear somewhat stiff and uncoordinated. This could indicate that they are still developing their muscle memory and understanding of the climbing mechanics.

3. **Technical Precision**: The climber's technique looks basic, with no signs of advanced climbing skills such as dynamic movement, efficient weight transfer, or precise hand placement. They seem to be focusing more on reaching the next hold rather than optimizing their movements.

Overall, based on these observations, the person's skill level appears to be at the novice or early expert stage. They may benefit from further practice and instruction to improve their body alignment, movement fluency, and technical precision.",Early Expert,False,"Novice

The climber appears to be a novice based on the following observations:

1. Body Alignment: The climber's body alignment seems off, as they are not maintaining proper posture and balance while climbing. This suggests that they lack the necessary strength and control to maintain a stable position.

2. Movement Fluency: The climber's movements appear to be slow and uncoordinated, indicating a lack of familiarity with the climbing techniques and the wall's layout. This suggests that they are still in the early stages of learning and developing their skills.

3. Technical Precision: The climber's technique seems to be lacking in terms of precision. They are not using the holds effectively, and their hand placement and foot positioning do not seem to be optimized for efficient climbing. This further supports the idea that they are a novice climber.

Overall, the climber's technique and performance suggest that they are still in the early stages of learning and developing their skills. They may benefit from more practice and guidance to improve their body alignment, movement fluency, and technical precision.",Novice,False
2915318c-1440-4a50-aced-d39ddc433ffd,uniandes_bouldering_030_26,Late Expert,"The climber in the video appears to be at an intermediate expert level based on the following observations:

1. **Body Alignment**: The climber demonstrates good body alignment throughout the climb. They maintain proper posture and use their body effectively to reach for holds, which suggests they have a solid understanding of climbing mechanics.

2. **Movement Fluency**: The climber's movements appear fluid and controlled. There are no abrupt or jerky motions, indicating that they have developed a good sense of rhythm and timing while climbing.

3. **Technical Precision**: The climber shows a high level of technical proficiency by successfully navigating the route with precise hand and foot placements. They are able to transition between different types of holds (e.g., slopers, crimps) without hesitation, which is indicative of a strong technical foundation.

Overall, the climber's consistent performance across various aspects of climbing suggests they possess intermediate expertise. However, there may still be room for improvement in certain areas, such as increasing speed or developing more advanced techniques.",Intermediate Expert,False,"The climber in the video appears to be at an intermediate expert level based on the following observations:

1. **Body Alignment**: The climber demonstrates good body alignment throughout the climb. They maintain proper posture and use their core strength effectively to distribute weight and balance. This indicates a high level of control and understanding of climbing mechanics.

2. **Movement Fluency**: The climber's movements are fluid and efficient. There is no hesitation or unnecessary motion, suggesting that they have developed a natural rhythm and flow in their climbing technique. This fluency is characteristic of someone who has practiced extensively and has a good grasp of the climbing principles.

3. **Technical Precision**: The climber shows a high degree of technical precision. They select appropriate holds with care and execute each move with accuracy. The ability to read the wall and choose the right handholds and footholds is evident, which is a hallmark of an intermediate expert climber.

Overall, the climber's consistent performance across various aspects of climbing—alignment, fluency, and technical execution—points towards an intermediate expert level. However, it's important to note that this assessment is based on a limited number of frames and a specific climbing route. For a more comprehensive evaluation, observing the climber over a longer period or on different routes would provide a more accurate picture of their skill level.",Intermediate Expert,False
8eba5dea-598c-4884-a242-493868d74b9a,uniandes_bouldering_033_12,Late Expert,"The climber in the video appears to be at an intermediate expert level based on the following observations:

1. **Body Alignment**: The climber demonstrates good body alignment throughout the climb. They maintain a strong core and use their body weight effectively to navigate the holds. Their feet are positioned correctly for balance, and they adjust their body posture as needed to reach the next hold.

2. **Movement Fluency**: The climber's movements are fluid and controlled. There are no abrupt or jerky motions, indicating a high level of comfort and familiarity with the climbing technique. The transitions between different holds are smooth, suggesting that the climber has practiced this route before.

3. **Technical Precision**: The climber shows excellent technical precision. They select the right handholds and footholds with care, ensuring that each move is deliberate and calculated. The climber's grip strength and foot placement are well-timed, allowing them to progress steadily up the wall without any unnecessary movements.

Overall, the climber's technique is consistent with someone who has reached an intermediate expert level. They have developed a strong foundation in climbing fundamentals and are able to apply these skills effectively while maintaining a high level of control and precision. However, there may still be room for improvement in certain areas, such as increasing speed or exploring more challenging routes.",Intermediate Expert,False,"The climber appears to be at the Intermediate Expert level based on the following observations:

1. **Body Alignment**: The climber demonstrates good body alignment throughout the climb. They maintain proper posture and use their core strength effectively to distribute weight and balance. This indicates a strong understanding of fundamental climbing principles.

2. **Movement Fluency**: The climber's movements are fluid and efficient. There is no hesitation or unnecessary motion, suggesting that they have developed a natural rhythm in their climbing style. This fluency is characteristic of climbers who have practiced extensively and refined their techniques.

3. **Technical Precision**: The climber shows a high level of technical proficiency. They select appropriate holds with precision and execute transitions between them smoothly. The use of different handholds and footholds is well-coordinated, indicating a deep understanding of the route and its specific challenges.

Overall, the climber's consistent performance across various aspects of climbing—alignment, fluency, and technical execution—points towards an Intermediate Expert level of skill. However, it's important to note that this assessment is based on a limited number of frames and may not fully capture the full range of the climber's abilities.",Intermediate Expert,False
515cb254-42d5-4107-bf65-f17eb654d6b2,uniandes_bouldering_025_81,Novice,"The climber in the video appears to be at an intermediate expert level based on the following observations:

1. **Body Alignment**: The climber maintains good body alignment throughout the climb. They are able to distribute weight effectively and maintain proper posture, which is crucial for efficient climbing.

2. **Movement Fluency**: The climber demonstrates fluid movements, transitioning between holds with ease. This indicates a high level of comfort and familiarity with the route, suggesting they have practiced similar climbs before.

3. **Technical Precision**: The climber shows precise hand and foot placement, selecting the correct holds and using them efficiently. They also adjust their body position to optimize leverage and balance, which is indicative of a strong understanding of climbing techniques.

Overall, the climber's consistent form, smooth transitions, and technical proficiency suggest that they are well-versed in the sport and likely have a significant amount of experience. Therefore, I would classify their skill level as Intermediate Expert.",Intermediate Expert,False,"The climber in the video appears to be at an intermediate expert level based on the following observations:

1. **Body Alignment**: The climber demonstrates good body alignment throughout the climb. They maintain a straight line with their body, ensuring that their center of gravity remains close to the wall. This is crucial for efficient movement and stability.

2. **Movement Fluency**: The climber's movements are fluid and controlled. There are no abrupt or jerky actions, indicating a high level of comfort and familiarity with the climbing techniques being used. The transitions between holds are smooth, suggesting a well-practiced routine.

3. **Technical Precision**: The climber shows a high degree of technical precision. They select appropriate handholds and footholds with care, ensuring that each grip is secure before moving to the next hold. The use of different types of holds (e.g., slopers, crimps) is executed with accuracy, demonstrating a strong understanding of the climbing principles.

Overall, the climber's consistent form, fluid movements, and precise technique indicate an intermediate expert level of skill. However, it's important to note that this assessment is based on a single video clip, and further observation over time would provide a more comprehensive evaluation of the climber's abilities.",Intermediate Expert,False
b39b5e50-0271-42f2-a6ad-e9a3973f6f59,uniandes_bouldering_027_58,Novice,"The climber in the video appears to be at an intermediate expert level based on the following observations:

1. **Body Alignment**: The climber demonstrates good body alignment throughout the climb. They maintain a strong core, which is essential for efficient movement and control. The climber's posture is upright, with their back straight, and they adjust their weight distribution effectively as they move up the wall.

2. **Movement Fluency**: The climber's movements are fluid and controlled. There is no hesitation or awkwardness in their transitions between holds. The climber's arm and leg movements are well-coordinated, indicating a high level of practice and familiarity with the climbing technique.

3. **Technical Precision**: The climber shows a high degree of technical precision. They select appropriate handholds and footholds with care, ensuring that each step is secure before moving forward. The climber's grip strength and foot placement appear consistent with someone who has practiced this type of climbing extensively.

Overall, the climber's technique is well-developed, and they exhibit a high level of skill and control. However, there may still be room for improvement in certain aspects, such as increasing speed or efficiency in specific moves. Given these factors, I would classify the climber as an intermediate expert.",Intermediate Expert,False,"Novice

The climber appears to be at the novice level based on the following observations:

1. **Body Alignment**: The climber's body alignment seems inconsistent and lacks proper form. The climber's feet do not appear to be positioned correctly for efficient climbing, which can lead to inefficient use of energy and increased risk of injury.

2. **Movement Fluency**: The climber's movements seem uncoordinated and lack fluidity. There is no clear indication of a smooth transition between hand and foot placements, suggesting that the climber may still be developing their technique.

3. **Technical Precision**: The climber's technique appears to be lacking in terms of precision. The climber's hand and foot placements do not seem to be deliberate or intentional, indicating a lack of familiarity with the climbing wall's layout and the correct techniques required for efficient climbing.

Overall, the climber's technique suggests they are still in the early stages of learning and developing their skills. They would benefit from more practice and guidance to improve their body alignment, movement fluency, and technical precision.",Novice,True
ded44860-08c8-48a6-bdc1-6fed5fbb2ca8,uniandes_bouldering_034_21,Early Expert,"The climber in the video appears to be at an intermediate expert level based on the following observations:

1. **Body Alignment**: The climber demonstrates good body alignment throughout the climb. They maintain a strong core and use proper foot placement and hand positioning to navigate the holds effectively. This indicates a high level of control and understanding of the climbing technique.

2. **Movement Fluency**: The climber's movements are fluid and efficient. There are no signs of hesitation or awkwardness in their transitions between holds. This suggests that they have practiced the route before and are comfortable with the sequence of moves required.

3. **Technical Precision**: The climber shows precise hand and foot placement, which is crucial for maintaining balance and avoiding falls. They also demonstrate good body rotation and reach, indicating a solid grasp of the technical aspects of climbing.

Overall, the climber's consistent performance across different frames suggests a high level of skill and experience. They appear to be well-versed in the techniques necessary for successful climbing and are able to execute them with ease and confidence. Therefore, I would classify this climber as an Intermediate Expert.",Intermediate Expert,False,"Novice

The climber appears to be a novice based on the following observations:

1. Body Alignment: The climber's body alignment seems off, as they are not maintaining proper posture and balance while climbing. This suggests that they lack the necessary strength and control to maintain a stable position.

2. Movement Fluency: The climber's movements appear to be slow and uncoordinated, indicating a lack of familiarity with the climbing techniques and the ability to perform them smoothly and efficiently.

3. Technical Precision: The climber's technique is not precise, as they are not using the correct handholds and footholds to climb effectively. This suggests that they have not yet mastered the essential climbing skills required for success in the sport.

Overall, the climber's performance indicates that they are still in the early stages of learning and developing their climbing skills. They may benefit from additional practice and guidance to improve their technique and build confidence in their abilities.",Novice,False
78eb1fd3-fd40-45b2-a322-75bf823917ce,uniandes_bouldering_034_8,Early Expert,"The climber in the video appears to be at an intermediate expert skill level based on the following observations:

1. **Body Alignment**: The climber demonstrates good body alignment throughout the climb. They maintain a strong core and use proper foot placement and hand positioning to navigate the holds effectively. This indicates a solid understanding of fundamental climbing techniques.

2. **Movement Fluency**: The climber's movements are fluid and controlled. There are no abrupt or jerky motions, suggesting that they have developed a good sense of rhythm and timing while climbing. This fluency is characteristic of someone who has practiced and refined their technique over time.

3. **Technical Precision**: The climber shows a high level of technical precision by consistently selecting the right holds and using them efficiently. They also adjust their body position and grip strength as needed, which is indicative of a well-developed understanding of the climbing route and its specific challenges.

While the climber exhibits a high degree of skill, there may still be room for improvement in certain areas. For instance, the climber could potentially enhance their speed and efficiency further, but overall, the performance suggests an intermediate expert level of proficiency.",Intermediate Expert,False,"Novice

The climber's movements appear to be uncoordinated and lack fluidity, indicating a novice level of skill. The climber struggles with maintaining balance and proper body alignment while climbing the wall. Technical precision is also lacking as the climber frequently misjudges hand placements and foot placements, resulting in frequent falls or near-falls. Overall, the climber's technique is inconsistent and requires significant improvement before progressing to more advanced levels of climbing.",Novice,False
4d46b132-1c9e-404d-86fd-f7fc1dd4c320,uniandes_bouldering_034_65,Early Expert,"The person in the video appears to be a novice or early expert in rock climbing. Here's my reasoning:

1. **Body Alignment**: The individual seems to be in the process of learning proper climbing techniques. Their body positioning and movements suggest they might not have fully mastered the necessary balance and coordination required for more advanced climbing.

2. **Movement Fluency**: The movements appear somewhat stiff and uncoordinated. This indicates that the person may still be developing their muscle memory and fluidity in executing climbing maneuvers.

3. **Technical Precision**: While the person is attempting to climb, there are noticeable errors in technique. For instance, the use of the wrong hand or foot placement, which could lead to inefficient climbing and potential safety risks.

4. **Overall Skill Level**: Given the lack of fluency and precision in their movements, it is likely that the person is at an early stage in their climbing journey. They may benefit from additional practice and guidance to improve their technique and overall skill level.

In conclusion, based on the observed body alignment, movement fluency, and technical precision, the person's skill level appears to be at the novice or early expert stage.",Early Expert,True,"Novice

The individual in the video appears to be a novice climber based on several observations:

1. **Body Alignment**: The climber's body alignment seems off, particularly in the initial frames where they are preparing to climb. Their posture and positioning suggest they may not have a strong understanding of proper climbing techniques.

2. **Movement Fluency**: The movements appear somewhat stiff and uncoordinated. There is no fluidity or grace in their actions, which is typical for someone who is still learning the basics of rock climbing.

3. **Technical Precision**: Technical precision is lacking as well. The climber seems to be struggling with finding the right handholds and footholds, indicating a lack of familiarity with the climbing wall layout and the specific techniques required for each section.

Overall, the climber's technique and body control are not yet refined, suggesting that they are at an early stage in their climbing journey. They would benefit from more practice and instruction to improve their skills.",Novice,False
503cc92d-7052-44ff-a21d-da6c4a5d6927,uniandes_bouldering_028_52,Intermediate Expert,"The climber appears to be at the Intermediate Expert level based on the following observations:

1. **Body Alignment**: The climber demonstrates good body alignment throughout the climb. They maintain a strong core and use proper foot placement, which suggests they have a solid understanding of fundamental climbing techniques.

2. **Movement Fluency**: The climber's movements appear fluid and controlled. There are no abrupt or jerky motions, indicating a high level of comfort and familiarity with the route. This fluency is characteristic of someone who has practiced extensively and can execute moves with ease.

3. **Technical Precision**: The climber shows precise hand and foot placements, especially when reaching for holds that require careful selection. This level of technical precision is indicative of someone who has developed a strong foundation in climbing skills and can apply them consistently.

Overall, the climber's performance reflects a high degree of skill and experience, making the Intermediate Expert level a reasonable assessment. However, without seeing more advanced routes or climbs, it's challenging to determine if they are approaching the Late Expert level.",Late Expert,False,"Novice

The climber appears to be at the novice level based on the following observations:

1. Body Alignment: The climber's body alignment seems off, as they are not maintaining proper posture and balance while climbing. This suggests that they may lack the necessary strength and control to maintain a stable position.

2. Movement Fluency: The climber's movements appear to be somewhat hesitant and uncoordinated. They seem to be struggling with finding the right handholds and footholds, which indicates a lack of familiarity with the climbing wall and its features.

3. Technical Precision: The climber's technique is not precise, as they are not using the correct climbing techniques for the given route. They are relying more on luck than skill to find the right holds and make progress up the wall.

Overall, the climber's performance suggests that they are still in the early stages of learning how to climb and need more practice and guidance to improve their skills.",Novice,False
490ba87f-dec2-421d-89ae-365b07059004,uniandes_bouldering_029_74,Early Expert,"The person appears to be a novice or early expert in rock climbing based on the following observations:

1. **Body Alignment**: The climber seems to be in the process of learning proper climbing techniques. Their body posture and positioning suggest they might not have fully mastered the necessary balance and coordination required for efficient climbing.

2. **Movement Fluency**: The climber's movements appear somewhat stiff and uncoordinated. This could indicate that they are still developing their muscle memory and understanding of the climbing mechanics.

3. **Technical Precision**: The climber's technique looks basic, with no signs of advanced climbing skills such as dynamic movement, efficient weight transfer, or precise hand placement. They seem to be focusing more on reaching the next hold rather than optimizing their movements.

Overall, the climber's technique suggests they are at an early stage in their development, possibly a novice or early expert. They may benefit from additional practice and guidance to improve their body alignment, movement fluency, and technical precision.",Early Expert,True,"The climber in the video appears to be at an intermediate expert level based on the following observations:

1. **Body Alignment**: The climber demonstrates good body alignment throughout the climb. They maintain a straight line from head to toe, which is crucial for efficient movement and balance. This indicates a high level of control and understanding of proper climbing techniques.

2. **Movement Fluency**: The climber's movements are fluid and well-coordinated. There are no abrupt or jerky motions, suggesting that they have developed a natural rhythm and timing for climbing. This fluency is indicative of someone who has practiced extensively and has a good grasp of the mechanics involved in climbing.

3. **Technical Precision**: The climber shows precise hand and foot placement, selecting the right holds with care and accuracy. This attention to detail is essential for successful climbing and suggests a strong foundation in technical skills. The climber also seems to be able to adapt their technique to different types of holds, which is a hallmark of intermediate expertise.

Overall, the climber's consistent form, smooth movements, and technical proficiency point towards an intermediate expert level. However, it's important to note that this assessment is based on a single video clip, and further observation over time would provide a more comprehensive evaluation of their skill level.",Intermediate Expert,False
55a046e6-11d2-4860-a2a4-305e84f87c95,uniandes_bouldering_032_75,Intermediate Expert,"The climber in the video appears to be at an intermediate expert level based on the following observations:

1. **Body Alignment**: The climber demonstrates good body alignment throughout the climb. They maintain a straight line from head to toe, which is essential for efficient movement and balance. This indicates a high level of control and understanding of proper climbing techniques.

2. **Movement Fluency**: The climber's movements are fluid and controlled. There are no abrupt or jerky motions, suggesting that they have developed a natural rhythm and timing for climbing. This fluency is characteristic of someone who has practiced extensively and has a good grasp of the mechanics involved in climbing.

3. **Technical Precision**: The climber shows precise hand and foot placement, which is crucial for maintaining stability and progress up the wall. They appear to be using the correct techniques for reaching and gripping holds, indicating a strong foundation in climbing skills. The use of the rope and harness also suggests proficiency in safety measures.

Overall, the climber's consistent form, smooth movements, and technical execution point towards an intermediate expert level. However, it's important to note that this assessment is based on a single video clip, and further observation over time would provide a more comprehensive evaluation of their skill level.",Intermediate Expert,True,"The climber appears to be at the Intermediate Expert level based on the following observations:

1. **Body Alignment**: The climber demonstrates good body alignment throughout the climb. They maintain proper posture and use their core strength effectively to distribute weight and balance. This indicates a high level of control and understanding of climbing mechanics.

2. **Movement Fluency**: The climber's movements are fluid and efficient. There is no hesitation or unnecessary motion, suggesting that they have developed a natural rhythm and flow in their climbing technique. This fluency is characteristic of climbers who have practiced extensively and refined their skills over time.

3. **Technical Precision**: The climber shows a high degree of technical precision in their hand and foot placement. They select appropriate holds with care and execute each move with accuracy. This level of precision is indicative of someone who has a strong foundation in climbing techniques and can apply them consistently.

Overall, the climber's body alignment, movement fluency, and technical precision suggest that they possess intermediate expertise in rock climbing. They demonstrate a solid understanding of the sport and have likely spent considerable time honing their skills. However, there may still be room for further refinement and improvement as they continue to develop their abilities.",Intermediate Expert,True
20339f53-7bb2-4b2f-9829-8b1317c7aefe,uniandes_bouldering_034_37,Early Expert,"The person in the video appears to be a novice or early expert climber based on their technique and body alignment.

Here's my reasoning:

1. **Body Alignment**: The climber's body alignment seems to be inconsistent throughout the video. At times, they appear to be leaning too far forward or backward, which can lead to instability and increased risk of falling. This suggests that they may still be developing proper body positioning for climbing.

2. **Movement Fluency**: The climber's movements seem somewhat stiff and ungraceful at times. There are moments where their movements appear to lack fluidity, indicating that they might not have fully mastered the coordination required for efficient climbing.

3. **Technical Precision**: While the climber does attempt to grip the holds correctly, there are instances where their technique could be improved. For example, their hand placement and foot positioning do not always align with optimal climbing principles. This suggests that they may still be refining their technical skills.

Overall, considering these observations, I would classify the climber as a novice or early expert. They demonstrate some basic understanding of climbing techniques but require further practice and refinement to achieve intermediate or late expert levels of performance.",Late Expert,False,"Novice

The climber appears to be at the novice level based on the following observations:

1. **Body Alignment**: The climber's body alignment seems inconsistent and lacks proper form. The climber's feet do not appear to be positioned correctly for efficient climbing, which can lead to inefficient use of energy and increased risk of injury.

2. **Movement Fluency**: The climber's movements seem uncoordinated and lack fluidity. There is no clear indication of a smooth transition between hand and foot placements, suggesting that the climber may still be developing their technique.

3. **Technical Precision**: The climber's technique appears to be lacking in terms of precision. The climber's hand and foot placements do not seem to be deliberate or intentional, indicating a lack of familiarity with the climbing wall's layout and the best routes to take.

Overall, the climber's technique suggests they are still in the early stages of learning and developing their skills. They would benefit from more practice and guidance to improve their body alignment, movement fluency, and technical precision.",Novice,False
e5342798-15e1-496a-877e-599c41e661d2,uniandes_bouldering_030_61,Late Expert,"Novice

The climber's body alignment and movement fluency appear to be inconsistent and uncoordinated. The climber seems to struggle with maintaining proper form and balance while climbing the wall. Technical precision is also lacking as the climber frequently loses grip or balance, resulting in a less efficient climbing style. Overall, the climber's technique suggests they are still developing their skills and may benefit from more practice and guidance.",Novice,False,"Novice

The climber appears to be a novice based on the following observations:

1. Body Alignment: The climber's body alignment seems off, as they are not maintaining proper posture and balance while climbing. This suggests that they may lack the necessary strength and control to maintain a stable position.

2. Movement Fluency: The climber's movements appear to be somewhat stiff and uncoordinated. They seem to be struggling with finding the right handholds and footholds, which indicates that they might not have enough experience or practice in climbing.

3. Technical Precision: The climber's technique is not precise, as they are not using the correct climbing techniques for the given route. They seem to be relying more on luck than skill, which is typical for a novice climber.

Overall, the climber's technique and body alignment suggest that they are still in the early stages of learning how to climb and would benefit from more practice and guidance.",Novice,False
13187fc4-b19c-44c2-96c4-d6516e80e8c6,uniandes_bouldering_022_49,Novice,"The climber appears to be at the Intermediate Expert level based on the following observations:

1. **Body Alignment**: The climber demonstrates good body alignment throughout the climb. They maintain a strong core and use their body weight effectively to navigate the holds. This indicates a high level of control and understanding of proper climbing techniques.

2. **Movement Fluency**: The climber's movements are fluid and efficient. There are no signs of hesitation or awkwardness in their transitions between holds. This suggests that they have practiced these routes before and have a good sense of rhythm and timing.

3. **Technical Precision**: The climber shows precise hand placement and footwork. They are able to select the most effective holds for each move, which is a hallmark of intermediate to advanced climbers. The climber also demonstrates good balance and control, especially when transitioning between different types of holds (e.g., slopers, crimps).

While the climber may not yet be at the highest levels of technical mastery or speed, their overall performance suggests a solid foundation in climbing skills. They are likely comfortable with the route and can execute it with confidence and precision.",Intermediate Expert,False,"Novice

The climber appears to be at the novice level based on the following observations:

1. Body Alignment: The climber's body alignment seems off, as they are not maintaining proper posture and balance while climbing. This suggests that they may lack the necessary strength and control to maintain a stable position.

2. Movement Fluency: The climber's movements appear to be somewhat hesitant and uncoordinated. They seem to be struggling with finding the right handholds and footholds, which indicates a lack of familiarity with the climbing wall and its features.

3. Technical Precision: The climber's technique is not precise, as they are not using the correct climbing techniques for the given route. They are relying more on luck than skill to find the right holds and make progress up the wall.

Overall, the climber's performance suggests that they are still in the early stages of learning how to climb and need more practice and guidance to improve their skills.",Novice,True
541fd573-8687-496a-8351-aa30f2524bd3,uniandes_bouldering_022_13,Novice,"The climber in the video appears to be at an intermediate expert level based on the following observations:

1. **Body Alignment**: The climber demonstrates good body alignment throughout the climb. They maintain a strong core and use their body weight effectively to navigate the holds. This indicates a high level of control and understanding of proper climbing techniques.

2. **Movement Fluency**: The climber's movements are fluid and efficient. There is no hesitation or unnecessary motion, suggesting that they have a good grasp of the route and can execute it with ease. This fluency is characteristic of someone who has practiced the route multiple times and has developed muscle memory for the specific sequence of moves.

3. **Technical Precision**: The climber shows precise hand placement and footwork. They select the correct holds and transition smoothly between them, indicating a strong understanding of the technical aspects of the climb. The climber also demonstrates the ability to adjust their grip and stance as needed, which is a hallmark of intermediate to advanced climbers.

Overall, the climber's consistent form, efficient movement, and technical proficiency suggest that they are an intermediate expert. They have likely climbed similar routes before and have developed the necessary skills to perform well on this particular wall. However, there may still be room for improvement in certain areas, such as speed or more complex moves, which could elevate their skill level to late expert status.",Late Expert,False,"The climber appears to be at the Intermediate Expert level based on the following observations:

1. **Body Alignment**: The climber demonstrates good body alignment throughout the climb. They maintain a straight line from head to toe, which is crucial for efficient movement and balance. This indicates a strong understanding of proper climbing techniques.

2. **Movement Fluency**: The climber's movements are fluid and controlled. There are no abrupt or jerky motions, suggesting that they have developed a good sense of rhythm and timing in their climbing. This fluency is indicative of intermediate-level skills where the climber can execute complex moves with ease.

3. **Technical Precision**: The climber shows a high degree of technical precision. They are able to select and use the appropriate holds with accuracy, indicating a solid grasp of the different types of holds and how to apply them effectively. The climber also demonstrates good hand-eye coordination, as evidenced by their ability to reach and grip various holds accurately.

Overall, the climber's consistent body alignment, fluent movements, and precise technical execution suggest that they are at the Intermediate Expert level. They have likely spent considerable time practicing and refining their skills, allowing them to perform well in more challenging routes while maintaining control and efficiency.",Intermediate Expert,False
daebd508-2c03-4304-ad6e-44be5672755c,uniandes_bouldering_028_34,Intermediate Expert,"The individual in the video appears to be at an intermediate expert skill level based on the following observations:

1. **Body Alignment**: The climber maintains good body alignment throughout the climb. Her posture is upright and her movements are controlled, indicating a solid understanding of proper climbing techniques.

2. **Movement Fluency**: The climber demonstrates fluid and efficient movements as she ascends the wall. There are no abrupt or jerky motions, suggesting that she has developed a good sense of rhythm and timing.

3. **Technical Precision**: The climber shows precise hand and foot placement, which is crucial for maintaining balance and avoiding falls. She also uses her body effectively to distribute weight and leverage, demonstrating a high level of technical proficiency.

Overall, the climber's consistent form, smooth movements, and technical accuracy suggest that she has reached an intermediate expert level in rock climbing. However, there may still be room for further refinement and improvement in specific areas, such as speed and efficiency, depending on the context of the climb and the individual's goals.",Intermediate Expert,True,"The climber in the video appears to be at an intermediate expert level based on the following observations:

1. **Body Alignment**: The climber demonstrates good body alignment throughout the climb. They maintain a straight line from head to toe, which is crucial for efficient movement and balance. This indicates a high level of control and understanding of proper climbing techniques.

2. **Movement Fluency**: The climber's movements are fluid and well-coordinated. There are no abrupt or jerky motions, suggesting that they have developed a natural rhythm and timing in their climbing. This fluency is indicative of someone who has practiced extensively and has a good grasp of the mechanics involved in climbing.

3. **Technical Precision**: The climber shows a high degree of technical precision. They select appropriate holds with care, ensuring that each grip is secure before moving to the next hold. This attention to detail is essential for maintaining safety and efficiency during a climb. The climber also uses their feet effectively, shifting weight and positioning them correctly to support their ascent.

Overall, the climber's consistent form, smooth movements, and precise technique suggest that they have reached an intermediate expert level. They demonstrate a strong foundation in climbing skills and are likely capable of tackling more challenging routes with confidence. However, there may still be room for further refinement and improvement as they continue to develop their skills.",Intermediate Expert,True
da19130e-ef5e-4255-9080-f714a618f934,uniandes_bouldering_030_29,Late Expert,"Novice

The person in the video appears to be a novice climber based on several observations:

1. **Body Alignment**: The climber's body alignment seems off, particularly during the initial climb. The posture and positioning suggest they may not have a strong understanding of proper climbing techniques.

2. **Movement Fluency**: The movements appear somewhat stiff and uncoordinated. There is a lack of fluidity in the transitions between different climbing techniques, indicating that the climber might still be developing their muscle memory and coordination.

3. **Technical Precision**: Technical precision is lacking as well. The climber seems to struggle with finding the right handholds and footholds, which is evident from the hesitant and slow progression up the wall. This suggests that they may not yet have a solid grasp of the specific techniques required for this particular route.

Overall, the climber's technique and overall performance indicate that they are at a novice level. They would benefit from more practice and guidance to improve their skills and develop better body alignment, movement fluency, and technical precision.",Novice,False,"Novice

The person in the video appears to be a novice climber based on their body alignment and movement fluency. Their movements seem uncoordinated and lack fluidity, indicating that they may not have much experience with rock climbing. The technical precision seems to be lacking as well, suggesting that they might be struggling with the specific techniques required for climbing. Overall, the person's performance suggests that they are still in the early stages of learning and developing their skills in rock climbing.",Novice,False
5a87d794-6b64-4287-b212-5142aefeefa2,uniandes_bouldering_032_21,Intermediate Expert,"The climber in the video appears to be at an intermediate expert level based on the following observations:

1. **Body Alignment**: The climber demonstrates good body alignment throughout the climb. They maintain a strong core and use their legs effectively for support while reaching for holds. Their posture suggests they have a good understanding of how to distribute weight and balance during the climb.

2. **Movement Fluency**: The climber's movements appear fluid and controlled. There are no abrupt or jerky motions, indicating a high level of comfort and familiarity with the climbing techniques being used. This fluency is characteristic of someone who has practiced extensively and has developed a natural rhythm in their climbing style.

3. **Technical Precision**: The climber shows a high degree of technical precision. They select appropriate handholds and footholds with care, ensuring that each move is deliberate and calculated. The way they transition between different types of holds (e.g., edge, crimp, and slopers) indicates a solid grasp of the fundamental techniques required for bouldering.

Overall, the climber's consistent form, smooth transitions, and precise execution suggest they possess a strong foundation in climbing skills. While there may still be room for improvement in certain aspects, such as further refining specific techniques or increasing speed, the video showcases a climber who is well on their way to becoming an intermediate expert.",Intermediate Expert,True,"The climber appears to be at an intermediate expert level based on the following observations:

1. **Body Alignment**: The climber demonstrates good body alignment throughout the climb. They maintain proper posture and use their core strength effectively to distribute weight and balance. This indicates a high level of control and understanding of fundamental climbing principles.

2. **Movement Fluency**: The climber's movements are fluid and efficient. There is no hesitation or unnecessary motion, suggesting that they have developed a natural rhythm and timing in their climbing style. This fluency is characteristic of someone who has practiced extensively and has a good grasp of the mechanics involved in climbing.

3. **Technical Precision**: The climber shows a high degree of technical precision in their hand and foot placement. They select appropriate holds with care and execute transitions between them smoothly. This level of technical proficiency is indicative of an intermediate expert climber who can adapt to different routes and challenges.

Overall, the climber's consistent performance across various aspects of climbing suggests they possess a solid foundation and are well on their way to becoming a late expert climber. However, there may still be room for further refinement and improvement in specific areas as they continue to develop their skills.",Late Expert,False
efe3c403-3719-4276-b1b1-0492f93a8397,uniandes_bouldering_023_44,Novice,"The climber appears to be at the Intermediate Expert level based on the following observations:

1. **Body Alignment**: The climber demonstrates good body alignment throughout the climb. They maintain a strong core and use proper posture, which is essential for efficient climbing. The climber's feet are positioned correctly, and their body is aligned with the wall, indicating a high level of control and understanding of body mechanics.

2. **Movement Fluency**: The climber's movements are fluid and controlled. There is no hesitation or awkwardness in their actions, suggesting that they have practiced and refined their technique over time. The transitions between holds are smooth, and the climber seems to have a good sense of rhythm and timing.

3. **Technical Precision**: The climber exhibits a high degree of technical precision. They select appropriate handholds and footholds, and their grip and foot placement are accurate. The climber's ability to read the wall and choose the best route is evident, as they navigate the climbing surface with confidence and skill.

Overall, the climber's body alignment, movement fluency, and technical precision suggest that they possess intermediate-level expertise in rock climbing. While there may still be room for improvement, the climber demonstrates a solid foundation and a strong understanding of the sport.",Intermediate Expert,False,"The climber appears to be at the Intermediate Expert level based on the following observations:

1. **Body Alignment**: The climber demonstrates good body alignment throughout the climb. They maintain a straight line from head to toe, which is crucial for efficient movement and balance. This indicates a strong understanding of proper climbing techniques.

2. **Movement Fluency**: The climber's movements are fluid and controlled. There are no abrupt or jerky motions, suggesting that they have developed a natural rhythm in their climbing style. This fluency is indicative of intermediate-level skills where the climber has honed their technique over time.

3. **Technical Precision**: The climber shows a high degree of technical precision. They select appropriate holds with care, ensuring each grip is secure before moving to the next hold. This attention to detail is characteristic of climbers who have reached an intermediate level and are refining their craft.

Overall, the climber's consistent form, smooth movements, and precise technique point towards an Intermediate Expert level of skill. However, there may still be room for further refinement and improvement as they continue to develop their abilities.",Intermediate Expert,False
2aaaca24-108a-437e-ab9a-bc3e8d65fcdf,uniandes_bouldering_024_60,Novice,"The climber in the video appears to be at an intermediate expert level based on the following observations:

1. **Body Alignment**: The climber maintains good body alignment throughout the climb. They are able to distribute their weight effectively and use their core strength to maintain stability. This suggests a high level of control and understanding of proper climbing techniques.

2. **Movement Fluency**: The climber's movements are fluid and efficient. There is no hesitation or unnecessary motion, indicating that they have a good grasp of the route and can execute it with ease. This fluency is characteristic of someone who has practiced the route multiple times and has developed muscle memory for the specific sequence of moves.

3. **Technical Precision**: The climber demonstrates precise hand and foot placement, which is crucial for maintaining balance and avoiding falls. They also show good use of body mechanics, such as using their core to transfer weight and adjust their center of gravity. These technical skills are indicative of an intermediate expert level, where the climber can perform complex routes with accuracy and consistency.

Overall, the climber's body alignment, movement fluency, and technical precision suggest that they are an intermediate expert. They have a solid foundation in climbing techniques and are capable of executing challenging routes with confidence and skill. However, there may still be room for improvement in certain areas, such as increasing speed or developing more advanced techniques for specific sections of the route.",Intermediate Expert,False,"The climber appears to be at the Intermediate Expert level based on the following observations:

1. **Body Alignment**: The climber demonstrates good body alignment throughout the climb. They maintain proper posture and use their core strength effectively to distribute weight and balance.

2. **Movement Fluency**: The climber's movements are fluid and controlled. There is no hesitation or awkwardness in transitioning between holds, indicating a high level of comfort and familiarity with the climbing techniques.

3. **Technical Precision**: The climber shows excellent technical precision by selecting the right handholds and footholds, ensuring each grip is secure before moving to the next one. They also adjust their body position to optimize leverage and efficiency.

Overall, the climber exhibits a strong foundation in climbing skills, making them an Intermediate Expert. However, they may still benefit from refining specific techniques or challenging themselves with more complex routes to progress towards the Late Expert level.",Late Expert,False
7b7365da-5cef-4fbc-8c9b-ab2987fddf0f,uniandes_bouldering_025_16,Novice,"The individual in the video appears to be a novice or early expert climber based on the following observations:

1. **Body Alignment**: The climber seems to lack proper body alignment and core engagement. The posture suggests that they might not have a strong foundation in climbing techniques, which is crucial for maintaining balance and efficiency.

2. **Movement Fluency**: The movements appear somewhat uncoordinated and hesitant. There is a lack of fluidity in transitioning between holds, indicating that the climber may still be developing their muscle memory and understanding of the climbing mechanics.

3. **Technical Precision**: The climber's technique shows room for improvement. They seem to be struggling with grip strength and hand placement, as well as foot positioning. This suggests that they are not yet proficient in executing the necessary technical skills required for climbing.

Overall, the climber's technique indicates that they are at an early stage in their climbing journey. They would benefit from more practice and guidance to develop better body alignment, movement fluency, and technical precision.",Early Expert,False,"The climber appears to be at the Intermediate Expert level based on the following observations:

1. **Body Alignment**: The climber maintains good body alignment throughout the climb, with proper posture and weight distribution. This suggests a strong understanding of fundamental climbing techniques.

2. **Movement Fluency**: The movements appear fluid and controlled, indicating a high level of comfort and familiarity with the climbing wall. The climber transitions between holds smoothly without hesitation.

3. **Technical Precision**: The climber demonstrates precise hand and foot placement, selecting appropriate holds for each step. This shows a solid grasp of technical skills necessary for intermediate climbing.

While the climber exhibits advanced skills, there may still be room for improvement in certain areas such as speed or more complex routes. However, the overall performance indicates a high level of proficiency that aligns well with the Intermediate Expert category.",Intermediate Expert,False
aaf0d082-a972-4620-a1e9-5699023c9c77,uniandes_bouldering_022_62,Intermediate Expert,"The climber in the video appears to be at an intermediate expert level based on the following observations:

1. **Body Alignment**: The climber demonstrates good body alignment throughout the climb. They maintain a strong core and use proper foot placement, which suggests they have a solid understanding of the techniques required for climbing.

2. **Movement Fluency**: The climber's movements appear fluid and controlled. There are no abrupt or jerky motions, indicating that they have practiced and refined their technique over time. This fluency is characteristic of someone who has reached an intermediate level of expertise.

3. **Technical Precision**: The climber shows a high degree of technical precision. They select appropriate holds and make calculated decisions about their next move, which is indicative of a skilled climber. The use of both hands and feet effectively and efficiently is another sign of technical proficiency.

Overall, the climber's consistent form, smooth movements, and precise technique suggest that they are well beyond a novice level but not yet at the highest levels of expertise. Therefore, the skill level can be classified as Intermediate Expert.",Intermediate Expert,True,"The climber in the video appears to be at an intermediate expert skill level. Here's my reasoning:

1. **Body Alignment**: The climber demonstrates good body alignment throughout the climb. They maintain a straight line from head to toe, which is crucial for efficient movement and balance. This indicates a strong understanding of proper climbing techniques.

2. **Movement Fluency**: The climber's movements appear fluid and controlled. There are no abrupt or jerky motions, suggesting that they have developed a good sense of rhythm and timing. This fluency is indicative of someone who has practiced and refined their climbing skills over time.

3. **Technical Precision**: The climber shows a high level of technical precision. They select appropriate holds with care, ensuring that each grip is secure before moving on to the next one. This attention to detail is essential for successful climbing and suggests a solid foundation in technical knowledge.

Overall, the climber's consistent body alignment, fluent movements, and precise technique point towards an intermediate expert skill level. However, it's important to note that this assessment is based on a limited number of frames, so a more comprehensive evaluation would require observing the climber over a longer period.",Intermediate Expert,True
3f60a7dd-d004-4842-bdd0-2e112f554cd9,uniandes_bouldering_035_21,Early Expert,"The individual in the video appears to be a novice or early expert in rock climbing based on the following observations:

1. **Body Alignment**: The climber seems to be in the process of learning proper climbing techniques. Their body positioning and movements suggest they might not have fully mastered the necessary balance and coordination required for more advanced climbing.

2. **Movement Fluency**: The movements appear somewhat stiff and uncoordinated. This could indicate that the climber is still developing muscle memory and refining their technique. Advanced climbers typically exhibit fluid and efficient movements.

3. **Technical Precision**: The climber's technique shows room for improvement. There may be instances where the climber's hand placement or foot positioning is not optimal, which can lead to inefficient use of energy and increased risk of injury.

4. **Overall Performance**: The climber's performance suggests they are still in the early stages of learning and practicing rock climbing. They may benefit from additional instruction and practice to refine their skills and achieve greater proficiency.

In conclusion, the individual appears to be at a novice or early expert level, as they are still developing the necessary skills and techniques for rock climbing.",Early Expert,True,"The climber appears to be at the Intermediate Expert level based on the following observations:

1. **Body Alignment**: The climber demonstrates good body alignment throughout the climb. They maintain a straight line from head to toe, which is crucial for efficient movement and balance. This indicates a high level of control and understanding of proper climbing techniques.

2. **Movement Fluency**: The climber's movements are fluid and confident. There are no signs of hesitation or awkwardness in their transitions between holds. This suggests that they have practiced these routes before and have a good sense of rhythm and timing.

3. **Technical Precision**: The climber shows excellent technical precision. They are able to select the right handholds and footholds with ease, and their foot placement is secure and deliberate. This level of precision is indicative of someone who has spent considerable time refining their skills and understanding the nuances of the route.

Overall, the climber's consistent form, smooth movements, and precise technique suggest that they are well-versed in the sport and have reached an intermediate level of expertise. However, there may still be room for improvement in certain areas, such as increasing speed or adding more variety to their climbing style.",Intermediate Expert,False
34c5de08-c113-4213-82e0-50a6751d794b,uniandes_bouldering_036_48,Late Expert,"The climber in the video appears to be at an intermediate expert level based on the following observations:

1. **Body Alignment**: The climber demonstrates good body alignment throughout the climb. They maintain a strong core and use proper foot placement, which suggests they have a solid understanding of the techniques required for climbing.

2. **Movement Fluency**: The climber's movements appear fluid and controlled. There are no abrupt or jerky motions, indicating that they have practiced and refined their technique over time. This fluency is characteristic of someone who has reached an intermediate level of expertise.

3. **Technical Precision**: The climber shows a high degree of technical precision. They make deliberate choices about which holds to grip and how to position their body to efficiently navigate the route. This level of precision is typically seen in climbers who have developed a strong foundation in climbing techniques and are applying them consistently.

Overall, the climber's body alignment, movement fluency, and technical precision suggest that they are an intermediate expert. However, it's important to note that this assessment is based on a single video clip, and further observation would be needed to confirm their skill level more definitively.",Intermediate Expert,False,"The climber in the video appears to be at an intermediate expert level based on the following observations:

1. **Body Alignment**: The climber demonstrates good body alignment throughout the climb. They maintain a strong core and use their body weight effectively to distribute force across the holds. This indicates a high level of control and understanding of proper climbing mechanics.

2. **Movement Fluency**: The climber's movements are fluid and efficient. There is no hesitation or unnecessary motion, suggesting that they have developed a natural rhythm for climbing. This fluency is characteristic of someone who has practiced extensively and has a good grasp of the techniques required for climbing.

3. **Technical Precision**: The climber shows a high degree of technical precision. They select the right handholds and footholds with care, ensuring that each move is deliberate and calculated. This precision is evident in how they transition between different types of holds (e.g., edge, crimp, and volume) and how they maintain balance and stability.

Overall, the climber's consistent form, efficient movement, and precise technique suggest that they have reached an intermediate expert level. They demonstrate a solid foundation in climbing skills and are likely capable of tackling more challenging routes with confidence. However, there may still be room for further refinement and improvement in specific areas as they continue to develop their expertise.",Intermediate Expert,False
4f53ded9-6a79-4ea0-bc28-f93981f4db82,uniandes_bouldering_029_9,Early Expert,"The person in the video appears to be a novice or early expert in rock climbing. Here's my reasoning:

1. **Body Alignment**: The individual seems to be struggling with maintaining proper body alignment while climbing. Their posture and positioning suggest they may not have a strong understanding of the correct techniques for climbing efficiently.

2. **Movement Fluency**: The movements appear somewhat stiff and uncoordinated. There is a lack of fluidity in their actions, which indicates that they might still be developing their skills and learning how to move more naturally within the climbing environment.

3. **Technical Precision**: While the person is attempting to climb, there is room for improvement in terms of technical precision. They seem to be making mistakes in their hand placements and footwork, which could lead to inefficient climbing and potential injuries if not corrected.

Overall, based on these observations, I would classify the person as a novice or early expert in rock climbing. They have some basic understanding of the sport but need further practice and guidance to improve their skills and achieve greater proficiency.",Early Expert,True,"The climber appears to be at the Intermediate Expert level based on the following observations:

1. **Body Alignment**: The climber demonstrates good body alignment throughout the climb. They maintain a strong core and use their legs effectively for support, which is crucial for efficient climbing.

2. **Movement Fluency**: The climber's movements are fluid and controlled. There is no hesitation or awkwardness in transitioning between holds, indicating a high level of comfort and familiarity with the route.

3. **Technical Precision**: The climber shows excellent technical precision. They select appropriate handholds and footholds with care, ensuring each move is deliberate and secure. The use of different handholds and the ability to transition between them smoothly suggests a strong understanding of climbing techniques.

Overall, the climber's consistent performance across various aspects of climbing indicates they have reached an intermediate level of expertise.",Intermediate Expert,False
7ddc0933-b409-4c1d-96e6-0ecce0d68d9a,uniandes_bouldering_026_22,Novice,"The person in the video appears to be a novice or early expert climber based on the following observations:

1. **Body Alignment**: The climber's body alignment seems to be inconsistent and not optimized for climbing efficiency. For example, in some frames, the climber's legs are not properly positioned, which can lead to inefficient use of energy and increased risk of injury.

2. **Movement Fluency**: The climber's movements appear somewhat hesitant and unsmooth. This suggests that they may still be developing their technique and muscle memory, which is typical for beginners or early experts.

3. **Technical Precision**: While the climber is attempting to climb, there are noticeable errors in their technique. For instance, the climber seems to be struggling with hand placement and foot positioning, which are crucial elements of climbing. This indicates that they might need more practice and guidance to improve their technical skills.

Overall, the climber's technique and body alignment suggest that they are at an early stage in their climbing journey. They may benefit from additional training and coaching to refine their skills and develop better form.",Early Expert,False,"Novice

The climber's movements appear to be uncoordinated and lack fluidity, indicating a novice level of skill. The climber struggles with maintaining proper body alignment and technical precision, as evidenced by the inconsistent hand placement and difficulty in transitioning between holds. The climber also seems to be lacking in strength and endurance, as they struggle to maintain their grip and balance throughout the climb. Overall, the climber's technique is not yet refined, and there is room for significant improvement in terms of body alignment, movement fluency, and technical precision.",Novice,True
06846813-9b38-4177-9caa-2fdef34bd868,uniandes_bouldering_027_87,Novice,"The individual in the video appears to be a novice or early expert climber based on the following observations:

1. **Body Alignment**: The climber's body alignment seems somewhat off, as they are not maintaining a straight line with their spine and hips. This could indicate a lack of proper technique or experience.

2. **Movement Fluency**: The movements appear somewhat stiff and ungraceful. There is no fluidity in the transitions between different climbing techniques, which suggests that the climber may still be developing their skills.

3. **Technical Precision**: The climber's technique shows room for improvement. They seem to be struggling with certain hand placements and footwork, indicating a need for more practice and refinement.

Overall, the climber's technique and body alignment suggest that they are at an early stage in their climbing journey. They have some basic understanding of the sport but require further practice and guidance to improve their skills.",Early Expert,False,"Novice

The climber appears to be a novice based on the following observations:

1. Body Alignment: The climber's body alignment seems off, as they are not maintaining proper posture and balance while climbing. This suggests that they may not have a strong understanding of the correct techniques for climbing.

2. Movement Fluency: The climber's movements appear to be somewhat stiff and uncoordinated. They seem to be struggling with finding the right handholds and footholds, which indicates that they lack fluency in their climbing technique.

3. Technical Precision: The climber's technique lacks precision, as they are not using the appropriate climbing techniques to ascend the wall. For example, they are not using their core muscles effectively, which can lead to instability and difficulty in maintaining balance.

Overall, the climber's technique suggests that they are still in the early stages of learning how to climb and would benefit from more practice and guidance to improve their skills.",Novice,True
ab2d04c4-9952-4554-8047-f624b7703523,uniandes_bouldering_036_60,Intermediate Expert,"The climber in the video appears to be at an intermediate expert level based on the following observations:

1. **Body Alignment**: The climber demonstrates good body alignment throughout the climb. They maintain a strong core and use proper foot placement, which suggests they have a solid understanding of the techniques required for climbing.

2. **Movement Fluency**: The climber's movements appear fluid and controlled. There are no abrupt or jerky motions, indicating that they have practiced and refined their technique over time. This fluency is characteristic of someone who has reached an intermediate level of expertise.

3. **Technical Precision**: The climber shows a high degree of technical precision. They make deliberate choices about which holds to use and how to position their body to maximize efficiency and safety. This level of precision is typically seen in climbers who have developed a strong foundation in the fundamentals of climbing and are now focusing on refining their skills.

Overall, the climber's consistent form, smooth movements, and precise technique suggest that they are an intermediate expert. However, it's important to note that this assessment is based on a single video clip, and further observation would be needed to confirm their skill level more definitively.",Intermediate Expert,True,"Novice

The climber's body alignment appears to be off, as they are not maintaining proper posture and balance while climbing. Their movement seems uncoordinated and lacks fluidity, indicating a lack of experience. Technical precision is also lacking, as the climber struggles with grip and foot placement. Overall, the climber's technique suggests that they are still in the early stages of learning rock climbing.",Novice,False
55c0fbdf-e83e-44b2-ae04-a05cd1ac227e,uniandes_bouldering_032_66,Late Expert,"The climber in the video appears to be at an intermediate expert level based on the following observations:

1. **Body Alignment**: The climber demonstrates good body alignment throughout the climb. They maintain a straight line from head to toe, which is crucial for efficient movement and balance. This indicates a high level of control and understanding of proper climbing techniques.

2. **Movement Fluency**: The climber's movements are fluid and controlled. There are no abrupt or jerky motions, suggesting that they have developed a good sense of rhythm and timing. This fluency is indicative of someone who has practiced extensively and has a solid grasp of the mechanics involved in climbing.

3. **Technical Precision**: The climber shows precise hand and foot placement, which is essential for maintaining stability and progress up the wall. They appear to be using the correct techniques for each hold, such as undercling, overhang, and crimping, demonstrating a high level of technical proficiency.

Overall, the climber's consistent form, smooth movements, and precise technique suggest that they are well-versed in the fundamentals of climbing and have likely spent considerable time honing their skills. Therefore, it can be concluded that the climber is at an intermediate expert level.",Intermediate Expert,False,"The climber in the video appears to be at an intermediate expert level based on the following observations:

1. **Body Alignment**: The climber demonstrates good body alignment throughout the climb. They maintain a straight line with their body, ensuring that their center of gravity remains close to the wall. This helps in maintaining balance and efficiency while climbing.

2. **Movement Fluency**: The climber's movements are fluid and controlled. There is no hesitation or unnecessary movement, indicating a high level of comfort and familiarity with the climbing techniques. The transitions between holds are smooth, suggesting a well-practiced technique.

3. **Technical Precision**: The climber shows a high degree of technical precision. They select the right handholds and footholds with care, ensuring they are secure before moving onto the next hold. The use of different types of holds (e.g., slopers, crimps) is executed with accuracy, demonstrating a strong understanding of the climbing principles.

Overall, the climber's consistent performance across various holds and techniques indicates an intermediate expert level of skill. However, there may still be room for improvement in certain areas, such as increasing speed or adding more dynamic moves to their repertoire.",Intermediate Expert,False
54e52179-7f03-4a57-9b5b-bc526a89a33b,uniandes_bouldering_026_26,Intermediate Expert,"The climber in the video appears to be at an intermediate expert level based on the following observations:

1. **Body Alignment**: The climber demonstrates good body alignment throughout the climb. They maintain a strong core and use proper foot placement and hand positioning to navigate the holds effectively. This indicates a high level of control and understanding of the climbing technique.

2. **Movement Fluency**: The climber's movements are fluid and efficient. There are no signs of hesitation or awkwardness in their transitions between holds. This suggests that they have practiced the route before and are comfortable with the sequence of moves required.

3. **Technical Precision**: The climber shows precise hand and foot placement, which is crucial for maintaining balance and avoiding falls. They also demonstrate the ability to read the wall and choose the most efficient path up, indicating a good understanding of the climbing principles involved.

Overall, the climber's consistent performance across multiple frames suggests a high level of skill and experience. They appear to be well-versed in the techniques necessary for climbing at this level, making them an intermediate expert.",Intermediate Expert,True,"The climber in the video appears to be at an intermediate expert level based on the following observations:

1. **Body Alignment**: The climber demonstrates good body alignment throughout the climb. They maintain proper posture and use their core strength effectively to distribute weight and balance. This indicates a high level of control and understanding of climbing mechanics.

2. **Movement Fluency**: The climber's movements are fluid and efficient. There is no hesitation or unnecessary motion, suggesting that they have developed a natural rhythm and flow in their climbing style. This fluency is characteristic of someone who has practiced extensively and has a good grasp of the techniques required for climbing.

3. **Technical Precision**: The climber shows a high degree of technical precision. They select appropriate holds with care and execute each move with accuracy. This includes using the right hand and foot placement, as well as maintaining a strong grip on the holds. The climber's ability to transition between different types of holds (e.g., slopers, crimps) smoothly also points to a high level of technical proficiency.

Overall, the climber's consistent performance across various aspects of climbing suggests that they are an intermediate expert. They demonstrate a solid foundation in the fundamentals of climbing, combined with the ability to apply these skills in a dynamic and challenging environment.",Intermediate Expert,True
823628bf-e32c-4b93-9ec2-0c615eb6a999,uniandes_bouldering_024_32,Novice,"The climber in the video appears to be at an intermediate expert level based on the following observations:

1. **Body Alignment**: The climber demonstrates good body alignment throughout the climb. They maintain a strong core and use proper foot placement, which suggests they have a solid understanding of the techniques required for climbing.

2. **Movement Fluency**: The climber's movements appear fluid and controlled. There are no abrupt or jerky motions, indicating that they have practiced and refined their technique over time. This fluency is characteristic of someone who has reached an intermediate level of expertise.

3. **Technical Precision**: The climber shows a high degree of technical precision, particularly in their hand and foot placements. They seem to be able to select the most efficient holds and transitions between them, which is a hallmark of intermediate climbers who have developed a good sense of route finding and problem-solving skills.

While the climber may not yet be at the late expert level (which would involve even more advanced techniques and a higher degree of automation), the intermediate expert level is well-justified given the observed body alignment, movement fluency, and technical precision. The climber's performance suggests they have put in significant practice and have a good grasp of the fundamental climbing principles.",Late Expert,False,"The climber in the video appears to be at an intermediate expert level based on the following observations:

1. **Body Alignment**: The climber demonstrates good body alignment throughout the climb. They maintain a straight line from head to toe, which is essential for efficient movement and balance. This indicates a high level of control and understanding of proper climbing techniques.

2. **Movement Fluency**: The climber's movements are fluid and well-coordinated. There are no abrupt or jerky motions, suggesting that they have developed a natural rhythm and timing for climbing. This fluency is characteristic of someone who has practiced extensively and has a good grasp of the mechanics involved in climbing.

3. **Technical Precision**: The climber shows a high degree of technical precision in their hand and foot placements. They select appropriate holds and transition smoothly between them, indicating a strong understanding of the different types of holds and how to use them effectively. The climber also demonstrates good core strength and balance, as evidenced by their ability to maintain stability while moving up the wall.

Overall, the climber's consistent body alignment, fluent movements, and precise technical execution suggest that they possess an intermediate level of expertise in rock climbing. While there may still be room for improvement, the climber's performance in these areas indicates a solid foundation and a high level of skill.",Intermediate Expert,False
03cee26b-3f48-435c-a617-db1130410157,uniandes_bouldering_023_2,Early Expert,"The climber in the video appears to be at an intermediate expert level based on the following observations:

1. **Body Alignment**: The climber demonstrates good body alignment throughout the climb. Her core is engaged, and her movements are controlled, indicating a strong understanding of proper climbing techniques.

2. **Movement Fluency**: The climber's movements are fluid and efficient. She transitions between holds smoothly without unnecessary hesitation or struggle, suggesting she has a good grasp of the route and its challenges.

3. **Technical Precision**: The climber shows precise hand placement and footwork, especially when reaching for specific holds. Her ability to maintain balance and control while executing difficult moves indicates a high level of technical proficiency.

Overall, the climber's consistent form, smooth transitions, and technical accuracy suggest that she is well-versed in climbing techniques and is likely at an intermediate expert level. However, there may still be room for improvement in certain aspects of her technique, such as increasing speed or efficiency, which could elevate her to late expert status with further practice and experience.",Late Expert,False,"Novice

The climber's movements appear to be uncoordinated and lack fluidity, indicating a novice level of skill. The climber struggles with maintaining proper body alignment and technical precision, as evidenced by the inconsistent hand placement and difficulty in transitioning between holds. The climber also seems to be relying heavily on instinct rather than deliberate technique, which is typical for beginners. Overall, the climber's performance suggests they are still developing their skills and would benefit from more practice and guidance.",Novice,False
67afb15d-7cde-4c6d-8826-2fb9b9192b61,uniandes_bouldering_026_23,Novice,"The climber in the video appears to be at an intermediate expert level based on the following observations:

1. **Body Alignment**: The climber demonstrates good body alignment throughout the climb. They maintain a strong core and use proper foot placement, which suggests they have a solid understanding of fundamental climbing techniques.

2. **Movement Fluency**: The climber's movements appear fluid and controlled. There are no abrupt or jerky motions, indicating a high level of comfort and familiarity with the route. This fluency is characteristic of someone who has practiced extensively and can execute moves with ease.

3. **Technical Precision**: The climber shows precise hand and foot placements, especially when reaching for holds that require careful selection. This level of technical precision is indicative of someone who has developed a strong foundation in climbing skills and can apply them consistently.

Overall, the climber's technique is well-developed, and they exhibit a high degree of control and confidence. While there may still be room for improvement in certain aspects (e.g., speed or specific techniques), the intermediate expert level accurately reflects their current skill set.",Intermediate Expert,False,"Novice

The climber's body alignment appears to be off, as they are not maintaining proper posture and balance while climbing. Their movement seems uncoordinated and lacks fluidity, indicating a lack of experience. Technical precision is also lacking, as the climber struggles with grip selection and hand placement. Overall, the climber's technique suggests that they are still in the early stages of learning and developing their skills.",Novice,True
2d440a5d-6f5d-447f-b0d7-5227df11da5f,uniandes_bouldering_022_72,Novice,"The climber appears to be at the Intermediate Expert level based on the following observations:

1. **Body Alignment**: The climber demonstrates good body alignment throughout the climb. They maintain proper posture and use their core strength effectively to distribute weight and balance. This indicates a high level of control and understanding of body mechanics.

2. **Movement Fluency**: The climber's movements are fluid and efficient. There are no abrupt or jerky motions, suggesting that they have developed a natural rhythm in their climbing style. This fluency is indicative of intermediate expertise where the climber has honed their skills through practice.

3. **Technical Precision**: The climber shows a high degree of technical precision. They select appropriate holds with care and execute moves with accuracy. This includes reaching for specific holds and adjusting their grip and foot placement with precision, which is characteristic of an intermediate climber who can execute complex routes with confidence.

Overall, the climber's consistent form, smooth movements, and precise technique suggest they are well into their intermediate stage of development. They likely have a solid foundation in climbing fundamentals and are now focusing on refining their skills and tackling more challenging routes.",Intermediate Expert,False,"The climber in the video appears to be at an intermediate expert level based on the following observations:

1. **Body Alignment**: The climber demonstrates good body alignment throughout the climb. They maintain proper posture and use their core strength effectively to distribute weight and balance. This indicates a high level of control and understanding of climbing mechanics.

2. **Movement Fluency**: The climber's movements are fluid and efficient. There is no hesitation or unnecessary motion, suggesting that they have developed a natural rhythm and flow in their climbing technique. This fluency is characteristic of someone who has practiced extensively and has a good grasp of the climbing principles.

3. **Technical Precision**: The climber shows a high degree of technical precision in their selection and use of holds. They make calculated decisions about which hand and foot placements will provide the best leverage and stability. This level of precision is indicative of an intermediate expert climber who can adapt their technique to different climbing scenarios.

Overall, the climber's consistent performance across various holds and techniques suggests a strong foundation in climbing skills. While there may still be room for improvement in certain areas, the intermediate expert level accurately reflects the climber's current skill set.",Intermediate Expert,False
68308e20-76b7-4878-af8f-62e74c08e6d3,uniandes_bouldering_036_50,Late Expert,"The climber in the video appears to be at an intermediate expert level based on the following observations:

1. **Body Alignment**: The climber demonstrates good body alignment throughout the climb. They maintain a strong core and use proper foot placement and hand positioning to navigate the wall effectively. This indicates a high level of control and understanding of climbing techniques.

2. **Movement Fluency**: The climber's movements are fluid and efficient. There are no signs of hesitation or awkwardness in their transitions between holds. This suggests that they have practiced these routes before and have a good sense of rhythm and timing.

3. **Technical Precision**: The climber shows precise hand and foot placements, which is crucial for maintaining balance and avoiding falls. They also demonstrate the ability to read the wall and choose the most efficient path up, indicating a good understanding of climbing strategies.

Overall, the climber's consistent performance across various holds and their ability to execute complex moves with ease suggest that they are well-versed in climbing techniques and are likely at an intermediate expert level. However, without seeing more advanced climbs or more varied routes, it's difficult to determine if they are a late expert.",Late Expert,True,"The climber in the video appears to be at an intermediate expert level based on the following observations:

1. **Body Alignment**: The climber maintains good body alignment throughout the climb. They are able to distribute weight effectively and maintain proper posture, which is crucial for efficient climbing.

2. **Movement Fluency**: The climber demonstrates fluid movements, transitioning smoothly between holds without hesitation. This indicates a high level of comfort and familiarity with the climbing route.

3. **Technical Precision**: The climber exhibits precise hand placement and footwork, selecting the most suitable holds for each move. They also show good core engagement, which helps in maintaining balance and control during the climb.

Overall, the climber's technique is well-developed, and they exhibit a strong understanding of climbing principles. However, there might still be room for improvement in certain aspects such as speed or more complex routes. Therefore, the skill level can be classified as Intermediate Expert.",Intermediate Expert,False
cddea26a-1eac-4176-a541-fa38ca70a214,uniandes_bouldering_033_45,Late Expert,"The climber in the video appears to be at an intermediate expert level based on the following observations:

1. **Body Alignment**: The climber demonstrates good body alignment throughout the climb. They maintain a strong core and use proper foot placement and hand positioning to navigate the wall effectively. This indicates a high level of control and understanding of the climbing techniques.

2. **Movement Fluency**: The climber's movements are fluid and efficient. There are no signs of hesitation or awkwardness in their transitions between holds. This suggests that they have practiced these routes before and have a good sense of rhythm and timing.

3. **Technical Precision**: The climber shows precise hand and foot placements, which is crucial for maintaining balance and avoiding falls. They also demonstrate the ability to read the wall and choose the most efficient path up, indicating a good understanding of the route's difficulty and the best way to tackle it.

Overall, the climber's consistent performance across multiple frames suggests that they have a solid foundation in climbing techniques and are likely at an intermediate expert level. However, without more information about their overall experience and training, it's difficult to determine if they are a novice, early expert, late expert, or somewhere in between.",Late Expert,True,"The climber in the video appears to be at an intermediate expert level based on the following observations:

1. **Body Alignment**: The climber demonstrates good body alignment throughout the climb. They maintain a strong core and use their body weight effectively to navigate the wall. The climber's movements are well-coordinated, indicating a high level of control over their body.

2. **Movement Fluency**: The climber's movements are fluid and efficient. There is no hesitation or unnecessary motion, suggesting that they have a good understanding of the climbing route and can execute it with ease. The transitions between holds are smooth, which is characteristic of an intermediate expert climber.

3. **Technical Precision**: The climber shows a high level of technical proficiency. They select appropriate handholds and footholds, and their grip strength and foot placement appear to be well-timed and precise. The climber's ability to maintain balance and control while transitioning between different types of holds (e.g., slopers, crimps) indicates a solid foundation in climbing techniques.

Overall, the climber's consistent performance across various aspects of climbing suggests that they possess intermediate expertise. However, there may still be room for improvement in certain areas, such as increasing speed or exploring more challenging routes.",Intermediate Expert,False
53b52ea1-d45a-428e-989a-0afbd8914588,uniandes_bouldering_032_2,Late Expert,"The climber in the video appears to be at an intermediate expert level based on the following observations:

1. **Body Alignment**: The climber demonstrates good body alignment throughout the climb. They maintain a strong core and use their body weight effectively to navigate the holds. Their posture suggests they have a solid understanding of proper climbing mechanics.

2. **Movement Fluency**: The climber's movements are fluid and controlled. There is no hesitation or awkwardness in their transitions between holds, indicating a high level of comfort and familiarity with the route. This fluency is characteristic of someone who has practiced the route multiple times and has developed muscle memory for the specific sequence of moves.

3. **Technical Precision**: The climber exhibits precise hand and foot placement, which is crucial for maintaining balance and avoiding falls. They also show good hand-eye coordination, as evidenced by their ability to quickly identify and reach for the next hold. The use of different types of holds (crimps, jugs, slopers) with appropriate techniques further indicates a high level of technical proficiency.

Overall, the climber's consistent performance across various aspects of climbing—body alignment, movement fluency, and technical precision—suggests that they are an intermediate expert. However, it's important to note that this assessment is based on a single video clip, and more data would be needed to confirm their skill level definitively.",Intermediate Expert,False,"The climber appears to be at an intermediate expert level based on the following observations:

1. **Body Alignment**: The climber demonstrates good body alignment throughout the climb. They maintain proper posture and use their core strength effectively to distribute weight and balance. This indicates a high level of control and understanding of fundamental climbing principles.

2. **Movement Fluency**: The climber's movements are fluid and efficient. There is no hesitation or unnecessary motion, suggesting that they have developed a natural rhythm and timing in their climbing style. This fluency is characteristic of someone who has practiced extensively and has a good grasp of the mechanics involved in climbing.

3. **Technical Precision**: The climber shows a high degree of technical precision in their hand and foot placement. They select appropriate holds and transitions between them with confidence, indicating a strong understanding of the specific techniques required for the route. The use of different types of holds (e.g., slopers, crimps) is executed with accuracy, further supporting the assessment of intermediate expertise.

Overall, the climber's consistent performance across various aspects of climbing—body alignment, movement fluency, and technical precision—points towards an intermediate expert level. However, it's important to note that this evaluation is based on a limited number of frames and may not fully capture the full range of the climber's abilities.",Intermediate Expert,False
6cc51836-6b79-4921-9024-d351486ad88c,uniandes_bouldering_033_55,Intermediate Expert,"The climber in the video appears to be at an intermediate expert level based on the following observations:

1. **Body Alignment**: The climber demonstrates good body alignment throughout the climb. They maintain a straight line from head to toe, which is crucial for efficient movement and balance. This indicates a high level of control and understanding of proper climbing techniques.

2. **Movement Fluency**: The climber's movements are fluid and controlled. There are no abrupt or jerky motions, suggesting that they have developed a good sense of rhythm and timing. This fluency is indicative of someone who has practiced extensively and has a solid grasp of the mechanics involved in climbing.

3. **Technical Precision**: The climber shows precise hand and foot placement, which is essential for maintaining stability and progress up the wall. They are able to select appropriate holds and transitions between them with confidence, indicating a strong foundation in technical skills.

Overall, the climber's consistent form, smooth movements, and technical proficiency suggest that they are well beyond a novice level and have likely reached an intermediate expert stage in their climbing journey. However, there may still be room for further refinement and improvement as they continue to develop their skills.",Intermediate Expert,True,"The climber appears to be at an intermediate expert level based on the following observations:

1. **Body Alignment**: The climber demonstrates good body alignment throughout the climb. They maintain proper posture and use their core strength effectively to distribute weight and balance. This indicates a high level of control and understanding of climbing mechanics.

2. **Movement Fluency**: The climber's movements are fluid and efficient. There is no hesitation or unnecessary motion, suggesting that they have developed a natural rhythm and flow in their climbing technique. This fluency is characteristic of someone who has practiced extensively and has a good grasp of the climbing principles.

3. **Technical Precision**: The climber shows a high degree of technical precision. They select appropriate holds with care and execute each move with accuracy. The ability to read the wall and choose the right handholds and footholds is evident, which is a hallmark of an intermediate expert climber.

Overall, the climber's consistent performance across various holds and techniques suggests a strong foundation in climbing skills. While there may still be room for improvement in certain areas, the level of proficiency displayed here places them firmly in the intermediate expert category.",Intermediate Expert,True
14e3d506-966c-4775-9499-e800ff752938,uniandes_bouldering_036_57,Intermediate Expert,"The climber appears to be at the Intermediate Expert level based on the following observations:

1. **Body Alignment**: The climber demonstrates good body alignment throughout the climb. They maintain proper posture and use their core strength effectively to support their movements. This indicates a high level of control and understanding of climbing mechanics.

2. **Movement Fluency**: The climber's movements are fluid and efficient. There are no abrupt or jerky actions, suggesting that they have developed a natural rhythm in their climbing style. This fluency is characteristic of climbers who have practiced extensively and refined their techniques.

3. **Technical Precision**: The climber shows a high degree of technical precision in their hand placements and footwork. They select appropriate holds and make calculated decisions about which moves to execute next. This level of precision is indicative of someone who has a strong grasp of the technical aspects of climbing and can apply them consistently.

Overall, the climber's body alignment, movement fluency, and technical precision suggest that they are well beyond the novice stage and have reached an intermediate level of expertise. However, there may still be room for further refinement and improvement as they continue to develop their skills.",Intermediate Expert,True,"The climber in the video appears to be at an intermediate expert level based on the following observations:

1. **Body Alignment**: The climber demonstrates good body alignment throughout the climb. They maintain a strong core and use proper foot placement, ensuring that their body is positioned correctly for each grip they reach for.

2. **Movement Fluency**: The climber's movements are fluid and efficient. There is no hesitation or unnecessary movement, indicating a high level of comfort and familiarity with the climbing route. The transitions between different holds are smooth, suggesting a well-practiced technique.

3. **Technical Precision**: The climber shows excellent technical precision. They select the right handholds and footholds with care, ensuring that each grip is secure before moving on to the next one. The climber's hand and foot positioning are precise, which is crucial for maintaining balance and preventing falls.

Overall, the climber's technique is consistent with someone who has spent considerable time practicing and refining their skills. While there may still be room for improvement, the intermediate expert level accurately reflects the climber's current proficiency.",Intermediate Expert,True
50a1d087-699a-4b98-a8d3-1c1b9adae130,uniandes_bouldering_037_52,Late Expert,"The person in the video appears to be a novice or early expert climber based on the following observations:

1. **Body Alignment**: The climber's body alignment seems to be inconsistent and not fully optimized for climbing. There are moments where the climber's posture is not ideal, which could lead to inefficient use of energy and increased risk of injury.

2. **Movement Fluency**: The climber's movements appear somewhat hesitant and not fluid. This suggests that they may still be developing their technique and muscle memory, which is typical for beginners or early experts.

3. **Technical Precision**: While the climber is making progress, there are noticeable areas for improvement in terms of technical precision. For instance, the climber's hand placement and foot positioning do not always align with optimal climbing techniques, indicating a need for more practice and refinement.

Overall, the climber's technique shows room for improvement but also demonstrates a willingness to learn and improve. Therefore, it can be concluded that the climber is at a novice or early expert level.",Early Expert,False,"Novice

The climber's body alignment appears to be off, as they are not maintaining proper posture and balance while climbing. Their movement seems uncoordinated and lacks fluidity, indicating a lack of experience. Technical precision is also lacking, as the climber struggles with grip selection and hand placement. Overall, the climber's technique suggests that they are still in the early stages of learning rock climbing.",Novice,False
b0e3de53-17af-438a-80f5-7bbb2fed0125,uniandes_bouldering_026_21,Novice,"The climber in the video appears to be at an intermediate expert level based on the following observations:

1. **Body Alignment**: The climber demonstrates good body alignment throughout the climb. They maintain a strong core engagement and proper posture, which is essential for efficient movement and safety.

2. **Movement Fluency**: The climber's movements are fluid and controlled. There are no abrupt or jerky motions, indicating a high level of comfort and familiarity with the climbing route. The transitions between holds are smooth, suggesting a well-practiced technique.

3. **Technical Precision**: The climber shows precise hand and foot placement, selecting the right holds for each move. This indicates a strong understanding of the climbing technique and the ability to adapt to different hold types and shapes. The climber also uses the wall effectively, maintaining balance and momentum.

Overall, the climber's consistent form, fluid movements, and technical proficiency suggest they have reached an intermediate expert level in rock climbing. However, without seeing more advanced routes or climbs, it's challenging to determine if they are approaching late expert territory.",Late Expert,False,"Novice

The climber appears to be at the novice level based on the following observations:

1. **Body Alignment**: The climber's body alignment seems inconsistent and lacks proper form. The climber's feet are not positioned correctly for efficient climbing, and there is no indication of a strong core engagement.

2. **Movement Fluency**: The climber's movements appear awkward and uncoordinated. There is a lack of fluidity in transitioning between holds, which suggests that the climber is still developing their technique and muscle memory.

3. **Technical Precision**: The climber struggles with technical precision, as evidenced by the inconsistent grip on the holds and the difficulty in maintaining balance. The climber frequently loses their grip or falls off the wall, indicating a lack of control and mastery over the climbing techniques.

Overall, the climber's technique and overall performance suggest they are still in the early stages of learning and developing their skills. They may benefit from additional practice and guidance to improve their body alignment, movement fluency, and technical precision.",Novice,True
103eefc6-4c85-4d2f-877a-c56458767c63,uniandes_bouldering_036_12,Intermediate Expert,"The climber in the video appears to be at an intermediate expert level based on the following observations:

1. **Body Alignment**: The climber demonstrates good body alignment throughout the climb. They maintain a strong core and use their body weight effectively to navigate the wall. Their movements are controlled and purposeful, indicating a high level of understanding of proper climbing techniques.

2. **Movement Fluency**: The climber's movements are fluid and efficient. There are no abrupt or jerky motions, suggesting that they have practiced and refined their technique over time. The transitions between holds are smooth, which is characteristic of someone who has developed a good sense of rhythm and timing.

3. **Technical Precision**: The climber shows a high degree of technical precision. They select appropriate handholds and footholds with care, ensuring that each move is deliberate and calculated. This level of precision is indicative of someone who has a solid foundation in climbing fundamentals and has likely spent considerable time practicing and perfecting their skills.

Overall, the climber's consistent form, fluid movements, and precise technique suggest that they are well beyond a novice level and have achieved a significant degree of expertise. While they may not yet be classified as a late expert (which would require even more advanced skills and mastery), their performance indicates that they are certainly at an intermediate expert level.",Late Expert,False,"The climber in the video appears to be at an intermediate expert level based on the following observations:

1. **Body Alignment**: The climber demonstrates good body alignment throughout the climb. They maintain proper posture and use their core strength effectively to distribute weight and balance. This indicates a high level of control and understanding of climbing mechanics.

2. **Movement Fluency**: The climber's movements are fluid and efficient. There is no hesitation or unnecessary motion, suggesting that they have developed a natural rhythm and flow in their climbing style. This fluency is characteristic of someone who has practiced extensively and has a good grasp of the techniques required for climbing.

3. **Technical Precision**: The climber shows a high degree of technical precision. They select appropriate holds with care and execute each move with accuracy. This includes using the right hand and foot placement, as well as maintaining a strong grip on the holds. The climber's ability to transition between different types of holds (e.g., slopers, crimps) smoothly also points to a high level of technical proficiency.

Overall, the climber's consistent performance across various aspects of climbing suggests that they are an intermediate expert. They demonstrate a solid foundation in the fundamentals of climbing, combined with the ability to apply these skills in a dynamic and challenging environment.",Intermediate Expert,True
b437ad8d-7d90-48b9-84ef-46e6db4a58da,uniandes_bouldering_029_28,Early Expert,"The person in the video appears to be a novice or early expert in rock climbing. Here's my reasoning:

1. **Body Alignment**: The individual seems to be struggling with maintaining proper body alignment while climbing. Their posture and positioning suggest they may not have a strong understanding of the correct techniques for climbing, which can lead to inefficient use of energy and increased risk of injury.

2. **Movement Fluency**: The movements appear somewhat stiff and uncoordinated. This could indicate that the person is still learning the necessary skills and muscle memory required for fluid climbing motions. There's room for improvement in terms of smooth transitions between different climbing techniques.

3. **Technical Precision**: While the person is attempting to climb, there are noticeable errors in their technique. For instance, they seem to be using incorrect hand placements or foot positions, which can negatively impact their progress and safety. Improving technical precision will require focused practice and guidance.

Overall, based on these observations, I would classify the person as a novice or early expert in rock climbing. They have the potential to develop into a more skilled climber with consistent practice and coaching.",Early Expert,True,"The climber appears to be at the Intermediate Expert level based on the following observations:

1. **Body Alignment**: The climber maintains good body alignment throughout the climb, ensuring that their movements are efficient and controlled. This indicates a high level of technical proficiency.

2. **Movement Fluency**: The climber's movements are fluid and well-coordinated. There are no abrupt or jerky motions, suggesting a high degree of practice and familiarity with the climbing techniques.

3. **Technical Precision**: The climber demonstrates precise hand and foot placement, selecting the most suitable holds for each step. This level of technical precision is indicative of someone who has developed a strong understanding of climbing principles and can apply them effectively.

Overall, the climber's consistent performance across various holds and routes suggests they have reached an intermediate level of expertise in rock climbing. They exhibit a solid foundation in technique and are capable of executing complex moves with confidence and control.",Intermediate Expert,False
08dc1e90-e64a-4420-a773-574758117821,uniandes_bouldering_027_2,Intermediate Expert,"The person in the video appears to be a novice or early expert climber based on their technique and body alignment. Here's why:

1. **Body Alignment**: The climber's body alignment seems somewhat off, particularly in the initial frames where they are preparing to climb. Their posture is not entirely straight, which can affect their grip and overall performance.

2. **Movement Fluency**: The movements appear somewhat stiff and ungraceful. There isn't much fluidity in their actions, suggesting that they might still be learning the proper techniques for climbing efficiently.

3. **Technical Precision**: While the climber is making progress up the wall, there are moments where their technique could be improved. For instance, their hand placement and foot positioning seem inconsistent at times, indicating a lack of precision in executing the climbing moves correctly.

Overall, the climber demonstrates some basic understanding of climbing but lacks the fluency and precision expected of someone with more experience. Therefore, it would be reasonable to classify them as a novice or early expert climber.",Early Expert,False,"The climber in the video appears to be at an intermediate expert level based on the following observations:

1. **Body Alignment**: The climber demonstrates good body alignment throughout the climb. They maintain a straight line from head to toe, which is crucial for efficient movement and balance. This indicates a strong understanding of proper climbing techniques.

2. **Movement Fluency**: The climber's movements are fluid and controlled. There are no abrupt or jerky motions, suggesting that they have developed a good sense of rhythm and timing. This fluency is indicative of someone who has practiced and refined their climbing skills over time.

3. **Technical Precision**: The climber shows a high level of technical precision by selecting appropriate holds and using them effectively. They also demonstrate good hand placement and foot positioning, which are essential for maintaining stability and momentum during the climb.

Overall, the climber's consistent form, smooth movements, and precise technique suggest that they have reached an intermediate expert level in rock climbing. However, it's important to note that this assessment is based on a single video clip, and further observation would be needed to confirm their skill level more accurately.",Intermediate Expert,True
e5c4c6aa-f142-4b45-bb12-97e312cb20fd,uniandes_bouldering_028_24,Early Expert,"The individual in the video appears to be a novice or early expert climber based on the following observations:

1. **Body Alignment**: The climber's body alignment seems somewhat off, particularly in terms of posture and weight distribution. This could indicate that they are still developing their understanding of proper climbing techniques.

2. **Movement Fluency**: The movements appear somewhat stiff and ungraceful. There is a lack of fluidity and smoothness in the climbing actions, which suggests that the climber may not have fully mastered the necessary skills for efficient and effective climbing.

3. **Technical Precision**: While the climber is making progress, there are noticeable errors in hand placement and foot positioning. These mistakes can lead to inefficient use of energy and increased risk of falling. The climber might benefit from more practice and guidance to improve their technical precision.

Overall, the climber demonstrates some basic understanding of climbing but lacks the fluency and precision required for intermediate or advanced levels. They would likely benefit from additional training and coaching to refine their technique and build confidence.",Early Expert,True,"Novice

The climber appears to be at the novice level based on the following observations:

1. **Body Alignment**: The climber's body alignment seems inconsistent and lacks proper form. There are moments where the climber's feet do not align correctly with the holds, which can lead to inefficient use of energy and increased risk of injury.

2. **Movement Fluency**: The climber's movements appear somewhat hesitant and uncoordinated. There are instances where the climber struggles to transition between holds, indicating a lack of fluency in their climbing technique.

3. **Technical Precision**: The climber's technique shows room for improvement. There are several instances where the climber does not grip the holds properly or fails to maintain a secure position, which can result in a fall or a less efficient climb.

Overall, the climber's technique suggests that they are still developing their skills and may benefit from more practice and guidance to improve their body alignment, movement fluency, and technical precision.",Novice,False
c8dbedf6-61ec-497f-b57e-ee270238da13,uniandes_bouldering_031_69,Late Expert,"The climber in the video appears to be at an intermediate expert level based on the following observations:

1. **Body Alignment**: The climber demonstrates good body alignment throughout the climb. They maintain a straight line from head to toe, which is essential for efficient movement and power generation. This indicates a high level of technical proficiency.

2. **Movement Fluency**: The climber's movements are fluid and controlled. There are no abrupt or jerky motions, suggesting that they have developed a natural rhythm and timing for climbing. This fluency is characteristic of someone who has practiced extensively and has a good understanding of the mechanics involved in climbing.

3. **Technical Precision**: The climber shows precise hand and foot placement, which is crucial for maintaining balance and avoiding falls. They also demonstrate the ability to transition between different holds smoothly, indicating a strong grasp of the technical aspects of climbing.

Overall, the climber's consistent form, fluid movements, and technical precision suggest that they are well beyond a novice level and have likely reached an intermediate expert status. However, without seeing more advanced climbs or more varied routes, it's difficult to determine if they are approaching late expert territory.",Late Expert,True,"Novice

The climber appears to be a novice based on the following observations:

1. Body Alignment: The climber's body alignment seems off, as they are not maintaining proper posture and balance while climbing. This suggests that they may lack the necessary strength and control to maintain a stable position.

2. Movement Fluency: The climber's movements appear to be somewhat stiff and uncoordinated. They seem to be struggling with finding the right handholds and footholds, which indicates a lack of familiarity with the climbing wall and its features.

3. Technical Precision: The climber's technique is not precise, as they are not using the correct climbing techniques for the given route. They are relying more on brute force rather than technique, which is not efficient or effective in climbing.

Overall, the climber's technique and body alignment suggest that they are still in the early stages of learning how to climb and need more practice and guidance to improve their skills.",Novice,False
a729523b-c8c8-40a5-99b5-eebff3772724,uniandes_bouldering_029_48,Intermediate Expert,"The climber in the video appears to be at an intermediate expert level based on the following observations:

1. **Body Alignment**: The climber maintains good body alignment throughout the climb. They are able to distribute their weight effectively and maintain proper posture, which is crucial for efficient climbing.

2. **Movement Fluency**: The climber demonstrates fluid movements, transitioning smoothly between holds without hesitation. This indicates a high level of comfort and familiarity with the route, suggesting they have practiced similar climbs before.

3. **Technical Precision**: The climber exhibits precise hand and foot placement, selecting the correct holds and using them efficiently. They also show good core engagement, which helps in maintaining balance and power during the climb.

While the climber shows a high level of skill, there might still be room for improvement in certain aspects such as speed or more complex moves. However, given the overall performance, it is reasonable to conclude that the climber is at an intermediate expert level.",Intermediate Expert,True,"Novice

The climber appears to be at the beginning stages of learning how to climb and lacks the necessary skills for a more advanced level. The movements seem uncoordinated and lack fluidity, indicating that they may not have much experience with climbing. Technical precision is also lacking as the climber struggles to find the right handholds and footholds. Overall, the climber's technique suggests that they are still developing their skills and would benefit from more practice and guidance.",Novice,False
75286d45-1251-421a-90cb-3f0212443244,uniandes_bouldering_036_8,Late Expert,"The climber in the video appears to be at an intermediate expert level based on the following observations:

1. **Body Alignment**: The climber demonstrates good body alignment throughout the climb. They maintain a strong core and use their body weight effectively to navigate the holds. This indicates a high level of control and understanding of proper climbing techniques.

2. **Movement Fluency**: The climber's movements are fluid and efficient. There are no signs of hesitation or awkwardness in their transitions between holds. This suggests that they have practiced and refined their climbing skills over time.

3. **Technical Precision**: The climber shows precise hand placement and footwork. They select the correct holds for each move and adjust their body position accordingly. This level of technical precision is characteristic of climbers who have developed a solid foundation in climbing techniques and are now applying them with confidence.

Overall, the climber's consistent performance across various moves and holds, combined with their ability to maintain good body alignment and execute technical maneuvers with precision, suggests that they are an intermediate expert climber.",Intermediate Expert,False,"Novice

The climber's movements appear to be uncoordinated and lack fluidity, indicating a novice level of skill. The climber struggles with maintaining proper body alignment and technical precision, as evidenced by the inconsistent hand placement and difficulty in transitioning between holds. The climber also seems to be relying heavily on instinct rather than deliberate technique, which is typical for beginners. Overall, the climber's performance suggests they are still developing their skills and would benefit from more practice and guidance.",Novice,False
90d40eba-fb77-4014-b51b-675005365f66,uniandes_bouldering_027_52,Novice,"The climber appears to be at an intermediate expert level based on the following observations:

1. **Body Alignment**: The climber maintains good body alignment throughout the climb. Her posture is upright and her movements are controlled, indicating a high level of technical proficiency.

2. **Movement Fluency**: The climber's movements are fluid and efficient. She transitions between holds smoothly without unnecessary hesitation or struggle, suggesting she has a good understanding of the route and its demands.

3. **Technical Precision**: The climber demonstrates precise hand and foot placement, which is crucial for climbing efficiency and safety. Her ability to select the right holds and execute moves with accuracy indicates a strong grasp of technical skills.

Overall, the climber's consistent form, smooth transitions, and precise technique suggest that she is well-versed in the sport and likely has significant experience. However, there may still be room for further refinement and improvement in certain aspects of her technique.",Intermediate Expert,False,"The climber in the video appears to be at an intermediate expert level based on the following observations:

1. **Body Alignment**: The climber demonstrates good body alignment throughout the climb. They maintain a strong core and use their body weight effectively to distribute force across the holds. This suggests they have a solid understanding of proper climbing mechanics.

2. **Movement Fluency**: The climber's movements are fluid and controlled. There is no hesitation or awkwardness in transitioning between holds, indicating a high level of comfort and familiarity with the route. This fluency is characteristic of someone who has practiced extensively and has a good grasp of the climbing techniques required for the route.

3. **Technical Precision**: The climber shows precise hand placement and footwork. They select the most efficient holds and make calculated decisions about which holds to use next. This level of technical precision is indicative of an intermediate expert climber who can execute complex moves with accuracy.

Overall, the climber's consistent performance across these frames, combined with their ability to maintain good body alignment, demonstrate fluency in movement, and exhibit technical precision, points towards an intermediate expert level of skill. However, it's important to note that this assessment is based on a limited number of frames, and a more comprehensive evaluation would require observing the climber over a longer period and across various routes.",Intermediate Expert,False
d822e2e6-4549-4ceb-82b3-666536ee7cd1,uniandes_bouldering_029_75,Early Expert,"The climber appears to be at the Intermediate Expert level based on the following observations:

1. **Body Alignment**: The climber maintains good body alignment throughout the climb, which is crucial for efficient movement and safety. The climber's posture suggests they have a solid understanding of proper climbing techniques.

2. **Movement Fluency**: The climber demonstrates fluid movements, transitioning between holds with ease. This indicates a high level of comfort and familiarity with the route, suggesting intermediate expertise.

3. **Technical Precision**: The climber exhibits precise hand and foot placement, indicating a strong grasp of technical skills. They are able to make calculated decisions about which holds to use, showing intermediate-level technical proficiency.

Overall, the climber's consistent form, smooth transitions, and technical execution point towards an Intermediate Expert level of skill in bouldering.",Intermediate Expert,False,"The climber in the video appears to be at an intermediate expert level based on the following observations:

1. **Body Alignment**: The climber demonstrates good body alignment throughout the climb. They maintain a straight line from head to toe, which is crucial for efficient movement and balance. This indicates a high level of control and understanding of proper climbing techniques.

2. **Movement Fluency**: The climber's movements are fluid and controlled. There are no abrupt or jerky motions, suggesting that they have developed a natural rhythm and timing for climbing. This fluency is indicative of someone who has practiced extensively and has a good grasp of the mechanics involved in climbing.

3. **Technical Precision**: The climber shows precise hand placement and foot positioning. They are able to select the most suitable holds and make calculated decisions about where to place their hands and feet. This level of technical precision is characteristic of climbers who have advanced skills and experience.

Overall, the climber's consistent body alignment, fluent movements, and technical precision suggest that they are an intermediate expert. However, it's important to note that this assessment is based on a limited number of frames and may not fully capture the full range of the climber's abilities. Further observation over a longer period would provide a more comprehensive evaluation.",Intermediate Expert,False
b843d724-be38-4855-9408-7c5cef73274d,uniandes_bouldering_034_69,Early Expert,"The person in the video appears to be a novice or early expert climber based on their technique and body alignment.

Here's my reasoning:

1. **Body Alignment**: The climber's body alignment seems to be inconsistent throughout the video. At times, they appear to be leaning too far forward or backward, which can lead to instability and increased risk of falling. This suggests that they may still be developing proper body positioning for climbing.

2. **Movement Fluency**: The climber's movements seem somewhat stiff and ungraceful at times. There are moments where their movements appear to lack fluidity, indicating that they might not have fully mastered the necessary techniques for smooth and efficient climbing.

3. **Technical Precision**: While the climber does manage to reach some holds and maintain balance for a short period, there are instances where their technique appears to be lacking. For example, they may not be using the correct hand placement or foot positioning, which could result in less efficient use of energy and increased risk of injury.

Overall, while the climber has made progress in terms of reaching higher holds and maintaining balance, there is room for improvement in terms of body alignment, movement fluency, and technical precision. With continued practice and guidance, the climber can develop better technique and potentially advance to a higher skill level.",Early Expert,True,"Novice

The climber appears to be at the beginning stages of learning how to climb and lacks the necessary skills for a more advanced level. The body alignment seems off, with the climber not maintaining proper posture or balance while climbing. The movement is also not fluent, as the climber seems to struggle with transitioning between holds and maintaining control over their movements. Technical precision is also lacking, as the climber does not seem to have a clear understanding of the techniques required for climbing. Overall, the climber's technique suggests that they are still in the novice stage of learning how to climb.",Novice,False
ac7cf81b-2de9-4a6e-8274-4c5348fe6f05,uniandes_bouldering_036_26,Intermediate Expert,"The climber in the video appears to be at an intermediate expert level based on the following observations:

1. **Body Alignment**: The climber demonstrates good body alignment throughout the climb. They maintain proper posture and use their body effectively to reach for holds, which suggests they have a solid understanding of climbing mechanics.

2. **Movement Fluency**: The climber's movements appear fluid and controlled. There are no abrupt or jerky motions, indicating that they have developed a good sense of rhythm and timing while climbing.

3. **Technical Precision**: The climber shows a high level of technical proficiency by selecting appropriate handholds and footholds, and efficiently transitioning between them. They also seem to be aware of their body positioning relative to the wall, which is crucial for maintaining balance and preventing falls.

Overall, the climber's performance indicates a strong foundation in climbing techniques and a high degree of skill. However, there may still be room for improvement in certain areas, such as increasing speed or developing more advanced techniques.",Intermediate Expert,True,"Novice

The climber's movements appear to be uncoordinated and lack fluidity, indicating a novice level of skill. The body alignment seems off, with the climber not maintaining proper posture throughout the climb. Technical precision is also lacking, as the climber struggles to find secure handholds and footholds. Overall, the climber's technique suggests they are still in the early stages of learning rock climbing.",Novice,False
e4e88582-cb8a-49d4-a6ed-e1203e50b59b,uniandes_bouldering_032_30,Intermediate Expert,"The climber in the video appears to be at an intermediate expert level based on the following observations:

1. **Body Alignment**: The climber demonstrates good body alignment throughout the climb. They maintain a strong core and use proper posture, which is essential for efficient climbing. This indicates a level of experience and understanding of the mechanics involved.

2. **Movement Fluency**: The climber's movements are fluid and controlled. There are no abrupt or jerky motions, suggesting that they have developed a natural rhythm and timing in their climbing style. This fluency is characteristic of someone who has practiced extensively and has a good grasp of the techniques required.

3. **Technical Precision**: The climber shows a high degree of technical precision. They make calculated decisions about which holds to grip and how to position their body to maximize efficiency. This level of precision is indicative of someone who has spent considerable time refining their skills and understanding the nuances of the sport.

Overall, the climber's consistent form, smooth movements, and precise technique suggest that they are an intermediate expert. They have likely been climbing for some time and have developed a solid foundation in the fundamentals of the sport. However, there may still be room for further improvement and refinement of their skills.",Intermediate Expert,True,"The climber appears to be at the Intermediate Expert level based on the following observations:

1. **Body Alignment**: The climber demonstrates good body alignment throughout the climb. They maintain a straight line from head to toe, which is crucial for efficient movement and balance. This indicates a strong understanding of proper climbing techniques.

2. **Movement Fluency**: The climber's movements appear fluid and controlled. There are no abrupt or jerky motions, suggesting that they have developed a good sense of rhythm and timing in their climbing. This fluency is indicative of intermediate-level skills where the climber can execute complex moves with ease.

3. **Technical Precision**: The climber shows a high degree of technical precision in their hand and foot placements. They consistently select the most suitable holds and make precise movements to transition between them. This level of technical proficiency is characteristic of climbers who have spent considerable time practicing and refining their skills.

Overall, the climber's consistent body alignment, fluent movements, and precise technical execution suggest they possess intermediate-level expertise in rock climbing. However, there may still be room for improvement in certain aspects of their technique, such as increasing speed or adding more variety to their climbing style.",Intermediate Expert,True
495c922c-4986-4fc9-8f80-478f2d888850,uniandes_bouldering_029_34,Intermediate Expert,"The climber in the video appears to be at an intermediate expert level based on the following observations:

1. **Body Alignment**: The climber demonstrates good body alignment throughout the climb. They maintain a strong core and use their legs effectively for support while reaching for holds with their arms. This indicates a high level of control and understanding of proper climbing mechanics.

2. **Movement Fluency**: The climber's movements are fluid and efficient. There are no signs of hesitation or awkwardness in their transitions between different holds. This suggests that they have practiced and refined their technique over time, which is characteristic of an intermediate expert climber.

3. **Technical Precision**: The climber shows a high degree of technical precision. They select appropriate holds and make calculated decisions about their next move. Their ability to maintain balance and execute complex moves with accuracy further supports this assessment.

Overall, the climber's consistent form, smooth transitions, and precise technique indicate an intermediate expert level of skill. However, it's important to note that this evaluation is based on a single video clip, and more data would be needed to confirm the exact skill level.",Intermediate Expert,True,"The climber in the video appears to be at an intermediate expert level based on the following observations:

1. **Body Alignment**: The climber demonstrates good body alignment throughout the climb. They maintain a straight line from head to toe, which is essential for efficient movement and balance. This indicates a high level of control and understanding of proper climbing techniques.

2. **Movement Fluency**: The climber's movements are fluid and controlled. There are no abrupt or jerky motions, suggesting that they have developed a natural rhythm and timing for climbing. This fluency is characteristic of someone who has practiced extensively and has a good grasp of the mechanics involved in climbing.

3. **Technical Precision**: The climber shows a high degree of technical precision. They select appropriate holds with care, ensuring that each grip is secure before moving to the next hold. This attention to detail is crucial for maintaining safety and efficiency during a climb. The climber also transitions between different types of holds smoothly, indicating a strong understanding of the various techniques required for different sections of the wall.

Overall, the climber's consistent body alignment, fluent movements, and precise technical execution suggest that they are well beyond a novice level and have reached an intermediate expert status. However, there may still be room for improvement in certain areas, such as increasing speed or exploring more advanced routes, but these would require further practice and experience.",Intermediate Expert,True
b625c8f6-9346-42a5-97be-5db4a1c764c5,uniandes_bouldering_037_19,Late Expert,"The climber in the video appears to be at an intermediate expert skill level based on the following observations:

1. **Body Alignment**: The climber demonstrates good body alignment throughout the climb. They maintain proper posture and use their body effectively to reach for holds, which suggests they have a solid understanding of climbing mechanics.

2. **Movement Fluency**: The climber's movements appear fluid and controlled. There are no abrupt or jerky motions, indicating that they have developed a good sense of rhythm and timing in their climbing.

3. **Technical Precision**: The climber shows a high level of technical precision by selecting appropriate holds and using them efficiently. They also demonstrate the ability to transition between different types of moves (e.g., reaching, pulling, and footwork) with ease.

Overall, the climber's technique is well-developed, but there may still be room for improvement in certain areas, such as increasing speed or adding more variety to their climbing style. However, given the level of control and precision displayed, it is reasonable to conclude that the climber is at an intermediate expert skill level.",Intermediate Expert,False,"Novice

The climber's movements appear to be uncoordinated and lack fluidity, indicating a novice level of skill. The climber struggles with maintaining proper body alignment and technical precision, as evidenced by the inconsistent hand placement and difficulty in transitioning between holds. The climber also seems to be relying heavily on instinct rather than deliberate technique, which is typical for beginners. Overall, the climber's performance suggests they are still developing their skills and would benefit from more practice and guidance.",Novice,False
ec6ff8f4-3d40-4508-b83f-45c78c0be3b4,uniandes_bouldering_036_16,Late Expert,"The climber in the video appears to be at an intermediate expert skill level based on the following observations:

1. **Body Alignment**: The climber demonstrates good body alignment throughout the climb. They maintain a strong core and use their legs effectively for support while reaching for holds. This indicates a solid understanding of proper climbing mechanics.

2. **Movement Fluency**: The climber's movements are fluid and controlled. There are no abrupt or jerky motions, suggesting that they have practiced and refined their technique over time. The transitions between different holds and hand positions appear smooth, which is characteristic of someone with intermediate expertise.

3. **Technical Precision**: The climber shows a high level of technical precision. They select appropriate holds and make calculated decisions about their next move. The way they adjust their weight and balance on the wall also reflects a good grasp of technical skills necessary for climbing.

While the climber's performance is impressive, there might still be room for improvement in certain areas such as speed or more complex routes. However, given the overall quality of their technique and control, it is reasonable to conclude that they are at an intermediate expert level.",Intermediate Expert,False,"Novice

The climber's body alignment appears to be off, as they are not maintaining proper posture and balance while climbing. Their movement seems uncoordinated and lacks fluidity, indicating a lack of experience. Technical precision is also lacking, as the climber is not using the holds effectively or efficiently. Overall, the climber's technique suggests that they are still in the early stages of learning and developing their skills.",Novice,False
4c052cb2-fd49-4601-a842-7eb09f24e76c,uniandes_bouldering_030_62,Late Expert,"The climber in the video appears to be at an intermediate expert level based on the following observations:

1. **Body Alignment**: The climber demonstrates good body alignment throughout the climb. They maintain a strong core and use proper foot placement and hand positioning to navigate the holds effectively. This indicates a high level of control and understanding of the climbing principles.

2. **Movement Fluency**: The climber's movements are fluid and efficient. There is no hesitation or unnecessary motion, suggesting that they have a good grasp of the route and can execute it with ease. This fluency is characteristic of someone who has practiced the route multiple times and has developed muscle memory for the specific sequence of moves.

3. **Technical Precision**: The climber shows precise hand and foot placement, which is crucial for maintaining balance and avoiding falls. They also demonstrate the ability to transition between different types of holds (e.g., slopers, crimps) smoothly, indicating a high level of technical proficiency.

Overall, the climber's consistent performance across various aspects of climbing suggests that they are an intermediate expert. They have likely spent considerable time practicing and refining their skills, allowing them to perform well on challenging routes like the one shown in the video.",Intermediate Expert,False,"Novice

The climber's body alignment appears to be off, as they are not maintaining proper posture and balance while climbing. Their movement seems uncoordinated and lacks fluidity, indicating a lack of experience. Technical precision is also lacking, as the climber is not using the holds effectively or efficiently. Overall, the climber's technique suggests that they are still in the early stages of learning and developing their skills.",Novice,False
