clip_id,take_folder,ground_truth,exo_full_answer,exo_predicted,exo_correct,ego_full_answer,ego_predicted,ego_correct
b40e861f-60a7-4b55-8757-41a6af4e62e8,upenn_0730_Dance_1_7,Intermediate Expert,"Observations: The person is standing in a room with multiple desks and chairs, holding a phone in front of them. They appear to be looking at the phone screen, which displays a QR code. The person then lowers the phone and begins to walk forward, taking small steps. They continue walking until they reach the edge of the frame.

Errors: The person's movement appears to be slow and deliberate, suggesting that they may not be familiar with the activity they are performing. There are no significant errors in their movement, but their pace and technique could be improved for better performance.

Skill Level: Novice",Novice,False,"Observations: The person is standing in front of a whiteboard, holding a marker and writing on it. They are wearing a white shirt and blue shorts. The room has a carpeted floor and several chairs and tables. There is a bookshelf in the corner with books and other items on it. The person appears to be focused on their task and is moving their arm smoothly as they write.

Errors: The person's writing style could be improved by making sure each letter is clear and legible. They may also want to consider using a different color marker for better contrast against the whiteboard.

Skill Level: Intermediate Expert",Intermediate Expert,True
4e468597-ba96-40c7-977b-7736a4a3bd73,uniandes_dance_017_3,Novice,"Observations: The person is performing a dance routine, moving her arms and legs rhythmically to music. She appears to be practicing or rehearsing, as she is not performing for an audience.

Errors: The person's movements are somewhat stiff and lack fluidity, indicating that she may still be developing her technique. Her footwork could also be improved, as it does not appear to be perfectly aligned with the beat of the music.

Skill Level: Novice",Novice,True,"Observations: The person is standing in a room with a camera on a tripod. They are looking at the camera and appear to be preparing for a photo shoot. There are other people in the room, but they are not the focus of the video. The person is wearing a blue shirt and black pants. The room has a white floor and a white wall. There is a door in the background. The person is holding a camera and appears to be taking a picture. The person is standing still and looking at the camera. The person is not moving their arms or legs. The person is not speaking. The person is not looking at anything else in the room. The person is not looking at anyone else in the room. The person is not looking at anything else in the room. The person is not looking at anyone else in the room. The person is not looking at anything else in the room. The person is not looking at anyone else in the room. The person is not looking at anything else in the room. The person is not looking at anyone else in the room. The person is not looking at anything else in the room. The person is not looking at anyone else in the room. The person is not looking at anything else in the room. The person is not looking at anyone else in the room. The person is not looking at anything else in the room. The person is not looking at anyone else in the room. The person is not looking at anything else in the",Unknown,False
7d810b75-87a9-4b95-86d0-c970ae6d03a5,uniandes_dance_023_26,Late Expert,"Observations: The person is performing a dance routine, moving her arms and legs in a rhythmic manner. She appears to be following a set of steps, possibly a choreographed sequence. Her movements are fluid and coordinated, suggesting she has some experience with dance.

Errors: There are no significant errors in the person's movement. Her steps are consistent and well-timed, indicating that she is likely following a pattern or routine.

Skill Level: Intermediate Expert",Intermediate Expert,False,"Observations: The person is standing in a room with a black curtain and a white wall. They are wearing a white shirt and black pants. They are holding a camera on a tripod and are looking at it. They are also holding a phone in their left hand. There are other people in the room, but they are not the focus of the video. The person is standing still and appears to be setting up for a photo shoot.",Unknown,False
6da46fdf-32e1-4f44-a903-ab609f0d750c,uniandes_dance_008_51,Intermediate Expert,"Observations: The person is performing a dance routine with fluid movements, transitioning between different steps and arm positions. They maintain a steady rhythm and appear to be comfortable with the choreography.

Errors: There are no significant errors observed in the person's movements. Their technique appears consistent throughout the routine.

Skill Level: Intermediate Expert",Intermediate Expert,True,"Observations: The person is standing in front of a black curtain with white dots on it, facing away from the camera. They appear to be moving their arms and hands in various positions, possibly practicing a dance routine or some other form of movement. The person is wearing a watch on their left wrist.

Errors: There are no apparent errors in the person's movement. Their actions seem deliberate and purposeful, suggesting they are focused on their task.

Skill Level: Intermediate Expert",Intermediate Expert,True
92ee422b-2245-4efa-b300-0c5dc2744043,uniandes_dance_022_3,Novice,"Observations: The person is standing in front of a backdrop, facing the camera. They are wearing sunglasses and a black jacket. Their arms are relaxed at their sides, and they appear to be preparing for a dance routine.

Errors: There are no visible errors in the person's movement. They seem to be following a choreographed routine with confidence and precision.

Skill Level: Intermediate Expert",Intermediate Expert,False,"Observations: The person is standing in front of a black curtain with white dots on it, holding a camera on a tripod. They appear to be adjusting the camera settings or preparing to take a photo. There are other people in the background, some of whom are also holding cameras. The setting appears to be indoors, possibly at an event or gathering.

Errors: The person's movements are not particularly dynamic or expressive, suggesting they may be a novice or early expert in photography. There are no obvious errors in their technique, but their focus seems to be more on the technical aspects of the camera rather than capturing a creative or artistic image.

Skill Level: Novice / Early Expert",Early Expert,False
6cce39fb-95c0-44b3-bddd-b20cd271f6b6,upenn_0629_Dance_3_6,Early Expert,"Observations: The person is dancing, moving their arms and legs rhythmically to the music. They appear to be enjoying themselves and are engaged in the activity.

Errors: There are no significant errors in the person's movement. Their dance steps seem to be well-coordinated and fluid.

Skill Level: Intermediate Expert",Intermediate Expert,False,"Observations: The person is standing in a room with a wooden floor, a white wall, and a table with a camera on it. They are wearing a plaid shirt and black pants. They are holding a phone in their right hand and are looking at it. They are also wearing a watch on their left wrist. There is another person in the room who is sitting on a couch and is also looking at a phone.",Unknown,False
ed917883-c69b-4f94-83bd-1c7f583b4331,uniandes_dance_015_22,Late Expert,"Observations: The person is performing a dance routine with fluid movements, transitioning between various poses and steps. They maintain a strong posture and exhibit control over their movements, indicating a high level of skill and practice.

Errors: There are no noticeable errors or imprecisions in the person's movements. Their technique appears to be precise and well-coordinated throughout the routine.

Skill Level: Late Expert",Late Expert,True,"Observations: The person is standing in a room with a camera on a tripod. They are moving their arms and hands, possibly adjusting the camera or preparing to take a picture. There are black curtains hanging on the wall behind them.

Errors: The person's movements appear to be slow and deliberate, suggesting they may not be very experienced with the camera or the task at hand.

Skill Level: Novice",Novice,False
8aa071f1-fcea-4bf4-9a0a-e885a32da656,uniandes_dance_016_43,Novice,"Observations: The person is performing a dance routine in a studio setting. They are wearing a blue jacket, black pants, and sunglasses. Their movements are fluid and coordinated, suggesting they have some experience with dance. They are moving their arms and legs in a rhythmic manner, stepping side to side and raising their arms at various points.

Errors: There are no significant errors in the person's movements. Their technique appears to be well-executed, and they maintain good posture throughout the routine.

Skill Level: Intermediate Expert",Intermediate Expert,False,"Observations: The person is standing in front of a black curtain with white dots on it, holding a camera and taking pictures. They are wearing a blue shirt and black pants. There are other people in the background, some sitting and some standing. The person appears to be focused on their task and is moving the camera around to take different shots.

Errors: The person may not be using the camera effectively, as they are not adjusting the settings or framing the shots properly. They could also be moving too quickly or not paying attention to the details of the scene.

Skill Level: Novice",Novice,True
71e8d768-1bd4-4f21-91bd-da53bfe29279,uniandes_dance_022_11,Novice,"Observations: The person is standing in front of a backdrop, facing the camera. They appear to be preparing for a dance routine or a similar performance. Their body language suggests they are focused and ready to begin.

Errors: There are no apparent errors in the person's movement. They seem to be following a routine or following instructions, which indicates that they are likely familiar with the steps involved.

Skill Level: Intermediate Expert",Intermediate Expert,False,"Observations: The person is standing in a room with a black curtain and a tripod. They are wearing a black shirt and blue jeans. They are looking at the camera and making hand gestures. There are other people in the background, but they are not the focus of the video. The person appears to be speaking or explaining something. The room has a white floor and a white ceiling. There is a speaker on the wall. The person is standing still and not moving around the room. The video is shot from a first-person perspective, so the person is the only one visible in the frame.

Errors: The person is not performing any specific activity that requires skill or technique. They are simply standing in the room and making hand gestures while speaking. There are no errors in their movement.

Skill Level: Novice",Novice,True
88ec5df5-24f4-48d4-8452-ad4c12103a0a,uniandes_dance_013_7,Early Expert,"Observations: The person is performing a dance routine, moving his arms and legs in a rhythmic manner. He appears to be practicing a specific sequence of steps, possibly a choreographed dance move. His movements are fluid and coordinated, indicating a certain level of skill and familiarity with the routine.

Errors: There are no significant errors or imprecisions in the person's movement. His steps are well-timed and executed with precision, suggesting that he has practiced this routine multiple times before.

Skill Level: Intermediate Expert",Intermediate Expert,False,"Observations: The person is standing in a room with black curtains hanging on the wall. They are wearing a watch on their left wrist. The person is looking at the camera and appears to be speaking. The person is moving their right hand up and down, possibly gesturing while talking. The person is standing still for most of the video, but there is some slight movement of their feet and hands. The person is wearing a blue shirt and black pants. The room has a white floor and a white ceiling. There is a window on the right side of the room. The person is standing in front of the window. The person is looking at the camera and appears to be speaking. The person is moving their right hand up and down, possibly gesturing while talking. The person is standing still for most of the video, but there is some slight movement of their feet and hands. The person is wearing a blue shirt and black pants. The room has a white floor and a white ceiling. There is a window on the right side of the room. The person is standing in front of the window. The person is looking at the camera and appears to be speaking. The person is moving their right hand up and down, possibly gesturing while talking. The person is standing still for most of the video, but there is some slight movement of their feet and hands. The person is wearing a blue shirt and black pants. The room has a white floor and a white ceiling. There is a",Unknown,False
b8afa573-2f0f-4b77-b4b3-5fbb7197dd1f,uniandes_dance_008_11,Late Expert,"Observations: The person is performing a dance routine, moving her arms and legs in a fluid motion. She appears to be practicing a choreographed sequence, possibly for a performance or competition. Her movements are graceful and precise, indicating a high level of skill and practice.

Errors: There are no apparent errors in the person's movement. Her technique is smooth and controlled, suggesting that she is well-practiced in this dance routine.

Skill Level: Late Expert",Late Expert,True,Observations: The person is standing in a room with a camera on a tripod. They are wearing a watch on their left wrist. They are looking at the camera and making hand gestures. There is a black curtain in the background. The person is wearing a black shirt and black pants. The room has a white floor and a red wall. There is a window in the background. The person is standing in front of the camera. The person is looking at the camera. The person is making hand gestures. The person is wearing a watch on their left wrist. The person is wearing a black shirt and black pants. The person is standing in front of the camera. The person is looking at the camera. The person is making hand gestures. The person is wearing a watch on their left wrist. The person is wearing a black shirt and black pants. The person is standing in front of the camera. The person is looking at the camera. The person is making hand gestures. The person is wearing a watch on their left wrist. The person is wearing a black shirt and black pants. The person is standing in front of the camera. The person is looking at the camera. The person is making hand gestures. The person is wearing a watch on their left wrist. The person is wearing a black shirt and black pants. The person is standing in front of the camera. The person is looking at the camera. The person is making hand gestures. The person is wearing a watch on their left wrist,Unknown,False
50e6c59b-737e-447c-984c-fde5cd3e5e80,uniandes_dance_023_51,Early Expert,"Observations: The person is performing a dance routine in a studio setting. They are wearing a black shirt and black pants, and they have a microphone attached to their shirt. The person is moving their arms and legs in a fluid motion, and they appear to be following a choreographed routine. There is a backdrop with the word ""Le"" on it, and there are two tripods set up in the background.

Errors: The person appears to be moving their arms and legs in a somewhat stiff manner, which could indicate that they are still learning the routine or that they are not fully comfortable with the movements. Additionally, the person may need to work on their posture and alignment to improve their overall performance.

Skill Level: Intermediate Expert",Intermediate Expert,False,"Observations: The person is standing in front of a black curtain with white dots on it, facing a camera mounted on a tripod. They appear to be preparing for a performance or presentation. The camera is positioned at a low angle, capturing the person's upper body and the curtain behind them. The lighting in the room is bright, illuminating the person and the curtain clearly.

Errors: There are no apparent errors in the person's movement or technique. They seem to be standing still and waiting for instructions or the start of the performance.

Skill Level: Intermediate Expert",Intermediate Expert,False
7c8dc8cc-c863-4082-a011-ba385306537a,uniandes_dance_024_3,Novice,"Observations: The person is standing in front of a backdrop, wearing sunglasses and a black t-shirt with orange accents. They are moving their arms and legs in a rhythmic manner, possibly practicing a dance routine or a series of stretches. Their movements appear fluid and controlled, suggesting they have some experience with the activity.

Errors: There are no significant errors observed in the person's movements. However, it is difficult to determine if there are any minor inconsistencies or imprecisions without more context about the specific activity being performed.

Skill Level: Intermediate Expert",Intermediate Expert,False,"Observations: The person is standing in a room with a camera on a tripod. They are looking at the camera and appear to be preparing for a photo shoot. There are other people in the room, but they are not the focus of the video. The person is wearing a black shirt and jeans. The room has a white floor and a black curtain in the background. The camera is on a tripod and is pointed towards the person. The person is standing still and appears to be waiting for instructions.
Errors: There are no errors in the person's movement. They are standing still and appear to be waiting for instructions.
Skill Level: Intermediate Expert",Intermediate Expert,False
c198cb21-159d-4a1f-b395-976f44c24166,uniandes_dance_017_4,Novice,"Observations: The person is performing a dance routine, moving her arms and legs rhythmically to music. She appears to be practicing a choreographed sequence, stepping side-to-side and raising her arms at various points.

Errors: The person's movements are not perfectly synchronized with the music, indicating some hesitation or lack of practice. Her footwork could be more precise, as she occasionally steps on the same spot instead of transitioning smoothly between positions.

Skill Level: Intermediate Expert",Intermediate Expert,False,"Observations: The person is standing in front of a black curtain, pointing at it with both hands. They then move to the side and continue pointing at the curtain with both hands. The person appears to be demonstrating something related to the curtain.

Errors: There are no apparent errors in the person's movement.

Skill Level: Intermediate Expert",Intermediate Expert,False
be44efc7-77ac-43ff-906b-3d49387ce118,uniandes_dance_022_17,Late Expert,"Observations: The person is performing a dance routine, moving her arms and legs in a rhythmic manner. She appears to be following a set of steps, possibly a choreographed sequence. Her movements are fluid and coordinated, suggesting she has some experience with dance.

Errors: There are no significant errors in the person's movement. Her steps are well-timed and her arm movements are smooth. However, there might be room for improvement in terms of precision and synchronization with the music.

Skill Level: Intermediate Expert",Intermediate Expert,False,"Observations: The person is standing in front of a black curtain, facing it. They appear to be preparing for a performance or presentation. There are several people sitting on chairs in the background, watching the person. The setting appears to be a studio or a similar indoor space with a white floor and a ceiling with fluorescent lights. The person seems to be adjusting their stance and looking at the camera, possibly getting ready to start their performance.

Errors: The person's movements seem to be slow and deliberate, indicating that they might not be very experienced with this activity. There is no indication of any errors or imprecisions in their movement.

Skill Level: Novice",Novice,False
dc26e79e-f38f-4711-a212-6a7de087d8ac,uniandes_dance_017_6,Novice,"Observations: The person is performing a dance routine, moving her arms and legs rhythmically to the music. She appears to be comfortable and confident in her movements, maintaining a steady pace throughout the routine.

Errors: There are no significant errors or imprecisions in the person's movement. Her technique seems to be well-executed, with smooth transitions between steps and a consistent rhythm.

Skill Level: Intermediate Expert",Intermediate Expert,False,"Observations: The person is standing on a stage with a microphone in hand, possibly preparing to perform or speak. They are wearing a blue shirt and black pants. There are other people sitting on chairs in the background, watching the person on the stage. The stage has a black curtain with white dots on it, and there is a tripod with a camera on it. The lighting in the room is dim, but there is a bright light shining on the stage. The person appears to be looking at the camera and gesturing with their hands.

Errors: The person's body position and technique seem to be inconsistent throughout the video. At times, they appear to be moving their arms and hands in a way that suggests they are speaking or singing, while at other times, they are simply standing still. It is unclear whether the person is actually performing or just posing for the camera. Additionally, the person's posture and stance vary, which could indicate a lack of confidence or experience.

Skill Level: Novice",Novice,True
1f5b9ba5-a7c0-496d-b164-444251f45d25,uniandes_dance_002_3,Late Expert,"Observations: The person is standing with their feet shoulder-width apart, knees slightly bent, and arms relaxed at their sides. They are looking straight ahead and appear to be in a neutral stance.

Errors: There are no apparent errors in the person's movement.

Skill Level: Intermediate Expert",Intermediate Expert,False,"Observations: The person is standing in front of a camera on a tripod, facing it. They appear to be adjusting the camera settings or preparing for a recording session. Their body is upright, and they seem focused on the task at hand.

Errors: There are no apparent errors in the person's movements. They are standing still and appear to be in control of the situation.

Skill Level: Intermediate Expert",Intermediate Expert,False
be64949d-750d-4272-a561-a6c7c2d5a6b9,uniandes_dance_002_13,Early Expert,"Observations: The person is performing a dance routine, moving her arms and legs rhythmically to the music. She appears to be focused on her movements and is likely following a choreographed sequence.

Errors: There are no apparent errors in the person's movements. Her technique seems to be consistent with the dance style she is performing.

Skill Level: Intermediate Expert",Intermediate Expert,False,"Observations: The person is standing in front of a black curtain, facing it. They appear to be preparing for a performance or presentation. There are two tripods set up on either side of the curtain, suggesting that they may be using them for lighting or other equipment. The person's body language suggests that they are focused and ready to begin.

Errors: There are no visible errors in the person's movement. They appear to be standing still and waiting for something to happen, which is a normal part of preparing for a performance or presentation.

Skill Level: Intermediate Expert",Intermediate Expert,False
0c162693-cd79-4d37-9dd9-d1a6a5c653a3,uniandes_dance_020_28,Novice,"Observations: The person is performing a dance routine, moving their arms and legs rhythmically to music. They appear to be practicing a choreographed sequence, stepping side-to-side and raising their arms at various points.

Errors: The person's movements are somewhat stiff and lack fluidity, suggesting they may still be in the early stages of learning the routine. Their footwork could be more precise, and their arm movements could be more synchronized with the beat of the music.

Skill Level: Novice",Novice,True,"Observations: The person is standing in front of a black curtain with white dots on it, holding a camera on a tripod. They appear to be adjusting the camera settings or preparing to take a photo. The background shows other people sitting and standing around, possibly waiting for their turn or observing the setup.

Errors: There are no apparent errors in the person's movements. They seem to be focused on setting up the camera correctly.

Skill Level: Intermediate Expert",Intermediate Expert,False
94b7d4d2-0ddc-47d2-a88e-71193c2315cc,upenn_0629_Dance_2_2,Early Expert,"Observations: The person is standing with their feet shoulder-width apart, knees slightly bent, and arms relaxed at their sides. They are looking down at the floor and appear to be preparing for a movement.

Errors: There are no apparent errors in the person's movement. They maintain good posture and balance throughout the sequence.

Skill Level: Intermediate Expert",Intermediate Expert,False,"Observations: The person is standing in a room with a camera on a tripod, a table, and a couch. They are wearing a blue shirt and white shorts. They are looking at the camera and appear to be speaking or singing. There is a child sitting on the couch behind them.

Errors: The person's posture is slightly hunched, which could indicate discomfort or lack of confidence. Their voice may not be clear or well-projected due to the microphone's placement.

Skill Level: Intermediate Expert",Intermediate Expert,False
8aef970a-22d8-4f21-94de-9737be02abd1,uniandes_dance_016_46,Novice,"Observations: The person is performing a dance routine, moving her arms and legs in a rhythmic manner. She appears to be following a choreographed sequence, stepping side to side and raising her arms at various points.

Errors: There are no significant errors observed in the person's movements. Her steps are consistent with the rhythm, and she maintains a steady pace throughout the routine.

Skill Level: Intermediate Expert",Intermediate Expert,False,"Observations: The person is standing in front of a black curtain with white dots on it, holding a camera and taking pictures. They are wearing a blue shirt and black pants. There are two other people in the background, one of whom is also holding a camera. The person is moving slightly while taking pictures, but they are not moving around the room. The camera is pointed towards the black curtain.

Errors: The person is not moving around the room while taking pictures, which could be considered a minor error. However, this does not significantly impact the quality of the photos taken.

Skill Level: Intermediate Expert",Intermediate Expert,False
4db61f0f-e35b-4ad8-bc3a-8d4a02094c19,uniandes_dance_019_7,Intermediate Expert,"Observations: The person is performing a dance routine, moving her arms and legs in a fluid motion. She appears to be practicing a choreographed sequence, possibly for a performance or competition. Her movements are graceful and precise, indicating a high level of skill and practice.

Errors: There are no noticeable errors in the person's movement. Her technique is smooth and consistent throughout the routine.

Skill Level: Late Expert",Late Expert,False,"Observations: The person is standing in front of a camera, facing it. They appear to be speaking or presenting something. Their body is mostly stationary, with slight movements of the head and shoulders. The background shows a room with a white wall and some equipment, possibly for photography or videography.

Errors: There are no significant errors observed in the person's movement. They maintain a steady posture and seem focused on the camera.

Skill Level: Intermediate Expert",Intermediate Expert,True
a79d5151-c4f8-4b6e-9084-c563b317c4e8,uniandes_dance_021_29,Intermediate Expert,"Observations: The person is performing a dance routine with fluid movements, transitioning between different poses and steps. They maintain a steady rhythm and appear to be comfortable with the choreography.

Errors: There are no noticeable errors in the person's movements. Their technique appears consistent throughout the routine.

Skill Level: Intermediate Expert",Intermediate Expert,True,Observations: The person is standing in a room with a black curtain and a tripod. They are wearing a red shirt and blue jeans. They are looking at the camera and smiling. There is a woman sitting on a chair in the background. The person is holding a camera and taking pictures. The person is also talking to someone off-camera. The person is standing still and not moving much. The person is looking at the camera and smiling. The person is holding a camera and taking pictures. The person is also talking to someone off-camera. The person is standing still and not moving much. The person is looking at the camera and smiling. The person is holding a camera and taking pictures. The person is also talking to someone off-camera. The person is standing still and not moving much. The person is looking at the camera and smiling. The person is holding a camera and taking pictures. The person is also talking to someone off-camera. The person is standing still and not moving much. The person is looking at the camera and smiling. The person is holding a camera and taking pictures. The person is also talking to someone off-camera. The person is standing still and not moving much. The person is looking at the camera and smiling. The person is holding a camera and taking pictures. The person is also talking to someone off-camera. The person is standing still and not moving much. The person is looking at the camera and smiling. The person is holding a camera and taking pictures. The,Unknown,False
0d1c01f6-74c9-45b4-8ccd-8c64eb39a2f5,uniandes_dance_008_50,Intermediate Expert,"Observations: The person is performing a dance routine with fluid movements, transitioning between various poses and steps. They maintain a steady rhythm and appear to be comfortable with the choreography.

Errors: There are no significant errors observed in the person's movements. Their technique appears consistent throughout the routine.

Skill Level: Intermediate Expert",Intermediate Expert,True,"Observations: The person is standing in front of a black curtain with white dots on it, facing a camera on a tripod. They are wearing a white shirt and black pants. Their arms are outstretched to the sides, and they are looking at the camera. The person appears to be in a studio setting with a wooden floor and a window in the background. There is a green object on the floor near the camera.

Errors: The person's arms are not positioned correctly for the activity they are performing. It is unclear what activity they are performing, but it does not appear to be a dance routine. The person's posture is not ideal for the activity they are performing.

Skill Level: Novice",Novice,False
53d819a4-f540-44ed-8dcd-2260112fc54c,uniandes_dance_021_19,Intermediate Expert,"Observations: The person is performing a series of dance moves, including kicks, arm movements, and steps. They appear to be practicing a choreographed routine.

Errors: The person's movements are not perfectly synchronized, and there are some minor inconsistencies in their form. For example, during the kick, their leg is not fully extended, and their arms do not follow through with the movement as smoothly as they could.

Skill Level: Intermediate Expert",Intermediate Expert,True,"Observations: The person is standing in a room with a camera on a tripod, facing towards the camera. They are wearing a black shirt and blue jeans. Their arms are outstretched to the sides, and they are looking at the camera. There are other people in the background, but they are not the focus of the video. The room has a white floor and a black curtain in the background. The lighting in the room is dim, and there is a light shining on the person's face.

Errors: The person's arms are outstretched to the sides, which may be uncomfortable for them. Additionally, the person is not moving, which may make it difficult for the camera to capture their movements. The lighting in the room is also dim, which may make it difficult for the camera to capture the person's features clearly.

Skill Level: Novice",Novice,False
fdaecdd1-2ef5-44d6-bc6c-26ff4a21c3d6,uniandes_dance_008_13,Late Expert,"Observations: The person is performing a series of movements that appear to be part of a dance routine or exercise sequence. They are moving their arms and legs rhythmically, with some steps involving lifting one leg while keeping the other bent at the knee. Their posture changes throughout the sequence, indicating a dynamic and fluid motion.

Errors: There are no apparent errors in the person's movement. The sequence appears to be well-executed, with smooth transitions between different movements.

Skill Level: Intermediate Expert",Intermediate Expert,False,"Observations: The person is standing in front of a black curtain with white dots on it, holding a camera on a tripod. They appear to be adjusting the camera settings or preparing to take a photo. The person is wearing a watch on their left wrist and has a ring on their right hand. The room has a white floor and a red wall with a window. There are two other people sitting in the background, one of whom is also holding a camera on a tripod.

Errors: The person appears to be moving slightly while holding the camera, which could cause some instability in the shot. Additionally, they may need to adjust the lighting in the room to ensure proper exposure for the photo.

Skill Level: Intermediate Expert",Intermediate Expert,False
27b3c35b-8799-4294-b4ff-dc33f52e0220,uniandes_dance_024_8,Novice,"Observations: The person is standing in front of a backdrop, wearing sunglasses and a black t-shirt. They are moving their arms and legs in a rhythmic manner, possibly dancing or practicing a routine. Their movements appear to be fluid and coordinated.

Errors: There are no apparent errors in the person's movement. Their actions seem deliberate and well-practiced.

Skill Level: Intermediate Expert",Intermediate Expert,False,"Observations: The person is standing in a room with a camera on a tripod. They are looking at the camera and appear to be adjusting it. There are other people in the room, but they are not the focus of the video. The person is wearing a watch on their left wrist.
Errors: The person is not moving much, so there are no errors in their movement.
Skill Level: Intermediate Expert",Intermediate Expert,False
9235aa5a-d273-4932-be5f-b74ac82f5bcc,uniandes_dance_007_7,Intermediate Expert,"Observations: The person is performing a dance routine, moving her arms and legs in a rhythmic manner. She appears to be following a set of steps, possibly a choreographed sequence. Her movements are fluid and coordinated, suggesting she has some experience with dance.

Errors: There are no significant errors observed in the person's movements. Her technique seems consistent throughout the performance, and she maintains good posture and balance.

Skill Level: Intermediate Expert",Intermediate Expert,True,"Observations: The person is standing in front of a black curtain with white dots on it, holding a small object in their hand. They appear to be preparing to throw the object towards the curtain. The person is wearing a black shirt and red shoes. There is a tripod and a camera on the floor next to the curtain. The room has a white ceiling and a window in the background.

Errors: The person's technique appears to be inconsistent. In some frames, they seem to be holding the object too close to their body, which could make it difficult to throw accurately. In other frames, they appear to be throwing the object too far away from their body, which could also affect accuracy. Additionally, the person's arm movement seems to be jerky and uncontrolled, which could lead to inaccurate throws.

Skill Level: Novice",Novice,False
97fff617-93c7-4d83-a13e-1ff5ab6fc79d,uniandes_dance_021_12,Late Expert,"Observations: The person is performing a dance routine with fluid movements, transitioning between different steps and arm positions. They maintain a steady rhythm and appear to be comfortable with the choreography.

Errors: There are no noticeable errors in the person's movements. Their technique appears consistent throughout the routine.

Skill Level: Intermediate Expert",Intermediate Expert,False,"Observations: The person is standing in front of a black curtain with white dots on it, facing towards the camera. They are wearing a black shirt and blue jeans. Their arms are outstretched to the sides, and they are looking at the camera. There are two other people sitting on chairs in the background, watching the person perform. The room has a white ceiling and a wooden floor. There is a tripod in the corner of the room.",Unknown,False
6af8d123-939a-410a-9d29-72687bd4dac5,uniandes_dance_013_15,Late Expert,"Observations: The person is performing a dance routine, moving her arms and legs in a rhythmic manner. She appears to be following a set of steps or a choreographed sequence. Her movements are fluid and coordinated, suggesting she has some experience with dance.

Errors: There are no significant errors in the person's movements. However, it is difficult to determine if she is performing at a novice, early expert, intermediate expert, or late expert level based on this single observation.

Skill Level: Intermediate Expert",Intermediate Expert,False,"Observations: The person is standing in front of a camera on a tripod, holding a remote control. They appear to be adjusting the camera settings or preparing for a photo shoot. The background includes a black backdrop with white dots, suggesting a professional photography setup.

Errors: There are no apparent errors in the person's movements. They seem to be following proper techniques for setting up a camera and preparing for a photo shoot.

Skill Level: Intermediate Expert",Intermediate Expert,False
8fdcfd22-239e-44b9-90a7-f29588cb7d82,uniandes_dance_012_24,Intermediate Expert,"Observations: The person is performing a dance routine, moving her arms and legs in a fluid motion. She appears to be practicing a choreographed sequence, possibly for a performance or competition. Her movements are graceful and precise, indicating a high level of skill and practice.

Errors: There are no apparent errors in the person's movement. Her technique is smooth and consistent throughout the routine.

Skill Level: Late Expert",Late Expert,False,"Observations: The person is standing in front of a black curtain with white dots on it, holding a camera on a tripod. They appear to be adjusting the camera settings or preparing to take a photo. The person is wearing a watch on their left wrist and has their right hand raised, possibly gesturing or pointing at something off-camera. The background shows a room with a red wall and a window, suggesting that this scene takes place indoors.

Errors: There are no apparent errors or imprecisions in the person's movement. They seem to be focused on their task and are taking care to ensure the camera is properly set up for the photo.

Skill Level: Intermediate Expert",Intermediate Expert,True
5286fd37-f72e-42c5-bb9e-e09811887981,uniandes_dance_020_27,Novice,"Observations: The person is performing a series of dance moves, including arm movements and steps. They appear to be practicing a routine, possibly for a performance or competition. Their movements are fluid and coordinated, indicating a certain level of skill and familiarity with the dance style.

Errors: There are no significant errors observed in the person's movements. However, it is difficult to determine if they are performing at their full potential without more context or a longer sequence of the routine.

Skill Level: Intermediate Expert",Intermediate Expert,False,"Observations: The person is standing in a room with a camera on a tripod. They are looking at the camera and appear to be adjusting it. There are other people in the room, but they are not the focus of the video. The person is wearing a red shirt and blue jeans. The room has a white floor and black curtains. The camera is on a tripod and is pointed towards the person. The person is standing still and appears to be focused on the camera. The other people in the room are sitting and appear to be watching the person with the camera. The person is holding a remote control in their right hand. The person is looking at the camera and appears to be adjusting it. The person is standing still and appears to be focused on the camera. The other people in the room are sitting and appear to be watching the person with the camera. The person is holding a remote control in their right hand. The person is looking at the camera and appears to be adjusting it. The person is standing still and appears to be focused on the camera. The other people in the room are sitting and appear to be watching the person with the camera. The person is holding a remote control in their right hand. The person is looking at the camera and appears to be adjusting it. The person is standing still and appears to be focused on the camera. The other people in the room are sitting and appear to be watching the person with the camera. The person is holding a remote control in",Unknown,False
7992ceca-a566-4679-b116-6fc0b811b70f,upenn_0720_Dance_4_5,Early Expert,"Observations: The person is performing a dance routine that involves various arm movements, leg lifts, and steps. They appear to be practicing a choreographed sequence, moving fluidly and with purpose.

Errors: There are no significant errors observed in the person's movements. Their technique appears consistent throughout the routine, and they maintain good posture and balance.

Skill Level: Intermediate Expert",Intermediate Expert,False,"Observations: The person is standing in a large, open room with a high ceiling and several levels. They are holding a camera on a tripod and appear to be adjusting it. The person is wearing a black shirt and shorts. The room has a modern design with glass walls and a staircase leading up to another level. There are also some benches and a trash can in the room. The lighting is dim, but there are some bright spots from the camera and other light sources.

Errors: The person appears to be moving the camera on the tripod, which could potentially cause the footage to be shaky or out of focus. Additionally, they may not have the proper technique for adjusting the camera, which could result in subpar footage.

Skill Level: Novice",Novice,False
c5c271ee-08ad-4dd8-ac8c-417f830db685,uniandes_dance_019_20,Intermediate Expert,"Observations: The person is performing a dance routine with fluid movements, transitioning between different poses and steps. They maintain a strong posture and exhibit control over their movements, indicating a high level of skill and practice.

Errors: There are no noticeable errors or imprecisions in the person's movements. Their technique appears to be precise and well-coordinated throughout the routine.

Skill Level: Late Expert",Late Expert,False,"Observations: The person is standing in front of a black backdrop with white dots, which appears to be part of a photo or video setup. They are wearing a red shirt and blue jeans. Their arms are extended outwards, and they seem to be gesturing or pointing towards something off-camera. The background includes a tripod and some other equipment, suggesting that this might be a photography or videography session.

Errors: The person's posture and gestures suggest that they may not have much experience with the equipment or the process they are involved in. Their movements appear to be somewhat awkward and uncoordinated, indicating that they may not be familiar with the proper techniques for using the equipment or capturing the desired image or video.

Skill Level: Novice",Novice,False
26ca925c-845d-4419-ae37-93f28cb415e8,uniandes_dance_016_8,Early Expert,"Observations: The person is performing a dance routine, moving her arms and legs rhythmically to music. She appears to be in a studio setting with a backdrop and lighting equipment visible.

Errors: The person's movements seem to lack precision and fluidity, particularly in the arm movements which appear stiff and not fully synchronized with the music. Her footwork also seems uneven at times.

Skill Level: Novice",Novice,False,"Observations: The person is standing in front of a black curtain with white dots on it, facing away from the camera. They appear to be preparing for a performance or presentation. The person's body is relaxed, and they are looking at the curtain.

Errors: There are no visible errors in the person's movement.

Skill Level: Intermediate Expert",Intermediate Expert,False
e10d385c-3b3f-4cc4-8e2d-2c5e7d986f42,uniandes_dance_020_34,Late Expert,"Observations: The person is performing a dance routine, moving his arms and legs in a rhythmic manner. He appears to be following a set of steps that involve stepping side to side and raising his arms above his head.

Errors: The person's movements seem to lack fluidity and precision. His steps appear to be uneven, and he seems to be struggling with maintaining a consistent rhythm. Additionally, his arm movements do not follow a clear pattern, which could indicate a lack of practice or familiarity with the routine.

Skill Level: Novice",Novice,False,"Observations: The person is standing in front of a camera, holding a phone and looking at it. They then move to the side and continue to look at the phone. The person appears to be focused on the phone screen and not paying attention to their surroundings.

Errors: The person is not paying attention to their surroundings while using the phone. This could lead to accidents or missing important information.

Skill Level: Novice",Novice,False
24b8af0b-b50e-4ddb-8421-a23dab506580,uniandes_dance_013_22,Late Expert,"Observations: The person is performing a dance routine, moving her arms and legs in a fluid motion. She appears to be practicing a choreographed sequence, possibly for a performance or competition. Her movements are precise and controlled, indicating a high level of skill and practice.

Errors: There are no noticeable errors in the person's movements. Her technique is consistent and well-executed throughout the routine.

Skill Level: Late Expert",Late Expert,True,"Observations: The person is standing in a room with a black curtain hanging on the wall. They are wearing a black shirt and black pants. They are looking at the camera and making hand gestures. There are other people in the room, but they are not the focus of the video. The person appears to be speaking or explaining something.",Unknown,False
04f0854f-7a61-4902-a5ea-cf9b9ff2785f,upenn_0706_Dance_4_3,Early Expert,"Observations: The person is standing in a room with a wooden floor, wearing a blue shirt and brown pants. They are moving their arms and legs in a rhythmic manner, possibly dancing or practicing a routine. Their movements appear to be fluid and coordinated.

Errors: There are no apparent errors in the person's movement. Their actions seem deliberate and well-practiced.

Skill Level: Intermediate Expert",Intermediate Expert,False,"Observations: The person is standing in a room with a tripod and a camera on it. They are holding a remote control and appear to be operating the camera. They are looking at the camera and moving their head slightly. There are two other people in the room, one of whom is also holding a remote control and appears to be operating the camera. The other person is standing near the door. The room has a chandelier hanging from the ceiling and a table with chairs around it. The walls are white and there is a window with curtains on the left side of the room. The floor is made of wood.

Errors: The person is not moving their body much while operating the camera. They are mostly standing still and looking at the camera. This could be because they are not comfortable with the equipment or they are not familiar with how to use it. It is also possible that they are not sure what they want to capture with the camera.

Skill Level: Novice",Novice,False
7e4cdc23-31d4-4449-b6a1-1100985cfcb1,uniandes_dance_012_19,Intermediate Expert,"Observations: The person is standing with their feet shoulder-width apart, knees slightly bent, and arms relaxed at their sides. They are looking straight ahead and appear to be in a neutral stance.

Errors: There are no apparent errors in the person's movement.

Skill Level: Intermediate Expert",Intermediate Expert,True,"Observations: The person is standing in front of a black backdrop, holding a camera and taking pictures. They are wearing a black shirt and blue jeans. The backdrop has white dots on it, which may be used for alignment purposes. There are two other people in the room, one sitting on a chair and the other standing near a tripod. The room appears to be a studio with a white floor and orange walls. The person is focused on taking pictures and appears to be using a tripod for stability.

Errors: The person is not moving much while taking pictures, which could lead to a lack of variety in the shots. Additionally, they are not using any filters or editing software, which could result in less visually appealing images.

Skill Level: Intermediate Expert",Intermediate Expert,True
6d348ad5-d8f5-47f3-93c4-c2252910d310,uniandes_dance_002_24,Early Expert,"Observations: The person is performing a dance routine, moving her arms and legs in a fluid motion. She appears to be following a set of steps or a choreographed sequence. Her movements are graceful and controlled, indicating a level of practice and familiarity with the routine.

Errors: There are no significant errors observed in the person's movements. Her technique seems consistent throughout the performance, and she maintains good posture and balance.

Skill Level: Intermediate Expert",Intermediate Expert,False,"Observations: The person is standing in front of a black curtain, facing it. They appear to be preparing for a performance or presentation. The person's body is upright, and they seem focused on the task at hand.

Errors: There are no apparent errors in the person's movement. They maintain a steady posture throughout the video.

Skill Level: Intermediate Expert",Intermediate Expert,False
98ca3100-848b-4267-be0b-3c53c301cd96,uniandes_dance_020_22,Novice,"Observations: The person is performing a series of movements that appear to be part of a dance routine or a choreographed exercise. They are moving their arms and legs in a rhythmic manner, stepping side to side and raising their arms at various points. Their posture is upright, and they seem to be focused on their movements.

Errors: The person's movements are not entirely fluid, and there are some minor inconsistencies in their timing and coordination. For example, in some frames, their arms do not move in perfect sync with their legs, and there are slight hesitations in their steps. Additionally, their facial expression does not always convey the intensity or emotion required for the dance or exercise.

Skill Level: Intermediate Expert",Intermediate Expert,False,"Observations: The person is standing in a room with a black curtain and a white floor. They are wearing a red shirt and blue jeans. They are looking at the camera and smiling. There are other people in the room, but they are not the focus of the video. The person is standing still and not moving.
Errors: There are no errors in the person's movement. They are standing still and not moving.
Skill Level: Novice",Novice,True
ad71e6d3-b828-4dbf-8853-18f5fcc59768,uniandes_dance_019_6,Intermediate Expert,"Observations: The person is performing a dance routine with fluid movements, transitioning between different poses and steps. They maintain a strong posture and engage with the camera, indicating confidence and focus.

Errors: The person's movements could be smoother, particularly in the transition between poses. There might be room for improvement in the synchronization of their steps with the music.

Skill Level: Intermediate Expert",Intermediate Expert,True,"Observations: The person is standing in front of a black backdrop, facing it. They appear to be preparing for a performance or presentation. Their body is upright, and they seem focused on the backdrop.

Errors: There are no apparent errors in the person's movement. They are standing still and appear to be in a ready position.

Skill Level: Intermediate Expert",Intermediate Expert,True
03d2dc5b-24fa-4190-8392-587fbdf31785,upenn_0720_Dance_3_7,Early Expert,"Observations: The person is performing a dance routine, moving her arms and legs rhythmically to the music. She appears to be enjoying herself and is fully engaged in the activity.

Errors: There are no significant errors in the person's movement. Her technique seems to be consistent with the rhythm of the music.

Skill Level: Intermediate Expert",Intermediate Expert,False,"Observations: The person is standing in front of a camera on a tripod, holding a microphone and speaking into it. They appear to be recording a video or audio clip. The person is wearing casual clothing and seems focused on the task at hand.

Errors: There are no apparent errors in the person's movement or technique. They are standing still and maintaining a steady posture while speaking into the microphone.

Skill Level: Intermediate Expert",Intermediate Expert,False
be4e32c4-1537-44bc-9f66-5d61098c08dd,uniandes_dance_024_7,Novice,"Observations: The person is performing a dance routine, moving his arms and legs rhythmically to the music. He appears to be enjoying himself and is fully engaged in the performance.

Errors: There are no significant errors in the person's movement. However, he could improve his posture by keeping his back straight and maintaining a balanced stance throughout the routine.

Skill Level: Intermediate Expert",Intermediate Expert,False,"Observations: The person is standing in front of a black backdrop with white dots on it, holding a camera on a tripod. They appear to be adjusting the camera settings or preparing to take a photo. The backdrop has a logo on it that reads ""Le Danza."" There are other people in the background, some sitting and some standing, but they are not the focus of the scene.

Errors: The person's hand movements suggest they may be struggling to find the right angle for the shot or adjusting the camera settings. It seems like they might need more practice with the camera to achieve a better composition.

Skill Level: Novice",Novice,True
7ab10395-024c-4fe4-994d-c7f57a42b354,upenn_0727_Partner_Dance_2_1_4,Late Expert,"Observations: The person is dancing in a room with wooden floors and chairs arranged around the perimeter. They are wearing a pink dress and black shoes, and they are holding hands with another person who is wearing a black shirt and black pants. The person is moving their arms and legs in a fluid motion, and they appear to be following a dance routine. The other person is also moving their arms and legs in a similar manner, and they seem to be following the same routine. The person is also looking at a phone screen that has a QR code on it.

Errors: There are no apparent errors in the person's movement. They are following the dance routine correctly and maintaining good posture throughout the dance.

Skill Level: Intermediate Expert",Intermediate Expert,False,"Observations: The person is dancing in a room with a wooden floor, wearing a pink skirt and a white top. They are moving their arms and legs in a rhythmic manner, stepping forward and backward while turning around. Their movements appear to be fluid and coordinated.

Errors: The person's movements could be more precise and controlled, especially when transitioning between steps. There may also be some hesitation or uncertainty in their footwork at times.

Skill Level: Intermediate Expert",Intermediate Expert,False
e0ee6d25-73ea-4301-900d-c40a4d1e82dc,upenn_0720_Dance_3_11,Early Expert,"Observations: The person is performing a dance routine, moving her arms and legs rhythmically to the music. She appears to be following a choreographed sequence, stepping side to side and raising her arms at various points.

Errors: The person's movements are not perfectly synchronized with the music, indicating that she may still be learning the routine. Her steps are not entirely consistent, and there are moments where she appears to be hesitating or struggling to remember the next move.

Skill Level: Novice",Novice,False,"Observations: The person is walking towards the camera while holding a tripod. They are wearing a black shirt and blue jeans. The camera is positioned on a tripod, capturing the person's movements. The background features a building with a glass facade and a staircase. The lighting is dim, creating a moody atmosphere.

Errors: The person's movements appear to be slightly unsteady, indicating that they may not be entirely comfortable with the tripod. There is also a slight blur in some of the frames, which could be due to the person's movement or the camera's focus.

Skill Level: Intermediate Expert",Intermediate Expert,False
a34204b4-1ebb-4cec-a338-f4e543669820,uniandes_dance_012_25,Intermediate Expert,"Observations: The person is performing a dance routine, moving her arms and legs in a fluid motion. She appears to be practicing a choreographed sequence, possibly for a performance or competition. Her movements are graceful and precise, indicating a high level of skill and practice.

Errors: There are no apparent errors in the person's movement. Her technique is smooth and controlled, suggesting that she is well-practiced in this dance routine.

Skill Level: Late Expert",Late Expert,False,"Observations: The person is standing in front of a black curtain with white dots on it, holding a camera on a tripod. They appear to be adjusting the camera settings or preparing to take a photo. The person is wearing a watch on their left wrist and has long hair. The room has a white ceiling with a light fixture and a speaker mounted on the wall. There is a window with red curtains in the background. The floor is made of wood and there is a bench against the wall near the window.

Errors: The person's movements are not very precise and they seem to be struggling with the camera settings. They are also not paying attention to the lighting conditions in the room.

Skill Level: Novice",Novice,False
3f508ce8-ba11-49d3-848c-ccd8c8b52c3d,upenn_0730_Dance_2_5,Late Expert,"Observations: The person is performing a dance routine that involves various movements such as bending, squatting, and standing up. They appear to be following a set of steps or a choreographed sequence.

Errors: The person's movements seem to lack fluidity and precision at times. There may be some hesitation or uncertainty in their footwork, which could indicate a lack of familiarity with the routine or a need for more practice.

Skill Level: Intermediate Expert",Intermediate Expert,False,"Observations: The person is standing in a room with a whiteboard, chairs, and a desk. They are wearing a white shirt and black pants. They are looking at something on the floor and then move their hand towards it. They then look up and walk away from the camera.",Unknown,False
6b3a51f3-973e-44de-b300-ed1c25bc82d3,uniandes_dance_008_8,Late Expert,"Observations: The person is performing a dance routine, moving her arms and legs rhythmically to music. She appears to be following a choreographed sequence, stepping side-to-side and raising her arms at various points.

Errors: There are no significant errors observed in the person's movements. Her steps and arm movements appear to be well-timed with the music, indicating a good grasp of the choreography.

Skill Level: Intermediate Expert",Intermediate Expert,False,"Observations: The person is sitting on a chair, holding a microphone and speaking into it. They are looking at the camera and appear to be engaged in a conversation or presentation. There are other people in the room, but they are not the focus of the video.

Errors: The person's hand movements are not smooth and natural, indicating that they may not be experienced with public speaking or presenting. Their posture is slightly slouched, which could make them appear less confident or professional.

Skill Level: Novice",Novice,False
5c4e796b-cb0b-4a72-b7ed-ad0dcc6aec1c,uniandes_dance_019_58,Late Expert,"Observations: The person is performing a dance routine with fluid movements, transitioning between different poses and steps. They maintain a strong posture and exhibit control over their movements, indicating a high level of skill and practice.

Errors: There are no noticeable errors or imprecisions in the person's movements. Their technique appears to be precise and well-coordinated throughout the routine.

Skill Level: Late Expert",Late Expert,True,"Observations: The person is standing in a room with a black curtain and a white floor. They are wearing a black shirt and black pants. They are looking at the camera and moving their hands. There are two other people in the room, one sitting on a chair and the other standing next to a tripod. The person is standing still and not performing any specific activity.
Errors: The person is not performing any specific activity and is just standing still. There are no errors in their movement.
Skill Level: Novice",Novice,False
b0f9aa8b-0632-44a1-a6ab-8d698208169c,uniandes_dance_011_29,Late Expert,"Observations: The person is performing a series of movements that involve bending down, lifting up, and stepping forward. They appear to be practicing a dance routine or a similar form of physical exercise. The person's movements are fluid and controlled, indicating a certain level of familiarity with the activity.

Errors: There are no significant errors observed in the person's movements. Their technique appears to be consistent and well-executed throughout the sequence.

Skill Level: Intermediate Expert",Intermediate Expert,False,"Observations: The person is standing in a room with a black curtain in the background. They are wearing a watch on their left wrist and have a phone in their right hand. They are looking at the camera and appear to be speaking. There are two other people in the room, one sitting on a chair and the other standing near a tripod. The room has a white floor and a red wall. The person is moving their hands slightly while talking.

Errors: The person's movements are not very fluid or precise. They seem to be speaking quickly and their gestures are not very deliberate. Their posture is also not very upright, which could indicate that they are not fully engaged in the conversation.

Skill Level: Novice",Novice,False
95bcacb6-e524-4aa8-91f3-22b12898779d,uniandes_dance_016_45,Novice,"Observations: The person is performing a dance routine, moving her arms and legs rhythmically to the music. She maintains a steady pace and appears to be enjoying herself. Her movements are fluid and well-coordinated.

Errors: There are no significant errors or imprecisions in the person's movement. Her technique seems to be on point, and she is able to maintain a consistent rhythm throughout the routine.

Skill Level: Intermediate Expert",Intermediate Expert,False,"Observations: The person is standing in front of a black curtain with white dots on it, looking at something off-camera. They appear to be adjusting the camera or preparing for a photo shoot. There are other people in the background, some sitting and some standing, but they are not the focus of the scene.

Errors: The person's body position seems natural and relaxed, indicating that they are comfortable with the task at hand. However, there is no indication of any errors or imprecisions in their movement.

Skill Level: Intermediate Expert",Intermediate Expert,False
841d97d5-8a6b-4221-adea-5fa1aa3e9707,uniandes_dance_011_43,Early Expert,"Observations: The person is performing a dance routine, moving her arms and legs in a fluid motion. She appears to be practicing a choreographed sequence, with her movements synchronized and precise.

Errors: There are no noticeable errors in the person's movement. Her technique is smooth and controlled throughout the routine.

Skill Level: Intermediate Expert",Intermediate Expert,False,"Observations: The person is standing in front of a black curtain with white dots on it, facing the camera. They are wearing a black shirt and appear to be looking at the camera. The person's arms are slightly raised, and they are moving them in a circular motion. The person appears to be in a room with a white floor and a white wall behind the curtain. There is a tripod in the background, and a speaker mounted on the wall above the curtain.

Errors: The person's movements are not consistent, and there are some inconsistencies in their arm movements. It seems like they are trying to perform a dance move, but the movements are not precise and seem to lack coordination.

Skill Level: Novice",Novice,False
5b5a6017-4b2e-4529-a348-84bc64d1d3c3,upenn_0727_Partner_Dance_2_2_4,Early Expert,"Observations: The person is dancing in a room with wooden floors and white walls. They are wearing a pink dress and black shoes. The man is wearing a black shirt and black pants. They are holding hands and moving their feet in a rhythmic manner. The woman is leading the dance, and the man is following her lead. They are both smiling and appear to be enjoying themselves. The woman is also wearing sunglasses.

Errors: There are no apparent errors in their movement. They are dancing in a smooth and coordinated manner.

Skill Level: Intermediate Expert",Intermediate Expert,False,"Observations: The person is standing in a room with a wooden floor, wearing a black shirt and glasses. They are moving their arms and legs in a rhythmic manner, possibly dancing or practicing a dance routine. Their movements appear to be fluid and coordinated, suggesting they have some experience with the activity.

Errors: There are no significant errors in the person's movements. However, it is difficult to determine if there are any minor inconsistencies or imprecisions without more context about the specific activity being performed.

Skill Level: Intermediate Expert",Intermediate Expert,False
b0f43b31-88d6-4173-bc98-543c8f8d938d,uniandes_dance_016_44,Novice,"Observations: The person is performing a dance routine, moving her arms and legs rhythmically to the music. She appears to be comfortable and confident in her movements, maintaining a steady pace throughout the routine.

Errors: There are no significant errors or imprecisions in the person's movement. Her technique seems to be well-executed, with smooth transitions between steps and a consistent rhythm.

Skill Level: Intermediate Expert",Intermediate Expert,False,"Observations: The person is standing in front of a camera, holding a phone and taking a picture. They then move to the side and continue taking pictures. The person appears to be focused on capturing the scene in front of them.
Errors: There are no apparent errors in the person's movements or technique.
Skill Level: Intermediate Expert",Intermediate Expert,False
6e4400c5-0bd9-454f-97d4-4fe35fe31682,uniandes_dance_022_9,Novice,"Observations: The person is standing in a room with a backdrop that has a logo on it. They are wearing sunglasses, a black long-sleeved shirt, blue jeans, and brown shoes. They are moving their arms and legs in a rhythmic manner, possibly practicing a dance routine or a series of movements. Their posture is upright, and they appear to be focused on their movements.

Errors: There are no apparent errors in the person's movements. They seem to be performing the movements with precision and control.

Skill Level: Intermediate Expert",Intermediate Expert,False,"Observations: The person is standing in a room with a black curtain and a tripod. They are pointing at something off-camera with their right hand, then they move their left hand to point at something else. They then move their right hand to point at something else. They are wearing a black shirt and blue jeans. There are other people in the background who appear to be watching the person. The room has a white floor and a white ceiling. The person appears to be speaking while pointing at different things.

Errors: The person's movements are not very smooth or precise. They seem to be moving their hands quickly and without much control. It is unclear what they are pointing at, and it is difficult to tell if they are actually communicating anything meaningful.

Skill Level: Novice",Novice,True
1e31765b-d0e0-4317-a361-2e81613a5c61,uniandes_dance_021_20,Intermediate Expert,"Observations: The person is performing a series of dance moves, including arm movements and leg steps. They appear to be practicing a choreographed routine.

Errors: The person's movements are not perfectly synchronized, indicating that they may still be in the early stages of learning the routine. There are also some minor inconsistencies in their footwork and arm positioning.

Skill Level: Novice",Novice,False,Observations: The person is standing in a room with a black curtain and a white floor. They are wearing a black shirt and blue jeans. They are pointing at something on the floor with their right hand. There is a camera on a tripod in the background.,Unknown,False
3cffe89e-da73-4297-808a-d185d49959f1,uniandes_dance_022_48,Late Expert,"Observations: The person is performing a dance routine, moving her arms and legs in a fluid motion. She appears to be practicing a choreographed sequence, possibly for a performance or competition. Her movements are graceful and precise, indicating a high level of skill and practice.

Errors: There are no noticeable errors in the person's movement. Her technique is smooth and consistent throughout the routine.

Skill Level: Late Expert",Late Expert,True,"Observations: The person is standing in front of a black curtain with white dots, which appears to be part of a photo studio setup. They are wearing a bracelet on their right wrist and have long hair. The person is looking at something off-camera, possibly a camera or a monitor, and appears to be adjusting their position slightly. There are other people sitting on chairs in the background, watching the person. The lighting in the room is bright, and there are two fluorescent lights on the ceiling.

Errors: The person's movements are not very precise, and they seem to be adjusting their position frequently. It is unclear what specific task they are performing, but it could be related to photography or videography.

Skill Level: Novice",Novice,False
f1415a2f-c967-450e-bc9a-53a49abdd5e5,uniandes_dance_008_38,Late Expert,"Observations: The person is performing a series of movements that involve raising their arms above their head, extending them out to the sides, and then bringing them back down to their sides. They appear to be practicing a dance routine or a form of exercise that involves fluid arm movements.

Errors: There are no apparent errors in the person's movements. Their actions seem deliberate and controlled, indicating a level of practice and familiarity with the routine.

Skill Level: Intermediate Expert",Intermediate Expert,False,"Observations: The person is standing in front of a black curtain with white dots on it, facing towards the camera. They are wearing a dark-colored shirt and appear to be looking at the camera. Their arms are slightly raised, and they seem to be gesturing or pointing towards something off-camera. The background includes a tripod and some other equipment, suggesting that this might be a photography or videography setup.

Errors: The person's movements are not very precise or deliberate, which suggests that they may be a novice or early expert in this activity. There is no indication of any errors in their technique, but their lack of precision could be improved with more practice.

Skill Level: Novice",Novice,False
3a327064-721f-4571-a510-29de32f82342,uniandes_dance_013_8,Early Expert,"Observations: The person is performing a series of movements that involve stepping side to side, raising their arms, and bending at the waist. They appear to be practicing a dance routine or a form of exercise.

Errors: The person's movements are not perfectly synchronized, and there are some inconsistencies in their form. For example, they sometimes raise their arms too high or bend their knees too much during certain steps. Additionally, their footwork could be more precise, as they occasionally step on the same spot twice.

Skill Level: Intermediate Expert",Intermediate Expert,False,"Observations: The person is standing in a room with black curtains and a tripod. They are wearing a blue shirt and black pants. They are looking at the camera and moving their arms up and down. There is a green object on the floor near their feet. The room has a white ceiling and a window in the background. The person appears to be practicing a dance routine or some form of movement exercise.

Errors: The person's movements are not very fluid or precise. Their arms are moving in a jerky manner, and they appear to be struggling to maintain balance. The green object on the floor may be causing them to trip or lose their footing.

Skill Level: Novice",Novice,False
f809a447-5414-4539-8bfd-2f6baa32dc1c,uniandes_dance_021_53,Early Expert,"Observations: The person is performing a dance routine with fluid movements, transitioning between different poses and steps. They maintain good posture and balance throughout the sequence.

Errors: There are no significant errors observed in the person's movements. Their technique appears to be consistent and well-executed.

Skill Level: Intermediate Expert",Intermediate Expert,False,"Observations: The person is standing in a room with a black curtain and a tripod. They are pointing at something off-camera with their right hand, then they move their left hand to point at something else. They continue to gesture with both hands, indicating different objects or areas in the room. The person appears to be explaining or demonstrating something.

Errors: There are no apparent errors in the person's movement. They seem to be speaking clearly and confidently while gesturing.

Skill Level: Intermediate Expert",Intermediate Expert,False
a20971f0-7778-436f-a3de-ffbc64d59b06,uniandes_dance_017_5,Novice,"Observations: The person is performing a dance routine, moving her arms and legs rhythmically to the music. She appears to be in a studio setting with a backdrop and lighting equipment visible.

Errors: The person's movements seem to lack precision and fluidity, indicating that she may not have a high level of expertise yet. Her steps appear to be uneven at times, and her arm movements do not always align perfectly with the beat of the music.

Skill Level: Novice",Novice,True,"Observations: The person is standing in a room with a black curtain and a tripod. They are wearing a blue shirt and black pants. They are looking at the camera and smiling. There are other people in the background, but they are not the focus of the video. The person is standing still and there is no indication of any movement or activity.
Errors: There are no errors in the person's movement. They are standing still and there is no indication of any movement or activity.
Skill Level: Novice",Novice,True
6eba8ef2-4d47-4d63-a864-e4dc64f8231b,uniandes_dance_021_5,Late Expert,"Observations: The person is performing a dance routine, moving her arms and legs in a rhythmic manner. She appears to be following a set of steps, possibly a choreographed sequence. Her movements are fluid and coordinated, suggesting she has some experience with dance.

Errors: There are no significant errors in the person's movement. Her steps are well-timed and her arm movements are smooth. However, there could be room for improvement in terms of precision and synchronization with the music.

Skill Level: Intermediate Expert",Intermediate Expert,False,"Observations: The person is standing in front of a camera, facing it. They are wearing a black shirt and blue jeans. Their arms are outstretched to the sides, and they are looking at the camera. There are other people in the background, but they are not the focus of the video. The setting appears to be indoors, with a white wall and a speaker on the wall behind the person.
Errors: The person's arms are outstretched to the sides, which may not be the most natural or comfortable position for them. Additionally, the person is looking at the camera, which may not be the most engaging pose for the viewer.
Skill Level: Novice",Novice,False
0f2b6d29-7921-402f-9a5b-59dd9a15f515,uniandes_dance_012_28,Late Expert,"Observations: The person is standing with their feet shoulder-width apart, knees slightly bent, and arms relaxed at their sides. They are looking straight ahead and appear to be in a neutral stance.

Errors: There are no apparent errors in the person's movement.

Skill Level: Intermediate Expert",Intermediate Expert,False,"Observations: The person is standing in a room with a camera on a tripod, pointing at something off-screen. They appear to be giving instructions or demonstrating something to others who are seated nearby. The room has a white floor and walls, and there are some black curtains hanging on the wall behind them. The person is wearing a watch on their left wrist.

Errors: There are no apparent errors in the person's movement. They seem to be moving naturally and purposefully while pointing and speaking.

Skill Level: Intermediate Expert",Intermediate Expert,False
88f21f26-5c09-485c-9e63-a096acf58336,uniandes_dance_016_12,Early Expert,"Observations: The person is performing a dance routine, moving fluidly with her arms and legs in various positions. She appears to be practicing a choreographed sequence, possibly for a performance or competition.

Errors: There are no significant errors observed in the person's movements. Her technique seems consistent throughout the routine, and she maintains good posture and balance.

Skill Level: Intermediate Expert",Intermediate Expert,False,"Observations: The person is standing in front of a black curtain with white dots on it, holding a camera and taking pictures. They are wearing a red shirt and blue jeans. There are other people in the background, some of whom are also holding cameras. The setting appears to be indoors, possibly at an event or a photoshoot. The person seems focused on capturing the scene in front of them.

Errors: The person's movements appear to be steady and deliberate, indicating that they are experienced with using a camera. However, there is no indication of any errors or imprecisions in their movement.

Skill Level: Intermediate Expert",Intermediate Expert,False
3abfad56-574e-41ad-abb1-6a002c69a5c7,uniandes_dance_024_17,Early Expert,"Observations: The person is performing a dance routine, moving her arms and legs in a rhythmic manner. She appears to be following a set of steps, possibly a choreographed sequence. Her movements are fluid and coordinated, suggesting she has some experience with dance.

Errors: There are no significant errors in the person's movement. Her steps are well-timed and her arm movements are smooth. However, there could be room for improvement in terms of precision and synchronization with the music.

Skill Level: Intermediate Expert",Intermediate Expert,False,"Observations: The person is standing in front of a black curtain with white dots on it, which is hanging from a ceiling. They are wearing a black shirt and blue jeans. Their arms are outstretched to the sides, and they are looking at the camera. There are two other people sitting on chairs in the background, one of whom is holding a camera. The room has a white floor and a white wall. The person appears to be posing for a photo or video.
Errors: The person's posture is not entirely straight, and their arms are not perfectly aligned with their body. Additionally, their gaze is not directly at the camera, but rather slightly off to the side.
Skill Level: Intermediate Expert",Intermediate Expert,False
cbc710de-4393-470d-91bd-f6af9f09f7c4,uniandes_dance_022_7,Novice,"Observations: The person is standing in a room with a backdrop that says ""1Lè"". They are wearing sunglasses, a black jacket, blue jeans, and brown shoes. They are moving their arms and legs in a rhythmic manner, possibly practicing a dance routine or a series of movements. The person appears to be focused on their performance.

Errors: The person's movements seem to lack precision and fluidity. Their steps and arm movements appear to be stiff and not well-coordinated. There may also be some hesitation or uncertainty in their movements, which could indicate a lack of confidence or experience.

Skill Level: Novice",Novice,True,"Observations: The person is standing in front of a black curtain, facing it. They appear to be preparing for a performance or presentation. Their body is upright, and they have their arms at their sides. There are other people in the background, some of whom are seated on chairs. The setting appears to be indoors, possibly in a studio or a similar space.

Errors: The person's body position is not particularly dynamic or expressive. They do not seem to be engaging with the audience or the camera in any way that suggests they are about to perform. It is unclear what the purpose of their presence in this setting is.

Skill Level: Novice",Novice,True
24437400-1478-4239-8f4d-788d88568a9e,uniandes_dance_021_23,Intermediate Expert,"Observations: The person is performing a dance routine, moving their arms and legs in a fluid motion. They appear to be practicing a specific sequence of steps, possibly for a choreographed piece. Their movements are deliberate and controlled, indicating a level of familiarity with the routine.

Errors: There are no significant errors observed in the person's movements. Their technique appears to be consistent and well-executed throughout the sequence.

Skill Level: Intermediate Expert",Intermediate Expert,True,"Observations: The person is standing in a room with a camera on a tripod. They are gesturing with their hands, possibly explaining something or giving instructions. There are other people in the background, but they are not the focus of the video.

Errors: The person's gestures seem to be random and not related to the task at hand. It is unclear what they are trying to convey through their movements.

Skill Level: Novice",Novice,False
d351ce4f-6cd3-45f3-8514-77c1eb3adffa,uniandes_dance_011_16,Intermediate Expert,"Observations: The person is performing a dance routine, moving her arms and legs in a rhythmic manner. She appears to be following a set of steps, possibly a choreographed sequence. Her movements are fluid and coordinated, suggesting she has some experience with dance.

Errors: There are no significant errors in the person's movement. Her steps are well-timed and her arm movements are smooth. However, there may be room for improvement in terms of precision and synchronization with the music.

Skill Level: Intermediate Expert",Intermediate Expert,True,"Observations: The person is standing in a room with a black curtain in the background. They are wearing a blue shirt and gray pants. They are looking at something on the floor, possibly a small object or a piece of paper. They are holding their hands together in front of them, with their fingers slightly curled. They appear to be focused on whatever they are looking at.

Errors: There are no apparent errors in the person's movement. They seem to be moving slowly and deliberately, which suggests that they are being careful and precise in their actions.

Skill Level: Intermediate Expert",Intermediate Expert,True
ee8eed89-5348-4a6a-8eb3-f9fc80fad1ea,uniandes_dance_019_18,Intermediate Expert,"Observations: The person is performing a dance routine with fluid movements, transitioning between different poses and steps. They maintain a strong posture and exhibit control over their movements, indicating a high level of skill and practice.

Errors: There are no noticeable errors or imprecisions in the person's movements. Their technique appears to be precise and well-coordinated throughout the routine.

Skill Level: Late Expert",Late Expert,False,"Observations: The person is standing in front of a black backdrop with white dots on it, holding a camera and taking pictures. They are wearing a black shirt and blue jeans. There are other people in the background, some sitting and some standing, watching the person take pictures. The room has a white floor and a white ceiling with fluorescent lights. The person appears to be focused on taking pictures and is moving slightly as they adjust the camera and take different shots.

Errors: The person may not be using the best technique for taking pictures, as they are not using a tripod and are standing still while taking pictures. This could result in blurry images if the person moves or if there is a lot of light in the room.

Skill Level: Intermediate Expert",Intermediate Expert,True
1e5e4324-4624-468a-9ec0-679f4be6da72,uniandes_dance_017_36,Early Expert,"Observations: The person is performing a dance routine, moving her arms and legs rhythmically to the music. She appears to be following a choreographed sequence, stepping side-to-side and raising her arms at various points.

Errors: There are no significant errors observed in the person's movements. Her steps are consistent with the rhythm of the music, and she maintains a steady pace throughout the routine.

Skill Level: Intermediate Expert",Intermediate Expert,False,"Observations: The person is standing in front of a black curtain, facing it. They appear to be preparing for a performance or presentation. Their body is upright, and they seem focused on the task at hand.

Errors: There are no apparent errors in the person's movement. They maintain a steady posture throughout the video.

Skill Level: Intermediate Expert",Intermediate Expert,False
96f28cc0-fa8c-4502-afff-092aee3a875b,uniandes_dance_012_22,Intermediate Expert,"Observations: The person is performing a dance routine with a skipping rope. They are moving their arms and legs in a rhythmic manner, maintaining a steady pace throughout the routine. Their movements are fluid and well-coordinated, indicating a high level of skill and practice.

Errors: There are no noticeable errors in the person's movement. Their technique appears to be precise and consistent, suggesting that they have a good understanding of the dance routine and the skipping rope exercise.

Skill Level: Late Expert",Late Expert,False,"Observations: The person is standing in front of a black backdrop with white dots on it, which is likely used for photography or videography. They appear to be adjusting the camera or tripod, possibly preparing for a photo shoot or video recording. The person's movements are deliberate and focused, indicating they are experienced with the equipment and the process.

Errors: There are no apparent errors in the person's movements. Their actions seem precise and purposeful, suggesting they are skilled at handling the camera and tripod.

Skill Level: Intermediate Expert",Intermediate Expert,True
a49424bb-676f-471c-8152-6a0b1b5bb6e6,uniandes_dance_012_29,Late Expert,"Observations: The person is performing a series of movements that appear to be part of a dance routine or a choreographed exercise. They are moving their arms and legs in a fluid manner, with a focus on rhythm and coordination. The person seems to be following a specific sequence of steps, which suggests they have some familiarity with the routine.

Errors: There are no significant errors or imprecisions in the person's movement. Their technique appears to be consistent and well-executed throughout the sequence.

Skill Level: Intermediate Expert",Intermediate Expert,False,"Observations: The person is standing in a room with a camera on a tripod. They are looking at the camera and talking to someone off-screen. There are other people in the room, but they are not interacting with the person.
Errors: The person is not performing any specific activity that can be observed in the given frames.
Skill Level: Novice",Novice,False
09d78f26-514a-43c2-a55e-d9b17d5e1a32,upenn_0706_Dance_1_7,Early Expert,"Observations: The person is performing a dance routine, moving her arms and legs in a rhythmic manner. She appears to be following a set of steps, possibly a choreographed dance. Her movements are fluid and coordinated, suggesting she has some experience with dance.

Errors: There are no significant errors in the person's movements. Her steps are well-timed and her arm movements are smooth. However, there may be room for improvement in terms of precision and synchronization with the music.

Skill Level: Intermediate Expert",Intermediate Expert,False,"Observations: The person is standing in a room with a camera on a tripod. They are wearing a white shirt and black shorts. They are looking at the camera and appear to be preparing to take a picture. There are two other people in the room, one of whom is holding a camera and the other is standing near a table. The room has a wooden floor and a chandelier hanging from the ceiling. The person is standing still and appears to be waiting for something.
Errors: The person is not moving and there are no errors in their movement.
Skill Level: Novice",Novice,False
989d5e04-bb58-4db9-9d58-9639adc4cd43,upenn_0730_Dance_1_4,Intermediate Expert,"Observations: The person is standing in a room with a blue mat on the floor. They are wearing a white shirt and blue jeans. They are holding a guitar and playing it. They are moving their arms and hands to play the guitar. They are looking at the camera while playing the guitar.

Errors: The person is not moving their feet while playing the guitar. This could be a mistake, as it may affect the sound quality of the guitar.

Skill Level: Intermediate Expert",Intermediate Expert,True,"Observations: The person is walking around the room, possibly looking for something or organizing items on the tables. They appear to be moving at a steady pace and seem focused on their task.

Errors: There are no apparent errors in the person's movement. They are walking in a straight line and maintaining a consistent pace.

Skill Level: Intermediate Expert",Intermediate Expert,True
62d2aac8-8afb-4193-830f-8d156bedf232,upenn_0720_Dance_3_13,Early Expert,"Observations: The person is standing with their feet shoulder-width apart, knees slightly bent, and arms relaxed at their sides. They are looking directly at the camera and appear to be in a neutral stance.

Errors: There are no noticeable errors or imprecisions in the person's movement.

Skill Level: Intermediate Expert",Intermediate Expert,False,"Observations: The person is holding a camera on a tripod and appears to be adjusting it. They are standing still and looking at the camera, possibly checking the settings or composition. The person seems to be focused on the task at hand.

Errors: There are no apparent errors in the person's movement. They appear to be performing the activity correctly and with care.

Skill Level: Intermediate Expert",Intermediate Expert,False
f6890d9d-d0c3-43c8-9400-6cff7cc17801,uniandes_dance_007_4,Intermediate Expert,"Observations: The person is performing a dance routine, moving her arms and legs in a rhythmic manner. She appears to be focused on her movements, maintaining a steady pace throughout the sequence.

Errors: There are no significant errors observed in the person's movements. Her technique seems consistent and well-coordinated.

Skill Level: Intermediate Expert",Intermediate Expert,True,"Observations: The person is standing in a room with a wooden floor, wearing black pants and red shoes. They are holding a small object in their right hand and appear to be looking at it. There are other people sitting on chairs in the background, and a tripod is visible in the corner of the room. The person seems to be focused on the object they are holding.

Errors: The person's movements are not particularly dynamic or varied, suggesting that they may be a novice or early expert in this activity. There are no obvious errors in their technique, but their focus on the object they are holding suggests that they may not be fully engaged in the activity.

Skill Level: Novice",Novice,False
f60ab291-aa57-4e41-bbbe-e9ab817f3246,uniandes_dance_012_33,Late Expert,"Observations: The person is performing a dance routine, moving his arms and legs in a rhythmic manner. He appears to be following a set of steps that involve stepping side to side and raising his arms above his head. His movements are fluid and coordinated, suggesting he has some experience with this type of dance.

Errors: There are no significant errors in the person's movements. However, it is difficult to determine if he is performing the dance correctly without more context about the specific style of dance being performed.

Skill Level: Intermediate Expert",Intermediate Expert,False,"Observations: The person is standing in a room with a camera on a tripod. They are looking at the camera and appear to be adjusting it. There are other people in the room, but they are not the focus of the video. The person is wearing a watch on their left wrist.
Errors: The person is not moving their arms or legs in a way that suggests they are performing a specific task. It appears that they are simply standing still and looking at the camera.
Skill Level: Novice",Novice,False
49bb4a74-17a2-4375-9073-2beb29c76137,upenn_0706_Dance_2_2,Intermediate Expert,"Observations: The person is performing a dance routine in a spacious room with wooden floors and white walls. They are wearing a yellow tank top, black skirt, and white sneakers. Their movements are fluid and rhythmic, suggesting they have some experience with dance. They are using a QR code on a phone to follow along with the routine.

Errors: The person's movements are generally smooth, but there are a few instances where their foot placement could be more precise. Additionally, their arms could be more coordinated with their steps.

Skill Level: Intermediate Expert",Intermediate Expert,True,Observations: The person is standing in a room with a tripod and a camera on it. They are holding a camera and looking at it. They are wearing a striped shirt and shorts. There is a table and chairs in the room. The person is standing in front of the table and chairs. The person is standing still. The person is not moving. The person is not talking. The person is not doing anything else. The person is just standing there. The person is not doing anything else. The person is just standing there. The person is not doing anything else. The person is just standing there. The person is not doing anything else. The person is just standing there. The person is not doing anything else. The person is just standing there. The person is not doing anything else. The person is just standing there. The person is not doing anything else. The person is just standing there. The person is not doing anything else. The person is just standing there. The person is not doing anything else. The person is just standing there. The person is not doing anything else. The person is just standing there. The person is not doing anything else. The person is just standing there. The person is not doing anything else. The person is just standing there. The person is not doing anything else. The person is just standing there. The person is not doing anything else. The person is just standing there. The person is not doing anything else. The person is just,Unknown,False
479f94a8-acb9-4157-b6bd-4f2a2a6cf3c9,uniandes_dance_020_61,Early Expert,"Observations: The person is performing a dance routine with fluid movements, transitioning between various poses and steps. They maintain a strong posture and exhibit control over their movements, indicating a high level of skill and practice.

Errors: There are no noticeable errors or imprecisions in the person's movements. Their technique appears to be precise and well-coordinated throughout the routine.

Skill Level: Late Expert",Late Expert,False,"Observations: The person is standing in front of a black curtain with white dots on it, pointing at different spots on the curtain with their right hand. They appear to be demonstrating something or explaining a concept related to the curtain. The person's movements are deliberate and controlled, suggesting they are familiar with what they are doing.

Errors: There are no apparent errors in the person's movements. Their technique appears to be precise and well-executed.

Skill Level: Intermediate Expert",Intermediate Expert,False
dd258fcf-873f-4fcd-b2d3-04525159b68a,uniandes_dance_022_5,Novice,"Observations: The person is standing in a room with a backdrop that has a logo on it. They are wearing sunglasses, a black long-sleeved shirt, blue jeans, and sneakers. Their arms are slightly bent at the elbows, and they are looking down at the floor. They appear to be in a relaxed stance, possibly preparing for a dance routine or a photoshoot.

Errors: There are no apparent errors in the person's movement. They seem to be comfortable and confident in their stance.

Skill Level: Intermediate Expert",Intermediate Expert,False,"Observations: The person is standing in front of a camera on a tripod, facing a black backdrop with white dots. They appear to be adjusting the camera or preparing for a photo shoot. The person's hand is raised, possibly gesturing or pointing towards something off-camera.

Errors: There are no apparent errors in the person's movement. They seem to be focused on the task at hand and are not moving erratically or awkwardly.

Skill Level: Intermediate Expert",Intermediate Expert,False
603787e2-be4b-4b24-9632-34921013623f,uniandes_dance_021_17,Intermediate Expert,"Observations: The person is performing a dance routine, moving their arms and legs rhythmically to music. They are wearing a black t-shirt and black pants, and appear to be in a studio setting with a backdrop and lighting equipment visible.

Errors: The person's movements are not entirely fluid, and there are some minor inconsistencies in their timing and coordination. For example, at times, they seem to be slightly out of sync with the music, and their arm movements could be more precise and controlled.

Skill Level: Intermediate Expert",Intermediate Expert,True,"Observations: The person is standing in a room with a white floor and black curtains. They are wearing a black shirt and blue jeans. They are looking at something on the floor, possibly a camera or a phone. They are holding a camera in their right hand and pointing it towards the floor. They are also holding a tripod in their left hand. There are other people in the room, but they are not the focus of the video. The person appears to be taking a picture or recording a video of something on the floor.",Unknown,False
fad811da-e457-4d2a-8cf4-c3a09c11a41a,uniandes_dance_019_15,Intermediate Expert,"Observations: The person is performing a dance routine with fluid movements, transitioning between various poses and steps. They maintain a strong posture and exhibit control over their movements, indicating a high level of skill and practice.

Errors: There are no noticeable errors or imprecisions in the person's movements. Their technique appears to be precise and well-coordinated throughout the routine.

Skill Level: Late Expert",Late Expert,False,"Observations: The person is standing in front of a black curtain with white dots on it, pointing at something off-camera. They appear to be gesturing towards the curtain, possibly indicating a specific area or object. The person's hand movements suggest they are directing attention to a particular spot on the curtain.

Errors: There are no apparent errors in the person's movement. Their gestures seem deliberate and purposeful, indicating a clear intention to draw attention to a specific area on the curtain.

Skill Level: Intermediate Expert",Intermediate Expert,True
0eadf1dd-55c6-4cd1-8b2d-5b132fcb5016,uniandes_dance_022_27,Late Expert,"Observations: The person is performing a dance routine in a studio setting. They are wearing a black outfit and sunglasses, and they are moving their arms and legs in a rhythmic manner. The person appears to be comfortable and confident in their movements.

Errors: There are no significant errors in the person's movements. Their technique seems to be well-coordinated and fluid.

Skill Level: Intermediate Expert",Intermediate Expert,False,"Observations: The person is standing in a room with a group of people sitting on chairs. They are wearing a black shirt and appear to be engaged in a conversation with the other individuals. The person is gesturing with their hands while speaking, indicating that they are actively participating in the discussion. The room has a white wall and a black curtain in the background.

Errors: There are no apparent errors in the person's movement. They seem to be comfortable and confident in their body language, which suggests that they are familiar with the environment and the people around them.

Skill Level: Intermediate Expert",Intermediate Expert,False
9d950899-e619-4399-867c-70871cc0d679,uniandes_dance_024_4,Novice,"Observations: The person is standing in front of a backdrop, wearing sunglasses and a black t-shirt with orange accents. They are moving their arms and legs in a rhythmic manner, possibly practicing a dance routine or a series of movements. Their posture is upright, and they appear to be focused on their performance.

Errors: The person's movements seem to lack precision and fluidity, indicating that they may still be in the early stages of learning the routine. There are also some inconsistencies in their timing and coordination, which could be improved with more practice.

Skill Level: Novice",Novice,True,"Observations: The person is standing in a room with a black curtain and a white floor. They are wearing a black shirt and blue jeans. They are looking at something on the floor, possibly a camera or a phone. They are holding a camera in their right hand and pointing it towards the floor. They are also wearing a watch on their left wrist. There are other people in the room, but they are not the focus of the video. The person appears to be focused on the task at hand, which is taking a picture of something on the floor. The room has a white ceiling and a black curtain in the background. The person is standing in front of the curtain, which is partially open. The person is wearing a black shirt and blue jeans. The person is holding a camera in their right hand and pointing it towards the floor. The person is also wearing a watch on their left wrist. The person is standing in front of the curtain, which is partially open. The person is wearing a black shirt and blue jeans. The person is holding a camera in their right hand and pointing it towards the floor. The person is also wearing a watch on their left wrist. The person is standing in front of the curtain, which is partially open. The person is wearing a black shirt and blue jeans. The person is holding a camera in their right hand and pointing it towards the floor. The person is also wearing a watch on their left wrist. The person is standing in front of the",Unknown,False
7e4d7d4f-abfb-4e89-87e0-7f86e27ada86,uniandes_dance_008_44,Intermediate Expert,"Observations: The person is performing a dance routine, moving their arms and legs rhythmically to music. They appear to be in a studio with mirrors on the walls, suggesting they are practicing for a performance or competition.

Errors: The person's movements seem to lack fluidity and precision, indicating that they may still be developing their technique. Their posture could also be improved, as they appear to be leaning slightly forward at times, which can affect balance and overall performance.

Skill Level: Novice",Novice,False,"Observations: The person is standing in a room with a black curtain in the background. They are holding a camera on a tripod and appear to be adjusting it. There are other people sitting in chairs in the background, watching the person with the camera. The person is wearing a black shirt and black pants. The room has a white floor and a white wall. The person is looking at the camera and appears to be focused on it. The person is standing still and not moving much. The person is holding the camera with both hands and appears to be adjusting the settings on the camera. The person is looking at the camera and appears to be focused on it. The person is standing still and not moving much. The person is holding the camera with both hands and appears to be adjusting the settings on the camera. The person is looking at the camera and appears to be focused on it. The person is standing still and not moving much. The person is holding the camera with both hands and appears to be adjusting the settings on the camera. The person is looking at the camera and appears to be focused on it. The person is standing still and not moving much. The person is holding the camera with both hands and appears to be adjusting the settings on the camera. The person is looking at the camera and appears to be focused on it. The person is standing still and not moving much. The person is holding the camera with both hands and appears to be adjusting the settings on the camera. The person",Unknown,False
d5d3590f-44e7-4305-b612-ff055b0e688a,uniandes_dance_024_2,Novice,"Observations: The person is standing in front of a backdrop, wearing sunglasses and a black shirt. They are holding a camera in their right hand and appear to be adjusting it. Their left hand is raised, possibly gesturing or pointing. The person seems to be in a studio setting with a tripod and other equipment visible in the background.

Errors: The person's posture and hand movements suggest they may not be a professional photographer or videographer. Their gestures and adjustments to the camera seem somewhat casual and unrefined.

Skill Level: Novice",Novice,True,"Observations: The person is standing in a room with a black curtain and a white wall. They are wearing a watch on their left wrist and have their right hand raised, pointing towards the curtain. There is a tripod and a camera on the floor to the right of the person. The person appears to be looking at the curtain and the camera setup.

Errors: The person's posture is slightly hunched, which could indicate discomfort or tension. Additionally, the person's gaze is directed towards the curtain rather than the camera, which may suggest that they are not fully focused on the task at hand.

Skill Level: Intermediate Expert",Intermediate Expert,False
cd81519b-13c1-437e-b357-8ec99ae9c757,uniandes_dance_011_33,Late Expert,"Observations: The person is performing a series of movements that appear to be part of a dance routine. They are stepping side to side, raising their arms, and making hand gestures. Their movements are fluid and coordinated, suggesting they have some experience with this type of activity.

Errors: There are no significant errors in the person's movements. Their technique appears to be consistent and well-executed throughout the sequence.

Skill Level: Intermediate Expert",Intermediate Expert,False,"Observations: The person is standing in a room with a black curtain in the background. They are wearing a watch on their left wrist and have a camera in their right hand. They are looking at the camera and appear to be preparing to take a picture. There are two other people in the room, one sitting on a chair and the other standing near a tripod. The person is standing still and appears to be focused on the camera.
Errors: The person is not moving and there are no errors in their movement.
Skill Level: Intermediate Expert",Intermediate Expert,False
adad25b8-0920-4181-9bd4-1f8207e85d82,uniandes_dance_019_49,Late Expert,"Observations: The person is performing a dance routine with fluid movements, transitioning between different steps and arm gestures. They maintain a steady rhythm and appear to be comfortable with the choreography.

Errors: There are no noticeable errors in the person's movements. Their technique appears consistent throughout the routine.

Skill Level: Intermediate Expert",Intermediate Expert,False,"Observations: The person is standing in a room with a black curtain and a tripod. They are wearing a black shirt and blue jeans. They are looking at the camera and smiling. There are other people in the room, but they are not the focus of the video. The person is standing still and not moving.
Errors: There are no errors in the person's movement.
Skill Level: Novice",Novice,False
dfb66cb4-6235-4f55-b361-934586fbcaaa,uniandes_dance_022_10,Novice,"Observations: The person is standing in front of a backdrop, facing the camera. They appear to be demonstrating a dance move or a series of poses. Their movements are fluid and deliberate, suggesting they are familiar with the routine. The person's posture is upright, and their arms are positioned naturally by their sides.

Errors: There are no significant errors observed in the person's movements. Their technique appears to be consistent and well-executed throughout the sequence.

Skill Level: Intermediate Expert",Intermediate Expert,False,"Observations: The person is standing in a room with a white floor and black curtains. They are wearing a black shirt and blue jeans. They are looking at something on the floor, possibly a piece of paper or a small object. They then move their hand up to their face, possibly to adjust their glasses or to shield their eyes from the light. They then look back down at the floor and continue to stand there.

Errors: There are no apparent errors in the person's movement. They appear to be moving naturally and purposefully.

Skill Level: Intermediate Expert",Intermediate Expert,False
35a3c4e1-f420-4242-bcab-4d208dc9a391,upenn_0706_Dance_2_5,Intermediate Expert,"Observations: The person is performing a dance routine, moving her arms and legs in a rhythmic manner. She appears to be following a set of steps that involve stepping side to side and turning around. Her movements are fluid and coordinated, suggesting she has some experience with this type of dance.

Errors: There are no significant errors in the person's movements. Her steps are consistent and well-timed, indicating a good grasp of the dance routine.

Skill Level: Intermediate Expert",Intermediate Expert,True,"Observations: The person is standing in a room with a wooden floor, a chandelier hanging from the ceiling, and a table and chairs arranged around it. They are wearing a white shirt and black pants. They are looking at the camera and appear to be speaking. There are two other people in the room, one of whom is holding a camera on a tripod. The person is moving their arms and legs slightly as they speak.

Errors: The person's movements are not very fluid or coordinated. They appear to be speaking quickly and their gestures are not very deliberate. Their posture is not very upright and they seem to be leaning forward slightly.

Skill Level: Novice",Novice,False
4d159481-830d-4789-b0ff-368031a98757,uniandes_dance_015_18,Late Expert,"Observations: The person is performing a dance routine, moving her arms and legs in a rhythmic manner. She appears to be in a studio setting with a white backdrop and some equipment visible in the background.

Errors: The person's movements seem to lack precision and fluidity, particularly in the arm movements. Her steps also appear to be uneven at times, suggesting that she may not have fully mastered the choreography yet.

Skill Level: Novice",Novice,False,"Observations: The person is standing in a room with a camera on a tripod. They are looking at the camera and appear to be adjusting it. There are other people in the room, but they are not interacting with the camera. The person is wearing a black shirt and jeans. The room has a white floor and a red wall. There is a window in the background. The person is holding the camera with both hands and appears to be focused on it. The camera is on a tripod and is pointed towards the person. The person is standing in front of the camera and appears to be looking at it. The person is wearing a watch on their left wrist. The person is wearing a bracelet on their right wrist. The person is wearing a ring on their left hand. The person is wearing a necklace. The person is wearing a pair of earrings. The person is wearing a pair of glasses. The person is wearing a pair of shoes. The person is wearing a pair of socks. The person is wearing a pair of pants. The person is wearing a pair of shorts. The person is wearing a pair of underwear. The person is wearing a pair of socks. The person is wearing a pair of shoes. The person is wearing a pair of socks. The person is wearing a pair of shoes. The person is wearing a pair of socks. The person is wearing a pair of shoes. The person is wearing a pair of socks. The person is wearing a pair of shoes. The person",Unknown,False
28c3553f-3212-43ee-a050-7ea2d49fdf0e,uniandes_dance_017_58,Novice,"Observations: The person is performing a dance routine, moving her arms and legs in a rhythmic manner. She appears to be following a set of steps, possibly a choreographed sequence. Her movements are fluid and coordinated, suggesting she has some experience with dance.

Errors: There are no significant errors observed in the person's movements. Her technique seems consistent throughout the performance, and she maintains good posture and balance.

Skill Level: Intermediate Expert",Intermediate Expert,False,"Observations: The person is standing in front of a black curtain with white dots on it, holding a camera and taking pictures. They are wearing a red shirt and blue jeans. There are other people in the background, some of whom are also holding cameras. The person appears to be focused on capturing images of the curtain.
Errors: The person's movements are not particularly smooth or precise. They appear to be moving around the curtain and adjusting their position frequently while taking pictures. This suggests that they may not have a great deal of experience with photography.
Skill Level: Novice",Novice,True
02d13286-0b54-46e8-8461-9c056627a97d,upenn_0720_Dance_3_3,Early Expert,"Observations: The person is performing a series of movements that appear to be part of a dance routine or exercise sequence. They are standing on a shiny, reflective floor with their feet together, knees slightly bent, and arms at their sides. They then raise their arms above their head, extend them out to the sides, and bring them back down to their sides. This movement is repeated several times.

Errors: The person's movements are smooth and controlled, but there is no indication of any errors or imprecisions in their technique. The movements are consistent and fluid, suggesting that they have practiced this routine before.

Skill Level: Intermediate Expert",Intermediate Expert,False,"Observations: The person is walking around a room with a tripod and a camera on it. They are looking at the camera and adjusting its position. The room has a high ceiling and large windows, allowing natural light to enter. There are also some lights on the walls and floor. The person appears to be focused on setting up the camera for a specific purpose, possibly for a video shoot or a photography session.
Errors: The person's movements are not particularly smooth or precise. They seem to be moving around the room in a somewhat haphazard manner, which could indicate that they are still learning how to set up the camera properly. Additionally, there is no indication that the person has any prior experience with cameras or video equipment.
Skill Level: Novice",Novice,False
e5488136-6259-4050-bc34-4717cc15dd1a,uniandes_dance_020_11,Early Expert,"Observations: The person is performing a dance routine, moving her arms and legs in a rhythmic manner. She appears to be following a set of steps, possibly a choreographed sequence. Her movements are fluid and coordinated, suggesting she has some experience with dance.

Errors: There are no significant errors in the person's movement. Her steps are well-timed and her arm movements are smooth. However, there could be room for improvement in terms of precision and synchronization with the music.

Skill Level: Intermediate Expert",Intermediate Expert,False,"Observations: The person is standing in a room with a black curtain in the background. They are wearing a bracelet on their left wrist and have long nails. They are looking at the camera and appear to be speaking. There are other people in the room, but they are not the focus of the video. The person is standing still and does not move much throughout the video.
Errors: The person's movements are very limited and they do not perform any specific actions that could be considered errors. However, it is difficult to determine if there are any errors without more context about what the person is supposed to be doing.
Skill Level: Novice",Novice,False
824f472b-db42-4d38-99ed-2750bc14817e,upenn_0629_Dance_3_4,Early Expert,"Observations: The person is holding a phone with both hands, looking at it, and then walking towards the camera. They appear to be focused on the phone screen.

Errors: There are no apparent errors in the person's movement. They seem to be moving at a steady pace and maintaining good posture while looking at the phone.

Skill Level: Novice",Novice,False,"Observations: The person is standing in a room with a camera on a tripod, a table, and some equipment. They are holding a phone and appear to be taking a picture or recording a video. There is another person sitting on a couch in the background.

Errors: The person appears to be moving slightly while holding the phone, which could result in a blurry image or video. Additionally, they may not have the best angle for capturing the desired shot.

Skill Level: Novice",Novice,False
215abe5f-a97f-4ee6-87bd-d261e75f1701,uniandes_dance_022_6,Novice,"Observations: The person is performing a dance routine, moving their arms and legs rhythmically to music. They are standing in front of a backdrop with a logo on it.

Errors: The person's movements appear to be somewhat stiff and lack fluidity. Their steps are not perfectly aligned with the beat of the music, and there are moments where they seem to hesitate or lose their rhythm.

Skill Level: Novice",Novice,True,"Observations: The person is standing in front of a black curtain with white dots on it, which appears to be part of a photo or video setup. They are wearing a dark-colored outfit and have their hands raised, possibly gesturing or preparing for a pose. There are other people in the background, some of whom appear to be working with equipment, suggesting that this might be a professional photography or video shoot. The setting looks like an indoor studio or a similar controlled environment.

Errors: The person's hand gestures seem to be slightly awkward, indicating they may not be entirely comfortable with the pose or the activity they are performing. Additionally, there is no clear indication of the person's skill level based on the provided observations.

Skill Level: Novice",Novice,True
657b877d-3cdb-4798-a9bf-101ab82cc95b,uniandes_dance_020_18,Novice,"Observations: The person is performing a series of movements that appear to be part of a dance routine or a choreographed exercise. They are moving their arms and legs rhythmically, stepping side to side and turning their body. Their movements are fluid and coordinated, suggesting they have some experience with this type of activity.

Errors: There are no significant errors in the person's movements. However, it appears that they may be slightly off balance at times, particularly when turning their body. This could be due to the complexity of the movements or the person's attempt to maintain a consistent rhythm.

Skill Level: Intermediate Expert",Intermediate Expert,False,"Observations: The person is standing in a room with a black curtain behind them. They are holding a camera on a tripod and appear to be taking pictures. There are other people in the background, but they are not the focus of the video. The person is wearing a red shirt and blue jeans. The room has a white floor and a white wall. The camera is pointed towards the person, so we can see their face and upper body. The person appears to be focused on taking pictures, and there is no indication that they are moving or changing their position significantly throughout the video.
Errors: There are no errors in the person's movement. They are standing still and holding the camera steady while taking pictures.
Skill Level: Intermediate Expert",Intermediate Expert,False
3a2303bf-8d6f-4211-8c25-4430cd051e2d,uniandes_dance_012_14,Intermediate Expert,"Observations: The person is performing a dance routine, moving her arms and legs in a rhythmic manner. She appears to be following a set of steps or a choreographed sequence. Her movements are fluid and coordinated, suggesting she has some experience with dance.

Errors: There are no significant errors in the person's movement. Her steps and arm movements appear to be well-timed and in sync with the music or rhythm she is following.

Skill Level: Intermediate Expert",Intermediate Expert,True,"Observations: The person is standing in a room with a camera on a tripod. They are looking at the camera and appear to be adjusting it. There are two other people in the room, one sitting on a chair and the other standing near a speaker. The person is wearing a black jacket and blue jeans. The room has a white floor and a red wall. There is a window in the background that lets in natural light. The person is holding a phone in their right hand and appears to be taking a picture or recording a video. The person is standing still and not moving much. The person is looking directly at the camera and appears to be focused on the task at hand. The person is standing upright and not leaning forward or backward. The person is not moving their arms or legs much. The person is not speaking or making any sounds. The person is not looking at anything else in the room besides the camera. The person is not looking at the other people in the room. The person is not looking at the window. The person is not looking at the speaker. The person is not looking at anything else in the room. The person is not looking at anything outside the room. The person is not looking at anything else in the world. The person is not looking at anything else in the universe. The person is not looking at anything else in the cosmos. The person is not looking at anything else in the galaxy. The person is not looking at anything else in the universe.",Unknown,False
590c85d3-71c1-4896-9899-a843ccaa6ef2,uniandes_dance_023_56,Early Expert,"Observations: The person is performing a dance routine in a studio setting. They are wearing a black shirt and black pants, and they have a microphone attached to their shirt. The person is moving their arms and legs in a rhythmic manner, and they appear to be following a set of choreographed steps. The person is standing on a white floor with a black backdrop behind them. There is a camera on a tripod to the right of the person, and another person is standing next to the camera, possibly filming the performance.

Errors: The person appears to be making some mistakes in their movements. For example, at times, their arms and legs do not move in sync with the music, and they seem to be struggling to maintain the rhythm. Additionally, there are moments when the person appears to be hesitating or taking too long to perform certain steps, which disrupts the flow of the routine.

Skill Level: Intermediate Expert",Intermediate Expert,False,"Observations: The person is standing in front of a black curtain with white dots on it, facing towards the camera. They are wearing a black shirt and appear to be looking at the camera. There is a tripod in the background, suggesting that they may be preparing for a photo shoot or video recording. The room appears to be dimly lit, with the primary light source coming from the camera flash.

Errors: The person's body position and technique seem to be consistent throughout the video. There are no noticeable errors or imprecisions in their movement.

Skill Level: Intermediate Expert",Intermediate Expert,False
