clip_id,take_folder,ground_truth,exo_full_answer,exo_predicted,exo_correct,ego_full_answer,ego_predicted,ego_correct
b40e861f-60a7-4b55-8757-41a6af4e62e8,upenn_0730_Dance_1_7,Intermediate Expert,"Novice

The individual in the video appears to be a novice in terms of body alignment, movement fluency, and technical precision. Here's why:

1. Body Alignment:
- The person's posture seems inconsistent throughout the video. At times, they appear to be leaning forward or shifting their weight awkwardly, which can indicate a lack of proper alignment.
- Their feet placement also seems inconsistent, with one foot often slightly ahead of the other, which could suggest a lack of balance and control.

2. Movement Fluency:
- The person's movements seem somewhat stiff and ungraceful, lacking fluidity and naturalness. This suggests that they may not have developed a smooth and efficient movement pattern yet.
- There are moments where the person appears to be hesitating or struggling to transition between different movements, indicating a lack of fluency.

3. Technical Precision:
- The individual's technique appears to be quite basic, with no clear indication of advanced or refined skills. They seem to be relying more on general movements rather than specific techniques or strategies.
- There are instances where the person's actions do not align well with the intended goal, suggesting a lack of technical precision.

Overall, the person's performance in the video indicates that they are still in the early stages of learning and developing their skills. They would benefit from further practice and guidance to improve their body alignment, movement fluency, and technical precision.",Novice,False,"Novice

The person in the video appears to be a novice in terms of body alignment, movement fluency, and technical precision. The movements seem uncoordinated and lack fluidity, indicating that they may not have had much practice or experience with the activity being performed. Additionally, there is no indication of technical proficiency, as the person seems to be struggling with the task at hand. Overall, the person's performance suggests that they are still in the early stages of learning and developing their skills.",Novice,False
4e468597-ba96-40c7-977b-7736a4a3bd73,uniandes_dance_017_3,Novice,"The person in the video appears to be a novice or early expert in their dance routine. Here’s a breakdown of the observations:

1. **Body Alignment**: The individual seems to have some basic understanding of posture and alignment but may not yet have mastered the precise positioning required for more advanced techniques. There might be slight imbalances or inconsistencies in their stance.

2. **Movement Fluency**: The movements appear somewhat fluid, indicating that the person has practiced the routine to some extent. However, there could be room for improvement in the smoothness and synchronization of the steps.

3. **Technical Precision**: The person demonstrates a few basic steps with some accuracy, but there are likely areas where they can refine their technique. The execution of specific moves may not be perfectly precise, suggesting that they are still developing their skills.

Overall, the person shows potential and has a good grasp of the fundamental aspects of the dance routine. With continued practice and guidance, they can improve their body alignment, movement fluency, and technical precision, potentially advancing to intermediate or late expert levels.",Late Expert,False,"Novice

The person in the video appears to be a novice in terms of body alignment, movement fluency, and technical precision. The movements seem uncoordinated and lack fluidity, indicating that they may not have had much practice or experience with the activity being performed. Additionally, there is no indication of technical proficiency, as the person seems to be struggling with the equipment and setup. Overall, the person's performance suggests that they are still in the early stages of learning and developing their skills in this particular activity.",Novice,True
7d810b75-87a9-4b95-86d0-c970ae6d03a5,uniandes_dance_023_26,Late Expert,"The person in the video appears to be a novice or early expert in their dance performance. Here's why:

1. **Body Alignment**: The individual seems to have some basic understanding of proper body alignment but may not yet have mastered it fully. There are moments where the posture is slightly off, and the alignment isn't entirely consistent throughout the routine.

2. **Movement Fluency**: The movements are generally fluid, but there are instances where the transitions between steps could be smoother. The person seems to be working on refining their timing and coordination.

3. **Technical Precision**: While the person demonstrates some technical skills, such as arm movements and leg positioning, there is room for improvement in terms of precision. The execution of certain steps might not be perfectly aligned with the intended technique.

Overall, the person shows potential and has a good grasp of the basics, indicating they are likely at an early stage of learning. With continued practice and guidance, they can develop into a more skilled performer.",Early Expert,False,"Novice

The person in the video appears to be a novice in terms of body alignment, movement fluency, and technical precision. The movements seem uncoordinated and lack fluidity, indicating that they may not have had much practice or experience with the activity being performed. Additionally, there is no indication of technical proficiency, as the person seems to be struggling with the equipment and setup. Overall, the person's performance suggests that they are still in the early stages of learning and developing their skills.",Novice,False
6da46fdf-32e1-4f44-a903-ab609f0d750c,uniandes_dance_008_51,Intermediate Expert,"The person in the video appears to be a novice or early expert in their dance technique. Here's why:

1. **Body Alignment**: The dancer seems to have some basic understanding of proper body alignment but may not yet have mastered it fully. There are moments where the posture is slightly off, and the alignment isn't as precise as it could be for someone with more experience.

2. **Movement Fluency**: The movements are generally fluid, but there are instances where the transitions between steps or gestures feel a bit stiff or awkward. This suggests that the dancer might still be working on refining their timing and coordination.

3. **Technical Precision**: While the dancer demonstrates some technical skills, such as arm movements and leg positioning, there are areas where precision could be improved. For example, the placement of feet and the synchronization of arm movements with the body can be more consistent.

Overall, the dancer shows potential and has a good grasp of the basics, indicating they are likely at an early stage in their learning process. With continued practice and guidance, they can develop into a more skilled performer.",Early Expert,False,"Novice

The person in the video appears to be a novice in terms of body alignment, movement fluency, and technical precision. The movements seem uncoordinated and lack fluidity, indicating that they may not have had much practice or experience with the activity being performed. Additionally, there is a noticeable lack of attention to detail and precision in their actions, which further suggests that they are still developing their skills. Overall, the person's performance in the video indicates that they are at a beginner level and would benefit from more training and practice to improve their technique.",Novice,False
92ee422b-2245-4efa-b300-0c5dc2744043,uniandes_dance_022_3,Novice,"The person in the video appears to be a novice or early expert in their dance technique. Here's why:

1. **Body Alignment**: The individual seems to lack proper body alignment and posture. Their stance is not consistent, and there are noticeable shifts in their weight distribution throughout the movements. This suggests they may still be developing their understanding of how to maintain a stable and balanced position.

2. **Movement Fluency**: The movements appear somewhat stiff and ungraceful. There is a lack of fluidity and smoothness in the transitions between different steps and gestures. This indicates that the person might not have fully mastered the coordination required for more complex dance routines.

3. **Technical Precision**: While some basic steps are recognizable, the execution lacks precision. There are instances where the person's feet do not land correctly, and their arms and hands seem to move awkwardly at times. This suggests that they are still refining their technique and learning how to execute each movement with accuracy.

Overall, based on these observations, the person's skill level appears to be at the novice or early expert stage. They have some foundational knowledge but need significant practice and guidance to improve their body alignment, movement fluency, and technical precision.",Early Expert,False,"Novice

The person in the video appears to be a novice in terms of body alignment, movement fluency, and technical precision. The movements seem uncoordinated and lack fluidity, indicating that they may not have had much practice or experience with the activity being performed. Additionally, there is a noticeable lack of attention to detail in terms of technical precision, which suggests that the person may still be developing their skills in this area. Overall, the person's performance in the video indicates that they are still at an early stage of learning and would benefit from more practice and guidance to improve their technique.",Novice,True
6cce39fb-95c0-44b3-bddd-b20cd271f6b6,upenn_0629_Dance_3_6,Early Expert,"Novice

The person in the video appears to be a novice in terms of body alignment, movement fluency, and technical precision. Here are some observations that support this assessment:

1. Body Alignment:
- The person's posture seems inconsistent throughout the video. At times, they appear to lean or shift their weight awkwardly, which can indicate a lack of proper alignment.
- Their feet placement varies, sometimes appearing too wide or too narrow, which can affect balance and overall stability.

2. Movement Fluency:
- The person's movements seem somewhat stiff and uncoordinated at times. There are noticeable pauses or hesitations between actions, suggesting a lack of fluidity in their movements.
- The transitions between different movements appear abrupt, lacking the smoothness typically seen in more experienced performers.

3. Technical Precision:
- The person's technique appears to be inconsistent, with some actions executed accurately while others are performed with less precision.
- There are moments where the person seems to struggle with maintaining control over their movements, leading to potential errors or imprecise execution of tasks.

Overall, the person's performance suggests that they are still developing their skills and may benefit from further practice and guidance to improve their body alignment, movement fluency, and technical precision.",Novice,False,"Novice

The person in the video appears to be a novice in terms of body alignment, movement fluency, and technical precision. The movements seem uncoordinated and lack fluidity, indicating that they may not have had much practice or experience with the activity being performed. Additionally, there is no evidence of technical proficiency, as the person seems to be struggling with basic aspects of the task at hand. Overall, the person's performance suggests that they are still in the early stages of learning and developing their skills.",Novice,False
ed917883-c69b-4f94-83bd-1c7f583b4331,uniandes_dance_015_22,Late Expert,"The person in the video appears to be a novice or early expert in the activity they are performing. Their body alignment seems to be somewhat off, as their posture and positioning do not appear to be fully aligned with the desired form for the activity. Additionally, their movement fluency could be improved, as there are some awkward movements and lack of smoothness in their actions. Technical precision is also lacking, as there are several instances where the person's form is not correct, which can lead to inefficiency and potential injury if the activity is performed incorrectly. Overall, the person's skill level appears to be at the novice or early expert stage, and they would benefit from further practice and guidance to improve their technique.",Early Expert,False,"Novice

The person in the video appears to be a novice in terms of body alignment, movement fluency, and technical precision. The movements seem uncoordinated and lack fluidity, indicating that they may not have had much practice or experience with the activity being performed. Additionally, there is a noticeable lack of attention to detail and precision in their actions, which further suggests that they are still developing their skills. Overall, the person's performance in the video indicates that they are at a beginner level and would benefit from more training and practice to improve their technique.",Novice,False
8aa071f1-fcea-4bf4-9a0a-e885a32da656,uniandes_dance_016_43,Novice,"The person in the video appears to be a novice or early expert in their dance performance. Here’s a breakdown of the observations:

1. **Body Alignment**: The dancer seems to have some basic understanding of proper posture and alignment but may not yet have mastered it fully. There are moments where her posture is slightly off, particularly when she leans forward or extends her arms.

2. **Movement Fluency**: The movements are generally fluid, but there are instances where the transitions between steps or gestures feel a bit stiff or awkward. This suggests that the dancer might still be working on refining her timing and coordination.

3. **Technical Precision**: While the dancer demonstrates some technical skills, such as arm movements and leg positioning, there are areas for improvement. Her footwork could be more precise, and her overall execution of the choreography shows room for refinement.

Given these observations, the dancer's skill level appears to be at the novice or early expert stage. They have a grasp of the basic elements of the dance but need further practice and refinement to achieve greater fluency and precision.",Early Expert,False,"Novice

The person in the video appears to be a novice in terms of body alignment, movement fluency, and technical precision. The movements seem uncoordinated and lack fluidity, indicating that they may not have had much practice or experience with the activity being performed. Additionally, there is a noticeable lack of attention to detail and precision in their actions, which further suggests that they are still developing their skills. Overall, the person's performance in the video indicates that they are at a beginner level and would benefit from more training and practice to improve their technique.",Novice,True
71e8d768-1bd4-4f21-91bd-da53bfe29279,uniandes_dance_022_11,Novice,"The person in the video appears to be a novice or early expert in their dance technique. Here's why:

1. **Body Alignment**: The individual seems to lack proper body alignment and posture. Their stance is not consistent, and there are noticeable shifts in their weight distribution throughout the movements. This suggests they may still be developing their understanding of how to maintain a stable and balanced position.

2. **Movement Fluency**: The movements appear somewhat stiff and ungraceful. There is a lack of fluidity and smoothness in the transitions between different steps and gestures. This indicates that the person might not have fully mastered the coordination required for more complex dance routines.

3. **Technical Precision**: While some basic steps are recognizable, the execution lacks precision. There are instances where the person's feet do not land correctly, and their arms and hands seem to move awkwardly at times. This suggests that they are still refining their technique and learning to execute each movement with accuracy.

Overall, based on these observations, the person's skill level appears to be at the novice or early expert stage. They have some foundational knowledge but need significant practice and guidance to improve their body alignment, movement fluency, and technical precision.",Early Expert,False,"Novice

The person in the video appears to be a novice in terms of body alignment, movement fluency, and technical precision. The movements seem uncoordinated and lack fluidity, indicating that they may not have had much practice or experience with the activity being performed. Additionally, there is no indication of technical proficiency, as the person seems to be struggling with the equipment and setup. Overall, the person's performance suggests that they are still in the early stages of learning and developing their skills.",Novice,True
88ec5df5-24f4-48d4-8452-ad4c12103a0a,uniandes_dance_013_7,Early Expert,"Novice

The person in the video appears to be a novice in terms of body alignment, movement fluency, and technical precision. The movements seem uncoordinated and lack fluidity, indicating that they may not have had much practice or experience with the activity being performed. The body alignment is also not consistent throughout the video, suggesting that the person may still be developing their understanding of proper posture and positioning. Overall, the performance suggests that the individual is at an early stage in learning the activity and would benefit from more practice and guidance to improve their skills.",Novice,False,"Novice

The person in the video appears to be a novice in terms of body alignment, movement fluency, and technical precision. The movements seem uncoordinated and lack fluidity, indicating that they may not have had much practice or experience with the activity being performed. Additionally, there is a noticeable lack of attention to detail and precision in their actions, which further suggests that they are still developing their skills. Overall, the person's performance in the video indicates that they are at a beginner level and would benefit from more training and practice to improve their technique.",Novice,False
b8afa573-2f0f-4b77-b4b3-5fbb7197dd1f,uniandes_dance_008_11,Late Expert,"The person in the video appears to be a novice or early expert in the activity they are performing. Here's my reasoning:

1. **Body Alignment**: The individual seems to have some basic understanding of the movements required for the activity but may not yet have mastered the precise alignment needed for more advanced techniques. There might be slight imbalances or inconsistencies in posture that suggest they are still developing their form.

2. **Movement Fluency**: The movements appear somewhat fluid, indicating that the person has a grasp of the general sequence of actions. However, there could be room for improvement in the smoothness and synchronization of the movements. The person might benefit from more practice to refine their timing and coordination.

3. **Technical Precision**: The person demonstrates some technical proficiency, as they can perform the movements with a reasonable degree of accuracy. However, there are areas where precision could be enhanced. For instance, the person might need to work on maintaining consistent positioning of limbs and ensuring that each movement is executed with the correct intensity and speed.

Overall, based on these observations, the person's skill level appears to be at the novice or early expert stage. They have a foundational understanding of the activity but require further practice and refinement to achieve higher levels of technical precision and fluency.",Early Expert,False,"Novice

The person in the video appears to be a novice in terms of body alignment, movement fluency, and technical precision. The movements seem uncoordinated and lack fluidity, indicating that they may not have had much practice or experience with the activity being performed. Additionally, there is no indication of technical proficiency, as the person seems to be struggling with the task at hand. Overall, the person's performance suggests that they are still in the early stages of learning and developing their skills.",Novice,False
50e6c59b-737e-447c-984c-fde5cd3e5e80,uniandes_dance_023_51,Early Expert,"The person in the video appears to be a novice or early expert in their dance performance. Here's why:

1. **Body Alignment**: The individual seems to lack proper body alignment and posture. Their stance is not consistent, and there are moments where their weight distribution appears uneven. This suggests they may still be developing their understanding of how to maintain a stable and balanced position.

2. **Movement Fluency**: The movements appear somewhat stiff and ungraceful. There are noticeable pauses and hesitations between steps, indicating that the person might not yet have fully mastered the flow and timing required for a fluid dance routine.

3. **Technical Precision**: Technical precision is lacking as well. The person's footwork and hand gestures seem inconsistent and not well-coordinated with the music or rhythm. There are instances where the movements do not align properly with the beat, suggesting a need for more practice in synchronizing their actions with the tempo.

4. **Overall Performance**: The overall performance lacks the smoothness and confidence typically seen in intermediate or advanced dancers. The person seems to be in the early stages of learning and refining their technique.

Given these observations, the person's skill level appears to be at the novice or early expert stage. They would benefit from more practice and guidance to improve their body alignment, movement fluency, and technical precision.",Early Expert,True,"Novice

The person in the video appears to be a novice in terms of body alignment, movement fluency, and technical precision. The movements seem uncoordinated and lack fluidity, indicating that they may not have had much practice or experience with the activity being performed. Additionally, there is a noticeable lack of attention to detail and precision in their actions, which further suggests that they are still developing their skills. Overall, the person's performance in the video indicates that they are at a beginner level and would benefit from more training and practice to improve their technique.",Novice,False
7c8dc8cc-c863-4082-a011-ba385306537a,uniandes_dance_024_3,Novice,"Novice

The person in the video appears to be a novice in terms of body alignment, movement fluency, and technical precision. The movements seem uncoordinated and lack fluidity, indicating that they may not have had much practice or experience with the activity being performed. The body alignment is also not consistent throughout the video, which suggests that the person may still be developing their understanding of proper posture and positioning. Overall, the performance lacks the refinement and control typically associated with more advanced skill levels.",Novice,True,"Novice

The person in the video appears to be a novice in terms of body alignment, movement fluency, and technical precision. The movements seem uncoordinated and lack fluidity, indicating that they may not have had much practice or experience with the activity being performed. Additionally, there is no indication of technical proficiency, as the person seems to be struggling with the equipment and setup. Overall, the person's performance suggests that they are still in the early stages of learning and developing their skills.",Novice,True
c198cb21-159d-4a1f-b395-976f44c24166,uniandes_dance_017_4,Novice,"The person in the video appears to be a novice or early expert in their dance routine. Here’s a breakdown of the evaluation:

1. **Body Alignment**: The individual seems to have some basic understanding of proper body alignment but may not yet have mastered it fully. There are moments where the posture is slightly off, and the alignment isn't perfectly straight, which is common for beginners.

2. **Movement Fluency**: The movements are generally fluid, indicating that the person has some experience with choreography. However, there are instances where the transitions between steps might feel a bit stiff or awkward, suggesting they are still developing their fluency.

3. **Technical Precision**: The technical execution shows room for improvement. While the person attempts to perform various dance moves, there are inconsistencies in the precision of the steps. Some movements are executed well, while others lack the necessary finesse and control.

Overall, the person demonstrates a foundation in dance but lacks the refinement and consistency expected of someone at a higher skill level. They appear to be in the early stages of learning and practicing more will likely help them improve their technique and fluency over time.",Early Expert,False,"Novice

The person in the video appears to be a novice in terms of body alignment, movement fluency, and technical precision. The movements seem uncoordinated and lack fluidity, indicating that they may not have had much practice or experience with the activity being performed. Additionally, there is no indication of technical proficiency, as the person seems to be struggling with the task at hand. Overall, the person's performance suggests that they are still in the early stages of learning and developing their skills.",Novice,True
be44efc7-77ac-43ff-906b-3d49387ce118,uniandes_dance_022_17,Late Expert,"The person in the video appears to be a novice or early expert in their dance performance. Here's why:

1. **Body Alignment**: The individual seems to lack proper body alignment and posture. Their movements appear stiff and not fluid, which suggests they may still be developing their technique.

2. **Movement Fluency**: The movements are not smooth or natural. There are noticeable pauses and hesitations between steps, indicating that the person might not have fully mastered the choreography yet.

3. **Technical Precision**: While there are some recognizable dance moves, the execution lacks precision. The timing and coordination seem off, suggesting that the person is still refining their skills.

Overall, based on these observations, the person's skill level appears to be at the novice or early expert stage. They have some basic understanding of the dance but need more practice to improve their body alignment, movement fluency, and technical precision.",Early Expert,False,"Novice

The person in the video appears to be a novice in terms of body alignment, movement fluency, and technical precision. The movements seem uncoordinated and lack fluidity, indicating that they may not have had much practice or experience with the activity being performed. Additionally, there is no indication of technical proficiency, as the person seems to be struggling with the equipment and setup. Overall, the person's performance suggests that they are still in the early stages of learning and developing their skills.",Novice,False
dc26e79e-f38f-4711-a212-6a7de087d8ac,uniandes_dance_017_6,Novice,"The person in the video appears to be a novice or early expert in their dance routine. Here’s a breakdown of the observations:

1. **Body Alignment**: The dancer seems to have some basic understanding of proper posture and alignment but may not yet have mastered it fully. There are moments where the posture is slightly off, particularly with the head and shoulders, which can affect overall balance and flow.

2. **Movement Fluency**: The movements are generally fluid, but there are instances where the transitions between steps feel a bit stiff or awkward. This suggests that the dancer might still be working on refining their timing and coordination.

3. **Technical Precision**: The dancer demonstrates some technical skills, such as the ability to perform various steps and gestures. However, there are areas for improvement in terms of precision. For example, the placement of feet and arms during certain moves could be more accurate, indicating that they might benefit from more practice and instruction.

Overall, while the dancer shows potential and has a good grasp of the basics, they are likely at an early stage in their development. They would benefit from more structured training and feedback to enhance their technique and fluency.",Early Expert,False,"Novice

The person in the video appears to be a novice in terms of body alignment, movement fluency, and technical precision. The movements seem uncoordinated and lack fluidity, indicating that they may not have had much practice or experience with the activity being performed. Additionally, there is a noticeable lack of control and precision in their actions, which further suggests that they are still developing their skills. Overall, the person's performance indicates that they are at an early stage of learning and would benefit from more practice and guidance to improve their technique.",Novice,True
1f5b9ba5-a7c0-496d-b164-444251f45d25,uniandes_dance_002_3,Late Expert,"The person in the video appears to be a novice or early expert in their activity. Their body alignment seems to be generally good, but there are some minor adjustments that could improve their posture and overall form. The movements appear to be somewhat fluent, but they lack the technical precision and fluidity seen in more advanced practitioners. The person's technique seems to be developing, but there is still room for improvement. Overall, the person's skill level can be classified as a novice or early expert.",Early Expert,False,"Novice

The person in the video appears to be a novice in terms of body alignment, movement fluency, and technical precision. The movements seem uncoordinated and lack fluidity, indicating that they may not have had much practice or experience with the activity being performed. Additionally, there is a noticeable lack of attention to detail and precision in their actions, which further suggests that they are still developing their skills. Overall, the person's performance in the video indicates that they are at a beginner level and would benefit from more training and practice to improve their technique.",Novice,False
be64949d-750d-4272-a561-a6c7c2d5a6b9,uniandes_dance_002_13,Early Expert,"The person in the video appears to be a novice or early expert in the activity they are performing. Their body alignment seems to be somewhat off, as their posture and positioning do not appear to be optimal for the task at hand. Additionally, their movement fluency could be improved, as there are some awkward movements and lack of smoothness in their actions. Technical precision also seems to be lacking, as there are several instances where the person's form is not correct, which may result in less effective performance.

Overall, the person's skill level appears to be at the novice or early expert stage, as they still have room for improvement in terms of body alignment, movement fluency, and technical precision. With more practice and guidance, they can potentially advance to a higher skill level.",Early Expert,True,"Novice

The person in the video appears to be a novice in terms of body alignment, movement fluency, and technical precision. The movements seem uncoordinated and lack fluidity, indicating that they may not have had much practice or experience with the activity being performed. Additionally, there is a noticeable lack of technical precision, as the person's actions do not appear to be well-executed or controlled. Overall, the person's performance suggests that they are still in the early stages of learning and developing their skills in this particular activity.",Novice,False
0c162693-cd79-4d37-9dd9-d1a6a5c653a3,uniandes_dance_020_28,Novice,"Novice

The individual appears to be in the early stages of learning or practicing the activity. The movements seem uncoordinated and lack fluidity, indicating a lack of familiarity with the technique. There is also a noticeable lack of technical precision, as the actions do not follow a clear pattern or sequence. Overall, the performance suggests that the person is still developing their skills and is likely at the novice level.",Novice,True,"Novice

The person in the video appears to be a novice in terms of body alignment, movement fluency, and technical precision. The movements seem uncoordinated and lack fluidity, indicating that they may not have had much practice or experience with the activity being performed. Additionally, there is no indication of technical proficiency, as the person seems to be struggling with the equipment and setup. Overall, the person's performance suggests that they are still in the early stages of learning and developing their skills in this particular activity.",Novice,True
94b7d4d2-0ddc-47d2-a88e-71193c2315cc,upenn_0629_Dance_2_2,Early Expert,"Novice

The person in the video appears to be a novice in terms of body alignment, movement fluency, and technical precision. Here are some observations that support this assessment:

1. Body Alignment:
- The individual seems to lack proper posture and alignment throughout the video. Their stance is not consistent, and there are instances where they appear to be leaning or shifting their weight awkwardly.

2. Movement Fluency:
- The movements seem disjointed and uncoordinated. There are noticeable pauses and hesitations between actions, indicating a lack of fluidity in their movements.

3. Technical Precision:
- The person's technique appears to be inconsistent and lacking in precision. There are several instances where the movements do not align with what would be expected for someone with more experience in the activity.

Overall, the person's performance suggests that they are still developing their skills and may benefit from additional practice and guidance to improve their body alignment, movement fluency, and technical precision.",Novice,False,"Novice

The person in the video appears to be a novice in terms of body alignment, movement fluency, and technical precision. The movements seem uncoordinated and lack fluidity, indicating that they may not have had much practice or experience with the activity being performed. Additionally, there is a noticeable lack of technical precision, as the person seems to struggle with maintaining proper form and executing the task correctly. Overall, the performance suggests that the individual is still in the early stages of learning and developing their skills in this particular activity.",Novice,False
8aef970a-22d8-4f21-94de-9737be02abd1,uniandes_dance_016_46,Novice,"The person in the video appears to be a novice or early expert in their dance routine. Here’s a breakdown of the observed skills:

1. **Body Alignment**: The individual seems to have some basic understanding of proper body alignment but may not yet have mastered it fully. There are moments where the posture is slightly off, and the balance could be improved.

2. **Movement Fluency**: The movements are generally fluid, but there are instances where the transitions between steps feel a bit stiff or awkward. This suggests that the person might still be working on refining their timing and coordination.

3. **Technical Precision**: The technical execution of the dance steps shows room for improvement. While the person attempts to perform various moves, there are noticeable errors in foot placement, arm gestures, and overall rhythm. This indicates that they are still developing their technical skills.

Given these observations, the person's skill level can be categorized as a **Novice** or **Early Expert**. They demonstrate some foundational knowledge and ability but lack the refinement and precision expected at a higher skill level. With continued practice and focus on technique, they could progress towards becoming an intermediate or late expert dancer.",Late Expert,False,"Novice

The person in the video appears to be a novice in terms of body alignment, movement fluency, and technical precision. The movements seem uncoordinated and lack fluidity, indicating that they may not have had much practice or experience with the activity being performed. Additionally, there is no indication of technical proficiency, as the person seems to be struggling with the task at hand. Overall, the person's performance suggests that they are still in the early stages of learning and developing their skills.",Novice,True
4db61f0f-e35b-4ad8-bc3a-8d4a02094c19,uniandes_dance_019_7,Intermediate Expert,"The person in the video appears to be at an **Intermediate Expert** skill level based on the following observations:

1. **Body Alignment**: The individual demonstrates good body alignment throughout the routine. They maintain proper posture and balance, which is essential for executing dance movements effectively.

2. **Movement Fluency**: The movements appear fluid and well-coordinated. There are no abrupt or jerky actions, indicating a high level of practice and familiarity with the choreography.

3. **Technical Precision**: The person shows a high degree of technical precision in their execution. The steps and gestures are performed with accuracy, suggesting they have a solid understanding of the dance style and its nuances.

Overall, the combination of good body alignment, fluent movements, and precise technique points towards an intermediate level of expertise. However, there may still be room for further refinement and improvement as the person continues to develop their skills.",Intermediate Expert,True,"Novice

The person in the video appears to be a novice in terms of body alignment, movement fluency, and technical precision. The movements seem uncoordinated and lack fluidity, indicating that they may not have had much practice or experience with the activity being performed. Additionally, there is a noticeable lack of attention to detail in terms of technical precision, which suggests that the person may still be developing their skills in this area. Overall, the person's performance in the video indicates that they are still at an early stage of learning and would benefit from more practice and guidance to improve their technique.",Novice,False
a79d5151-c4f8-4b6e-9084-c563b317c4e8,uniandes_dance_021_29,Intermediate Expert,"The person in the video appears to be a novice or early expert in their dance routine. Here’s a breakdown of the observations:

1. **Body Alignment**: The individual seems to have some basic understanding of proper posture and alignment but may not yet have mastered it fully. There are moments where the posture is slightly off, particularly when the arms are extended or when the body leans during certain movements.

2. **Movement Fluency**: The movements are generally fluid, with no abrupt stops or stumbles. However, there are slight hesitations or adjustments that suggest the person might still be refining their timing and coordination.

3. **Technical Precision**: The person demonstrates some technical skills, such as arm movements and leg positioning, but there are areas for improvement. For instance, the arm movements could be more precise and synchronized with the steps, and the leg movements could be smoother and more consistent.

**Overall Skill Level**: Based on these observations, the person appears to be at a novice or early expert level. They have a good grasp of the basic movements and have started to develop a sense of rhythm, but they are still working on refining their technique and achieving greater consistency in their performance.",Early Expert,False,"Novice

The person in the video appears to be a novice in terms of body alignment, movement fluency, and technical precision. The movements seem uncoordinated and lack fluidity, indicating that they may not have had much practice or experience with the activity being performed. Additionally, there is a noticeable lack of attention to detail and precision in their actions, which further suggests that they are still developing their skills. Overall, the person's performance in the video indicates that they are at a beginner level and would benefit from more training and practice to improve their technique.",Novice,False
0d1c01f6-74c9-45b4-8ccd-8c64eb39a2f5,uniandes_dance_008_50,Intermediate Expert,"The person in the video appears to be a novice or early expert in their dance technique. Here's why:

1. **Body Alignment**: The individual seems to have some basic understanding of proper body alignment but may not yet have mastered it fully. There are moments where the posture is slightly off, and the alignment isn't as precise as it could be for someone with more experience.

2. **Movement Fluency**: The movements are generally fluid, but there are instances where the transitions between steps or gestures feel a bit stiff or awkward. This suggests that the person might still be working on refining their timing and coordination.

3. **Technical Precision**: While the person demonstrates some technical skills, such as arm movements and leg positioning, there are areas where precision could be improved. For example, the arm movements sometimes lack smoothness, and the footwork doesn't always align perfectly with the rhythm.

4. **Overall Performance**: The person shows potential and seems to be actively working on improving their technique. However, there are still noticeable areas for improvement, which indicates they are likely at an early stage in their learning process.

Given these observations, I would classify the person's skill level as a **Novice** or **Early Expert**, depending on how long they have been practicing and how much they are currently focusing on refining their technique. If they continue to practice regularly and work on addressing the areas for improvement, they could potentially advance to a higher skill level over time.",Early Expert,False,"Novice

The person in the video appears to be a novice in terms of body alignment, movement fluency, and technical precision. The movements seem uncoordinated and lack fluidity, indicating that they may not have had much practice or experience with the activity being performed. Additionally, there is a noticeable lack of control and precision in their actions, which further suggests that they are still developing their skills. Overall, the person's performance indicates that they are at a beginner level and would benefit from more training and practice to improve their technique.",Novice,False
53d819a4-f540-44ed-8dcd-2260112fc54c,uniandes_dance_021_19,Intermediate Expert,"Novice

The person in the video appears to be a novice in terms of technique and movement fluency. The movements seem uncoordinated and lack fluidity, with some awkwardness in the execution of the exercises. The body alignment is not consistent throughout the routine, as there are instances where the posture is off or the weight distribution is uneven. Additionally, the person seems to struggle with maintaining proper form during the exercises, which suggests that they may still be developing their skills and understanding of the techniques involved. Overall, the performance indicates a beginner level of proficiency.",Novice,False,"Novice

The person in the video appears to be a novice in terms of body alignment, movement fluency, and technical precision. The movements seem uncoordinated and lack fluidity, indicating that they may not have had much practice or experience with the activity being performed. Additionally, there is no indication of technical proficiency, as the person seems to be struggling with the equipment and setup. Overall, the person's performance suggests that they are still in the early stages of learning and developing their skills.",Novice,False
fdaecdd1-2ef5-44d6-bc6c-26ff4a21c3d6,uniandes_dance_008_13,Late Expert,"The person in the video appears to be a novice or early expert in the activity they are performing. Here's my reasoning:

1. **Body Alignment**: The individual seems to have some basic understanding of proper body alignment but may not yet have mastered it. There are moments where the posture is slightly off, and the movements do not appear entirely fluid.

2. **Movement Fluency**: The movements are generally smooth, but there are instances where the transitions between actions could be smoother. The person seems to be learning and refining their technique, which is typical for someone at an early stage of expertise.

3. **Technical Precision**: The person demonstrates some technical precision, especially in the arm movements and overall rhythm. However, there are areas where the precision can be improved, such as maintaining consistent form throughout the routine.

Given these observations, I would classify the person's skill level as **Novice** or **Early Expert**, depending on whether they are still in the process of learning or have already started to develop a more refined technique. If they continue to practice and refine their movements, they could potentially progress to an intermediate or late expert level.",Late Expert,True,"Novice

The person in the video appears to be a novice in terms of body alignment, movement fluency, and technical precision. The movements seem uncoordinated and lack fluidity, indicating that they may not have had much practice or experience with the activity being performed. Additionally, there is a noticeable lack of attention to detail and precision in their actions, which further suggests that they are still developing their skills. Overall, the person's performance in the video indicates that they are at a beginner level and would benefit from more training and practice to improve their technique.",Novice,False
27b3c35b-8799-4294-b4ff-dc33f52e0220,uniandes_dance_024_8,Novice,"Novice

The person in the video appears to be a novice in terms of body alignment, movement fluency, and technical precision. The movements seem uncoordinated and lack fluidity, indicating that they may not have had much practice or experience with the activity being performed. The body alignment is also not consistent throughout the video, which suggests that the person may still be developing their understanding of proper posture and positioning. Overall, the performance lacks the refinement and control typically associated with more advanced skill levels.",Novice,True,"Novice

The person in the video appears to be a novice in terms of body alignment, movement fluency, and technical precision. The movements seem uncoordinated and lack fluidity, indicating that they may not have had much practice or experience with the activity being performed. Additionally, there is a noticeable lack of attention to detail in terms of technical precision, which suggests that the person may still be developing their skills in this area. Overall, the person's performance in the video indicates that they are still at an early stage of learning and would benefit from more practice and guidance to improve their technique.",Novice,True
9235aa5a-d273-4932-be5f-b74ac82f5bcc,uniandes_dance_007_7,Intermediate Expert,"The person in the video appears to be a novice or early expert in their dance routine. Here's why:

1. **Body Alignment**: The individual seems to have some basic understanding of proper body alignment but may not yet have mastered it fully. There are moments where the posture is slightly off, and the alignment isn't as precise as it could be for someone with more experience.

2. **Movement Fluency**: The movements are generally fluid, but there are instances where the transitions between steps feel a bit stiff or awkward. This suggests that the person might still be working on refining their timing and coordination.

3. **Technical Precision**: While the person demonstrates some technical skills, such as arm movements and leg positioning, there are areas where precision could be improved. For example, the arm movements sometimes lack smoothness, and the footwork could be more consistent.

Overall, the person shows potential and has a good grasp of the basics, indicating they are likely at an early stage in their learning process. With continued practice and guidance, they can develop into a more skilled dancer.",Early Expert,False,"Novice

The person in the video appears to be a novice in terms of body alignment, movement fluency, and technical precision. The movements seem uncoordinated and lack fluidity, indicating that they may not have had much practice or experience with the activity being performed. Additionally, there is a noticeable lack of control and precision in their actions, which further suggests that they are still developing their skills. Overall, the person's performance in the video indicates that they are at a beginner level and would benefit from more training and practice to improve their technique.",Novice,False
97fff617-93c7-4d83-a13e-1ff5ab6fc79d,uniandes_dance_021_12,Late Expert,"The person in the video appears to be a novice or early expert in the activity they are performing. Here's my reasoning:

1. **Body Alignment**: The individual seems to have some basic understanding of posture and alignment but may not yet have mastered it. There are moments where the body posture is slightly off, indicating room for improvement.

2. **Movement Fluency**: The movements appear somewhat fluid, but there are instances where the transitions between actions feel a bit stiff or awkward. This suggests that the person might still be developing their coordination and timing.

3. **Technical Precision**: The person demonstrates some technical skills, such as the ability to perform certain movements with some degree of accuracy. However, there are areas where precision could be improved, particularly in maintaining consistent form throughout the routine.

Overall, while the person shows potential and has a grasp of the fundamental aspects of the activity, they are likely at an early stage in their development. They would benefit from more practice and guidance to refine their technique further.",Early Expert,False,"Novice

The person in the video appears to be a novice in terms of body alignment, movement fluency, and technical precision. The movements seem uncoordinated and lack fluidity, indicating that they may not have had much practice or experience with the activity being performed. Additionally, there is a noticeable lack of technical precision, as the person's actions do not appear to be well-executed or controlled. Overall, the person's performance suggests that they are still in the early stages of learning and developing their skills in this particular activity.",Novice,False
6af8d123-939a-410a-9d29-72687bd4dac5,uniandes_dance_013_15,Late Expert,"Novice

The person in the video appears to be a novice in terms of body alignment, movement fluency, and technical precision. The movements seem uncoordinated and lack fluidity, indicating that they may not have had much practice or experience with the activity being performed. The posture and positioning of the body also suggest a lack of familiarity with the proper techniques required for the task at hand. Overall, the performance seems to be at a beginner level, with room for significant improvement in terms of technique and coordination.",Novice,False,"Novice

The person in the video appears to be a novice in terms of body alignment, movement fluency, and technical precision. The movements seem uncoordinated and lack fluidity, indicating that they may not have had much practice or experience with the activity being performed. Additionally, there is a noticeable lack of attention to detail and precision in their actions, which further suggests that they are still developing their skills. Overall, the person's performance in the video indicates that they are at a beginner level and would benefit from more training and practice to improve their technique.",Novice,False
8fdcfd22-239e-44b9-90a7-f29588cb7d82,uniandes_dance_012_24,Intermediate Expert,"The person in the video appears to be a novice or early expert in the activity they are performing. Their movements seem to lack fluidity and precision, indicating that they may still be developing their skills. The body alignment seems to be off at times, which could be due to a lack of proper form or technique. Overall, the person's performance suggests that they are still in the early stages of learning and improving their skills.",Early Expert,False,"Novice

The person in the video appears to be a novice in terms of body alignment, movement fluency, and technical precision. The movements seem uncoordinated and lack fluidity, indicating that they may not have had much practice or experience with the activity being performed. Additionally, there is a noticeable lack of attention to detail and precision in their actions, which further suggests that they are still developing their skills. Overall, the person's performance in the video indicates that they are at a beginner level and would benefit from more training and practice to improve their technique.",Novice,False
5286fd37-f72e-42c5-bb9e-e09811887981,uniandes_dance_020_27,Novice,"Novice

The individual appears to be in the early stages of learning or practicing the activity. Their movements lack fluidity and precision, indicating a lack of familiarity with the technique. The body alignment seems off at times, suggesting that they may not have a strong understanding of proper form. Overall, the performance suggests a novice level of skill.",Novice,True,"Novice

The person in the video appears to be a novice in terms of body alignment, movement fluency, and technical precision. The movements seem uncoordinated and lack fluidity, indicating that they may not have had much practice or experience with the activity being performed. Additionally, there is a noticeable lack of attention to detail and precision in their actions, which further suggests that they are still developing their skills. Overall, the person's performance in the video indicates that they are at a beginner level and would benefit from more training and practice to improve their technique.",Novice,True
7992ceca-a566-4679-b116-6fc0b811b70f,upenn_0720_Dance_4_5,Early Expert,"The person in the video appears to be a novice or early expert in their dance technique. Here's why:

1. **Body Alignment**: The dancer's posture and alignment seem inconsistent throughout the routine. There are moments where the body is not fully engaged, and the movements lack fluidity.

2. **Movement Fluency**: The movements are not smooth or well-coordinated. There are noticeable pauses and hesitations between steps, which suggests that the dancer may still be developing their timing and rhythm.

3. **Technical Precision**: While some elements of the routine are recognizable as part of a dance style (e.g., arm gestures, leg movements), there is room for improvement in terms of precision. The execution of specific techniques seems uneven, with some parts appearing more practiced than others.

Overall, the dancer demonstrates basic understanding and execution of dance movements but lacks the fluency, precision, and overall confidence typically seen in intermediate or advanced dancers. This suggests they are at an early stage in their training and could benefit from further practice and guidance.",Early Expert,True,"Novice

The person in the video appears to be a novice in terms of body alignment, movement fluency, and technical precision. The movements seem uncoordinated and lack fluidity, indicating that they may not have had much practice or experience with the activity being performed. Additionally, there is a noticeable lack of technical precision, as the person seems to struggle with maintaining proper form and executing the task correctly. Overall, the person's performance suggests that they are still in the early stages of learning and developing their skills in this particular activity.",Novice,False
c5c271ee-08ad-4dd8-ac8c-417f830db685,uniandes_dance_019_20,Intermediate Expert,"The person in the video appears to be a novice or early expert in their dance technique. Here's why:

1. **Body Alignment**: The individual seems to have some basic understanding of proper body alignment but may not yet have mastered it fully. There are moments where the posture is slightly off, and the alignment isn't as precise as it could be for someone with more experience.

2. **Movement Fluency**: The movements are generally fluid, but there are instances where the transitions between steps or gestures feel a bit stiff or awkward. This suggests that the person might still be working on refining their timing and coordination.

3. **Technical Precision**: While the person demonstrates some technical skills, such as arm movements and leg positioning, there are areas where precision could be improved. For example, the placement of feet during certain steps or the synchronization of hand movements with the body can be more consistent.

Overall, the person shows potential and has a good grasp of the fundamental aspects of the dance. With continued practice and focus on refining specific techniques, they could progress to intermediate or late expert levels.",Late Expert,False,"Novice

The person in the video appears to be a novice in terms of body alignment, movement fluency, and technical precision. The movements seem uncoordinated and lack fluidity, indicating that they may not have had much practice or experience with the activity being performed. Additionally, there is no indication of technical proficiency, as the person seems to be struggling with the equipment and setup. Overall, the person's performance suggests that they are still in the early stages of learning and developing their skills in this particular activity.",Novice,False
26ca925c-845d-4419-ae37-93f28cb415e8,uniandes_dance_016_8,Early Expert,"The person in the video appears to be a novice or early expert in their dance performance. Here’s a breakdown of the observations:

1. **Body Alignment**: The individual seems to have some basic understanding of proper body alignment but may not yet have mastered it fully. There are moments where the posture is slightly off, and the alignment isn't entirely consistent throughout the routine.

2. **Movement Fluency**: The movements are generally fluid, but there are instances where the transitions between steps could be smoother. The person seems to be working on refining their timing and coordination.

3. **Technical Precision**: The technical execution shows room for improvement. While the person attempts various dance moves, there are some inconsistencies in the execution. For example, the arm movements and leg positioning could be more precise and synchronized with the music.

Overall, the person demonstrates a good foundation in dance but is still developing their skills. They show potential and are likely at an early stage in their learning process. With continued practice and guidance, they can improve their body alignment, movement fluency, and technical precision significantly.",Early Expert,True,"Novice

The person in the video appears to be a novice in terms of body alignment, movement fluency, and technical precision. The movements seem uncoordinated and lack fluidity, indicating that they may not have had much practice or experience with the activity being performed. Additionally, there is a noticeable lack of control and precision in their actions, which further suggests that they are still developing their skills. Overall, the person's performance indicates that they are at a beginner level and would benefit from more training and practice to improve their technique.",Novice,False
e10d385c-3b3f-4cc4-8e2d-2c5e7d986f42,uniandes_dance_020_34,Late Expert,"Novice

The person in the video appears to be a novice in terms of body alignment, movement fluency, and technical precision. The movements seem uncoordinated and lack fluidity, indicating that they may not have had much practice or experience with the activity being performed. The posture and positioning of the body during the movements also suggest a lack of proper form, which is essential for both safety and effectiveness in any physical activity. Overall, the person's performance indicates that they are still in the early stages of learning and developing their skills in this particular activity.",Novice,False,"Novice

The person in the video appears to be a novice in terms of body alignment, movement fluency, and technical precision. The movements seem uncoordinated and lack fluidity, indicating that they may not have had much practice or experience with the activity being performed. Additionally, there is no indication of technical proficiency, as the person does not demonstrate any advanced techniques or skills related to the activity. Overall, the person's performance suggests that they are still in the early stages of learning and developing their skills.",Novice,False
24b8af0b-b50e-4ddb-8421-a23dab506580,uniandes_dance_013_22,Late Expert,"Novice

The person in the video appears to be a novice in terms of dance technique and movement fluency. The movements seem uncoordinated and lack fluidity, with some awkward steps and inconsistent timing. The body alignment is also not well-executed, as the posture seems stiff and rigid at times. There is room for improvement in terms of technical precision, as the person struggles to maintain proper form throughout the routine. Overall, the performance suggests that the individual is still developing their skills and is not yet proficient in the dance style being performed.",Novice,False,"Novice

The person in the video appears to be a novice in terms of body alignment, movement fluency, and technical precision. The movements seem uncoordinated and lack fluidity, indicating that they may not have had much practice or experience with the activity being performed. Additionally, there is a noticeable lack of attention to detail and precision in their actions, which further suggests that they are still developing their skills. Overall, the person's performance in the video indicates that they are at a beginner level and would benefit from more training and practice to improve their technique.",Novice,False
04f0854f-7a61-4902-a5ea-cf9b9ff2785f,upenn_0706_Dance_4_3,Early Expert,"Novice

The person in the video appears to be a novice in terms of body alignment, movement fluency, and technical precision. The movements seem uncoordinated and lack fluidity, indicating that they may not have had much practice or experience with the activity being performed. The posture and positioning of the body also suggest a lack of familiarity with the proper techniques required for the task at hand. Overall, the performance seems to be at a very basic level, which is consistent with someone who is still developing their skills and learning the necessary techniques.",Novice,False,"Novice

The person in the video appears to be a novice in terms of body alignment, movement fluency, and technical precision. The movements seem uncoordinated and lack fluidity, indicating that they may not have had much practice or experience with the activity being performed. Additionally, there is a noticeable lack of technical precision, as the person seems to struggle with maintaining proper form and executing the task correctly. Overall, the person's performance suggests that they are still in the early stages of learning and developing their skills in this particular activity.",Novice,False
7e4cdc23-31d4-4449-b6a1-1100985cfcb1,uniandes_dance_012_19,Intermediate Expert,"Novice

The person in the video appears to be a novice in terms of body alignment, movement fluency, and technical precision. The movements seem uncoordinated and lack fluidity, indicating that they may not have had much practice or experience with the activity being performed. The posture and positioning of the body also suggest a lack of familiarity with the proper techniques required for the task at hand. Overall, the performance seems to be at a beginner level, with room for significant improvement in terms of technique and coordination.",Novice,False,"Novice

The person in the video appears to be a novice in terms of body alignment, movement fluency, and technical precision. The movements seem uncoordinated and lack fluidity, indicating that they may not have had much practice or experience with the activity being performed. Additionally, there is a noticeable lack of attention to detail in terms of technical precision, which suggests that they may still be developing their skills in this area. Overall, the person's performance in the video indicates that they are still at an early stage of learning and would benefit from more practice and guidance to improve their technique.",Novice,False
6d348ad5-d8f5-47f3-93c4-c2252910d310,uniandes_dance_002_24,Early Expert,"The person in the video appears to be a novice or early expert in the activity they are performing. Their movements seem to lack fluidity and precision, indicating that they may still be developing their technique. The body alignment seems to be inconsistent, with some frames showing poor posture or incorrect positioning. Additionally, there are moments where the person's movements appear to be stiff or awkward, which suggests that they may not have fully mastered the required skills yet.

Overall, based on the observed body alignment, movement fluency, and technical precision, it can be concluded that the person's skill level is likely at the novice or early expert stage. However, further observation and practice would be necessary to determine if they have progressed to a higher level of expertise.",Early Expert,True,"Novice

The person in the video appears to be a novice in terms of body alignment, movement fluency, and technical precision. The movements seem uncoordinated and lack fluidity, indicating that they may not have had much practice or experience with the activity being performed. Additionally, there is no indication of technical proficiency, as the person seems to be struggling with the task at hand. Overall, the person's performance suggests that they are still in the early stages of learning and developing their skills.",Novice,False
98ca3100-848b-4267-be0b-3c53c301cd96,uniandes_dance_020_22,Novice,"Novice

The individual appears to be in the early stages of learning or practicing the activity. The movements seem uncoordinated and lack fluidity, indicating a lack of familiarity with the technique. There is also a noticeable lack of technical precision, as the actions do not follow a clear pattern or sequence. Overall, the performance suggests that the person is still developing their skills and is likely at the novice level.",Novice,True,"Novice

The person in the video appears to be a novice in terms of body alignment, movement fluency, and technical precision. The movements seem uncoordinated and lack fluidity, indicating that they may not have had much practice or experience with the activity being performed. Additionally, there is a noticeable lack of technical precision, as the person seems to struggle with maintaining proper form and executing the task at hand accurately. Overall, the individual's performance suggests that they are still in the early stages of learning and developing their skills in this particular activity.",Novice,True
ad71e6d3-b828-4dbf-8853-18f5fcc59768,uniandes_dance_019_6,Intermediate Expert,"The person in the video appears to be a novice or early expert in their dance technique. Here's why:

1. **Body Alignment**: The individual seems to lack proper body alignment and posture. Their movements appear stiff and not fluid, which suggests they may still be developing their technique.

2. **Movement Fluency**: The movements are not smooth or natural. There are noticeable pauses and hesitations between steps, indicating that the person might not have fully mastered the choreography yet.

3. **Technical Precision**: While there are some recognizable dance moves, the execution lacks precision. The timing and coordination seem off, suggesting that the person is still refining their skills.

Overall, based on these observations, the person's skill level appears to be at the novice or early expert stage. They have some basic understanding of the dance but need more practice to improve their body alignment, movement fluency, and technical precision.",Early Expert,False,"Novice

The person in the video appears to be a novice in terms of body alignment, movement fluency, and technical precision. The movements seem uncoordinated and lack fluidity, indicating that they may not have had much practice or experience with the activity being performed. Additionally, there is no indication of technical proficiency, as the person seems to be struggling with the equipment and setup. Overall, the person's performance suggests that they are still in the early stages of learning and developing their skills.",Novice,False
03d2dc5b-24fa-4190-8392-587fbdf31785,upenn_0720_Dance_3_7,Early Expert,"Novice

The person in the video appears to be a novice in terms of body alignment, movement fluency, and technical precision. Here are some observations that support this assessment:

1. Body Alignment:
- The person's posture seems inconsistent throughout the video. At times, they appear to be leaning or shifting their weight awkwardly, which can indicate a lack of proper alignment.
- Their feet placement varies, sometimes appearing too wide or too narrow, which can affect balance and overall stability.

2. Movement Fluency:
- The person's movements seem somewhat stiff and uncoordinated at times. There are noticeable pauses and hesitations between actions, suggesting a lack of fluidity in their movements.
- The transitions between different poses or actions appear abrupt rather than smooth and connected.

3. Technical Precision:
- The person's form during specific exercises or movements (e.g., arm raises, leg lifts) does not always meet the standards expected for intermediate or advanced techniques.
- There are instances where the person's movements do not align with the intended exercise, indicating a lack of technical proficiency.

While the person may have some basic understanding of the exercises being performed, there is room for improvement in terms of body alignment, movement fluency, and technical precision. With consistent practice and guidance, they could develop better form and technique over time.",Novice,False,"Novice

The person in the video appears to be a novice in terms of body alignment, movement fluency, and technical precision. The movements seem uncoordinated and lack fluidity, indicating that they may not have had much practice or experience with the activity being performed. Additionally, there is a noticeable lack of technical precision, as the person seems to struggle with maintaining proper form and control throughout the sequence. Overall, the performance suggests that the individual is still in the early stages of learning and developing their skills in this particular activity.",Novice,False
be4e32c4-1537-44bc-9f66-5d61098c08dd,uniandes_dance_024_7,Novice,"The person in the video appears to be a novice or early expert in their activity. Their body alignment seems somewhat off, as they are not maintaining proper posture throughout the performance. The movement fluency is also lacking, with some awkward and disjointed movements. Technical precision is also lacking, as there are several instances where the person's form is not correct. Overall, the person's technique needs significant improvement before they can be considered an intermediate or late expert.",Late Expert,False,"Novice

The person in the video appears to be a novice in terms of body alignment, movement fluency, and technical precision. The movements seem uncoordinated and lack fluidity, indicating that they may not have had much practice or experience with the activity being performed. Additionally, there is a noticeable lack of attention to detail and precision in their actions, which further suggests that they are still developing their skills. Overall, the person's performance in the video indicates that they are at a beginner level and would benefit from more training and practice to improve their technique.",Novice,True
7ab10395-024c-4fe4-994d-c7f57a42b354,upenn_0727_Partner_Dance_2_1_4,Late Expert,"Novice

The dancer demonstrates basic steps and movements without much fluency or technical precision. The body alignment appears to be off at times, and the movements lack fluidity. The dancer seems to be learning the steps and may benefit from more practice and guidance to improve their technique.",Novice,False,"Novice

The person in the video appears to be a novice dancer based on their body alignment and movement fluency. Their posture is not consistent throughout the performance, and there are noticeable gaps between their movements. The technical precision is also lacking as they seem to struggle with maintaining proper form and executing steps accurately. Overall, their performance suggests that they are still developing their skills and may benefit from more practice and guidance.",Novice,False
e0ee6d25-73ea-4301-900d-c40a4d1e82dc,upenn_0720_Dance_3_11,Early Expert,"Novice

The person in the video appears to be a novice in terms of body alignment, movement fluency, and technical precision. Here are some observations that support this assessment:

1. Body Alignment:
- The person's posture seems inconsistent throughout the video. At times, they appear to be leaning or shifting their weight awkwardly, which can indicate a lack of proper alignment.
- Their feet placement varies, sometimes appearing too wide or too narrow, which can affect balance and overall stability.

2. Movement Fluency:
- The person's movements seem somewhat stiff and uncoordinated at times. There are noticeable pauses and hesitations between actions, suggesting a lack of fluidity in their movements.
- The transitions between different movements appear abrupt, lacking the smoothness typically seen in more experienced performers.

3. Technical Precision:
- The person's technique for the specific activity being performed (which isn't clearly defined) seems to lack precision. There are inconsistencies in the execution of movements, with some actions appearing rushed or imprecise.
- The person's focus and concentration seem to fluctuate, as indicated by their occasional glances away from the camera or the activity itself.

While the person may have some basic understanding of the activity, their performance suggests that they are still in the early stages of learning and developing their skills. They would benefit from more practice, guidance, and feedback to improve their body alignment, movement fluency, and technical precision.",Novice,False,"Novice

The person in the video appears to be a novice in terms of body alignment, movement fluency, and technical precision. The movements seem uncoordinated and lack fluidity, indicating that they may not have had much practice or experience with the activity being performed. Additionally, there is a noticeable lack of technical precision, as the person seems to struggle with maintaining proper form and executing the task correctly. Overall, the person's performance suggests that they are still in the early stages of learning and developing their skills in this particular activity.",Novice,False
a34204b4-1ebb-4cec-a338-f4e543669820,uniandes_dance_012_25,Intermediate Expert,"The person in the video appears to be a novice or early expert in their activity. Their movements are not entirely fluid and precise, indicating that they may still be developing their technique. The body alignment seems somewhat off at times, which could be due to lack of experience or improper form. Overall, the person's performance suggests that they are still in the early stages of learning and refining their skills.",Early Expert,False,"Novice

The person in the video appears to be a novice in terms of body alignment, movement fluency, and technical precision. The movements seem uncoordinated and lack fluidity, indicating that they may not have had much practice or experience with the activity being performed. Additionally, there is a noticeable lack of attention to detail and precision in their actions, which further suggests that they are still developing their skills. Overall, the person's performance in the video indicates that they are at a beginner level and would benefit from more training and practice to improve their technique.",Novice,False
3f508ce8-ba11-49d3-848c-ccd8c8b52c3d,upenn_0730_Dance_2_5,Late Expert,"The person in the video appears to be a novice or early expert in terms of their skill level. Here's my reasoning:

1. **Body Alignment**: The individual seems to have some basic understanding of body alignment but may not be fully proficient. For instance, during certain movements, there could be slight imbalances or lack of proper posture. This suggests that they might still be learning and refining their form.

2. **Movement Fluency**: The movements appear somewhat fluid, indicating a moderate level of practice. However, there are moments where the transitions between movements feel a bit stiff or awkward, which is typical for someone who is still developing their technique.

3. **Technical Precision**: The person demonstrates some technical precision in specific parts of the routine, such as maintaining balance and executing certain poses with relative ease. However, there are also areas where the precision could be improved, particularly in maintaining consistent form throughout the entire sequence.

Overall, while the person shows signs of progress and has a decent grasp of the basics, they are likely at an early stage in their training. They would benefit from more practice and guidance to refine their technique further.",Early Expert,False,"Novice

The person in the video appears to be a novice in terms of body alignment, movement fluency, and technical precision. The movements seem uncoordinated and lack fluidity, indicating that they may not have had much practice or experience with the activity being performed. Additionally, there is a noticeable lack of control and precision in their actions, which further suggests that they are still developing their skills. Overall, the person's performance indicates that they are at a beginner level and would benefit from more training and practice to improve their technique.",Novice,False
6b3a51f3-973e-44de-b300-ed1c25bc82d3,uniandes_dance_008_8,Late Expert,"The person in the video appears to be a novice or early expert in the activity they are performing. Here's my reasoning:

1. **Body Alignment**: The individual seems to have some basic understanding of the movements required for the activity but may not yet have achieved optimal alignment. There could be slight imbalances or inconsistencies in posture that suggest they are still developing their technique.

2. **Movement Fluency**: The movements appear somewhat fluid, indicating that the person has practiced the activity to some extent. However, there might be room for improvement in terms of smoothness and synchronization between different parts of the body.

3. **Technical Precision**: The person demonstrates a general grasp of the technical aspects of the activity, but there are noticeable areas where precision can be improved. This includes maintaining consistent form throughout the routine and executing specific movements with greater accuracy.

Overall, while the person shows promise and has made progress, they are likely still in the early stages of mastering the activity. They would benefit from continued practice and guidance to refine their technique further.",Early Expert,False,"Novice

The person in the video appears to be a novice in terms of body alignment, movement fluency, and technical precision. The movements seem uncoordinated and lack fluidity, indicating that they may not have had much practice or experience with the activity being performed. Additionally, there is a noticeable lack of technical precision, as the person seems to struggle with maintaining proper form and executing the task correctly. Overall, the person's performance suggests that they are still in the early stages of learning and developing their skills in this particular activity.",Novice,False
5c4e796b-cb0b-4a72-b7ed-ad0dcc6aec1c,uniandes_dance_019_58,Late Expert,"The person in the video appears to be a novice or early expert in their dance technique. Here's why:

1. **Body Alignment**: The individual seems to have some basic understanding of proper body alignment but may not yet have mastered it fully. There are moments where the posture is slightly off, and the alignment isn't as precise as it could be for someone with more experience.

2. **Movement Fluency**: The movements are generally fluid, but there are instances where the transitions between steps or gestures feel a bit stiff or awkward. This suggests that the person might still be working on refining their timing and coordination.

3. **Technical Precision**: While the person demonstrates some technical skills, such as arm movements and leg positioning, there are areas where precision could be improved. For example, the arm movements sometimes lack smoothness, and the footwork doesn't always align perfectly with the rhythm.

4. **Overall Performance**: The person seems to be in the early stages of learning and practicing the dance routine. They appear to be following the steps and gestures correctly but may need more practice to perfect the technique and achieve a higher level of fluency and precision.

In conclusion, based on the observed body alignment, movement fluency, and technical precision, the person's skill level appears to be at the novice or early expert stage. With continued practice and guidance, they can improve their technique and potentially advance to intermediate or late expert levels.",Late Expert,True,"Novice

The person in the video appears to be a novice in terms of body alignment, movement fluency, and technical precision. The movements seem uncoordinated and lack fluidity, indicating that they may not have had much practice or experience with the activity being performed. Additionally, there is no indication of technical proficiency, as the person seems to be struggling with the basic mechanics of the task at hand. Overall, the person's performance suggests that they are still in the early stages of learning and developing their skills.",Novice,False
b0f9aa8b-0632-44a1-a6ab-8d698208169c,uniandes_dance_011_29,Late Expert,"Novice

The person in the video appears to be a novice in terms of body alignment, movement fluency, and technical precision. The movements seem uncoordinated and lack fluidity, indicating that they may not have had much practice or experience with the activity being performed. The body alignment is also not consistent throughout the video, suggesting that the person may still be developing their understanding of proper posture and positioning. Overall, the performance suggests that the individual is still in the early stages of learning and refining their technique.",Novice,False,"Novice

The person in the video appears to be a novice in terms of body alignment, movement fluency, and technical precision. The movements seem uncoordinated and lack fluidity, indicating that they may not have had much practice or experience with the activity being performed. Additionally, there is no evidence of technical proficiency, as the person seems to be struggling with basic aspects of the task at hand. Overall, the person's performance suggests that they are still in the early stages of learning and developing their skills.",Novice,False
95bcacb6-e524-4aa8-91f3-22b12898779d,uniandes_dance_016_45,Novice,"The person in the video appears to be a novice or early expert in their dance performance. Here’s a breakdown of the observations:

1. **Body Alignment**: The dancer seems to have some basic understanding of proper posture and alignment but may not yet have mastered it fully. There are moments where her posture is slightly off, particularly when she leans forward or extends her arms.

2. **Movement Fluency**: The movements are generally fluid, but there are instances where the transitions between steps or gestures feel a bit stiff or awkward. This suggests that the dancer might still be working on refining her timing and coordination.

3. **Technical Precision**: While the dancer demonstrates some technical skills, such as arm movements and leg positioning, there are areas for improvement. Her footwork appears somewhat inconsistent, and her overall execution lacks the precision seen in more advanced dancers.

Given these observations, the dancer's skill level can be categorized as a novice or early expert. They have a grasp of the basics but need further practice and refinement to achieve greater technical proficiency and fluency.",Early Expert,False,"Novice

The person in the video appears to be a novice in terms of body alignment, movement fluency, and technical precision. The movements seem uncoordinated and lack fluidity, indicating that they may not have had much practice or experience with the activity being performed. Additionally, there is no indication of technical proficiency, as the person seems to be struggling with the equipment and setup. Overall, the person's performance suggests that they are still in the early stages of learning and developing their skills in this particular activity.",Novice,True
841d97d5-8a6b-4221-adea-5fa1aa3e9707,uniandes_dance_011_43,Early Expert,"The person in the video appears to be a novice or early expert in their activity. Their body alignment seems to be generally good, with proper posture and alignment during the movements. However, there are some areas for improvement in terms of movement fluency and technical precision.

Here's a breakdown of the observations:

1. **Body Alignment**: The person maintains a relatively straight posture throughout the routine, which is a positive sign. However, there may be room for improvement in maintaining consistent alignment, especially during dynamic movements where slight adjustments can enhance efficiency and reduce the risk of injury.

2. **Movement Fluency**: While the person demonstrates a range of motions, there are moments where the transitions between movements feel a bit stiff or awkward. This suggests that they might benefit from more practice to refine their timing and fluidity. Improving the smoothness of these transitions could significantly enhance their overall performance.

3. **Technical Precision**: There are instances where the person's movements lack precision. For example, during certain steps, there might be a slight hesitation or lack of control, which could be improved through focused practice. Ensuring that each movement is executed with accuracy will contribute to better results and a more polished appearance.

Overall, the person shows potential and has a solid foundation in their activity. With continued practice and attention to detail, they can develop into an intermediate or late expert. The key areas for improvement include refining movement fluency and technical precision to achieve a more polished and efficient performance.",Late Expert,False,"Novice

The person in the video appears to be a novice in terms of body alignment, movement fluency, and technical precision. The movements seem uncoordinated and lack fluidity, indicating that they may not have had much practice or experience with the activity being performed. Additionally, there is a noticeable lack of attention to detail and precision in their actions, which further suggests that they are still developing their skills. Overall, the person's performance in the video indicates that they are at a beginner level and would benefit from more training and practice to improve their technique.",Novice,False
5b5a6017-4b2e-4529-a348-84bc64d1d3c3,upenn_0727_Partner_Dance_2_2_4,Early Expert,"Novice

The dancer demonstrates basic steps and movements without much fluency or technical precision. The body alignment appears to be off at times, and the movements lack fluidity. The dancer seems to be learning the steps and may benefit from more practice and guidance to improve their technique.",Novice,False,"Novice

The person in the video appears to be a novice in terms of body alignment, movement fluency, and technical precision. The movements seem uncoordinated and lack fluidity, indicating that they may not have had much practice or experience with the activity being performed. The body alignment is also not consistent, as the person seems to struggle with maintaining proper posture throughout the performance. Overall, the person's technique suggests that they are still developing their skills and would benefit from more practice and guidance.",Novice,False
b0f43b31-88d6-4173-bc98-543c8f8d938d,uniandes_dance_016_44,Novice,"The person in the video appears to be a novice or early expert in their dance routine. Here’s a breakdown of the evaluation:

1. **Body Alignment**: The individual seems to have some basic understanding of proper body alignment but may not yet have mastered it fully. There are moments where the posture is slightly off, and the body might not be as straight as it could be during more advanced routines.

2. **Movement Fluency**: The movements appear somewhat fluid, but there are instances where the transitions between steps are not entirely smooth. This suggests that the person is still developing their timing and coordination.

3. **Technical Precision**: The technical execution of the dance moves is not yet precise. There are visible inconsistencies in the placement of feet, arm movements, and overall rhythm. This indicates that the person is still in the learning phase and needs more practice to refine their technique.

Given these observations, the person's skill level can be categorized as a **Novice** or **Early Expert**, depending on whether they are just starting out or have been practicing for a short while. They show potential but require significant improvement in body alignment, movement fluency, and technical precision to reach a higher skill level.",Early Expert,False,"Novice

The person in the video appears to be a novice in terms of body alignment, movement fluency, and technical precision. The movements seem uncoordinated and lack fluidity, indicating that they may not have had much practice or experience with the activity being performed. Additionally, there is no indication of technical proficiency, as the person seems to be struggling with the equipment and setup. Overall, the person's performance suggests that they are still in the early stages of learning and developing their skills in this particular activity.",Novice,True
6e4400c5-0bd9-454f-97d4-4fe35fe31682,uniandes_dance_022_9,Novice,"The person in the video appears to be a novice or early expert in their dance technique. Here's why:

1. **Body Alignment**: The individual seems to lack proper body alignment and posture. Their movements appear stiff and uncoordinated, which suggests they may not have a strong foundation in dance techniques.

2. **Movement Fluency**: The movements are not fluid or graceful. There are noticeable pauses and hesitations between steps, indicating that the person might still be developing their timing and rhythm.

3. **Technical Precision**: The person's technique lacks precision. The arm movements and leg positioning seem inconsistent and not well-coordinated with the music or the choreography. This suggests that they may need more practice to improve their technical skills.

Overall, based on these observations, the person's skill level appears to be at the novice or early expert stage. They would benefit from more practice and guidance to develop better body alignment, movement fluency, and technical precision.",Early Expert,False,"Novice

The person in the video appears to be a novice in terms of body alignment, movement fluency, and technical precision. The movements seem uncoordinated and lack fluidity, indicating that they may not have had much practice or experience with the activity being performed. Additionally, there is no indication of technical proficiency, as the person seems to be struggling with the task at hand. Overall, the person's performance suggests that they are still in the early stages of learning and developing their skills.",Novice,True
1e31765b-d0e0-4317-a361-2e81613a5c61,uniandes_dance_021_20,Intermediate Expert,"Novice

The person in the video appears to be a novice in terms of technique and movement fluency. The movements seem uncoordinated and lack fluidity, with some awkward steps and inconsistent timing. The body alignment is also not well-executed, as the posture seems off at times, particularly during the side-to-side movements. There is room for improvement in terms of technical precision, as the person struggles to maintain proper form throughout the routine. Overall, the performance suggests that the individual is still developing their skills and is not yet proficient in the activity being demonstrated.",Novice,False,"Novice

The person in the video appears to be a novice in terms of body alignment, movement fluency, and technical precision. The movements seem uncoordinated and lack fluidity, indicating that they may not have had much practice or experience with the activity being performed. Additionally, there is a noticeable lack of technical precision, as the person seems to struggle with maintaining proper form and executing the task correctly. Overall, the person's performance suggests that they are still in the early stages of learning and developing their skills in this particular activity.",Novice,False
3cffe89e-da73-4297-808a-d185d49959f1,uniandes_dance_022_48,Late Expert,"The person in the video appears to be a novice or early expert in their dance technique. Here's why:

1. **Body Alignment**: The individual seems to have some basic understanding of proper body alignment but may not yet have mastered it fully. There are moments where the posture is slightly off, and the alignment isn't as precise as it could be for someone with more experience.

2. **Movement Fluency**: The movements are generally fluid, but there are instances where the transitions between steps or gestures feel a bit stiff or awkward. This suggests that the person might still be working on refining their timing and coordination.

3. **Technical Precision**: While the person demonstrates some technical skills, such as arm movements and leg positioning, there are areas where precision could be improved. For example, the placement of feet during certain steps or the synchronization of hand movements with the body can be more consistent.

Overall, the person shows potential and has a good grasp of the fundamental aspects of the dance. With continued practice and focus on refining specific techniques, they could progress to intermediate or even late expert levels.",Late Expert,True,"Novice

The person in the video appears to be a novice in terms of body alignment, movement fluency, and technical precision. The movements seem uncoordinated and lack fluidity, indicating that they may not have had much practice or experience with the activity being performed. Additionally, there is no indication of technical proficiency, as the person does not demonstrate any advanced techniques or skills that would suggest a higher level of expertise. Overall, the person's performance suggests that they are still in the early stages of learning and developing their skills in this particular activity.",Novice,False
f1415a2f-c967-450e-bc9a-53a49abdd5e5,uniandes_dance_008_38,Late Expert,"The person in the video appears to be a novice or early expert in the activity they are performing. Here's my reasoning:

1. **Body Alignment**: The individual seems to have some basic understanding of the movements required for the activity but may not yet have achieved full body alignment. There are slight inconsistencies in posture and positioning that suggest they are still developing their form.

2. **Movement Fluency**: The movements appear somewhat stiff and not fully synchronized. There are moments where the person seems to hesitate or struggle with the transitions between different movements, indicating that they might not yet have mastered the fluidity needed for the activity.

3. **Technical Precision**: While there are recognizable attempts at executing the movements correctly, there are also instances where the technique is not precise. This could be due to a lack of practice or familiarity with the specific techniques involved.

Given these observations, it would be reasonable to classify the person as a novice or early expert. They have started learning the activity but are still in the process of refining their skills and mastering the necessary techniques.",Early Expert,False,"Novice

The person in the video appears to be a novice in terms of body alignment, movement fluency, and technical precision. The movements seem uncoordinated and lack fluidity, indicating that they may not have had much practice or experience with the activity being performed. Additionally, there is a noticeable lack of attention to detail and precision in their actions, which further suggests that they are still developing their skills. Overall, the person's performance in the video indicates that they are at a beginner level and would benefit from more training and practice to improve their technique.",Novice,False
3a327064-721f-4571-a510-29de32f82342,uniandes_dance_013_8,Early Expert,"Novice

The person in the video appears to be a novice in terms of body alignment, movement fluency, and technical precision. The movements seem uncoordinated and lack fluidity, indicating that they may not have a strong foundation in the activity being performed. Additionally, there are noticeable gaps between the movements, suggesting a lack of technical precision. Overall, the person's performance suggests that they are still in the early stages of learning and developing their skills in this particular activity.",Novice,False,"Novice

The person in the video appears to be a novice in terms of body alignment, movement fluency, and technical precision. The movements seem uncoordinated and lack fluidity, indicating that they may not have had much practice or experience with the activity being performed. Additionally, there is no indication of technical proficiency, as the person seems to be struggling with the task at hand. Overall, the person's performance suggests that they are still in the early stages of learning and developing their skills.",Novice,False
f809a447-5414-4539-8bfd-2f6baa32dc1c,uniandes_dance_021_53,Early Expert,"Novice

Reasoning:
The person appears to be in the early stages of learning the dance routine. Their movements are not fluid or precise, and there is noticeable hesitation and uncertainty in their steps. The body alignment seems off at times, with the person not maintaining proper posture throughout the sequence. The technical precision is lacking as well, with some awkward hand gestures and inconsistent footwork. Overall, the performance suggests that the individual is still developing their skills and is not yet comfortable with the choreography.",Novice,False,"Novice

The person in the video appears to be a novice in terms of body alignment, movement fluency, and technical precision. The movements seem uncoordinated and lack fluidity, indicating that they may not have had much practice or experience with the activity being performed. Additionally, there is a noticeable lack of control and precision in their actions, which further suggests that they are still developing their skills. Overall, the person's performance indicates a beginner level of expertise.",Novice,False
a20971f0-7778-436f-a3de-ffbc64d59b06,uniandes_dance_017_5,Novice,"The person in the video appears to be a novice or early expert in their dance routine. Here’s a breakdown of the observations:

1. **Body Alignment**: The dancer seems to have some basic understanding of proper posture and alignment but may not yet have mastered it fully. There are moments where the posture is slightly off, particularly when the dancer shifts weight or changes positions.

2. **Movement Fluency**: The movements are generally fluid, but there are instances where the transitions between steps feel a bit stiff or awkward. This suggests that the dancer might still be working on refining their timing and coordination.

3. **Technical Precision**: The dancer demonstrates some technical skills, such as arm movements and leg positioning, but there is room for improvement. The execution of certain steps could be more precise, indicating that they are still developing their technique.

Overall, the dancer shows potential and has a good grasp of the basics, but there is still work to be done to achieve a higher level of expertise. They appear to be at an early stage in their learning process, possibly in the novice to early expert range.",Early Expert,False,"Novice

The person in the video appears to be a novice in terms of body alignment, movement fluency, and technical precision. The movements seem uncoordinated and lack fluidity, indicating that they may not have had much practice or experience with the activity being performed. Additionally, there is a noticeable lack of technical precision, as the person seems to struggle with maintaining proper form and executing the task correctly. Overall, the person's performance suggests that they are still in the early stages of learning and developing their skills in this particular activity.",Novice,True
6eba8ef2-4d47-4d63-a864-e4dc64f8231b,uniandes_dance_021_5,Late Expert,"Novice

The person in the video appears to be a novice in terms of dance technique and movement fluency. The movements seem uncoordinated and lack fluidity, with some awkward steps and inconsistent timing. The body alignment is also not well-executed, as the posture seems stiff and rigid at times. There is room for improvement in terms of technical precision, as the person struggles to maintain proper form throughout the routine. Overall, the performance suggests that the individual is still developing their skills and is not yet proficient in the dance style being performed.",Novice,False,"Novice

The person in the video appears to be a novice in terms of body alignment, movement fluency, and technical precision. The movements seem uncoordinated and lack fluidity, indicating that they may not have had much practice or experience with the activity being performed. Additionally, there is a noticeable lack of technical precision, as the person seems to struggle with maintaining proper form and executing the task correctly. Overall, the person's performance suggests that they are still in the early stages of learning and developing their skills in this particular activity.",Novice,False
0f2b6d29-7921-402f-9a5b-59dd9a15f515,uniandes_dance_012_28,Late Expert,"Novice

The person in the video appears to be a novice in terms of body alignment, movement fluency, and technical precision. The movements seem uncoordinated and lack fluidity, indicating that they may not have had much practice or experience with the activity being performed. The body alignment is also not consistent throughout the video, which suggests that the person may still be developing their understanding of proper posture and positioning. Overall, the performance lacks the refinement and control typically associated with more advanced skill levels.",Novice,False,"Novice

The person in the video appears to be a novice in terms of body alignment, movement fluency, and technical precision. The movements seem uncoordinated and lack fluidity, indicating that they may not have had much practice or experience with the activity being performed. Additionally, there is a noticeable lack of attention to detail and precision in their actions, which further suggests that they are still developing their skills. Overall, the person's performance in the video indicates that they are at a beginner level and would benefit from more training and practice to improve their technique.",Novice,False
88f21f26-5c09-485c-9e63-a096acf58336,uniandes_dance_016_12,Early Expert,"The person in the video appears to be at an **Intermediate Expert** skill level based on the following observations:

1. **Body Alignment**: The individual demonstrates good body alignment throughout the routine. They maintain proper posture and balance, which is crucial for executing dance movements effectively.

2. **Movement Fluency**: The movements are fluid and well-coordinated. There are no abrupt or jerky actions, indicating a high level of practice and familiarity with the choreography.

3. **Technical Precision**: The person shows a high degree of technical precision in their execution. The steps and gestures are performed with accuracy, suggesting they have a solid understanding of the dance style and its specific techniques.

Overall, the performer exhibits a strong foundation in dance technique and a high level of proficiency, which aligns with that of an intermediate expert. However, there may still be room for further refinement and complexity in their performance to reach late expert status.",Late Expert,False,"Novice

The person in the video appears to be a novice in terms of body alignment, movement fluency, and technical precision. The movements seem uncoordinated and lack fluidity, indicating that they may not have had much practice or experience with the activity being performed. Additionally, there is no indication of technical proficiency, as the person seems to be struggling with the task at hand. Overall, the person's performance suggests that they are still in the early stages of learning and developing their skills.",Novice,False
3abfad56-574e-41ad-abb1-6a002c69a5c7,uniandes_dance_024_17,Early Expert,"The person in the video appears to be a novice or early expert in their dance technique. Here's why:

1. **Body Alignment**: The individual seems to lack proper body alignment and posture. Their movements appear stiff and not fluid, which suggests they may still be developing their technique.

2. **Movement Fluency**: The movements are not smooth or natural. There are noticeable pauses and hesitations between steps, indicating that the person might not have fully mastered the sequence yet.

3. **Technical Precision**: While there are some recognizable dance moves, the execution lacks precision. The timing and coordination seem off, suggesting that the person is still refining their skills.

Overall, based on these observations, the person's skill level appears to be at the novice or early expert stage. They have some basic understanding of the dance but need more practice to improve their body alignment, movement fluency, and technical precision.",Early Expert,True,"Novice

The person in the video appears to be a novice in terms of body alignment, movement fluency, and technical precision. The movements seem uncoordinated and lack fluidity, indicating that they may not have had much practice or experience with the activity being performed. Additionally, there is no indication of technical proficiency, as the person seems to be struggling with the equipment and setup. Overall, the person's performance suggests that they are still in the early stages of learning and developing their skills.",Novice,False
cbc710de-4393-470d-91bd-f6af9f09f7c4,uniandes_dance_022_7,Novice,"The person in the video appears to be a novice or early expert in their dance technique. Here's why:

1. **Body Alignment**: The individual seems to lack proper body alignment and posture. Their movements appear stiff and uncoordinated, which suggests they may not have a strong foundation in dance techniques.

2. **Movement Fluency**: The movements are not fluid or graceful. There are noticeable pauses and hesitations between steps, indicating that the person might still be developing their timing and rhythm.

3. **Technical Precision**: The person's technique lacks precision. The steps and gestures seem to be performed without much control or accuracy, suggesting that they may not have received formal training or practice in dance.

Overall, based on the observed body alignment, movement fluency, and technical precision, it can be concluded that the person is at a novice or early expert level in their dance performance. They would benefit from more practice and guidance to improve their skills.",Early Expert,False,"Novice

The person in the video appears to be a novice in terms of body alignment, movement fluency, and technical precision. The movements seem uncoordinated and lack fluidity, indicating that they may not have had much practice or experience with the activity being performed. Additionally, there is no indication of technical proficiency, as the person seems to be struggling with the task at hand. Overall, the person's performance suggests that they are still in the early stages of learning and developing their skills.",Novice,True
24437400-1478-4239-8f4d-788d88568a9e,uniandes_dance_021_23,Intermediate Expert,"Novice

The person in the video appears to be a novice in terms of dance technique and movement fluency. The movements seem uncoordinated and lack fluidity, with some awkward steps and inconsistent timing. The body alignment is also not well-executed, as the posture seems off at times, particularly during the arm movements. There is room for improvement in terms of technical precision, as the person struggles to maintain proper form throughout the routine. Overall, the performance suggests that the individual is still developing their skills and is not yet proficient in executing the dance moves with ease and grace.",Novice,False,"Novice

The person in the video appears to be a novice in terms of body alignment, movement fluency, and technical precision. The movements seem uncoordinated and lack fluidity, indicating that they may not have had much practice or experience with the activity being performed. Additionally, there is no indication of technical proficiency, as the person seems to be struggling with the equipment and setup. Overall, the person's performance suggests that they are still in the early stages of learning and developing their skills.",Novice,False
d351ce4f-6cd3-45f3-8514-77c1eb3adffa,uniandes_dance_011_16,Intermediate Expert,"Novice

The person in the video appears to be a novice in terms of body alignment, movement fluency, and technical precision. The movements seem uncoordinated and lack fluidity, indicating that they may not have had much practice or experience with the activity being performed. The posture and positioning of the body also suggest a lack of familiarity with the proper techniques required for the task at hand. Overall, the performance seems to be at a beginner level, with room for significant improvement in terms of technique and coordination.",Novice,False,"Novice

The person in the video appears to be a novice in terms of body alignment, movement fluency, and technical precision. The movements seem uncoordinated and lack fluidity, indicating that they may not have had much practice or experience with the activity being performed. Additionally, there is no indication of technical proficiency, as the person seems to be struggling with the task at hand. Overall, the person's performance suggests that they are still in the early stages of learning and developing their skills.",Novice,False
ee8eed89-5348-4a6a-8eb3-f9fc80fad1ea,uniandes_dance_019_18,Intermediate Expert,"The person in the video appears to be a novice or early expert in their dance technique. Here's why:

1. **Body Alignment**: The individual seems to have some basic understanding of proper body alignment but may not yet have mastered it fully. There are moments where the posture is slightly off, and the alignment isn't as precise as it could be for someone with more experience.

2. **Movement Fluency**: The movements are generally fluid, but there are instances where the transitions between steps or gestures feel a bit stiff or awkward. This suggests that the person might still be working on refining their timing and coordination.

3. **Technical Precision**: While the person demonstrates some technical skills, such as arm movements and leg positioning, there are areas where precision could be improved. For example, the arm movements sometimes lack smoothness, and the footwork doesn't always align perfectly with the rhythm.

Overall, the person shows potential and has a good grasp of the fundamental aspects of the dance. However, they would benefit from more practice and guidance to refine their technique further. They appear to be at an early stage of expertise, possibly intermediate, but not yet late expert.",Late Expert,False,"Novice

The person in the video appears to be a novice in terms of body alignment, movement fluency, and technical precision. The movements seem uncoordinated and lack fluidity, indicating that they may not have had much practice or experience with the activity being performed. Additionally, there is no indication of technical proficiency, as the person seems to be struggling with the equipment and setup. Overall, the person's performance suggests that they are still in the early stages of learning and developing their skills.",Novice,False
1e5e4324-4624-468a-9ec0-679f4be6da72,uniandes_dance_017_36,Early Expert,"The person in the video appears to be a novice or early expert in their dance technique. Here's why:

1. **Body Alignment**: The individual seems to lack proper body alignment and posture. Their movements appear stiff and not fluid, which suggests they may still be developing their technique.

2. **Movement Fluency**: The movements are not smooth or natural. There are noticeable pauses and hesitations between steps, indicating that the person might not have fully mastered the sequence yet.

3. **Technical Precision**: While there are some recognizable dance elements, the execution lacks precision. The timing and coordination seem off, suggesting that the person is still refining their skills.

Overall, based on these observations, the person's skill level appears to be at the novice or early expert stage. They need more practice and guidance to improve their body alignment, movement fluency, and technical precision.",Early Expert,True,"Novice

The person in the video appears to be a novice in terms of body alignment, movement fluency, and technical precision. The movements seem uncoordinated and lack fluidity, indicating that they may not have had much practice or experience with the activity being performed. Additionally, there is a noticeable lack of attention to detail in terms of technical precision, which suggests that the person may still be developing their skills in this area. Overall, the person's performance in the video indicates that they are still at an early stage of learning and would benefit from more practice and guidance to improve their technique.",Novice,False
96f28cc0-fa8c-4502-afff-092aee3a875b,uniandes_dance_012_22,Intermediate Expert,"The person in the video appears to be a novice or early expert in the activity they are performing. Their movements seem to lack fluidity and precision, indicating that they may still be developing their skills. The body alignment seems to be off at times, which could be due to a lack of familiarity with the activity or improper form. Overall, the person's technique needs improvement before they can be considered an intermediate or late expert.",Late Expert,False,"Novice

The person in the video appears to be a novice in terms of body alignment, movement fluency, and technical precision. The movements seem uncoordinated and lack fluidity, indicating that they may not have had much practice or experience with the activity being performed. Additionally, there is a noticeable lack of attention to detail and precision in their actions, which further suggests that they are still developing their skills. Overall, the person's performance in the video indicates that they are at a beginner level and would benefit from more training and practice to improve their technique.",Novice,False
a49424bb-676f-471c-8152-6a0b1b5bb6e6,uniandes_dance_012_29,Late Expert,"Novice

The person in the video appears to be a novice in terms of body alignment, movement fluency, and technical precision. The movements seem uncoordinated and lack fluidity, indicating that they may not have a strong foundation in the activity being performed. Additionally, there are noticeable pauses and hesitations in their actions, which further suggest a lack of familiarity with the task at hand. Overall, the person's performance suggests that they are still in the early stages of learning and developing their skills in this particular activity.",Novice,False,"Novice

The person in the video appears to be a novice in terms of body alignment, movement fluency, and technical precision. The movements seem uncoordinated and lack fluidity, indicating that they may not have had much practice or experience with the activity being performed. Additionally, there is a noticeable lack of technical precision, as the person seems to struggle with maintaining proper form and executing the task correctly. Overall, the person's performance suggests that they are still in the early stages of learning and developing their skills in this particular activity.",Novice,False
09d78f26-514a-43c2-a55e-d9b17d5e1a32,upenn_0706_Dance_1_7,Early Expert,"Novice

The person in the video appears to be a novice dancer based on their body alignment and movement fluency. Their movements seem uncoordinated and lack fluidity, indicating that they may not have had much practice or experience with dance. The technical precision of their movements also seems lacking, as they do not appear to be executing the steps correctly or with proper form. Overall, their performance suggests that they are still in the early stages of learning and developing their dance skills.",Novice,False,"Novice

The person in the video appears to be a novice in terms of body alignment, movement fluency, and technical precision. The movements seem uncoordinated and lack fluidity, indicating that they may not have had much practice or experience with the activity being performed. Additionally, there is a noticeable lack of technical precision, as the person's actions do not appear to be well-executed or controlled. Overall, the person's performance suggests that they are still in the early stages of learning and developing their skills in this particular activity.",Novice,False
989d5e04-bb58-4db9-9d58-9639adc4cd43,upenn_0730_Dance_1_4,Intermediate Expert,"Novice

The person in the video appears to be a novice in terms of body alignment, movement fluency, and technical precision. Here's why:

1. Body Alignment:
- The individual seems to lack proper posture and alignment throughout the video. Their stance is not consistent, and there are noticeable shifts in their weight distribution between their legs.

2. Movement Fluency:
- The movements appear to be somewhat stiff and uncoordinated. There is a lack of fluidity in their actions, which suggests that they may not have practiced or performed this activity before.

3. Technical Precision:
- The person's technique lacks precision, as evidenced by the inconsistent execution of the activity. There are moments where the movements seem rushed or imprecise, indicating a lack of familiarity with the task at hand.

Overall, the person's performance in the video suggests that they are still developing their skills and are likely at a novice level in terms of body alignment, movement fluency, and technical precision.",Novice,False,"Novice

The person in the video appears to be a novice in terms of body alignment, movement fluency, and technical precision. The movements seem uncoordinated and lack fluidity, indicating that they may not have had much practice or experience with the activity being performed. Additionally, there is no indication of technical proficiency, as the person seems to be struggling with the task at hand. Overall, the person's performance suggests that they are still in the early stages of learning and developing their skills.",Novice,False
62d2aac8-8afb-4193-830f-8d156bedf232,upenn_0720_Dance_3_13,Early Expert,"Novice

The person in the video appears to be a novice in terms of body alignment, movement fluency, and technical precision. The movements seem uncoordinated and lack fluidity, indicating that they may not have had prior experience with the activity being performed. The body alignment is also not consistent throughout the video, suggesting that the person may still be learning the proper form and posture required for the activity. Overall, the performance suggests that the individual is at an early stage of learning and would benefit from more practice and guidance to improve their technique.",Novice,False,"Novice

The person in the video appears to be a novice in terms of body alignment, movement fluency, and technical precision. The movements seem uncoordinated and lack fluidity, indicating that they may not have had much practice or experience with the activity being performed. Additionally, there is no evidence of technical proficiency, as the person seems to be struggling with the basic mechanics of the task at hand. Overall, the person's performance suggests that they are still in the early stages of learning and developing their skills.",Novice,False
f6890d9d-d0c3-43c8-9400-6cff7cc17801,uniandes_dance_007_4,Intermediate Expert,"The person in the video appears to be a novice or early expert in their activity. Here's why:

1. **Body Alignment**: The individual seems to lack proper body alignment and control. Their posture and movements appear uncoordinated, which suggests they may not have a strong foundation in the activity.

2. **Movement Fluency**: The movements are not fluid or smooth. There are noticeable pauses and hesitations, indicating that the person might still be learning the sequence or technique required for the activity.

3. **Technical Precision**: Technical precision is lacking as well. The person's actions do not demonstrate a high level of accuracy or mastery over the specific techniques involved in the activity.

Overall, based on the observed body alignment, movement fluency, and technical precision, it can be concluded that the person is at a novice or early expert level. They would benefit from more practice and guidance to improve their skills further.",Early Expert,False,"Novice

The person in the video appears to be a novice in terms of body alignment, movement fluency, and technical precision. The movements seem uncoordinated and lack fluidity, indicating that they may not have had much practice or experience with the activity being performed. Additionally, there is no evidence of technical proficiency, as the person seems to be struggling with basic aspects of the task at hand. Overall, the person's performance suggests that they are still in the early stages of learning and developing their skills.",Novice,False
f60ab291-aa57-4e41-bbbe-e9ab817f3246,uniandes_dance_012_33,Late Expert,"Novice

The person in the video appears to be a novice in terms of body alignment, movement fluency, and technical precision. The movements seem uncoordinated and lack fluidity, indicating that they may not have had much practice or experience with the activity being performed. The body alignment is also not consistent throughout the sequence, which suggests that the person might still be developing their understanding of proper posture and positioning. Overall, the performance lacks the refinement and control typically associated with more advanced skill levels.",Novice,False,"Novice

The person in the video appears to be a novice in terms of body alignment, movement fluency, and technical precision. The movements seem uncoordinated and lack fluidity, indicating that they may not have had much practice or experience with the activity being performed. Additionally, there is no indication of technical proficiency, as the person seems to be struggling with the task at hand. Overall, the person's performance suggests that they are still in the early stages of learning and developing their skills.",Novice,False
49bb4a74-17a2-4375-9073-2beb29c76137,upenn_0706_Dance_2_2,Intermediate Expert,"Novice

The person in the video appears to be a novice in terms of body alignment, movement fluency, and technical precision. The movements seem uncoordinated and lack fluidity, indicating that they may not have had much practice or experience with the activity being performed. The posture and positioning of the body also suggest a lack of familiarity with the proper techniques required for the task at hand. Overall, the performance seems to be at a beginner level, with room for significant improvement in terms of technique and coordination.",Novice,False,"Novice

The person in the video appears to be a novice in terms of body alignment, movement fluency, and technical precision. The movements seem uncoordinated and lack fluidity, indicating that they may not have had much practice or experience with the activity being performed. Additionally, there is a noticeable lack of technical precision, as the person seems to struggle with maintaining proper form and technique throughout the performance. Overall, the person's skill level appears to be at the novice stage.",Novice,False
479f94a8-acb9-4157-b6bd-4f2a2a6cf3c9,uniandes_dance_020_61,Early Expert,"Novice

Reasoning:
The dancer appears to be in the early stages of learning the routine or choreography. The movements seem somewhat disjointed and lack fluidity, indicating that they may not have fully mastered the sequence yet. There is room for improvement in terms of body alignment, as some postures appear slightly off or awkward. Technical precision is also lacking, with some steps or gestures not executed with the intended form or timing. Overall, the dancer's performance suggests they are still developing their skills and gaining confidence in executing the routine.",Novice,False,"Novice

The person in the video appears to be a novice in terms of body alignment, movement fluency, and technical precision. The movements seem uncoordinated and lack fluidity, indicating that they may not have had much practice or experience with the activity being performed. The person's posture and positioning also suggest a lack of familiarity with the proper techniques required for the task at hand. Overall, the performance does not demonstrate a high level of skill or mastery in the activity.",Novice,False
dd258fcf-873f-4fcd-b2d3-04525159b68a,uniandes_dance_022_5,Novice,"Novice

The person in the video appears to be a novice in terms of dance technique and performance. Here are some observations that support this assessment:

1. **Body Alignment**: The individual's posture and alignment seem inconsistent throughout the sequence. There are moments where the body is not properly aligned, which can affect balance and overall fluidity.

2. **Movement Fluency**: The movements appear somewhat stiff and lack smoothness. There are noticeable pauses and hesitations between actions, indicating a lack of fluency in transitioning between different steps or gestures.

3. **Technical Precision**: The execution of specific dance techniques or steps seems imprecise. There are instances where the person's feet do not land correctly, or their arms do not move in a coordinated manner with the rest of the body. This suggests a lack of technical mastery over the movements being performed.

4. **Overall Performance**: The person's performance lacks the confidence and polish typically associated with more experienced dancers. The energy and rhythm seem uneven, and there are no clear indications of a structured routine or choreography.

While the person may have some basic understanding of the dance style, they still need significant practice and refinement in various aspects of their technique to improve their skill level.",Novice,True,"Novice

The person in the video appears to be a novice in terms of body alignment, movement fluency, and technical precision. The movements seem uncoordinated and lack fluidity, indicating that they may not have had much practice or experience with the activity being performed. Additionally, there is no indication of technical proficiency, as the person seems to be struggling with the equipment and setup. Overall, the person's performance suggests that they are still in the early stages of learning and developing their skills in this particular activity.",Novice,True
603787e2-be4b-4b24-9632-34921013623f,uniandes_dance_021_17,Intermediate Expert,"Novice

The person in the video appears to be a novice in terms of body alignment, movement fluency, and technical precision. Here are some observations that support this assessment:

1. Body Alignment:
- The person's posture seems inconsistent throughout the video. At times, they appear to be leaning forward or shifting their weight awkwardly, which can indicate a lack of proper alignment.
- Their feet placement varies, sometimes appearing too wide or too narrow, which can affect balance and overall stability.

2. Movement Fluency:
- The person's movements seem somewhat stiff and uncoordinated. There are noticeable pauses and hesitations between actions, suggesting a lack of fluidity in their movements.
- The transitions between different movements appear abrupt, lacking the smoothness expected from someone with more experience.

3. Technical Precision:
- The person's technique for the specific activity being performed (which isn't clearly defined) seems to be lacking precision. There are several instances where the movements appear off-target or imprecise.
- The person's form doesn't seem to be optimized for efficiency or effectiveness, indicating a need for improvement in technical execution.

Overall, the person's performance suggests that they are still developing their skills and understanding of the activity. They may benefit from additional practice, guidance, and feedback to improve their body alignment, movement fluency, and technical precision.",Novice,False,"Novice

The person in the video appears to be a novice in terms of body alignment, movement fluency, and technical precision. The movements seem uncoordinated and lack fluidity, indicating that they may not have had much practice or experience with the activity being performed. Additionally, there is no evidence of technical proficiency, as the person seems to be struggling with the task at hand. Overall, the person's performance suggests that they are still in the early stages of learning and developing their skills.",Novice,False
fad811da-e457-4d2a-8cf4-c3a09c11a41a,uniandes_dance_019_15,Intermediate Expert,"The person in the video appears to be a novice or early expert in their dance performance. Here's why:

1. **Body Alignment**: The individual seems to lack proper body alignment and control. Their posture is not consistent throughout the routine, and there are moments where their body is not aligned with the intended movements.

2. **Movement Fluency**: The movements appear somewhat disjointed and lack fluidity. There are noticeable pauses and hesitations between actions, which suggests that the person may still be developing their timing and coordination.

3. **Technical Precision**: Technical precision is lacking as well. The person struggles with maintaining consistent form and executing the steps accurately. There are instances where the movements seem rushed or imprecise.

Overall, while the person shows some basic understanding of the dance routine, they need significant improvement in terms of body alignment, movement fluency, and technical precision to reach even intermediate levels of expertise.",Early Expert,False,"Novice

The person in the video appears to be a novice in terms of body alignment, movement fluency, and technical precision. The movements seem uncoordinated and lack fluidity, indicating that they may not have had much practice or experience with the activity being performed. Additionally, there is a noticeable lack of technical precision, as the person seems to struggle with maintaining proper form and executing the task correctly. Overall, the person's performance suggests that they are still in the early stages of learning and developing their skills in this particular activity.",Novice,False
0eadf1dd-55c6-4cd1-8b2d-5b132fcb5016,uniandes_dance_022_27,Late Expert,"The person in the video appears to be a novice or early expert in their dance performance. Here’s a breakdown of the evaluation:

1. **Body Alignment**: The dancer seems to have some basic understanding of proper body alignment but may not yet have mastered it fully. There are moments where the posture is slightly off, and the alignment isn't entirely consistent throughout the routine.

2. **Movement Fluency**: The movements are generally fluid, but there are instances where the transitions between steps could be smoother. The dancer seems to be working on refining their timing and coordination.

3. **Technical Precision**: The dancer demonstrates some technical skills, such as arm movements and leg positioning, but there is room for improvement in terms of precision. The execution of certain steps might not be perfectly aligned with the rhythm or the choreography.

Overall, the dancer shows potential and has a good grasp of the basics. With more practice and refinement, they can develop into an intermediate or late expert performer.",Late Expert,True,"Novice

The person's body alignment appears to be inconsistent and lacks proper posture throughout the video. Their movement seems uncoordinated and stiff, indicating a lack of fluency in their technique. Technical precision is also lacking as there are several instances where the person's actions appear to be performed without proper form or control. Overall, the person's skill level appears to be at the novice stage.",Novice,False
9d950899-e619-4399-867c-70871cc0d679,uniandes_dance_024_4,Novice,"Novice

The person in the video appears to be a novice in terms of body alignment, movement fluency, and technical precision. The movements seem uncoordinated and lack fluidity, indicating that they may not have had much practice or experience with the activity being performed. The body alignment is also not consistent throughout the video, which suggests that the person may still be developing their understanding of proper posture and positioning. Overall, the performance lacks the refinement and control typically associated with more advanced skill levels.",Novice,True,"Novice

The person in the video appears to be a novice in terms of body alignment, movement fluency, and technical precision. The movements seem uncoordinated and lack fluidity, indicating that they may not have had much practice or experience with the activity being performed. Additionally, there is no indication of technical proficiency, as the person seems to be struggling with the equipment and setup. Overall, the person's performance suggests that they are still in the early stages of learning and developing their skills.",Novice,True
7e4d7d4f-abfb-4e89-87e0-7f86e27ada86,uniandes_dance_008_44,Intermediate Expert,"The person in the video appears to be a novice or early expert in their dance technique. Here's why:

1. **Body Alignment**: The individual seems to lack proper body alignment and posture. Their movements appear stiff and not fluid, which suggests they may still be developing their technique.

2. **Movement Fluency**: The movements are not smooth or natural. There are noticeable pauses and hesitations, indicating that the person might be struggling with the choreography or the steps involved.

3. **Technical Precision**: The person's technique lacks precision. The steps seem rushed or imprecise, and there are moments where the movements do not align well with the rhythm or the intended choreography.

Overall, based on the observed body alignment, movement fluency, and technical precision, it can be concluded that the person is at a novice or early expert level in their dance performance. They would benefit from more practice and guidance to improve their technique and achieve greater fluency and precision.",Early Expert,False,"Novice

The person in the video appears to be a novice in terms of body alignment, movement fluency, and technical precision. The movements seem uncoordinated and lack fluidity, indicating that they may not have had much practice or experience with the activity being performed. Additionally, there is a noticeable lack of attention to detail and precision in their actions, which further suggests that they are still developing their skills. Overall, the person's performance in the video indicates that they are at a beginner level and would benefit from more training and practice to improve their technique.",Novice,False
d5d3590f-44e7-4305-b612-ff055b0e688a,uniandes_dance_024_2,Novice,"Novice

The person in the video appears to be a novice in terms of body alignment, movement fluency, and technical precision. The movements seem uncoordinated and lack fluidity, indicating that they may not have had much practice or experience with the activity being performed. The body alignment is also not consistent throughout the video, which suggests that the person may still be developing their understanding of proper posture and positioning. Overall, the performance lacks the refinement and control typically associated with more advanced skill levels.",Novice,True,"Novice

The person in the video appears to be a novice in terms of body alignment, movement fluency, and technical precision. The movements seem uncoordinated and lack fluidity, indicating that they may not have had much practice or experience with the activity being performed. Additionally, there is a noticeable lack of attention to detail and precision in their actions, which further suggests that they are still developing their skills. Overall, the person's performance in the video indicates that they are at a beginner level and would benefit from more training and practice to improve their technique.",Novice,True
cd81519b-13c1-437e-b357-8ec99ae9c757,uniandes_dance_011_33,Late Expert,"Novice

The person in the video appears to be a novice in terms of body alignment, movement fluency, and technical precision. The movements seem uncoordinated and lack fluidity, indicating that they may not have had much practice or experience with the activity being performed. The body alignment is also not consistent throughout the video, which suggests that the person may still be developing their understanding of proper posture and positioning. Overall, the performance lacks the refinement and control typically associated with more advanced skill levels.",Novice,False,"Novice

The person in the video appears to be a novice in terms of body alignment, movement fluency, and technical precision. The movements seem uncoordinated and lack fluidity, indicating that they may not have had much practice or experience with the activity being performed. Additionally, there is a noticeable lack of technical precision, as the person seems to struggle with maintaining proper form and executing the task correctly. Overall, the person's performance suggests that they are still in the early stages of learning and developing their skills in this particular activity.",Novice,False
adad25b8-0920-4181-9bd4-1f8207e85d82,uniandes_dance_019_49,Late Expert,"Novice

The person in the video appears to be a novice dancer based on several observations:

1. **Body Alignment**: The individual's posture and alignment seem inconsistent throughout the routine. There are moments where the body leans or shifts awkwardly, which suggests a lack of proper form and control.

2. **Movement Fluency**: The movements appear disjointed and not fluid. There are noticeable pauses and hesitations between steps, indicating that the person may not have a strong sense of rhythm or timing.

3. **Technical Precision**: Technical precision is lacking as well. The steps and gestures do not follow a clear pattern or sequence, and there are instances where the person seems to be improvising rather than following a choreographed routine.

Overall, the performance lacks the consistency, fluidity, and technical accuracy typically seen in more experienced dancers. This suggests that the person is still in the early stages of learning and developing their dance skills.",Novice,False,"Novice

The person in the video appears to be a novice in terms of body alignment, movement fluency, and technical precision. The movements seem uncoordinated and lack fluidity, indicating that they may not have had much practice or experience with the activity being performed. Additionally, there is a noticeable lack of control and finesse in their actions, which further suggests that they are still developing their skills. Overall, the person's performance in the video indicates that they are at a beginner level and would benefit from more training and practice to improve their technique.",Novice,False
dfb66cb4-6235-4f55-b361-934586fbcaaa,uniandes_dance_022_10,Novice,"The person in the video appears to be a novice or early expert in their dance technique. Here's why:

1. **Body Alignment**: The individual seems to lack proper body alignment and posture. Their stance is not consistent, and there are noticeable shifts in their weight distribution throughout the movements. This suggests they may still be developing their understanding of how to maintain a stable and balanced position.

2. **Movement Fluency**: The movements appear somewhat stiff and ungraceful. There is a lack of fluidity and smoothness in the transitions between different steps and gestures. This indicates that the person might not have fully mastered the coordination required for more complex dance routines.

3. **Technical Precision**: While some basic steps are recognizable, the execution lacks precision. There are instances where the person's feet do not land correctly, and their arms and hands seem to move awkwardly at times. This suggests that they are still refining their technique and learning how to execute each movement with accuracy.

Overall, based on these observations, the person's skill level appears to be at the novice or early expert stage. They have some foundational knowledge but need significant practice and guidance to improve their body alignment, movement fluency, and technical precision.",Early Expert,False,"Novice

The person in the video appears to be a novice in terms of body alignment, movement fluency, and technical precision. The movements seem uncoordinated and lack fluidity, indicating that they may not have had much practice or experience with the activity being performed. Additionally, there is no indication of technical proficiency, as the person seems to be struggling with the task at hand. Overall, the person's performance suggests that they are still in the early stages of learning and developing their skills.",Novice,True
35a3c4e1-f420-4242-bcab-4d208dc9a391,upenn_0706_Dance_2_5,Intermediate Expert,"Novice

The person in the video appears to be a novice in terms of dance technique and movement fluency. The movements seem uncoordinated and lack fluidity, with some awkward steps and inconsistent timing. The body alignment is also not well-executed, as the person seems to struggle with maintaining proper posture throughout the routine. There is room for improvement in terms of technical precision, as the person's movements do not demonstrate a high level of accuracy or control. Overall, the performance suggests that the individual is still developing their skills and is at an early stage of learning the dance.",Novice,False,"Novice

The person in the video appears to be a novice in terms of body alignment, movement fluency, and technical precision. The movements seem uncoordinated and lack fluidity, indicating that they may not have had much practice or experience with the activity being performed. Additionally, there is a noticeable lack of technical precision, as the person's actions do not appear to be well-executed or controlled. Overall, the person's performance suggests that they are still in the early stages of learning and developing their skills in this particular activity.",Novice,False
4d159481-830d-4789-b0ff-368031a98757,uniandes_dance_015_18,Late Expert,"The person in the video appears to be a novice or early expert in the activity they are performing. Their body alignment seems to be somewhat off, as their posture and positioning do not appear to be fully aligned with the desired form for the activity. Additionally, their movement fluency could be improved, as there are some awkward movements and lack of smoothness in their actions. Technical precision is also lacking, as there are several instances where the person's form is not correct, which may result in less effective performance.

Overall, the person's skill level seems to be at the novice or early expert stage, as they are still developing their technique and refining their movements. With more practice and guidance, they can improve their body alignment, movement fluency, and technical precision, leading to better performance in the future.",Early Expert,False,"Novice

The person in the video appears to be a novice in terms of body alignment, movement fluency, and technical precision. The movements seem uncoordinated and lack fluidity, indicating that they may not have had much practice or experience with the activity being performed. Additionally, there is a noticeable lack of attention to detail and precision in their actions, which further suggests that they are still developing their skills. Overall, the person's performance in the video indicates that they are at a beginner level and would benefit from more training and practice to improve their technique.",Novice,False
28c3553f-3212-43ee-a050-7ea2d49fdf0e,uniandes_dance_017_58,Novice,"The person in the video appears to be at an **Intermediate Expert** skill level based on the following observations:

1. **Body Alignment**: The individual demonstrates good body alignment throughout the routine. They maintain proper posture and balance, which is crucial for executing dance movements effectively.

2. **Movement Fluency**: The movements appear fluid and well-coordinated. There are no abrupt or jerky actions, indicating a high level of practice and familiarity with the choreography.

3. **Technical Precision**: The person executes various steps and turns with precision. The timing and placement of each step seem accurate, suggesting a strong understanding of the technical aspects of the dance.

Overall, the combination of good body alignment, fluent movements, and precise technique points towards an intermediate level of expertise. However, there may still be room for further refinement and improvement in some areas to reach late expert status.",Late Expert,False,"Novice

The person in the video appears to be a novice in terms of body alignment, movement fluency, and technical precision. The movements seem uncoordinated and lack fluidity, indicating that they may not have had much practice or experience with the activity being performed. Additionally, there is a noticeable lack of attention to detail in terms of technical precision, which suggests that the person may still be developing their skills in this area. Overall, the person's performance indicates that they are still in the early stages of learning and improving their technique.",Novice,True
02d13286-0b54-46e8-8461-9c056627a97d,upenn_0720_Dance_3_3,Early Expert,"The person in the video appears to be a novice or early expert in the activity they are performing. Here's my reasoning:

1. **Body Alignment**: The individual seems to have some basic understanding of proper body alignment but may not yet have mastered it. For instance, during certain movements, the posture appears slightly off, which could indicate a lack of familiarity with the correct form.

2. **Movement Fluency**: The movements appear somewhat stiff and not very fluid. This suggests that the person might still be in the early stages of learning the activity, as fluency typically develops with more practice and refinement.

3. **Technical Precision**: There are noticeable imprecisions in the execution of the movements. For example, the timing and coordination between different parts of the body seem to be developing, but there are moments where the actions are not perfectly synchronized.

Given these observations, I would classify the person's skill level as a novice or early expert. They demonstrate some foundational knowledge and ability but require further practice and refinement to achieve greater technical precision and fluency.",Early Expert,True,"Novice

The person in the video appears to be a novice in terms of body alignment, movement fluency, and technical precision. The movements seem uncoordinated and lack fluidity, indicating that they may not have had much practice or experience with the activity being performed. Additionally, there is a noticeable lack of technical precision, as the person seems to struggle with maintaining proper form and executing the task at hand accurately. Overall, the individual's performance suggests that they are still in the early stages of learning and developing their skills in this particular activity.",Novice,False
e5488136-6259-4050-bc34-4717cc15dd1a,uniandes_dance_020_11,Early Expert,"The person in the video appears to be a novice or early expert in the activity they are performing. Here's my reasoning:

1. **Body Alignment**: The individual seems to have some basic understanding of body alignment but may not be fully optimized for the specific activity. There are moments where the posture is slightly off, and the movements could be more fluid.

2. **Movement Fluency**: The movements are generally smooth, but there are instances where the transitions between actions feel a bit stiff or awkward. This suggests that the person might still be developing their muscle memory and coordination.

3. **Technical Precision**: While the person demonstrates some technical skills, there are areas where precision can be improved. For example, the arm movements and leg positioning during certain exercises could be more precise, indicating that the person is still refining their technique.

Overall, the person shows potential and has a good grasp of the basics, but there is room for improvement in terms of fluency and precision. They appear to be at an early stage of learning and could benefit from more practice and guidance to enhance their skills further.",Early Expert,True,"Novice

The person in the video appears to be a novice in terms of body alignment, movement fluency, and technical precision. The movements seem uncoordinated and lack fluidity, indicating that they may not have had much practice or experience with the activity being performed. Additionally, there is no evidence of technical proficiency, as the person seems to be struggling with the basic mechanics of the task at hand. Overall, the person's performance suggests that they are still in the early stages of learning and developing their skills.",Novice,False
824f472b-db42-4d38-99ed-2750bc14817e,upenn_0629_Dance_3_4,Early Expert,"Novice

The person in the video appears to be a novice in terms of body alignment, movement fluency, and technical precision. Here are some observations that support this assessment:

1. Body Alignment:
- The individual seems to lack proper posture and alignment throughout the video. Their stance is not consistent, and there are instances where they appear to be leaning or shifting their weight awkwardly.

2. Movement Fluency:
- The movements performed by the person seem disjointed and uncoordinated. There is a lack of fluidity in their actions, which suggests that they may not have developed a natural rhythm or flow in their movements.

3. Technical Precision:
- The person's technique appears to be lacking in terms of precision. They do not seem to have a clear understanding of the specific movements required for the task at hand, resulting in imprecise execution.

Overall, based on the observed body alignment, movement fluency, and technical precision, it can be concluded that the person's skill level is novice. They would benefit from further practice and guidance to improve their technique and overall performance.",Novice,False,"Novice

The person in the video appears to be a novice in terms of body alignment, movement fluency, and technical precision. The movements seem uncoordinated and lack fluidity, indicating that they may not have had much practice or experience with the activity being performed. Additionally, there is a noticeable lack of technical precision, as the person seems to struggle with maintaining proper form and technique throughout the performance. Overall, the person's skill level appears to be at the novice stage, requiring more practice and guidance to improve their technique.",Novice,False
215abe5f-a97f-4ee6-87bd-d261e75f1701,uniandes_dance_022_6,Novice,"The person in the video appears to be a novice or early expert in their dance technique. Here's why:

1. **Body Alignment**: The individual seems to lack proper body alignment and posture. Their movements appear stiff and uncoordinated, which suggests they may not have a strong foundation in dance techniques.

2. **Movement Fluency**: The movements are not fluid or graceful. There are noticeable pauses and hesitations between steps, indicating that the person might still be developing their timing and rhythm.

3. **Technical Precision**: Technical precision is lacking as well. The person's footwork and arm movements do not seem precise or controlled, which could be due to a lack of practice or understanding of the specific dance style being performed.

Overall, based on these observations, the person's skill level appears to be at the novice or early expert stage. They would benefit from more practice and instruction to improve their body alignment, movement fluency, and technical precision.",Early Expert,False,"Novice

The person in the video appears to be a novice in terms of body alignment, movement fluency, and technical precision. The movements seem uncoordinated and lack fluidity, indicating that they may not have had much practice or experience with the activity being performed. Additionally, there is no indication of technical proficiency, as the person seems to be struggling with the task at hand. Overall, the person's performance suggests that they are still in the early stages of learning and developing their skills.",Novice,True
657b877d-3cdb-4798-a9bf-101ab82cc95b,uniandes_dance_020_18,Novice,"Novice

Reasoning:
The individual appears to be in the early stages of learning or practicing the activity. The movements seem somewhat uncoordinated and lack fluidity, indicating a lack of familiarity with the technique. The body alignment is not consistent, and there are moments where the posture seems off, which suggests that the person may still be developing proper form. Overall, the performance lacks the technical precision and fluency typically associated with more advanced practitioners.",Novice,True,"Novice

The person in the video appears to be a novice in terms of body alignment, movement fluency, and technical precision. The movements seem uncoordinated and lack fluidity, indicating that they may not have had much practice or experience with the activity being performed. Additionally, there is a noticeable lack of technical precision, as the person seems to struggle with maintaining proper form and executing the task correctly. Overall, the person's performance suggests that they are still in the early stages of learning and developing their skills in this particular activity.",Novice,True
3a2303bf-8d6f-4211-8c25-4430cd051e2d,uniandes_dance_012_14,Intermediate Expert,"Novice

The person in the video appears to be a novice in terms of body alignment, movement fluency, and technical precision. The movements seem uncoordinated and lack fluidity, indicating that they may not have had much practice or experience with the activity being performed. The posture and positioning of the body also suggest a lack of familiarity with the proper techniques required for the task at hand. Overall, the performance seems to be at a beginner level, with room for significant improvement in terms of technique and coordination.",Novice,False,"Novice

The person in the video appears to be a novice in terms of body alignment, movement fluency, and technical precision. The movements seem uncoordinated and lack fluidity, indicating that they may not have had much practice or experience with the activity being performed. Additionally, there is a noticeable lack of attention to detail in terms of technical precision, which suggests that they may still be developing their skills in this area. Overall, the person's performance in the video indicates that they are still at an early stage of learning and would benefit from more practice and guidance to improve their technique.",Novice,False
590c85d3-71c1-4896-9899-a843ccaa6ef2,uniandes_dance_023_56,Early Expert,"The person in the video appears to be a novice or early expert in their dance performance. Here’s a breakdown of the evaluation:

1. **Body Alignment**: The individual seems to have some basic understanding of body alignment but may not be fully consistent. There are moments where the posture is slightly off, and the alignment isn't perfect throughout the routine.

2. **Movement Fluency**: The movements are generally fluid, but there are instances where the transitions between steps could be smoother. The person seems to be working on refining their timing and coordination.

3. **Technical Precision**: The technical execution shows room for improvement. While there are some well-executed moves, there are also areas where precision is lacking. The person might benefit from more practice to refine their technique further.

Overall, the person demonstrates a promising start with a good grasp of the basics but needs more practice to achieve intermediate or late expert levels. They show potential and are likely at the novice or early expert stage based on the observed performance.",Late Expert,False,"Novice

The person in the video appears to be a novice in terms of body alignment, movement fluency, and technical precision. The movements seem uncoordinated and lack fluidity, indicating that they may not have had much practice or experience with the activity being performed. Additionally, there is a noticeable lack of control and precision in their actions, which further suggests that they are still developing their skills. Overall, the person's performance in the video indicates that they are at a beginner level and would benefit from more training and practice to improve their technique.",Novice,False
