clip_id,take_folder,ground_truth,exo_nframes,exo_answer,exo_predicted,exo_correct,ego_nframes,ego_answer,ego_predicted,ego_correct
b40e861f-60a7-4b55-8757-41a6af4e62e8,upenn_0730_Dance_1_7,Intermediate Expert,206,"1. Movement quality: The person demonstrates moderate control and fluidity in their movements, though not exceptionally smooth. Their motions are generally efficient for the activity, with clear intentionality in their steps and arm movements, suggesting they are familiar with the task. However, there are moments where movements appear slightly rushed or less refined, indicating room for improvement in precision and rhythm.

2. Technique: The individual employs basic techniques appropriate for the activity, such as maintaining a central position and using arm movements in coordination with their steps. They appear to be following a structured pattern, likely guided by the device they are holding. While their technique is functional, it lacks the finesse and consistency seen in more advanced practitioners, suggesting they are still developing their form.

3. Confidence and control: The person displays a moderate level of confidence, as evidenced by their steady posture and consistent engagement with the activity. There are occasional hesitations, particularly when transitioning between movements or adjusting their stance, which indicates they are not yet fully comfortable or confident in their execution. Their body positioning is generally stable, but not always optimal, suggesting they are still learning to maintain balance and alignment.

4. Final verdict: Intermediate Expert",Intermediate Expert,True,206,"1. Movement quality: The person demonstrates controlled and fluid movement, transitioning smoothly between different areas of the room. Their steps are deliberate and efficient, indicating a clear understanding of spatial navigation. The movement appears purposeful, with no unnecessary motions, suggesting a high level of comfort and familiarity with the environment.

2. Technique: The individual employs proper technique for navigating a large, open space. They maintain a balanced posture and use their arms and legs in coordination to move efficiently. The use of hand gestures and body positioning suggests they are aware of their surroundings and are likely engaging in a task that requires spatial awareness and coordination.

3. Confidence and control: The person exhibits high confidence and stability throughout the activity. There are no visible hesitations or awkward movements, and their body positioning remains consistent and controlled. This indicates a strong sense of self-assurance and mastery over the physical demands of the task.

4. Final verdict: Late Expert",Late Expert,False
4e468597-ba96-40c7-977b-7736a4a3bd73,uniandes_dance_017_3,Novice,69,"1. Movement quality: The dancer exhibits moderate control and fluidity, with movements that are generally smooth but occasionally show slight stiffness or hesitation, particularly during transitions. The efficiency of movement is decent, with clear intention in each step and turn, though not always perfectly executed. There are moments where the flow is interrupted by minor adjustments or pauses.

2. Technique: The dancer uses basic dance techniques, including arm movements, turns, and footwork, but the execution lacks precision and consistency. The use of space is somewhat limited, and the dancer often returns to a central position rather than exploring the full area. The technique is not yet refined, with visible effort in some movements and a lack of seamless integration of elements.

3. Confidence and control: The dancer displays moderate confidence, often standing still or pausing to adjust posture or direction. There are moments of hesitation, especially when transitioning between movements or when initiating new sequences. Body positioning is generally stable, but the dancer occasionally leans or shifts weight in ways that suggest uncertainty or a need for balance.

4. Final verdict: Intermediate Expert",Intermediate Expert,False,69,"1. Movement quality: The person demonstrates moderate control and fluidity in their movements, transitioning between sitting, standing, and walking with a sense of purpose. However, some movements appear slightly uncoordinated or rushed, particularly when moving around the space or interacting with equipment, indicating a lack of refined efficiency.

2. Technique: The person uses basic techniques appropriate for navigating a studio environment, such as sitting on a chair, standing near equipment, and gesturing toward the camera. They occasionally interact with objects like a phone or tripod, but their actions are not consistently precise or methodical, suggesting they are not yet fully comfortable with the technical aspects of the activity.

3. Confidence and control: The person shows varying levels of confidence. They appear comfortable in some moments, such as when seated and smiling, but also exhibit hesitation or uncertainty during transitions or when moving around the space. Their body positioning is generally stable, but there are moments of slight instability, particularly when moving quickly or reaching out.

4. Final verdict: Novice",Novice,True
7d810b75-87a9-4b95-86d0-c970ae6d03a5,uniandes_dance_023_26,Late Expert,58,"1. Movement quality: The dancer exhibits good control and fluidity in her movements. She transitions smoothly between poses and steps, maintaining a consistent rhythm. Her movements are efficient, with minimal wasted motion, suggesting she is comfortable with the choreography and the space.

2. Technique: The dancer uses proper technique for dance, including balanced posture, controlled arm movements, and deliberate footwork. She utilizes the entire space effectively, demonstrating awareness of her positioning relative to the backdrop and the camera. Her use of arm gestures and body isolations indicates a strong understanding of dance form.

3. Confidence and control: The dancer displays high confidence and stability throughout the sequence. She maintains a poised stance and executes movements with precision, showing no hesitation or instability. Her body positioning is consistent and intentional, indicating a high level of comfort and mastery.

4. Final verdict: Late Expert",Late Expert,True,58,"1. Movement quality: The person's movements are generally fluid and controlled, with smooth transitions between different positions and gestures. They move efficiently through the space, often using their hand to point or gesture toward specific areas, indicating purposeful navigation. There is minimal wasted motion, and their movements appear deliberate and well-coordinated.

2. Technique: The person demonstrates technique appropriate for guiding or directing attention in a studio or performance space. They use hand gestures to indicate locations or objects, such as pointing at the backdrop or curtains, which suggests they are familiar with the environment and are likely communicating or directing others. Their use of the camera’s fisheye lens is also handled with awareness, as they adjust their position to capture different angles.

3. Confidence and control: The person displays a high level of confidence and control throughout the sequence. They maintain steady body positioning, often standing or moving with purpose. There is little hesitation in their movements, and they appear comfortable in the space, even when making quick gestures or turning to face different areas. Their gestures are clear and intentional, indicating a strong sense of spatial awareness and control.

4. Final verdict: Intermediate Expert",Intermediate Expert,False
6da46fdf-32e1-4f44-a903-ab609f0d750c,uniandes_dance_008_51,Intermediate Expert,55,"1. Movement quality: The person demonstrates moderate control and fluidity in their movements, transitioning between poses and steps with a degree of grace. However, some movements appear slightly stiff or mechanical, indicating a lack of complete natural flow. The efficiency of movement is decent, with clear intention in each step, but there are moments where the transitions could be smoother.

2. Technique: The person employs basic dance techniques, including arm movements, turns, and footwork, which are executed with a foundational understanding. They maintain a relatively upright posture and use their arms expressively, suggesting an awareness of stage presence. However, the technique lacks refinement, with some movements appearing unpolished or inconsistent in execution.

3. Confidence and control: The person displays a moderate level of confidence, maintaining a steady posture and engaging with the space. There are occasional moments of hesitation, particularly during transitions or when adjusting their stance. Their body positioning is generally stable, but not always optimal, indicating a developing sense of spatial awareness and balance.

4. Final verdict: Intermediate Expert",Intermediate Expert,True,55,"1. Movement quality: The person's movements are generally fluid and controlled, with smooth transitions between positions and actions. They move efficiently across the space, often using deliberate gestures and positioning themselves strategically. There is a clear sense of purpose in their motion, indicating a good understanding of spatial awareness and movement dynamics.

2. Technique: The person demonstrates a solid grasp of the technical aspects of the activity. They utilize the space effectively, positioning themselves relative to the equipment and backdrop. Their use of gestures and body positioning suggests they are familiar with the setup and are applying techniques that are appropriate for the context, such as pointing or gesturing towards specific areas.

3. Confidence and control: The person exhibits high confidence and stability throughout the activity. They maintain a steady posture and show no signs of hesitation or uncertainty. Their body positioning is deliberate and controlled, indicating a strong sense of self-assurance and mastery over their movements.

4. Final verdict: Late Expert",Late Expert,False
92ee422b-2245-4efa-b300-0c5dc2744043,uniandes_dance_022_3,Novice,68,"1. Movement quality: The person demonstrates moderate control and fluidity in their movements, transitioning between poses and steps with a degree of grace. However, the movements are not consistently smooth or efficient, showing some pauses and slight awkwardness in transitions, indicating a developing level of coordination.

2. Technique: The individual employs basic dance or movement techniques, such as arm extensions, turns, and weight shifts. While the movements are recognizable as intentional and purposeful, they lack the precision, timing, and refined execution typical of more advanced practitioners. The use of space and body alignment is generally appropriate but not consistently optimal.

3. Confidence and control: The person appears to be moderately confident, maintaining a steady posture and engaging with the space. There are moments of hesitation, particularly during transitions and when initiating new movements, suggesting they are still building confidence. Their body positioning is mostly stable, but not always perfectly aligned or balanced, indicating a need for further refinement.

4. Final verdict: Intermediate Expert",Intermediate Expert,False,68,"1. Movement quality: The person's movements are generally smooth and controlled, with deliberate pacing. They navigate the space efficiently, often moving with purpose and maintaining a steady rhythm. There is minimal wasted motion, indicating a good sense of spatial awareness and coordination.

2. Technique: The person demonstrates appropriate technique for the activity, which appears to involve setting up or interacting with equipment (like tripods or lighting). They handle the equipment with care, adjust positions methodically, and maintain a consistent posture. Their movements suggest familiarity with the tools and environment.

3. Confidence and control: The person exhibits high confidence and stability. They move with assurance, rarely hesitating, and maintain a balanced body position throughout. Their interactions with the environment and equipment are precise, indicating comfort and control in the setting.

4. Final verdict: Late Expert",Late Expert,False
6cce39fb-95c0-44b3-bddd-b20cd271f6b6,upenn_0629_Dance_3_6,Early Expert,134,"1. Movement quality: The person demonstrates controlled and fluid movements, executing a variety of dance steps with apparent efficiency. Their transitions between movements are smooth, and they maintain a consistent rhythm, indicating a high level of coordination and physical command over the activity.

2. Technique: The individual employs specific dance techniques, including arm gestures, footwork, and body isolations that are characteristic of a choreographed routine. They utilize space effectively, moving across the floor with intention and precision, suggesting a strong understanding of spatial awareness and timing.

3. Confidence and control: The person exhibits high confidence and stability throughout the activity. They maintain balanced body positioning, rarely showing hesitation, and their movements are deliberate and expressive. Their posture remains upright and engaged, indicating comfort and mastery in the environment.

4. Final verdict: Late Expert",Late Expert,False,134,"1. Movement quality: The person demonstrates controlled and deliberate movements, often pausing to assess their surroundings or adjust equipment. Their movements are generally fluid, especially when transitioning between tasks, but occasionally show slight hesitations, particularly when interacting with unfamiliar equipment or adjusting camera settings. The efficiency of movement is moderate; while they navigate the space effectively, there are moments where they seem to be reorienting or checking their position, indicating a learning curve.

2. Technique: The person employs basic techniques appropriate for setting up or adjusting equipment, such as using tripods, handling cables, and positioning cameras. They appear to understand the purpose of the equipment but sometimes struggle with fine-tuning or optimal placement, suggesting they are still developing proficiency. Their technique is functional but not yet refined or highly efficient.

3. Confidence and control: The person displays a moderate level of confidence, often standing upright and maintaining a stable posture while working. However, there are moments of hesitation, particularly when handling complex equipment or making adjustments, which suggests they are not yet fully comfortable or confident in their abilities. Their body positioning is generally appropriate for the task, but they occasionally shift or adjust their stance, indicating a need for more stability and assurance.

4. Final verdict: Novice",Novice,False
ed917883-c69b-4f94-83bd-1c7f583b4331,uniandes_dance_015_22,Late Expert,63,"1. Movement quality: The person demonstrates controlled and fluid movements, transitioning smoothly between different dance steps and poses. The motion appears efficient, with minimal wasted movement, suggesting a good understanding of spatial awareness and rhythm.

2. Technique: The individual employs specific dance techniques, including arm extensions, turns, and dynamic footwork. The use of body alignment and posture is consistent, indicating a solid grasp of the choreography and movement patterns required for this activity.

3. Confidence and control: The person maintains a steady and confident posture throughout the sequence, with no visible hesitation or instability. Body positioning is precise, and movements are executed with clear intention, reflecting a high level of comfort and mastery in the activity.

4. Final verdict: Late Expert",Late Expert,True,63,"1. Movement quality: The person demonstrates controlled and deliberate movements, often pausing to adjust their position or gesture. Movements are generally fluid, especially when transitioning between different areas of the room, but occasionally show slight hesitations or abrupt shifts, particularly when interacting with the camera or adjusting their posture. The efficiency of movement is moderate; while they navigate the space purposefully, there are moments of redundancy or unnecessary motion, such as repeated hand gestures or repositioning.

2. Technique: The person employs basic techniques appropriate for a filming or photography setup, such as positioning themselves relative to the camera, adjusting lighting, and gesturing toward specific areas. They use the tripod and camera equipment with a degree of familiarity, but their interactions are not always precise or optimized. There is an evident effort to frame shots or direct attention, but the technique lacks refinement and consistency.

3. Confidence and control: The person displays a moderate level of confidence, often maintaining a steady posture and making deliberate gestures. However, there are moments of hesitation, particularly when adjusting the camera or moving between positions. Their body positioning is generally stable, but occasionally shifts abruptly, suggesting a lack of full control or comfort with the environment. The person appears to be adapting to the space rather than commanding it.

4. Final verdict: Intermediate Expert",Intermediate Expert,False
8aa071f1-fcea-4bf4-9a0a-e885a32da656,uniandes_dance_016_43,Novice,66,"1. Movement quality: The dancer exhibits moderate control and fluidity, with movements that are generally smooth but occasionally show slight stiffness or hesitation. The transitions between poses and steps are not always seamless, indicating room for improvement in efficiency and flow. The dancer’s footwork is mostly accurate but lacks the precision and grace typical of higher skill levels.

2. Technique: The dancer demonstrates basic technique appropriate for the activity, including fundamental dance steps and arm movements. However, the execution lacks refinement, with some movements appearing rushed or unpolished. The dancer does not consistently utilize the full range of motion or spatial awareness expected of an advanced performer.

3. Confidence and control: The dancer shows moderate confidence, maintaining a steady posture for most of the routine. There are moments of hesitation, particularly when transitioning between movements or adjusting positioning. The dancer’s body positioning is generally stable, but there are instances where balance is slightly compromised, suggesting a need for greater core strength and spatial awareness.

4. Final verdict: Intermediate Expert",Intermediate Expert,False,66,"1. Movement quality: The person demonstrates controlled and deliberate movements, transitioning smoothly between standing, sitting, and gesturing. Their movements are efficient, with clear purpose in each action, such as adjusting equipment or interacting with others. There is no visible clumsiness or wasted motion.

2. Technique: The person uses appropriate technique for the context, which appears to be a photo or video shoot. They handle equipment (like a phone or camera) with care, position themselves thoughtfully for shots, and interact with others in a coordinated manner. Their gestures are purposeful, suggesting an understanding of how to direct or communicate within a production environment.

3. Confidence and control: The person displays high confidence and stability. They maintain steady body positioning, whether standing or sitting, and their gestures are deliberate and controlled. There is no hesitation or uncertainty in their actions, indicating comfort and familiarity with the environment and the task.

4. Final verdict: Intermediate Expert",Intermediate Expert,False
71e8d768-1bd4-4f21-91bd-da53bfe29279,uniandes_dance_022_11,Novice,76,"1. Movement quality: The person demonstrates moderate control and fluidity in their movements. They transition between poses and steps with a degree of smoothness, though not with the precision or grace of a highly skilled performer. Movements are generally efficient for the context, but there are moments of slight awkwardness or hesitation, particularly when changing direction or initiating new movements.

2. Technique: The person employs basic techniques appropriate for a dance or movement session, such as stepping, arm extensions, and body turns. They use their arms expressively and maintain a relatively upright posture. However, their technique lacks refinement; movements are not consistently synchronized or executed with the precision and intentionality expected of an advanced practitioner.

3. Confidence and control: The person appears confident in their ability to perform, maintaining a steady stance and engaging with the space. They exhibit good body positioning, often standing with feet shoulder-width apart or in balanced poses. There is minimal hesitation, and they seem comfortable in the environment, suggesting a level of familiarity with the activity.

4. Final verdict: Intermediate Expert",Intermediate Expert,False,76,"1. Movement quality: The person's movements appear somewhat uncoordinated and hesitant, especially when navigating the space. There are frequent pauses and shifts in direction, indicating a lack of smooth, fluid motion. The transitions between different areas of the room are not efficient, suggesting the person is still learning to move purposefully within the environment.

2. Technique: The person is using basic techniques for navigating a space with obstacles, such as black curtains and tripods. However, their technique is not refined; they often stop to look around or adjust their position, rather than moving with a clear plan. The use of hand gestures to point or interact with the environment suggests they are still orienting themselves.

3. Confidence and control: The person shows signs of hesitation and uncertainty, particularly when moving toward or away from the black curtains and tripods. Their body positioning is often unstable, with frequent shifts in stance and posture. They appear to be carefully observing their surroundings, indicating a lack of confidence in their spatial awareness and control.

4. Final verdict: Novice",Novice,True
88ec5df5-24f4-48d4-8452-ad4c12103a0a,uniandes_dance_013_7,Early Expert,71,"1. Movement quality: The person demonstrates controlled and fluid movements, transitioning smoothly between poses and steps. Their motion appears efficient, with minimal wasted movement, suggesting a good understanding of spatial awareness and timing.

2. Technique: The individual employs specific dance techniques, including dynamic arm movements, precise footwork, and expressive body positioning. They utilize the space effectively, incorporating turns and leaps with apparent intention and rhythm, indicating a strong grasp of choreographic structure.

3. Confidence and control: The person maintains steady posture and balance throughout the sequence, showing confidence in their execution. There are no noticeable hesitations or instability, and their body positioning is intentional and expressive, enhancing the overall performance.

4. Verdict: Early Expert",Early Expert,True,71,"1. Movement quality: The person's movements appear somewhat uncoordinated and hesitant. There is a noticeable lack of fluidity, with abrupt changes in direction and posture. Movements are not efficient, often involving unnecessary shifts in position or repeated gestures. The person frequently looks down or at their hands, suggesting a lack of spatial awareness or confidence in their movements.

2. Technique: The person does not demonstrate any specific or refined technique. Movements are not purposeful or directed toward a clear goal. There is no evidence of practiced or controlled motions, and the person seems to be experimenting or reacting rather than executing a planned sequence. The use of space and body positioning is inconsistent.

3. Confidence and control: The person frequently hesitates, often pausing or looking down before moving. Their body positioning is unstable, with frequent shifts in stance and posture. There is a clear lack of confidence, as evidenced by the frequent hand gestures and the tendency to look at their hands or the floor rather than maintaining a steady gaze forward.

4. Final verdict: Novice",Novice,False
b8afa573-2f0f-4b77-b4b3-5fbb7197dd1f,uniandes_dance_008_11,Late Expert,55,"1. Movement quality: The person demonstrates moderate control and fluidity in their movements, transitioning between poses and steps with a degree of grace. However, some movements appear slightly rushed or less refined, indicating room for improvement in efficiency and precision. The transitions are generally smooth but occasionally lack the polish of a more advanced practitioner.

2. Technique: The individual employs basic dance or movement techniques, including arm gestures, turns, and leg lifts. While the movements are recognizable as part of a choreographed routine, they are not executed with the precision or complexity typical of an advanced level. The use of space and timing is adequate but not consistently sophisticated.

3. Confidence and control: The person appears confident overall, maintaining a steady posture and executing movements with purpose. There are minimal hesitations, and body positioning is generally stable, though occasionally the movements seem slightly tentative or less grounded than they could be. The dancer maintains a consistent center of gravity and demonstrates good spatial awareness.

4. Final verdict: Intermediate Expert",Intermediate Expert,False,55,"1. Movement quality: The person's movements are generally controlled and deliberate, with smooth transitions between positions and gestures. There is a clear intention in their motion, and they appear to be navigating the space efficiently, often moving with purpose rather than random motion. Some frames show slight blurring, indicating quick movements, but these are not erratic or uncontrolled.

2. Technique: The person demonstrates specific techniques related to motion capture or performance recording, such as positioning their hands in front of the camera, making deliberate gestures, and occasionally adjusting their posture or equipment. They are also seen interacting with the environment, such as moving around the room or adjusting their position relative to the black curtains and markers, which suggests an understanding of the setup.

3. Confidence and control: The person appears confident and in control throughout the sequence. They maintain steady body positioning, often standing or moving with purpose. There is minimal hesitation, and their movements are consistent with someone who is familiar with the environment and the activity. The occasional hand gestures and adjustments are made with precision, indicating comfort and familiarity.

4. Final verdict: Intermediate Expert",Intermediate Expert,False
50e6c59b-737e-447c-984c-fde5cd3e5e80,uniandes_dance_023_51,Early Expert,62,"1. Movement quality: The person demonstrates moderate control and fluidity in their movements, transitioning between poses and steps with a degree of grace. However, the movements are not consistently smooth or efficient; there are moments of slight stiffness or awkwardness, particularly during transitions and when adjusting posture. The overall motion appears deliberate but not yet refined.

2. Technique: The individual employs basic dance or performance techniques, including arm gestures, body turns, and footwork. They use their arms expressively and maintain a relatively upright posture, suggesting an understanding of stage presence. However, the technique lacks precision and consistency, with some movements appearing improvised or unpolished.

3. Confidence and control: The person displays a moderate level of confidence, standing tall and engaging with the space. There are occasional moments of hesitation, especially when adjusting their headgear or changing direction. Their body positioning is generally stable, but not always optimal, indicating they are still developing spatial awareness and balance.

4. Final verdict: Intermediate Expert",Intermediate Expert,False,62,"1. Movement quality: The person's movements are generally smooth and controlled, with transitions between positions appearing deliberate and purposeful. There is a clear sense of spatial awareness as they navigate the room, adjusting their position relative to the camera and other equipment. The occasional hand gestures and pointing are executed with precision, indicating a good understanding of the environment.

2. Technique: The person demonstrates a solid grasp of the technical aspects of the activity, likely involving camera operation or filming. They are seen interacting with tripods and adjusting their position relative to the camera setup, suggesting they are familiar with the equipment and the filming process. The use of hand gestures to indicate or direct attention to specific areas of the room shows an understanding of communication and framing.

3. Confidence and control: The person appears confident and in control throughout the sequence. There are no visible hesitations or awkward movements, and their body positioning is stable and purposeful. They maintain a steady posture while interacting with the environment, indicating comfort and familiarity with the setting.

4. Final verdict: Intermediate Expert",Intermediate Expert,False
7c8dc8cc-c863-4082-a011-ba385306537a,uniandes_dance_024_3,Novice,66,"1. Movement quality: The person demonstrates moderate control and fluidity in their movements, executing a series of dance steps with a consistent rhythm. The transitions between steps are generally smooth, though not always perfectly seamless, indicating a developing sense of flow. The efficiency of movement is decent, with minimal wasted motion, suggesting an understanding of spatial awareness and timing.

2. Technique: The individual employs basic dance techniques, including arm gestures, footwork, and body isolations. They maintain a relatively upright posture and use their arms to complement their steps, which is appropriate for the style being performed. While the technique is not highly refined, it is clearly intentional and follows a recognizable pattern, indicating foundational training.

3. Confidence and control: The person appears confident in their performance, maintaining steady body positioning and executing movements with a consistent level of control. There are occasional minor hesitations, particularly when transitioning between more complex steps, but these are infrequent and do not disrupt the overall flow. Their stance is generally stable, and they appear comfortable in the space.

4. Final verdict: Intermediate Expert",Intermediate Expert,False,66,"1. Movement quality: The person's movements are generally smooth and controlled, with a clear sense of purpose as they navigate the space. They move efficiently between different areas, often turning and adjusting their position with minimal wasted motion. The transitions between looking at different parts of the room and moving around are fluid, indicating a good understanding of spatial awareness.

2. Technique: The person demonstrates appropriate technique for navigating a studio environment. They use their hands to gesture and point, which suggests they are communicating or directing attention to specific areas. Their use of the camera and tripod setup indicates familiarity with filming or photography equipment. The way they position themselves relative to the backdrop and lighting suggests they are aware of the technical requirements of the space.

3. Confidence and control: The person appears confident and in control throughout the sequence. They maintain a steady posture and move with assurance, even when making quick adjustments or turning around. There is minimal hesitation, and their body positioning is stable, indicating comfort and familiarity with the environment.

4. Final verdict: Intermediate Expert",Intermediate Expert,False
c198cb21-159d-4a1f-b395-976f44c24166,uniandes_dance_017_4,Novice,66,"1. Movement quality: The dancer exhibits good control and fluidity in her movements, transitioning smoothly between poses and steps. Her motions are generally efficient, with clear intention in each gesture and step, suggesting a practiced understanding of choreography. There is minimal wasted motion, and her transitions are well-timed.

2. Technique: She employs specific dance techniques such as arm extensions, turns, and dynamic poses that are characteristic of contemporary or expressive dance. Her use of space is intentional, and she utilizes the full range of motion in her limbs. She also incorporates head and torso movements that enhance the expressiveness of her performance.

3. Confidence and control: The dancer displays high confidence throughout the sequence. She maintains stable body positioning, even during complex movements, and shows no hesitation or uncertainty. Her posture is strong and grounded, and she appears fully engaged and in command of her performance.

4. Final verdict: Late Expert",Late Expert,False,66,"1. Movement quality: The person exhibits a range of movements, from walking and turning to gesturing and sitting. The movements are generally controlled and purposeful, though some frames show slight blurring or jerky motions, suggesting either a fast pace or a less stable camera setup. The transitions between positions are mostly smooth, indicating a good sense of spatial awareness.

2. Technique: The person appears to be engaging with the environment in a way that suggests they are familiar with the setup, such as pointing at or interacting with the black curtains and the camera equipment. The use of hand gestures and pointing indicates an understanding of how to direct attention or communicate within the space. The person also seems to be aware of the camera’s position and is occasionally adjusting or interacting with it.

3. Confidence and control: The person demonstrates a high level of confidence, often making deliberate gestures and movements without hesitation. Their body positioning is generally stable, and they appear comfortable in the environment, even when moving around or interacting with the equipment. There are no visible signs of uncertainty or instability in their posture or actions.

4. Final verdict: Intermediate Expert",Intermediate Expert,False
be44efc7-77ac-43ff-906b-3d49387ce118,uniandes_dance_022_17,Late Expert,64,"1. Movement quality: The dancer exhibits a high degree of control, fluidity, and efficiency. Her transitions between poses and steps are smooth, with minimal wasted motion. She maintains consistent momentum and spatial awareness, moving with purpose and precision across the floor.

2. Technique: The dancer employs specific techniques appropriate for dance, including dynamic arm movements, controlled turns, and expressive body isolations. She utilizes the entire body effectively, with clear articulation in her limbs and torso, demonstrating an understanding of rhythm and timing.

3. Confidence and control: The dancer displays strong confidence and stability throughout the performance. She maintains poised body positioning, with balanced posture and grounded stance. There are no noticeable hesitations or loss of control, indicating a high level of comfort and mastery in her environment.

4. Final verdict: Late Expert",Late Expert,True,64,"1. Movement quality: The person's movements are somewhat erratic and uncoordinated, with frequent blurring and abrupt shifts in direction. This suggests a lack of smooth, controlled motion, indicating either inexperience or a lack of focus. The transitions between different areas of the room are not fluid, and the person appears to be moving with a sense of urgency or confusion rather than purposeful efficiency.

2. Technique: The person is not employing any specific or refined techniques. The movements are spontaneous and appear to be driven by instinct rather than deliberate strategy. There is no evidence of practiced or methodical actions, such as precise gestures or controlled pacing, which are typically associated with skilled performers in this context.

3. Confidence and control: The person frequently appears hesitant and unstable, often moving quickly or erratically, which suggests a lack of confidence. The body positioning is inconsistent, with frequent changes in posture and orientation, indicating a lack of stability. The person’s gestures, such as pointing or waving, are not executed with precision or intention, further highlighting a lack of control.

4. Final verdict: Novice",Novice,False
dc26e79e-f38f-4711-a212-6a7de087d8ac,uniandes_dance_017_6,Novice,65,"1. Movement quality: The dancer exhibits moderate control and fluidity, with movements that are generally smooth but occasionally show slight stiffness or hesitation. The transitions between poses and steps are not always seamless, indicating room for improvement in efficiency and flow. The dancer’s footwork is mostly accurate, but some movements appear slightly rushed or unpolished.

2. Technique: The dancer demonstrates basic technique appropriate for the activity, including use of arm movements, body isolations, and directional changes. However, the execution lacks precision and consistency, with some poses appearing rushed or incomplete. The dancer does not consistently maintain proper alignment or posture, and some movements are performed with less than optimal form.

3. Confidence and control: The dancer shows moderate confidence, often maintaining a steady gaze and engaging with the space. There are moments of hesitation, particularly when transitioning between movements or adjusting posture. The dancer’s body positioning is generally stable, but there are instances of slight imbalance or awkwardness, suggesting a need for greater control and poise.

4. Final verdict: Intermediate Expert",Intermediate Expert,False,65,"1. Movement quality: The person's movements appear somewhat uncoordinated and hesitant, with frequent pauses and shifts in direction. There is noticeable blurring in several frames, indicating rushed or awkward motions rather than smooth, controlled transitions. The person often seems to be adjusting their position or orientation, suggesting a lack of spatial awareness or efficiency in movement.

2. Technique: The person is not employing any specific or refined techniques for the activity. Their actions are inconsistent and appear improvised, such as reaching out or gesturing without clear purpose. There is no evidence of practiced or deliberate movement patterns, and the use of space is not optimized.

3. Confidence and control: The person frequently appears uncertain, with frequent hand movements and body shifts that suggest a lack of confidence. There are moments where the person seems to be adjusting the camera or their position, indicating a lack of stability. The person’s body positioning is often off-balance or awkward, further indicating a lack of control.

4. Final verdict: Novice",Novice,True
1f5b9ba5-a7c0-496d-b164-444251f45d25,uniandes_dance_002_3,Late Expert,59,"1. Movement quality: The person demonstrates controlled and fluid movements, transitioning smoothly between poses and steps. Their motion appears efficient, with minimal wasted movement, suggesting a good understanding of spatial awareness and timing.

2. Technique: The individual employs specific dance techniques, including precise footwork, arm gestures, and body isolations. They maintain proper posture and alignment, indicating a solid grasp of the technical aspects of the dance form.

3. Confidence and control: The person exhibits high confidence, moving with assurance and stability. There is no visible hesitation or instability in their body positioning, and they maintain consistent control throughout the sequence.

4. Final verdict: Intermediate Expert",Intermediate Expert,False,59,"1. Movement quality: The person's movements are somewhat jerky and uncoordinated, especially evident in the blurred frames where they appear to be moving quickly or adjusting the camera. The transitions between positions are not smooth, indicating a lack of fluidity. The efficiency of movement is low, as they seem to be moving around the space without a clear, purposeful path, often resulting in disorienting or chaotic camera angles.

2. Technique: The person is using a fisheye lens, which inherently distorts the image, but their technique is not refined. They are not consistently maintaining a stable position or framing, and their movements often result in shaky or blurred images. The use of the camera is not purposeful or controlled, suggesting a lack of technical understanding of how to operate the equipment effectively for the task at hand.

3. Confidence and control: The person appears hesitant and unsure, frequently moving around the space without clear direction. Their body positioning is unstable, often shifting or adjusting mid-movement, which contributes to the lack of control. The frequent appearance of blurred frames and erratic camera angles suggests a lack of confidence in their ability to manage the camera and their environment.

4. Verdict: Novice",Novice,False
be64949d-750d-4272-a561-a6c7c2d5a6b9,uniandes_dance_002_13,Early Expert,66,"1. Movement quality: The person demonstrates moderate control and fluidity in their movements, transitioning between poses and steps with a degree of grace. However, the movements are not consistently smooth or efficient, showing some stiffness and slight awkwardness in transitions, particularly when changing direction or adjusting posture. The overall motion appears somewhat tentative and not fully refined.

2. Technique: The person employs basic techniques appropriate for dance or movement practice, including arm gestures, body turns, and step patterns. However, the execution lacks precision and consistency. Movements are not fully synchronized or executed with the technical finesse expected of a more advanced practitioner. The use of space and timing appears somewhat improvised rather than choreographed.

3. Confidence and control: The person displays a moderate level of confidence, maintaining a steady stance and engaging with the activity. There are moments of hesitation, particularly when initiating or changing movements, and body positioning occasionally appears unstable or unbalanced. The person seems aware of their surroundings and the camera, but their movements are not consistently grounded or controlled.

4. Final verdict: Novice",Novice,False,66,"1. Movement quality: The person's movements are somewhat erratic and unrefined, with frequent shifts in perspective and occasional blurring due to rapid motion. The transitions between positions are not smooth, indicating a lack of fluidity. Movements appear to be exploratory rather than purposeful, suggesting limited efficiency in navigating the space.

2. Technique: The person is using a fisheye lens, which inherently distorts the field of view, but their technique is not optimized for this setup. They do not consistently maintain a stable frame or utilize the lens’s capabilities effectively. The frequent hand movements and abrupt turns suggest a lack of technical finesse in controlling the camera or their own positioning.

3. Confidence and control: The person exhibits hesitation and instability, often moving quickly and unpredictably. Their body positioning is inconsistent, with frequent hand gestures and movements that suggest uncertainty. There is no clear sense of control or confidence in their actions, as evidenced by the frequent blurring and erratic camera angles.

4. Final verdict: Novice",Novice,False
0c162693-cd79-4d37-9dd9-d1a6a5c653a3,uniandes_dance_020_28,Novice,65,"1. Movement quality: The person demonstrates moderate control and fluidity in their movements, transitioning between poses and steps with a degree of grace. However, some movements appear slightly stiff or mechanical, indicating a lack of complete natural flow. The efficiency of movement is decent, with purposeful transitions, but not yet refined to a high degree.

2. Technique: The individual employs basic techniques appropriate for dance or movement practice, including arm gestures, footwork, and body orientation. They use the space effectively, moving across the floor and interacting with the environment (e.g., stepping on markers). However, the execution lacks precision and consistency, suggesting they are still developing their technical mastery.

3. Confidence and control: The person displays a moderate level of confidence, maintaining a steady posture and engaging with the activity. There are occasional hesitations, particularly when transitioning between movements or adjusting their stance. Their body positioning is generally stable, but not always optimal, indicating they are still building muscle memory and spatial awareness.

4. Final verdict: Intermediate Expert",Intermediate Expert,False,65,"1. Movement quality: The person's movements appear somewhat uncoordinated and hesitant, with frequent pauses and shifts in direction. There is a lack of smooth, fluid motion, and the transitions between positions are not efficient, suggesting a lack of practiced movement patterns. The person often appears to be adjusting their position or orientation, indicating a struggle to maintain a consistent flow.

2. Technique: The person is not employing any specific or refined techniques for the activity. Their actions are inconsistent and appear improvised, with no clear method or strategy. The use of equipment or space seems haphazard, and there is no evidence of technical skill or understanding of the activity's requirements.

3. Confidence and control: The person frequently exhibits hesitation and uncertainty, often pausing or looking around before making a move. Their body positioning is unstable, with frequent shifts in stance and posture. There is a lack of confidence in their movements, as evidenced by the frequent adjustments and lack of a clear, steady posture.

4. Final verdict: Novice",Novice,True
94b7d4d2-0ddc-47d2-a88e-71193c2315cc,upenn_0629_Dance_2_2,Early Expert,151,"1. Movement quality: The person demonstrates controlled and deliberate movements, moving around the space with purpose. Their steps are generally fluid and efficient, indicating a good understanding of spatial awareness and movement patterns. They appear to be executing movements with intention, suggesting a level of comfort and familiarity with the activity.

2. Technique: The individual is using a handheld device, likely a motion capture or interactive gaming controller, which suggests they are engaging in a technology-driven activity. Their technique involves precise hand and body movements, indicating they are likely following specific gestures or commands required by the activity. The use of the device in conjunction with their body movements suggests a learned and practiced technique.

3. Confidence and control: The person maintains a steady posture and appears confident in their movements. There is minimal hesitation, and their body positioning is stable, indicating they are in control of their actions. They seem to be fully engaged and focused on the task, which reflects a high level of confidence.

4. Final verdict: Intermediate Expert",Intermediate Expert,False,151,"1. Movement quality: The person demonstrates controlled and deliberate movements, often pausing to adjust equipment or position themselves. Their movements are generally fluid and efficient, especially when transitioning between tasks or repositioning within the space. They move with purpose, indicating familiarity with the environment and the tasks at hand.

2. Technique: The person employs proper technique for handling and adjusting equipment, such as cameras and lighting rigs. They use their hands and body effectively to manipulate devices, ensuring stability and correct positioning. Their use of the space is intentional, suggesting an understanding of the technical requirements of the activity.

3. Confidence and control: The person exhibits high confidence and stability throughout the activity. They maintain a steady posture and show no hesitation in performing tasks. Their body positioning is appropriate for the tasks, indicating comfort and control in the environment.

4. Final verdict: Early Expert",Early Expert,True
8aef970a-22d8-4f21-94de-9737be02abd1,uniandes_dance_016_46,Novice,61,"1. Movement quality: The dancer exhibits moderate control and fluidity, with movements that are generally smooth but occasionally show slight stiffness or hesitation. The transitions between steps are not always seamless, indicating a developing sense of rhythm and flow. The efficiency of movement is average, as some motions appear slightly redundant or not fully optimized for the space.

2. Technique: The dancer demonstrates basic technique appropriate for the activity, including fundamental steps and arm movements. However, the execution lacks precision and consistency, with some gestures appearing rushed or incomplete. The use of space is somewhat limited, and the dancer does not fully utilize the available area for dynamic movement.

3. Confidence and control: The dancer shows moderate confidence, often maintaining a steady posture and engaging with the camera or audience. There are moments of hesitation, particularly when transitioning between movements or adjusting posture. Stability is generally good, but the dancer occasionally shifts weight unevenly or loses balance slightly during more complex sequences.

4. Final verdict: Intermediate Expert",Intermediate Expert,False,61,"1. Movement quality: The person's movements are generally fluid and purposeful, suggesting a good sense of spatial awareness and control. They move efficiently through the space, transitioning between different areas of the studio with minimal wasted motion. The use of the fisheye lens adds distortion, but the person's movements remain coherent and directed.

2. Technique: The person demonstrates appropriate technique for navigating a studio environment. They use their hands to gesture and point, indicating they are likely communicating or directing attention to specific areas. Their body positioning is stable and balanced, suggesting they are comfortable in the space and aware of their surroundings. The use of a tripod and camera equipment implies they are familiar with the tools of the trade.

3. Confidence and control: The person appears confident and in control throughout the sequence. There are no visible hesitations or awkward movements. Their body positioning is stable, and they maintain a steady posture while moving and gesturing. This suggests a high level of comfort and familiarity with the environment and the activity.

4. Final verdict: Intermediate Expert",Intermediate Expert,False
4db61f0f-e35b-4ad8-bc3a-8d4a02094c19,uniandes_dance_019_7,Intermediate Expert,60,"1. Movement quality: The dancer exhibits moderate control and fluidity, with movements that are generally smooth but occasionally show slight stiffness or hesitation, particularly during transitions. The efficiency of movement is decent, with clear intention in each step and gesture, though not always perfectly synchronized or streamlined.

2. Technique: The dancer demonstrates basic technique appropriate for the style, including use of arm movements, footwork, and body posture. However, the execution lacks precision and refinement, with some movements appearing rushed or slightly off-balance. The use of space and timing is inconsistent, indicating room for improvement in technical mastery.

3. Confidence and control: The dancer displays a moderate level of confidence, maintaining a steady posture for most of the sequence. There are moments of hesitation, especially when transitioning between movements or adjusting positioning. Stability is generally good, but the dancer occasionally shifts weight unevenly or appears to be adjusting balance, suggesting a need for greater body control.

4. Final verdict: Intermediate Expert",Intermediate Expert,True,60,"1. Movement quality: The person's movements are generally smooth and deliberate, indicating a good level of control. They navigate the space with purpose, adjusting their position and orientation to capture different angles. The transitions between different areas of the room are fluid, suggesting familiarity with the environment.

2. Technique: The person demonstrates appropriate technique for filming or documenting a scene. They use a tripod effectively, positioning it to capture the desired shots. Their use of hand gestures to point or indicate areas suggests they are communicating or directing, which is a common technique in filming or photography. The consistent use of the tripod and careful positioning of the camera indicate a methodical approach.

3. Confidence and control: The person appears confident and in control throughout the activity. They move with assurance, making deliberate gestures and adjustments without hesitation. Their body positioning is stable, and they maintain a steady focus on the task at hand, indicating a high level of comfort and competence in the environment.

4. Final verdict: Intermediate Expert",Intermediate Expert,True
a79d5151-c4f8-4b6e-9084-c563b317c4e8,uniandes_dance_021_29,Intermediate Expert,67,"1. Movement quality: The person demonstrates moderate control and fluidity in their dance movements. Their transitions between poses and steps are generally smooth, though not exceptionally refined. The efficiency of movement is decent, with clear intention in each gesture, but there are moments where the flow could be more seamless, indicating room for improvement in timing and spatial awareness.

2. Technique: The dancer employs basic dance techniques such as arm extensions, turns, and footwork appropriate for a dance studio setting. She uses her arms expressively and maintains a relatively consistent posture. However, her technique lacks the precision and consistency expected of an advanced dancer, with some movements appearing slightly rushed or unpolished.

3. Confidence and control: The person displays a good level of confidence, maintaining a steady posture and engaging with the space confidently. There are minimal hesitations, and her body positioning is generally stable, even during dynamic movements. She appears comfortable in the environment, suggesting she is familiar with the activity and has practiced it before.

4. Final verdict: Intermediate Expert",Intermediate Expert,True,67,"1. Movement quality: The person's movements are generally fluid and controlled, with smooth transitions between different areas of the room. They move with purpose, often walking or turning deliberately, and their motion is efficient, suggesting they are familiar with the space. There are occasional moments of slight blurring or quick turns, but these are not disruptive to the overall flow.

2. Technique: The person demonstrates technique appropriate for navigating a space with specific equipment. They use their hands to gesture or point, indicating awareness of their surroundings and possibly directing attention or communicating. Their body positioning is often stable, and they appear to be aware of the camera's perspective, adjusting their movements accordingly. The use of hand gestures and pointing suggests they are comfortable with the activity and are likely engaging with others or the environment.

3. Confidence and control: The person displays a high level of confidence and control. They move with assurance, rarely hesitating, and maintain a stable posture even when moving quickly. Their body positioning is consistent, and they appear to be in control of their movements, even during rapid turns or when interacting with the environment. This suggests they are experienced and comfortable in this setting.

4. Final verdict: Intermediate Expert",Intermediate Expert,True
0d1c01f6-74c9-45b4-8ccd-8c64eb39a2f5,uniandes_dance_008_50,Intermediate Expert,52,"1. Movement quality: The person demonstrates controlled and fluid movements, transitioning smoothly between poses and steps. The motions appear efficient, with minimal wasted movement, suggesting a good understanding of spatial awareness and timing.

2. Technique: The individual employs specific dance techniques, including arm extensions, turns, and dynamic footwork. The use of body alignment and posture indicates a grasp of foundational dance principles, such as maintaining balance and using the core for movement.

3. Confidence and control: The person exhibits high confidence, executing movements with precision and stability. There is little to no hesitation, and body positioning remains strong and intentional throughout the sequence, indicating comfort and mastery in the environment.

4. Final verdict: Late Expert",Late Expert,False,52,"1. Movement quality: The person's movements appear somewhat uncoordinated and hesitant, with frequent pauses and shifts in posture. There is a lack of smooth, fluid transitions between actions, and movements often seem rushed or awkward, especially when transitioning between standing and sitting positions. The overall efficiency of movement is low, with unnecessary motions and a lack of purposeful direction.

2. Technique: The person does not demonstrate any specific or refined technique for the activity. Movements are not executed with precision or consistency, and there is no evidence of practiced or deliberate motion patterns. The use of space and body positioning appears random and unstructured, indicating a lack of technical understanding or training.

3. Confidence and control: The person frequently exhibits hesitation and uncertainty, often pausing or looking around before making a move. Body positioning is unstable, with frequent shifts in weight and posture. There is a clear lack of confidence in executing movements smoothly or with control, as evidenced by the frequent adjustments and lack of steady stance.

4. Final verdict: Novice",Novice,False
53d819a4-f540-44ed-8dcd-2260112fc54c,uniandes_dance_021_19,Intermediate Expert,73,"1. Movement quality: The person demonstrates moderate control and fluidity in their movements, transitioning between poses and steps with a degree of grace. However, some movements appear slightly stiff or mechanical, indicating a lack of complete natural flow. The efficiency of movement is average; while the person covers space and executes sequences, there are moments where movements seem to be more about form than fluid execution.

2. Technique: The person employs basic dance or movement techniques, including arm gestures, footwork, and body posture. They use spatial awareness by moving around the marked floor, but the technique lacks refinement. Movements are not consistently synchronized or precisely executed, suggesting they are still developing their technical mastery.

3. Confidence and control: The person shows moderate confidence, often maintaining a steady posture and engaging with the space. There are occasional hesitations, particularly when transitioning between movements or adjusting their stance. Stability is generally good, but not consistently perfect, with some slight wobbles or adjustments to maintain balance.

4. Final verdict: Intermediate Expert",Intermediate Expert,True,73,"1. Movement quality: The person's movements are generally smooth and controlled, with a clear sense of purpose as they navigate the space. They move efficiently between different areas, often transitioning quickly and deliberately, suggesting familiarity with the environment. There is minimal wasted motion, and their steps are purposeful, indicating a good understanding of spatial awareness.

2. Technique: The person demonstrates appropriate technique for navigating a studio or performance space. They use their hands to gesture and point, which suggests they are communicating or directing, possibly as part of a rehearsal or setup. Their body positioning is often balanced and centered, and they maintain awareness of their surroundings, indicating a practiced approach to movement in this context.

3. Confidence and control: The person appears confident and in control throughout the sequence. They move with assurance, rarely hesitating, and maintain a stable posture even when gesturing or shifting positions. Their body language suggests comfort and familiarity with the space and the activity, indicating a high level of self-assurance.

4. Final verdict: Intermediate Expert",Intermediate Expert,True
fdaecdd1-2ef5-44d6-bc6c-26ff4a21c3d6,uniandes_dance_008_13,Late Expert,55,"1. Movement quality: The person demonstrates moderate control and fluidity in their movements, transitioning between poses and steps with a degree of grace. However, some movements appear slightly stiff or mechanical, indicating a lack of complete natural flow. The efficiency of movement is decent but not optimal, with occasional pauses or adjustments that suggest the performer is still refining their motion patterns.

2. Technique: The individual employs basic dance techniques, including arm movements, turns, and footwork, but the execution lacks precision and consistency. There are moments where the technique appears improvised or not fully developed, such as when the arms are not always aligned with the body’s motion or when footwork is not consistently clean. The use of space and timing is developing but not yet refined.

3. Confidence and control: The person displays a moderate level of confidence, maintaining a steady posture and continuing through the sequence without significant hesitation. However, there are moments of slight instability, particularly during turns or when transitioning between movements, which suggests they are still building their balance and control. Body positioning is generally appropriate for the activity, but not always optimal, indicating room for improvement in alignment and posture.

4. Final verdict: Intermediate Expert",Intermediate Expert,False,55,"1. Movement quality: The person's movements are generally smooth and controlled, with deliberate pacing as they navigate the space. There are occasional moments of motion blur, likely due to quick turns or adjustments, but these are not frequent or disruptive. The transitions between different areas of the room are efficient, suggesting familiarity with the environment.

2. Technique: The person demonstrates appropriate technique for setting up or operating a camera rig, as evidenced by their interaction with tripods and the camera. They appear to be adjusting equipment and positioning themselves for optimal framing or shooting angles. Their use of hand gestures and body positioning suggests they are actively communicating or directing, which is common in filming or photography setups.

3. Confidence and control: The person exhibits a high level of confidence, moving with purpose and maintaining stability even when adjusting equipment or changing positions. There is minimal hesitation, and their body positioning is consistent with someone who is comfortable and experienced in this environment. The occasional motion blur is more indicative of dynamic movement rather than lack of control.

4. Final verdict: Intermediate Expert",Intermediate Expert,False
27b3c35b-8799-4294-b4ff-dc33f52e0220,uniandes_dance_024_8,Novice,61,"1. Movement quality: The person demonstrates moderate control and fluidity in their movements, transitioning between poses and steps with a degree of grace. However, some movements appear slightly stiff or mechanical, indicating a lack of complete natural flow. The efficiency of movement is average, with some unnecessary shifts in weight or positioning that suggest the dancer is still refining their motion economy.

2. Technique: The individual employs basic dance techniques, including arm gestures, footwork, and body posture appropriate for the style being performed. They maintain a relatively consistent stance and use their arms expressively, though the execution lacks the precision and synchronization typical of more advanced practitioners. The use of space and timing is developing but not yet refined.

3. Confidence and control: The person displays a moderate level of confidence, often maintaining a steady posture and engaging with the space. There are moments of hesitation, particularly when transitioning between movements or adjusting their stance. Their body positioning is generally stable, but occasionally they appear to be compensating for lack of balance or control, especially during more complex steps.

4. Final verdict: Intermediate Expert",Intermediate Expert,False,61,"1. Movement quality: The person's movement is characterized by frequent, abrupt shifts in perspective, often resulting in blurred or disorienting frames. This suggests a lack of smooth, controlled motion, with many transitions appearing rushed or accidental rather than intentional. The movement is not fluid or efficient, as the camera often jerks or spins, indicating a lack of spatial awareness or deliberate navigation.

2. Technique: The person appears to be using a fisheye lens, which inherently distorts perspective, but their technique is not refined. They frequently point at or gesture toward the environment, suggesting an attempt to interact with or highlight specific elements, but these gestures are often imprecise and lack purpose. The camera is not consistently stabilized, and the person seems to be moving without a clear plan or strategy for framing or composition.

3. Confidence and control: The person exhibits a lack of confidence and stability. There are frequent moments where the camera is pointed directly at the viewer’s hand or body, indicating self-consciousness or uncertainty. The movements are often erratic, and the person seems to be adjusting their position or orientation without clear intent, suggesting a lack of control over their environment or the camera.

4. Final verdict: Novice",Novice,True
9235aa5a-d273-4932-be5f-b74ac82f5bcc,uniandes_dance_007_7,Intermediate Expert,53,"1. Movement quality: The person demonstrates moderate control and fluidity in their movements, transitioning between poses with a degree of grace. However, some movements appear slightly stiff or mechanical, indicating a lack of complete natural flow. The efficiency of movement is average, with no clear signs of wasted motion, but the transitions between poses are not seamless.

2. Technique: The person uses basic dance or movement techniques, such as arm extensions, turns, and footwork, but the execution lacks precision and consistency. The movements are not highly refined, and there are moments where the technique appears improvised or unpolished. The use of space and timing is adequate but not advanced.

3. Confidence and control: The person shows moderate confidence, maintaining a steady posture and executing movements with a sense of purpose. There are occasional moments of hesitation, particularly when transitioning between poses or adjusting their stance. Body positioning is generally stable, but there are slight shifts in balance during more dynamic movements.

4. Final verdict: Intermediate Expert",Intermediate Expert,True,53,"1. Movement quality: The person's movements are generally smooth and controlled, with a clear sense of purpose. They navigate the space efficiently, moving between different positions and angles with ease. There is minimal wasted motion, indicating a good understanding of spatial awareness and movement economy.

2. Technique: The person demonstrates appropriate technique for the activity, which appears to involve setting up or interacting with equipment in a studio or performance space. They handle objects with care, position themselves deliberately, and adjust their stance and posture to maintain balance and focus. The use of a tripod and interaction with markers on the backdrop suggest a methodical approach to the task.

3. Confidence and control: The person exhibits high confidence and stability throughout the activity. They maintain a steady posture and show no signs of hesitation or uncertainty. Their body positioning is deliberate and controlled, indicating a strong sense of self-assurance and mastery over their environment.

4. Final verdict: Late Expert",Late Expert,False
97fff617-93c7-4d83-a13e-1ff5ab6fc79d,uniandes_dance_021_12,Late Expert,64,"1. Movement quality: The person demonstrates moderate control and fluidity in their movements, transitioning between poses and steps with a reasonable degree of grace. However, some movements appear slightly stiff or mechanical, indicating a lack of complete natural flow. The efficiency of movement is average; while they cover space and execute sequences, there are moments where movements seem to be performed with conscious effort rather than effortless execution.

2. Technique: The person employs basic techniques appropriate for dance or movement-based activities, such as arm extensions, turns, and step patterns. They maintain a generally upright posture and use their arms to complement their steps. However, the technique is not refined or advanced; some movements lack precision, and there are occasional missteps or awkward transitions that suggest a developing skill set rather than mastery.

3. Confidence and control: The person displays a moderate level of confidence, moving through the space with purpose and generally maintaining stability. There are moments of hesitation, particularly when transitioning between movements or adjusting posture, which indicates they are still building confidence. Their body positioning is mostly correct, but not consistently optimal, with occasional slight shifts in balance or alignment.

4. Final verdict: Intermediate Expert",Intermediate Expert,False,64,"1. Movement quality: The person's movements are characterized by frequent, abrupt shifts in direction and perspective, often resulting in blurred or disorienting frames. There is a lack of smooth, controlled transitions, suggesting either a lack of experience or intentional erratic motion. The movement appears inefficient, with many frames showing the person turning or moving quickly without clear purpose or flow.

2. Technique: The person is not employing any discernible technique specific to the activity. The frames show no evidence of deliberate positioning, coordination, or methodical execution. The use of the camera or any equipment appears haphazard, with frequent changes in angle and focus that suggest a lack of technical understanding or planning.

3. Confidence and control: The person frequently appears hesitant, as evidenced by the frequent changes in direction and the blurred motion in many frames. There is little evidence of stable body positioning or confident control over the environment. The person seems to be exploring or reacting to surroundings rather than executing a planned sequence.

4. Final verdict: Novice",Novice,False
6af8d123-939a-410a-9d29-72687bd4dac5,uniandes_dance_013_15,Late Expert,66,"1. Movement quality: The person demonstrates moderate control and fluidity in their movements, transitioning between poses and steps with a degree of grace. However, there are moments where the motion appears slightly stiff or mechanical, suggesting a lack of complete natural flow. The efficiency of movement is decent but not optimal, as some movements seem to be executed with a focus on form over fluidity, and there are occasional pauses or hesitations.

2. Technique: The person employs basic techniques appropriate for the activity, such as maintaining a centered stance and using arm movements to complement body motion. However, the technique is not refined; there are visible inconsistencies in posture and alignment, and the movements lack the precision and synchronization typically seen in more advanced practitioners. The use of space and timing is somewhat uneven.

3. Confidence and control: The person displays a moderate level of confidence, maintaining a steady posture for the most part. There are moments of hesitation, particularly when transitioning between movements or adjusting stance. Body positioning is generally stable, but not consistently aligned or balanced, indicating a developing sense of control rather than mastery.

4. Final verdict: Intermediate Expert",Intermediate Expert,False,66,"1. Movement quality: The person's movements are generally smooth and deliberate, indicating a good level of control. They navigate the space with purpose, transitioning between different areas of the room without abrupt or inefficient motions. The use of hand gestures appears intentional and coordinated with their movement, suggesting a practiced approach to spatial awareness and interaction.

2. Technique: The person demonstrates an understanding of the environment, using hand gestures to indicate or interact with elements in the space, such as pointing or reaching toward the curtains or equipment. Their movement patterns suggest they are familiar with the layout and purpose of the room, possibly indicating a role in setting up or managing a filming or photography session. The use of gestures and spatial navigation implies a technique suited for directing or coordinating activities.

3. Confidence and control: The person maintains a steady and confident posture throughout the sequence. There is minimal hesitation in their movements, and their body positioning remains stable and purposeful. They appear comfortable and in control of their environment, suggesting a high level of confidence in their actions and surroundings.

4. Final verdict: Intermediate Expert",Intermediate Expert,False
8fdcfd22-239e-44b9-90a7-f29588cb7d82,uniandes_dance_012_24,Intermediate Expert,58,"1. Movement quality: The person demonstrates controlled and fluid movements, transitioning smoothly between steps, turns, and arm gestures. The motion appears efficient, with minimal wasted movement, suggesting a good understanding of spatial awareness and rhythm.

2. Technique: The individual employs specific dance techniques, including precise footwork, dynamic arm movements, and controlled body isolations. The use of the space is intentional, with movements that suggest an understanding of choreographic structure and timing.

3. Confidence and control: The person maintains steady posture and balance throughout the sequence, with minimal hesitation. Body positioning is consistent and purposeful, indicating confidence in executing the movements with precision and control.

4. Verdict: Intermediate Expert",Intermediate Expert,True,58,"1. Movement quality: The person's movements appear deliberate and controlled, with smooth transitions between different camera angles and positions. They move efficiently through the space, adjusting the camera and interacting with the environment without unnecessary motion or hesitation.

2. Technique: The person demonstrates a clear understanding of camera operation and positioning. They use the tripod effectively, adjust the camera angle, and interact with the environment (e.g., pointing at the black curtains) in a way that suggests they are familiar with the setup and purpose of the space. The use of a fisheye lens and the ability to capture wide-angle shots indicate technical awareness.

3. Confidence and control: The person maintains a steady and confident posture throughout the video. There is no visible hesitation or instability in their movements. They appear comfortable and in control of the camera and their surroundings, suggesting a high level of familiarity with the activity.

4. Final verdict: Late Expert",Late Expert,False
5286fd37-f72e-42c5-bb9e-e09811887981,uniandes_dance_020_27,Novice,65,"1. Movement quality: The person demonstrates moderate control and fluidity in their movements, transitioning between poses and steps with a degree of grace. However, some movements appear slightly stiff or mechanical, indicating a lack of complete natural flow. The efficiency of movement is average, with some unnecessary shifts in weight or positioning that suggest the person is still refining their motion patterns.

2. Technique: The individual employs basic techniques appropriate for dance or movement practice, such as arm extensions, turns, and footwork. They use the space effectively, moving across the floor and interacting with the environment (e.g., gesturing toward the backdrop). However, the execution lacks precision and consistency, with some movements appearing rushed or incomplete, indicating a developing technique rather than mastery.

3. Confidence and control: The person displays a moderate level of confidence, maintaining a steady posture and engaging with the space. There are moments of hesitation, particularly when transitioning between movements or adjusting their stance. Body positioning is generally stable, but occasionally shifts slightly, suggesting a need for improved balance and spatial awareness.

4. Final verdict: Intermediate Expert",Intermediate Expert,False,65,"1. Movement quality: The person's movements are generally smooth and purposeful, indicating a good level of control. They navigate the space efficiently, moving between different areas and adjusting their position with ease. There is minimal wasted motion, suggesting they are familiar with the environment and the task at hand.

2. Technique: The person demonstrates appropriate technique for the activity, which appears to involve setting up or managing equipment in a studio or performance space. They handle the camera and tripod with care, adjust their position relative to the equipment, and interact with others in a coordinated manner. Their movements are deliberate and show an understanding of spatial relationships and equipment placement.

3. Confidence and control: The person displays a high level of confidence and stability. They maintain a steady posture and move with assurance, even when transitioning between different areas. There is little to no hesitation, and their body positioning is appropriate for the task, indicating comfort and familiarity with the environment and the activity.

4. Final verdict: Intermediate Expert",Intermediate Expert,False
7992ceca-a566-4679-b116-6fc0b811b70f,upenn_0720_Dance_4_5,Early Expert,89,"1. Movement quality: The person demonstrates moderate control and fluidity in their movements, transitioning between poses and steps with a degree of grace. However, some movements appear slightly stiff or mechanical, indicating a lack of complete natural flow. The efficiency of movement is decent but not optimal, with occasional pauses or adjustments that suggest the dancer is still refining their execution.

2. Technique: The dancer employs basic ballet and contemporary dance techniques, including pliés, relevés, and arm movements. They maintain alignment and use turnout, but the execution is not consistently precise. Some movements lack the refined control and spatial awareness typical of more advanced dancers, suggesting they are still developing their technical foundation.

3. Confidence and control: The person appears confident overall, maintaining steady posture and executing movements with purpose. There are minimal hesitations, and body positioning is generally stable, though not always perfectly aligned. The dancer seems comfortable in the space and demonstrates a clear understanding of the choreography, even if execution is not flawless.

4. Final verdict: Intermediate Expert",Intermediate Expert,False,89,"1. Movement quality: The person demonstrates controlled and deliberate movements. They walk with purpose toward the camera and interact with the equipment, showing an understanding of spatial awareness and movement efficiency in a dimly lit, spacious environment. Their movements are not rushed or clumsy, indicating a level of comfort and familiarity with the setting.

2. Technique: The individual is using a tripod-mounted camera, suggesting they are setting up or adjusting for a specific shot. Their posture and hand placement indicate they are handling the equipment with care, likely aiming for stability and precision. The use of a tripod implies an understanding of camera work and the need for steady shots, which requires technical knowledge.

3. Confidence and control: The person appears confident and composed. They move with assurance, adjusting their position and interacting with the camera setup without hesitation. Their body positioning is stable, and they maintain control over their movements, even in a low-light environment. The occasional hand gestures toward the camera suggest they are comfortable with being filmed or are directing the recording process.

4. Final verdict: Intermediate Expert",Intermediate Expert,False
c5c271ee-08ad-4dd8-ac8c-417f830db685,uniandes_dance_019_20,Intermediate Expert,63,"1. Movement quality: The dancer exhibits moderate control and fluidity, with movements that are generally smooth but occasionally show slight stiffness or hesitation, particularly during transitions. The efficiency of movement is decent, with clear intention in each step and gesture, though not yet at a highly refined level.

2. Technique: The dancer demonstrates basic technique appropriate for the activity, including posture, arm placement, and footwork. However, the execution lacks precision and consistency, with some movements appearing rushed or incomplete. The use of space and timing is developing but not yet sophisticated.

3. Confidence and control: The dancer shows moderate confidence, maintaining a steady stance and engaging with the space. There are moments of hesitation, especially when transitioning between movements or adjusting posture. Body positioning is generally stable, but not always optimal, indicating room for improvement in spatial awareness and balance.

4. Final verdict: Intermediate Expert",Intermediate Expert,True,63,"1. Movement quality: The person's movements are generally smooth and deliberate, indicating a good level of control. They navigate the space with purpose, moving between different areas and adjusting their position relative to the equipment. The transitions between different focal points (e.g., from the group on the left to the black curtains) are fluid, suggesting familiarity with the environment.

2. Technique: The person demonstrates appropriate technique for setting up or managing a filming or photography environment. They interact with tripods and black curtains in a way that suggests they understand their function and placement. The use of hand gestures to point or adjust the camera setup indicates a methodical approach to the task.

3. Confidence and control: The person appears confident and in control throughout the sequence. They maintain a steady posture and move with assurance, even when adjusting the camera or interacting with others. There is minimal hesitation, and their body positioning is stable, indicating comfort and experience with the activity.

4. Final verdict: Intermediate Expert",Intermediate Expert,True
26ca925c-845d-4419-ae37-93f28cb415e8,uniandes_dance_016_8,Early Expert,64,"1. Movement quality: The dancer exhibits moderate control and fluidity, with movements that are generally smooth but occasionally show slight stiffness or hesitation, particularly during transitions. The efficiency of movement is decent, with clear intention in each gesture, though not always optimal in terms of spatial economy or momentum conservation.

2. Technique: The dancer demonstrates basic technique appropriate for the activity, including use of arm extensions, turns, and body isolations. However, the execution lacks precision and refinement, with some movements appearing rushed or incomplete. The use of the head and torso for expression is present but not fully integrated or polished.

3. Confidence and control: The dancer displays a moderate level of confidence, maintaining a steady posture for most of the sequence. There are moments of hesitation, especially when transitioning between movements or adjusting positioning. Body positioning is generally stable, but the dancer occasionally shifts weight unevenly or appears to be searching for balance, indicating a lack of full command over spatial dynamics.

4. Final verdict: Intermediate Expert",Intermediate Expert,False,64,"1. Movement quality: The person's movements are generally smooth and deliberate, indicating a good level of control. They navigate the space with purpose, often turning and pointing to specific areas, suggesting familiarity with the environment. The transitions between different focal points are fluid, and there is minimal wasted motion, showing efficiency in movement.

2. Technique: The person uses hand gestures effectively to direct attention or indicate specific areas, which is a common technique in guiding or explaining a space. They also utilize the fisheye lens to capture wide-angle views, suggesting an understanding of camera mechanics and spatial awareness. Their use of pointing and gesturing to highlight features like the ""Le Danza"" banner indicates a technique aimed at communication and emphasis.

3. Confidence and control: The person appears confident and in control throughout the sequence. They maintain a steady posture and use gestures with precision, indicating comfort and familiarity with the activity. There is no visible hesitation or instability, and their body positioning is consistent, suggesting a high level of comfort and control in the environment.

4. Final verdict: Intermediate Expert",Intermediate Expert,False
e10d385c-3b3f-4cc4-8e2d-2c5e7d986f42,uniandes_dance_020_34,Late Expert,66,"1. Movement quality: The person demonstrates moderate control and fluidity in their movements, transitioning between poses and steps with a degree of grace. However, some movements appear slightly rushed or unpolished, indicating room for improvement in efficiency and precision. The transitions between different dance moves are not always seamless, suggesting a developing rhythm.

2. Technique: The individual employs basic dance techniques, including arm movements, footwork, and body posture. They use directional changes and spatial awareness, stepping on marked spots on the floor. While the technique is present, it lacks the refinement and complexity seen in more advanced dancers, such as synchronized timing or intricate footwork patterns.

3. Confidence and control: The person appears confident in their ability to perform the routine, maintaining a steady posture and executing moves with purpose. There are minimal hesitations, and their body positioning is generally stable, though occasionally they adjust their stance or step to regain balance, indicating a developing sense of control.

4. Final verdict: Intermediate Expert",Intermediate Expert,False,66,"1. Movement quality: The person's movements are generally smooth and purposeful, indicating a good level of control. They navigate the space efficiently, moving between different areas and interacting with equipment without unnecessary delays or fumbling. The transitions between positions are fluid, suggesting familiarity with the environment.

2. Technique: The person demonstrates appropriate technique for setting up or managing a filming or photography session. They handle equipment like tripods and cameras with care, adjust positions deliberately, and interact with others in a coordinated manner. Their gestures and body language suggest they understand the roles and responsibilities involved in the activity.

3. Confidence and control: The person appears confident and in control throughout the sequence. They maintain stable body positioning, often standing or moving with purpose. There is minimal hesitation, and their interactions with others and the environment are calm and assured, indicating comfort and experience with the task.

4. Final verdict: Intermediate Expert",Intermediate Expert,False
24b8af0b-b50e-4ddb-8421-a23dab506580,uniandes_dance_013_22,Late Expert,55,"1. Movement quality: The person demonstrates moderate control and fluidity in their movements, transitioning between poses and steps with a degree of grace. However, some movements appear slightly stiff or mechanical, indicating a lack of complete natural flow. The efficiency of movement is decent but not optimal, with occasional pauses or adjustments that suggest the dancer is still refining their motion patterns.

2. Technique: The dancer employs basic dance techniques such as arm extensions, turns, and footwork, but the execution lacks precision and consistency. Movements are not always aligned with the typical conventions of the style being performed, and there are moments where technique appears improvised or unpolished. The use of space and timing is developing but not yet refined.

3. Confidence and control: The dancer displays a moderate level of confidence, maintaining a steady posture and engaging with the space. There are moments of hesitation, particularly when transitioning between movements or adjusting positioning. Body positioning is generally stable, but the dancer occasionally shifts weight or posture in ways that suggest they are still building confidence and control.

4. Final verdict: Intermediate Expert",Intermediate Expert,False,55,"1. Movement quality: The person's movements appear somewhat uncoordinated and hesitant, with frequent shifts in posture and direction. There is a noticeable lack of fluidity, as transitions between positions are abrupt and sometimes jerky. Movements are not efficient, often involving unnecessary steps or repositioning, suggesting a lack of spatial awareness or practice.

2. Technique: The person is not employing any specific or refined techniques for the activity. Movements are spontaneous and appear improvised rather than purposeful. There is no evidence of practiced form or methodical execution, indicating a lack of technical training or experience.

3. Confidence and control: The person frequently appears uncertain, with hesitations and moments of imbalance. Body positioning is inconsistent, often shifting from standing to crouching or squatting without clear purpose. The person seems to be exploring the space rather than executing a planned sequence, indicating low confidence and limited control over their movements.

4. Final verdict: Novice",Novice,False
04f0854f-7a61-4902-a5ea-cf9b9ff2785f,upenn_0706_Dance_4_3,Early Expert,185,"1. Movement quality: The person demonstrates moderate control and fluidity in their movements, executing a variety of gestures and steps with a degree of coordination. However, the movements are not consistently smooth or efficient, showing some awkwardness and hesitation, particularly when transitioning between different motions or directions. The overall motion quality suggests a developing level of proficiency.

2. Technique: The person appears to be using basic techniques appropriate for a dance or movement activity, such as arm extensions, turns, and step patterns. However, the execution lacks precision and consistency, indicating that the technique is not yet fully refined. The use of space and timing is somewhat inconsistent, suggesting limited mastery of the specific techniques required for this activity.

3. Confidence and control: The person displays a moderate level of confidence, often maintaining a central position and engaging with the space. However, there are moments of hesitation and slight instability, particularly when initiating or changing directions. Body positioning is generally upright and engaged, but not always optimal, indicating a developing sense of control and spatial awareness.

4. Final verdict: Intermediate Expert",Intermediate Expert,False,185,"1. Movement quality: The person's movements are generally smooth and controlled, indicating a good sense of spatial awareness and coordination. They move deliberately through the space, often pausing to adjust equipment or observe their surroundings, which suggests a thoughtful and measured approach. The transitions between positions are fluid, and they avoid abrupt or jerky motions, indicating a level of comfort and familiarity with the environment.

2. Technique: The person demonstrates a clear understanding of the technical aspects of the activity. They are seen interacting with tripods and cameras, adjusting settings, and positioning themselves strategically within the room. Their use of the tripod and camera suggests they are familiar with the equipment and know how to operate it effectively. The way they handle the camera and tripod indicates a methodical approach to capturing the scene, which is indicative of a practiced individual.

3. Confidence and control: The person appears confident and in control throughout the activity. They maintain a steady posture and are not hesitant in their movements. Their body positioning is stable, and they seem comfortable with the setup and the environment. There are no signs of nervousness or uncertainty, and they appear to be fully engaged in the task at hand.

4. Final verdict: Intermediate Expert",Intermediate Expert,False
7e4cdc23-31d4-4449-b6a1-1100985cfcb1,uniandes_dance_012_19,Intermediate Expert,47,"1. Movement quality: The person demonstrates moderate control and fluidity in their movements, transitioning between poses and steps with a degree of grace. However, the movements are not consistently smooth or efficient; there are moments of slight awkwardness and hesitation, particularly when changing direction or adjusting posture. The overall motion appears somewhat tentative, indicating a developing level of coordination.

2. Technique: The person employs basic techniques appropriate for dance or movement practice, such as arm gestures, weight shifts, and footwork. However, the execution lacks precision and refinement. Movements are not consistently aligned with the principles of the activity (e.g., proper alignment, timing, or spatial awareness), suggesting a foundational understanding but not mastery.

3. Confidence and control: The person shows moderate confidence, maintaining a steady posture for extended periods and executing movements with a degree of stability. However, there are moments of hesitation, particularly when initiating or transitioning between movements, and body positioning occasionally appears unbalanced or uncertain. The person does not exhibit the assuredness or poise of someone with advanced experience.

4. Final verdict: Novice",Novice,False,47,"1. Movement quality: The person's movements are somewhat hesitant and exploratory, indicating a lack of confidence or familiarity with the space. They frequently shift their position and gaze, suggesting they are not yet comfortable or efficient in navigating the environment. The movements are not fluid or purposeful, often appearing random or reactive rather than intentional.

2. Technique: The person is not applying any specific technique related to the activity. They are not using any tools or equipment in a skilled manner, and their actions do not demonstrate any particular method or strategy. The presence of cameras and tripods suggests a filming or photography context, but the person is not engaging with these tools in a technically proficient way.

3. Confidence and control: The person appears to be unsure of their surroundings and actions. They frequently look around, indicating a lack of stability or confidence. Their body positioning is not consistent, and they seem to be adjusting their stance frequently, which suggests a lack of control over their movements.

4. Final verdict: Novice",Novice,False
6d348ad5-d8f5-47f3-93c4-c2252910d310,uniandes_dance_002_24,Early Expert,51,"1. Movement quality: The person demonstrates moderate control and fluidity in their movements, transitioning between poses and steps with a degree of grace. However, some motions appear slightly stiff or mechanical, indicating a lack of complete natural flow. The efficiency of movement is average, with no clear signs of wasted motion, but the transitions are not seamless.

2. Technique: The person employs basic techniques appropriate for dance or movement practice, including arm gestures, turns, and weight shifts. They appear to be following a choreographed sequence, but the execution lacks precision and refinement. There is no evident mastery of advanced techniques such as complex footwork, synchronized timing, or dynamic transitions.

3. Confidence and control: The person displays a moderate level of confidence, maintaining a steady posture and engaging with the space. There are occasional moments of hesitation, particularly during transitions between movements, and their body positioning is generally stable but not consistently aligned with optimal form. They appear focused but not fully relaxed or assured.

4. Final verdict: Intermediate Expert",Intermediate Expert,False,51,"1. Movement quality: The person's movements are somewhat jerky and uncoordinated, with frequent abrupt changes in direction and perspective. The camera is often tilted or moved suddenly, indicating a lack of smooth, controlled motion. The transitions between different areas of the room are not fluid, suggesting limited spatial awareness or deliberate, unrefined movement patterns.

2. Technique: The person appears to be using a fisheye lens camera, which is often used for wide-angle or immersive video capture. However, the technique is not refined; the camera is frequently pointed at the floor or moved erratically, and the person’s hands are often visible, indicating a lack of professional framing or composition. The use of the camera seems more exploratory or experimental rather than purposeful or skilled.

3. Confidence and control: The person shows signs of hesitation and instability, particularly when moving the camera or adjusting their position. Their body positioning is often awkward, and they frequently bring their hands into the frame, suggesting a lack of confidence in handling the camera or in maintaining a steady shot. The movements are not consistent with someone who is confident or experienced in video recording or camera operation.

4. Final verdict: Novice",Novice,False
98ca3100-848b-4267-be0b-3c53c301cd96,uniandes_dance_020_22,Novice,69,"1. Movement quality: The person demonstrates moderate control and fluidity in their movements, transitioning between positions with a degree of grace. However, the movements are not consistently smooth or efficient, showing some stiffness and slight hesitations, particularly when changing direction or initiating new movements. The overall motion appears somewhat mechanical rather than organic.

2. Technique: The person employs basic techniques appropriate for the activity, such as stepping on designated markers and using arm movements to complement their steps. However, the technique lacks refinement; the arm movements are not always synchronized with the steps, and the footwork occasionally appears rushed or imprecise, indicating a lack of mastery over the specific techniques required.

3. Confidence and control: The person displays a moderate level of confidence, maintaining a steady posture and generally staying within the designated area. There are moments of hesitation, especially when transitioning between movements or when adjusting their stance. Body positioning is generally stable, but not consistently optimal, suggesting a developing sense of spatial awareness and balance.

4. Final verdict: Novice",Novice,True,69,"1. Movement quality: The person's movements appear somewhat uncoordinated and hesitant, with frequent shifts in direction and perspective. The fisheye lens exaggerates the motion, making it look less fluid. Movements are not efficient, often involving unnecessary turns and pauses, suggesting a lack of spatial awareness or practice in navigating the space.

2. Technique: The person is not employing any specific technical skills for this activity. There is no indication of choreography, precise positioning, or use of equipment in a professional manner. The movements are casual and appear to be exploratory rather than purposeful or skillful.

3. Confidence and control: The person shows hesitation and uncertainty in their movements. They frequently change direction and seem to be adjusting their position, indicating a lack of confidence in their spatial control. Body positioning is inconsistent, often shifting from one side to another without clear intent or stability.

4. Final verdict: Novice",Novice,True
ad71e6d3-b828-4dbf-8853-18f5fcc59768,uniandes_dance_019_6,Intermediate Expert,57,"1. Movement quality: The dancer exhibits moderate control and fluidity, with movements that are generally smooth but occasionally show slight stiffness or hesitation. The transitions between poses are not always seamless, indicating a developing sense of rhythm and flow. The efficiency of movement is average, with some steps appearing slightly rushed or less refined.

2. Technique: The dancer demonstrates basic technique appropriate for a dance studio setting, including fundamental steps, arm movements, and body posture. However, the execution lacks precision and consistency, with some poses appearing rushed or incomplete. The use of space and timing is not fully optimized, suggesting room for improvement in technical mastery.

3. Confidence and control: The dancer displays a moderate level of confidence, maintaining a steady posture and engaging with the space. There are moments of hesitation, particularly during transitions, and the body positioning is not always optimal, with occasional slight instability. The dancer appears focused but not fully assured in their movements.

4. Verdict: Intermediate Expert",Intermediate Expert,True,57,"1. Movement quality: The person's movements are generally smooth and deliberate, indicating a good level of control. They navigate the space with purpose, transitioning between different areas of the room without abrupt or inefficient motions. The use of the fisheye lens adds distortion, but the person's movements remain coherent and well-coordinated.

2. Technique: The person demonstrates appropriate technique for navigating a studio or performance space. They use their hand to point and gesture toward specific areas, likely to direct attention or communicate with others. The use of a tripod and camera suggests they are familiar with filming or photography setups, indicating a technical understanding of the environment.

3. Confidence and control: The person appears confident and in control throughout the sequence. They maintain a steady posture and move with assurance, even when gesturing or pointing. There is no visible hesitation or instability, suggesting they are comfortable in this setting and familiar with the tasks at hand.

4. Final verdict: Intermediate Expert",Intermediate Expert,True
03d2dc5b-24fa-4190-8392-587fbdf31785,upenn_0720_Dance_3_7,Early Expert,80,"1. Movement quality: The person's movements appear somewhat uncoordinated and lack fluidity. There are frequent pauses and hesitations, and the transitions between poses are not smooth. The movements seem inefficient, with some gestures appearing awkward or forced rather than natural or purposeful.

2. Technique: The person is not applying any discernible technique specific to dance or movement art. Movements are random and lack structure, rhythm, or intentionality. There is no evidence of training or practice in movement patterns, spatial awareness, or body control.

3. Confidence and control: The person shows a lack of confidence, frequently adjusting their stance and posture. There are moments of instability, such as when they shift weight or adjust their head position. The body positioning is inconsistent, often appearing uncertain or unsure.

4. Final verdict: Novice",Novice,False,80,"1. Movement quality: The person's movements are generally controlled and deliberate, especially when adjusting the camera or walking. However, there are moments of motion blur and slight instability, indicating that the movements are not always perfectly fluid or efficient, particularly during transitions or when moving quickly.

2. Technique: The person demonstrates basic technique by using a tripod to stabilize the camera, which is appropriate for this activity. They appear to be setting up or adjusting the camera for a specific shot, suggesting an understanding of the equipment. However, the technique is not consistently refined, as evidenced by occasional blurs and awkward positioning.

3. Confidence and control: The person shows a moderate level of confidence, as they are actively engaging with the camera and tripod. However, there are moments of hesitation and instability, particularly when moving or adjusting the camera. Their body positioning is often slightly off-balance, indicating a lack of full control in some situations.

4. Final verdict: Novice",Novice,False
be4e32c4-1537-44bc-9f66-5d61098c08dd,uniandes_dance_024_7,Novice,60,"1. Movement quality: The person demonstrates moderate control and fluidity in their movements, with a noticeable effort to maintain rhythm and spatial awareness. The transitions between poses and steps are generally smooth but occasionally show slight stiffness or hesitation, indicating a developing sense of efficiency. The movements are not overly exaggerated or overly restrained, suggesting a balanced but not yet refined execution.

2. Technique: The individual appears to be performing a choreographed routine, likely dance or movement-based, with deliberate arm and leg positions. They utilize body orientation and spatial awareness, moving across the floor with intention. While the technique is not flawless, it shows an understanding of basic movement patterns and timing, suggesting they have been practicing this activity for some time.

3. Confidence and control: The person displays a moderate level of confidence, maintaining a steady posture and engaging with the space. There are moments of slight hesitation, particularly when transitioning between movements or adjusting their stance, but overall, they remain stable and composed. Their body positioning is generally appropriate for the activity, indicating a solid foundation.

4. Final verdict: Intermediate Expert",Intermediate Expert,False,60,"1. Movement quality: The person exhibits moderate control and fluidity in their movement, transitioning between different areas of the room with purpose. However, some movements appear slightly rushed or unrefined, particularly during turns and directional changes, indicating a lack of smooth, efficient motion. The use of the fisheye lens exaggerates the motion blur in some frames, but the overall movement pattern suggests a functional, if not polished, approach.

2. Technique: The person demonstrates basic technique appropriate for navigating a space with equipment and people. They use their hand to gesture or point, which may indicate communication or direction, and they move around the room to adjust their position relative to the setup. The presence of multiple tripods and black curtains suggests a setup for filming or photography, and the person’s movements are oriented toward interacting with or observing this setup. However, there is no evidence of advanced technical skills such as precise camera operation or complex spatial coordination.

3. Confidence and control: The person appears confident in their ability to navigate the space, as they move deliberately and maintain a steady pace. Their body positioning is generally stable, and they do not show significant hesitation or instability. The occasional hand gestures suggest they are comfortable directing attention or communicating with others in the room. The overall demeanor indicates a level of comfort and control, even if not fully refined.

4. Final verdict: Intermediate Expert",Intermediate Expert,False
7ab10395-024c-4fe4-994d-c7f57a42b354,upenn_0727_Partner_Dance_2_1_4,Late Expert,158,"1. Movement quality: The dancers exhibit moderate control and fluidity, with movements that are generally smooth but occasionally show slight stiffness or hesitation, particularly during transitions. Their efficiency is somewhat compromised by moments of awkwardness or missteps, indicating they are not yet fully synchronized or polished in their execution.

2. Technique: The dancers demonstrate basic technique appropriate for a social or recreational dance setting. They maintain basic frame and posture, and execute fundamental steps and turns. However, their technique lacks refinement, with visible corrections and adjustments during the routine, suggesting they are still developing their technical proficiency.

3. Confidence and control: The dancers display moderate confidence, often pausing or adjusting their positions to regain composure. Their body positioning is generally stable, but there are moments of imbalance or overcorrection, especially during more complex steps. They appear to be managing their movements with awareness but not with the assuredness of a more advanced dancer.

4. Final verdict: Intermediate Expert",Intermediate Expert,False,158,"1. Movement quality: The person demonstrates energetic and expressive movements, often with a playful and exaggerated style. Her motions are generally fluid and dynamic, suggesting a good sense of rhythm and timing. However, some movements appear slightly unrefined or spontaneous, indicating a lack of precision in execution. The transitions between poses and steps are lively but occasionally abrupt, suggesting she is not yet fully mastering smooth, controlled transitions.

2. Technique: The person uses a variety of dance techniques, including arm gestures, spins, and steps, often with a theatrical flair. She incorporates props like a pole and interacts with the camera, suggesting she is experimenting with performance elements. While her technique is not technically flawless, she shows an understanding of spatial awareness and timing, using the space effectively to create visual interest. Her use of facial expressions and body language enhances the performance, indicating a strong sense of stage presence.

3. Confidence and control: The person displays high confidence throughout the activity, often smiling and engaging directly with the camera. Her body positioning is generally stable, and she maintains a strong posture, even during dynamic movements. There are moments of slight hesitation or adjustment, particularly when transitioning between movements or interacting with the camera, but these are minor and do not detract from her overall confidence. Her ability to maintain control while being expressive suggests a comfortable level of familiarity with the activity.

4. Final verdict: Intermediate Expert",Intermediate Expert,False
e0ee6d25-73ea-4301-900d-c40a4d1e82dc,upenn_0720_Dance_3_11,Early Expert,72,"1. Movement quality: The person's movements are somewhat jerky and lack smoothness, indicating a lack of fluidity. There are visible pauses and hesitations between movements, suggesting inefficient motion patterns. The transitions between poses are not seamless, and the overall movement appears unrefined.

2. Technique: The person is using a VR headset, which suggests they are engaging in a virtual reality activity, possibly dance or movement simulation. However, their technique is inconsistent. Movements are not synchronized with the virtual environment, and there is no clear use of proper form or spatial awareness. The gestures and poses appear improvised rather than technically executed.

3. Confidence and control: The person shows signs of uncertainty and hesitation, particularly when adjusting the headset or pausing to reorient themselves. Their body positioning is often unstable, with frequent shifts in stance and direction. There is a lack of consistent posture and balance, indicating low confidence in their control over the activity.

4. Final verdict: Novice",Novice,False,72,"1. Movement quality: The person's movements are generally controlled and purposeful, especially when adjusting the camera on the tripod. There are moments of fluid motion, such as walking across the space, but also instances of abrupt or jerky movements, particularly during camera pans or when the person moves quickly. The efficiency of movement varies; while some actions are direct and effective, others appear less optimized, such as when the person moves away from the tripod or when the camera is moved in a way that causes motion blur.

2. Technique: The person demonstrates basic technique in handling the camera and tripod, positioning the camera appropriately for a shot. However, the technique is not consistently refined; there are moments where the camera is moved too quickly or too aggressively, leading to blurred images. The person occasionally uses their hand to adjust the camera or to gesture, which suggests an awareness of framing but not a mastery of the technical aspects of photography or videography.

3. Confidence and control: The person appears confident in their ability to operate the camera and tripod, as evidenced by their willingness to make adjustments and move around the space. However, there are moments of hesitation, particularly when the person moves quickly or when the camera is moved in a way that causes motion blur. The person's body positioning is generally stable, but there are instances where the person's movements are less controlled, such as when they move their hand in front of the camera or when they move quickly across the space.

4. Final verdict: Nov",Unknown,False
a34204b4-1ebb-4cec-a338-f4e543669820,uniandes_dance_012_25,Intermediate Expert,53,"1. Movement quality: The person demonstrates controlled and fluid movements, transitioning smoothly between steps and turns. The motion appears efficient, with minimal wasted movement, suggesting a good understanding of spatial awareness and rhythm.

2. Technique: The individual uses proper technique for dance or movement performance, including balanced posture, coordinated arm movements, and deliberate footwork. The use of arm gestures and body turns indicates an understanding of choreographic structure and expressive movement.

3. Confidence and control: The person maintains steady body positioning and shows confidence throughout the sequence. There are no visible hesitations or instability, and the movements are executed with precision and intention.

4. Final verdict: Intermediate Expert",Intermediate Expert,True,53,"1. Movement quality: The person demonstrates controlled and deliberate movements, navigating the space with purpose. Their transitions between different areas of the room are smooth and efficient, indicating a good understanding of spatial awareness. The movements are not rushed, suggesting a focus on precision rather than speed.

2. Technique: The person utilizes appropriate techniques for setting up or adjusting equipment, such as positioning the camera tripod and interacting with the black curtains. Their hand gestures and body positioning suggest they are familiar with the tools and environment, indicating a methodical approach to the task.

3. Confidence and control: The person exhibits confidence in their actions, maintaining stability and control throughout the sequence. There are no visible hesitations or awkward movements, and their body positioning is consistent with someone who is comfortable and experienced in this setting.

4. Final verdict: Intermediate Expert",Intermediate Expert,True
3f508ce8-ba11-49d3-848c-ccd8c8b52c3d,upenn_0730_Dance_2_5,Late Expert,213,"1. Movement quality: The person demonstrates a high degree of control and fluidity in their movements. Their transitions between poses and actions are smooth and efficient, indicating a strong command over their body. The movements are deliberate and purposeful, with minimal wasted motion, suggesting a well-practiced routine.

2. Technique: The individual employs specific dance and movement techniques, including controlled spins, dynamic arm movements, and precise floor work. They utilize their core effectively to maintain balance and execute complex poses. The use of space and timing is well-coordinated, showing an understanding of choreographic structure and spatial awareness.

3. Confidence and control: The person exhibits a high level of confidence throughout the activity. There are no visible hesitations or stumbles, and their body positioning is consistently stable and intentional. They maintain a strong posture and execute movements with assurance, even during more complex sequences.

4. Final verdict: Late Expert",Late Expert,True,213,"1. Movement quality: The person demonstrates controlled and deliberate movements, often pausing to adjust position or interact with objects. Movements are generally fluid, especially when transitioning between areas or interacting with the environment, but occasionally show slight hesitations or adjustments, indicating a focus on precision rather than speed.

2. Technique: The person uses technique appropriate for navigating and interacting within a large, open space. They utilize hand gestures for pointing or indicating, and their body positioning suggests awareness of spatial relationships. When using a smartphone, they handle it with care and precision, indicating familiarity with the device and its functions.

3. Confidence and control: The person appears confident in their ability to navigate the space, maintaining a steady posture and demonstrating control over their movements. There are moments of slight hesitation, particularly when adjusting position or interacting with objects, but overall, their body positioning is stable and intentional, suggesting a high level of comfort and control.

4. Final verdict: Intermediate Expert",Intermediate Expert,False
6b3a51f3-973e-44de-b300-ed1c25bc82d3,uniandes_dance_008_8,Late Expert,58,"1. Movement quality: The person demonstrates moderate control and fluidity in their movements, transitioning between poses with a degree of grace. However, some movements appear slightly stiff or mechanical, indicating a lack of complete natural flow. The efficiency of movement is average, with no clear signs of excessive wasted motion, but also no indication of highly optimized movement patterns.

2. Technique: The person is using basic dance or movement techniques, including arm gestures, footwork, and body turns. They appear to be following a choreographed sequence, but the execution lacks precision and refinement. There is no evidence of advanced techniques such as complex footwork, dynamic transitions, or nuanced body control.

3. Confidence and control: The person shows moderate confidence, maintaining a steady posture and executing movements with a consistent rhythm. There are occasional moments of hesitation or slight instability, particularly when transitioning between movements or adjusting their stance. Their body positioning is generally appropriate for the activity, but not consistently aligned with advanced performance standards.

4. Final verdict: Intermediate Expert",Intermediate Expert,False,58,"1. Movement quality: The person demonstrates controlled and deliberate movements, transitioning smoothly between different positions and angles within the space. Movements are efficient, with clear purpose, such as moving from seated positions to standing and walking around the room, indicating familiarity with the environment.

2. Technique: The person uses appropriate techniques for filming or recording, as evidenced by the use of tripods and cameras. They are seen adjusting equipment and positioning themselves strategically, suggesting an understanding of camera work and spatial awareness. The use of hand gestures and pointing indicates they are communicating or directing, which is a common technique in filming or directing scenarios.

3. Confidence and control: The person appears confident and in control throughout the activity. They maintain stable body positioning, whether seated or standing, and show no signs of hesitation. Their movements are deliberate and purposeful, indicating a high level of comfort and familiarity with the task at hand.

4. Final verdict: Late Expert",Late Expert,True
5c4e796b-cb0b-4a72-b7ed-ad0dcc6aec1c,uniandes_dance_019_58,Late Expert,69,"1. Movement quality: The person demonstrates controlled and fluid movements, transitioning smoothly between poses and steps. The motion is efficient, with clear intentionality in each gesture and step, suggesting a practiced approach to the activity.

2. Technique: The individual employs specific dance techniques, including precise arm movements, controlled turns, and dynamic footwork. The use of body alignment and spatial awareness is evident, indicating a strong understanding of the choreography or style being performed.

3. Confidence and control: The person exhibits high confidence, maintaining steady posture and balance throughout the sequence. There are no visible hesitations or instability, and body positioning is consistently strong and intentional, reflecting a high level of comfort and mastery.

4. Verdict: Late Expert",Late Expert,True,69,"1. Movement quality: The person's movements appear somewhat uncoordinated and hesitant, with frequent pauses and abrupt changes in direction. The motion is not fluid, and there is a noticeable lack of efficiency in navigating the space, often resulting in blurred or shaky frames that suggest rushed or uncertain movement.

2. Technique: The person does not demonstrate any refined or consistent technique. Movements are sporadic and lack a clear pattern or purpose. There is no evidence of practiced or deliberate motion, and the person frequently shifts focus or direction without a clear strategy.

3. Confidence and control: The person shows a lack of confidence, often appearing uncertain about their position or next move. Body positioning is inconsistent, and there are frequent moments of instability, such as when the camera is pointed downward or when the person’s hand is visible in a way that suggests they are adjusting or steadying themselves. The person seems to be exploring the space rather than executing a planned sequence.

4. Final verdict: Novice",Novice,False
b0f9aa8b-0632-44a1-a6ab-8d698208169c,uniandes_dance_011_29,Late Expert,52,"1. Movement quality: The person demonstrates moderate control and fluidity in their movements, transitioning between steps and poses with a degree of grace. However, there are moments of slight inefficiency, such as minor adjustments in stance and occasional pauses, indicating that movements are not yet fully optimized. The overall motion is not overly rigid but also lacks the seamless flow of a highly skilled performer.

2. Technique: The individual employs basic techniques appropriate for the activity, such as maintaining balance and using arm movements to complement footwork. They appear to be following a choreographed sequence, but the execution is not consistently precise. There is visible effort in maintaining posture and alignment, suggesting an understanding of foundational techniques, though refinement is needed.

3. Confidence and control: The person displays a moderate level of confidence, often standing tall and engaging with the space. However, there are moments of hesitation, particularly when transitioning between movements or adjusting their position. Their body positioning is generally stable, but not always optimal, with occasional slight sways or shifts that suggest they are still building muscle memory and spatial awareness.

4. Final verdict: Intermediate Expert",Intermediate Expert,False,52,"1. Movement quality: The person's movements appear somewhat uncoordinated and hesitant. They frequently shift their position, sometimes moving too close to the camera or making abrupt turns. The motion is not fluid, and there are moments of awkwardness, especially when transitioning between looking at the floor and the surroundings. The efficiency of movement is low, as they seem to be exploring the space without a clear purpose or direction.

2. Technique: There is no clear, consistent technique being applied. The person does not appear to be using any specific method or strategy for navigating the space. Their gestures are random, and they do not seem to be utilizing any tools or equipment effectively. The lack of a defined technique suggests they are not experienced in this activity.

3. Confidence and control: The person shows a lack of confidence, often hesitating before making movements. Their body positioning is unstable, with frequent shifts in posture and orientation. They appear unsure of their surroundings and seem to be constantly adjusting their position, indicating a lack of control over their environment.

4. Final verdict: Novice",Novice,False
95bcacb6-e524-4aa8-91f3-22b12898779d,uniandes_dance_016_45,Novice,62,"1. Movement quality: The dancer exhibits moderate control and fluidity, with movements that are generally smooth but occasionally show slight stiffness or hesitation, particularly during transitions. The efficiency of movement is decent, with clear intention in each step and gesture, though not yet at a highly refined level.

2. Technique: The dancer demonstrates basic technique appropriate for the activity, including posture, arm movements, and footwork. She uses the space effectively, maintaining a consistent center of gravity and engaging with the camera and backdrop. However, some movements lack precision and timing, indicating room for improvement in technical execution.

3. Confidence and control: The dancer displays a moderate level of confidence, maintaining a steady posture and engaging with the environment. There are moments of slight hesitation, especially when transitioning between poses or movements, but overall, she remains stable and composed. Her body positioning is generally correct, though not consistently optimal.

4. Final verdict: Intermediate Expert",Intermediate Expert,False,62,"1. Movement quality: The person demonstrates controlled and deliberate movements, transitioning smoothly between different positions and activities. Their movements are efficient, suggesting familiarity with the environment and the task at hand. There is no visible clumsiness or wasted motion.

2. Technique: The person uses appropriate techniques for the activity, such as holding a device correctly, positioning themselves for optimal viewing or recording, and interacting with equipment like tripods and cameras. Their posture and hand placement indicate a practiced approach to handling technology and engaging with others.

3. Confidence and control: The person displays high confidence and stability throughout the activity. They maintain steady body positioning, often standing or sitting with purpose, and their interactions with others and equipment are calm and assured. There is no noticeable hesitation or instability.

4. Final verdict: Late Expert",Late Expert,False
841d97d5-8a6b-4221-adea-5fa1aa3e9707,uniandes_dance_011_43,Early Expert,54,"1. Movement quality: The person demonstrates controlled and fluid movements, transitioning smoothly between poses and steps. The motion appears efficient, with minimal wasted movement, suggesting a good understanding of spatial awareness and rhythm.

2. Technique: The individual employs specific dance techniques, including arm extensions, turns, and dynamic footwork. The use of body alignment and posture indicates a grasp of foundational dance principles, such as maintaining balance and using the core for movement.

3. Confidence and control: The person exhibits strong confidence, executing movements with stability and precision. There is little to no hesitation, and body positioning remains consistent and intentional throughout the sequence, indicating a high level of comfort and command over the activity.

4. Final verdict: Late Expert",Late Expert,False,54,"1. Movement quality: The person's movements appear somewhat uncoordinated and hesitant. There is noticeable jitter and instability in the camera's perspective, suggesting the person is not fully comfortable with the equipment or the environment. Movements are not fluid or efficient, often requiring repositioning or readjustment, which indicates a lack of smooth execution.

2. Technique: The person is using a fisheye lens, which is appropriate for capturing wide-angle views, but their technique is inconsistent. The camera is often pointed at the same setup, and there are frequent pans and tilts that are not smooth or purposeful. The person occasionally moves their hand into the frame, suggesting they are not fully aware of their surroundings or are unsure how to frame the shot properly.

3. Confidence and control: The person shows signs of hesitation and lack of confidence. Their body positioning is often unstable, and they frequently adjust their stance or position. The camera is sometimes pointed at the floor or at the ceiling, indicating a lack of focus or control over the framing. The person's movements are not stable, and they seem to be experimenting rather than executing a planned sequence.

4. Final verdict: Novice",Novice,False
5b5a6017-4b2e-4529-a348-84bc64d1d3c3,upenn_0727_Partner_Dance_2_2_4,Early Expert,158,"1. Movement quality: The dancers exhibit a high degree of control and fluidity in their movements. Their transitions between steps are smooth, and they maintain consistent rhythm and timing. The efficiency of their movement is evident as they cover space with minimal wasted motion, suggesting a well-practiced routine.

2. Technique: The dancers demonstrate strong technique specific to ballroom or social dance. They utilize proper posture, maintain consistent alignment, and execute turns and steps with precision. The man often leads with clear, controlled gestures, while the woman follows with appropriate timing and spatial awareness. Their use of frame and connection is evident, especially during close embraces and turns.

3. Confidence and control: The dancers display confidence throughout the performance. There are no noticeable hesitations or stumbles, and their body positioning remains stable and balanced. They maintain eye contact and spatial awareness, indicating comfort and control in their environment.

4. Verdict: Late Expert",Late Expert,False,158,"1. Movement quality: The person demonstrates a high degree of control and fluidity in their movements. Their transitions between poses and steps are smooth and deliberate, indicating a strong sense of rhythm and spatial awareness. The efficiency of movement is evident as they navigate the space with minimal wasted motion, suggesting a practiced and economical use of energy.

2. Technique: The individual employs specific techniques common in dance or performance art, such as using arm extensions for balance and expression, maintaining a grounded stance, and utilizing the space effectively. Their use of the pole as a prop is integrated into their movement, showing an understanding of how to use equipment to enhance their performance. The coordination between their upper and lower body movements is precise, indicating a solid technical foundation.

3. Confidence and control: The person exhibits a high level of confidence and control throughout the activity. They maintain stable body positioning, even during dynamic movements, and show no hesitation or uncertainty. Their facial expressions and body language convey enjoyment and assurance, suggesting they are comfortable and in command of their performance.

4. Verdict: Late Expert",Late Expert,False
b0f43b31-88d6-4173-bc98-543c8f8d938d,uniandes_dance_016_44,Novice,60,"1. Movement quality: The dancer exhibits moderate control and fluidity, with movements that are generally smooth but occasionally show slight stiffness or hesitation, particularly during transitions. The efficiency of movement is decent, with clear intention in direction changes, but not yet at a highly refined level.

2. Technique: The dancer uses basic dance techniques such as arm extensions, turns, and body isolations, but the execution lacks precision and consistency. Movements are not always synchronized with the implied rhythm, and some poses are held briefly without full commitment. The use of space is somewhat limited, and there is room for improvement in footwork and alignment.

3. Confidence and control: The dancer displays moderate confidence, maintaining a steady posture for most of the routine. There are moments of hesitation, especially when transitioning between movements or when executing more complex steps. Body positioning is generally correct but not consistently optimal, indicating a developing sense of spatial awareness and balance.

4. Final verdict: Intermediate Expert",Intermediate Expert,False,60,"1. Movement quality: The person demonstrates controlled and deliberate movements, transitioning smoothly between different areas of the space. Their movements are efficient, suggesting familiarity with the environment and purposeful navigation. There is no visible clumsiness or wasted motion.

2. Technique: The person employs appropriate techniques for the activity, which appears to involve setting up or interacting with equipment (e.g., cameras on tripods, black curtains). They handle objects with care and position themselves strategically relative to the equipment, indicating an understanding of spatial relationships and setup requirements.

3. Confidence and control: The person displays high confidence and stability. They maintain a steady posture and exhibit clear control over their actions, even when interacting with the camera or adjusting equipment. There is no hesitation or uncertainty in their movements, suggesting comfort and experience with the task.

4. Verdict: Intermediate Expert",Intermediate Expert,False
6e4400c5-0bd9-454f-97d4-4fe35fe31682,uniandes_dance_022_9,Novice,80,"1. Movement quality: The person demonstrates moderate control and fluidity in their movements, transitioning between poses and steps with a degree of grace. However, the movements are not consistently smooth or efficient; there are moments of slight stiffness or awkwardness, particularly during transitions and when adjusting posture. The overall motion appears deliberate but not yet refined.

2. Technique: The person employs basic techniques appropriate for dance or performance, such as arm extensions, turns, and weight shifts. They use their arms expressively and maintain a relatively upright posture. However, the technique lacks precision and consistency, with some movements appearing improvised or unpolished, and there is limited use of advanced techniques like controlled turns or complex footwork.

3. Confidence and control: The person displays a moderate level of confidence, standing tall and engaging with the space. They occasionally adjust their stance or posture, suggesting a degree of self-awareness and effort to maintain control. There are moments of hesitation, particularly when transitioning between movements or when adjusting their position, indicating that they are still developing their sense of spatial awareness and timing.

4. Final verdict: Intermediate Expert",Intermediate Expert,False,80,"1. Movement quality: The person's movements are generally smooth and controlled, with a clear sense of purpose. They navigate the space efficiently, moving between different areas and adjusting their position relative to the camera and other objects. There is a consistent flow in their motion, indicating familiarity with the environment.

2. Technique: The person demonstrates appropriate technique for the activity, which appears to involve setting up or interacting with a filming or photography setup. They handle equipment (like tripods) with care, adjust their position to frame shots, and interact with the environment in a way that suggests they understand the spatial requirements of the task. Their use of hand gestures and body positioning indicates they are actively engaging with the scene.

3. Confidence and control: The person displays a high level of confidence and control throughout the activity. They move with stability, maintaining balance and composure even when adjusting their position or interacting with objects. There is minimal hesitation, and their body positioning is deliberate and purposeful, suggesting they are comfortable and in command of the situation.

4. Final verdict: Intermediate Expert",Intermediate Expert,False
1e31765b-d0e0-4317-a361-2e81613a5c61,uniandes_dance_021_20,Intermediate Expert,74,"1. Movement quality: The person demonstrates moderate control and fluidity in their movements, transitioning between poses and steps with a degree of grace. However, there are moments where the motion appears slightly stiff or mechanical, particularly during transitions and when adjusting posture. The efficiency of movement is somewhat compromised by occasional pauses and adjustments, indicating a lack of seamless flow.

2. Technique: The individual employs basic dance or movement techniques, including arm extensions, turns, and footwork. They appear to be following a choreographed sequence, but the execution lacks precision and refinement. Movements are not consistently synchronized, and there is visible effort in maintaining form, suggesting they are still developing their technical proficiency.

3. Confidence and control: The person displays a moderate level of confidence, often maintaining a steady stance and engaging with the space. However, there are moments of hesitation, particularly when transitioning between movements or adjusting their position. Their body positioning is generally stable, but not consistently aligned or balanced, indicating they are still working on spatial awareness and posture control.

4. Verdict: Intermediate Expert",Intermediate Expert,True,74,"1. Movement quality: The person's movements appear somewhat uncoordinated and hesitant, with frequent pauses and shifts in direction. There is a lack of smooth, fluid motion, and the person often seems to be adjusting their position or checking their surroundings, indicating a less efficient movement pattern.

2. Technique: The person is not employing any specific technical skills or methods that are characteristic of a practiced activity. Their actions are more exploratory and reactive rather than deliberate or skillful. There is no evidence of refined technique or mastery of the environment.

3. Confidence and control: The person frequently appears uncertain, with frequent hand gestures and body movements that suggest a lack of confidence. They often seem to be looking around or adjusting their position, indicating a lack of stability and control over their environment.

4. Final verdict: Novice",Novice,False
3cffe89e-da73-4297-808a-d185d49959f1,uniandes_dance_022_48,Late Expert,69,"1. Movement quality: The person demonstrates moderate control and fluidity in their movements, transitioning between poses and steps with a degree of grace. However, the movements are not consistently smooth or refined, showing some stiffness and slight hesitations, particularly during transitions. The efficiency of movement is average, with some unnecessary shifts in weight or positioning that suggest a lack of optimal flow.

2. Technique: The person employs basic dance or performance techniques, including arm gestures, turns, and poses, but the execution lacks precision and consistency. The use of space is somewhat limited, and the movements are not fully integrated into a cohesive routine. There is visible effort to maintain form, but the technique is not yet refined or advanced.

3. Confidence and control: The person appears to be moderately confident, maintaining a steady posture and engaging with the space. However, there are moments of hesitation, particularly when transitioning between movements or adjusting positioning. Body positioning is generally stable, but not always optimal, indicating a developing sense of control and spatial awareness.

4. Final verdict: Intermediate Expert",Intermediate Expert,False,69,"1. Movement quality: The person's movements are generally fluid and controlled, with smooth transitions between different positions and actions. They move efficiently through the space, often using gestures to interact with the environment, such as pointing or reaching. There is a clear sense of purpose in their motion, indicating familiarity with the space and the activity.

2. Technique: The person demonstrates a good understanding of the technical aspects of the activity, such as using hand gestures to direct attention or interact with equipment. They are adept at navigating the space, often moving around obstacles like tripods and curtains. Their use of the camera and other equipment suggests they are comfortable with the tools and know how to use them effectively.

3. Confidence and control: The person appears confident and in control throughout the activity. They maintain a stable body position and move with assurance, even when making quick or sudden movements. There is little hesitation, and they seem comfortable in their environment, indicating a high level of familiarity and comfort with the activity.

4. Final verdict: Intermediate Expert",Intermediate Expert,False
f1415a2f-c967-450e-bc9a-53a49abdd5e5,uniandes_dance_008_38,Late Expert,55,"1. Movement quality: The person demonstrates moderate control and fluidity in their movements, transitioning between poses with a degree of grace. However, some movements appear slightly stiff or mechanical, indicating a lack of complete natural flow. The efficiency of movement is decent, with clear intention in each gesture, but not yet optimized for maximum expression or minimal energy expenditure.

2. Technique: The individual employs basic dance or movement techniques, including arm extensions, turns, and footwork. They appear to be following a choreographed sequence, suggesting some level of preparation. The use of space is intentional, but not yet fully dynamic or expansive. There is a visible effort to maintain posture and alignment, though not consistently at a high level.

3. Confidence and control: The person displays a moderate level of confidence, maintaining a steady rhythm and engaging with the space. There are moments of slight hesitation, particularly when transitioning between movements or adjusting posture. Body positioning is generally stable, with good balance, but occasionally shows minor instability during more complex or rapid movements.

4. Final verdict: Intermediate Expert",Intermediate Expert,False,55,"1. Movement quality: The person's movements appear somewhat uncoordinated and hesitant, with frequent pauses and shifts in direction. There is a noticeable lack of fluidity, especially when transitioning between positions or performing gestures. Movements are not consistently efficient, often requiring multiple steps or repositioning to achieve a desired stance or action.

2. Technique: The person demonstrates minimal use of specific techniques. Movements are often improvised rather than purposeful, with no clear pattern or structure. There is little evidence of refined motor skills or spatial awareness, as seen in the frequent hand gestures and body positioning that seem reactive rather than intentional.

3. Confidence and control: The person frequently appears uncertain, with hesitations and abrupt changes in posture. Body positioning is inconsistent, often shifting from standing to crouching or lying down without clear purpose. The lack of stable posture and frequent hand movements suggest a lack of confidence in maintaining control during the activity.

4. Verdict: Novice",Novice,False
3a327064-721f-4571-a510-29de32f82342,uniandes_dance_013_8,Early Expert,60,"1. Movement quality: The person demonstrates controlled and fluid movements, transitioning smoothly between poses and steps. The motions appear efficient, with minimal wasted movement, suggesting a good understanding of spatial awareness and rhythm. The transitions between different dance styles or movements are seamless, indicating a high level of coordination.

2. Technique: The individual employs specific dance techniques, including dynamic arm movements, precise footwork, and expressive body positioning. The use of the arms to accentuate movements and the controlled turns suggest a strong grasp of choreographic structure. The person also maintains proper posture and alignment throughout, which is essential for executing complex dance sequences.

3. Confidence and control: The person exhibits high confidence, moving with assurance and without hesitation. Their body positioning is stable and balanced, even during dynamic movements. The individual maintains a strong core and controlled posture, indicating excellent body awareness and control. The consistent execution of movements without visible struggle or correction suggests a high level of comfort and mastery.

4. Final verdict: Late Expert",Late Expert,False,60,"1. Movement quality: The person's movements are generally controlled and deliberate, with smooth transitions between positions and actions. They move efficiently across the space, often using gestures to interact with the environment or direct attention. There is a clear intentionality in their motion, suggesting familiarity with the space and the activity.

2. Technique: The person demonstrates specific techniques relevant to the activity, such as using hand gestures to indicate or interact with objects, and positioning themselves strategically within the space. They appear to be using the camera or recording equipment effectively, adjusting angles and positions with purpose. Their use of the tripod and interaction with the black curtains suggest a methodical approach to setting up or capturing footage.

3. Confidence and control: The person exhibits high confidence and stability throughout the activity. They maintain a steady posture and are unhesitant in their movements, often extending their arms or gesturing with precision. Their body positioning is intentional, indicating a clear understanding of spatial relationships and the purpose of their actions.

4. Final verdict: Intermediate Expert",Intermediate Expert,False
f809a447-5414-4539-8bfd-2f6baa32dc1c,uniandes_dance_021_53,Early Expert,61,"1. Movement quality: The person demonstrates moderate control and fluidity in their movements, transitioning between poses with a degree of grace. However, some motions appear slightly stiff or mechanical, indicating a lack of complete natural flow. The efficiency of movement is average; while the person covers space and executes steps, there are moments where movements seem to be performed with conscious effort rather than effortless execution.

2. Technique: The person employs basic dance techniques, including arm gestures, footwork, and body posture appropriate for the activity. They maintain a relatively upright stance and use their arms expressively, which suggests an understanding of fundamental dance form. However, the technique lacks refinement, with some movements appearing unpolished or inconsistently executed, indicating room for improvement in precision and synchronization.

3. Confidence and control: The person displays a moderate level of confidence, maintaining a steady posture and executing movements with purpose. There are occasional moments of hesitation or slight adjustments in stance, suggesting they are still building muscle memory and spatial awareness. Their body positioning is generally stable, but not consistently aligned with optimal dance posture, indicating they are not yet fully comfortable with the activity.

4. Verdict: Intermediate Expert",Intermediate Expert,False,61,"1. Movement quality: The person's movements are generally fluid and controlled, with smooth transitions between different positions and gestures. They move efficiently through the space, often using their hands to gesture or point, indicating a clear intention and purpose in their actions. The motion is deliberate, suggesting a level of comfort and familiarity with the environment.

2. Technique: The person employs specific techniques such as pointing, gesturing, and occasionally making hand signs (like an ""OK"" sign), which are likely used to communicate or direct attention. Their use of hand movements is purposeful and appears to be part of a structured activity, possibly involving coordination or instruction. The positioning of their hands and arms suggests an understanding of spatial awareness and the need to engage with the environment or others.

3. Confidence and control: The person demonstrates high confidence and control throughout the activity. They are stable in their positioning, often standing or moving with assurance. There is minimal hesitation, and their body language is open and engaged. The consistent use of gestures and movements without visible uncertainty indicates a strong sense of control over their actions.

4. Final verdict: Intermediate Expert",Intermediate Expert,False
a20971f0-7778-436f-a3de-ffbc64d59b06,uniandes_dance_017_5,Novice,64,"1. Movement quality: The dancer exhibits moderate control and fluidity, with movements that are generally smooth but occasionally show slight stiffness or hesitation, particularly during transitions. The efficiency of movement is decent, with clear directional changes and spatial awareness, though not always optimal. There are moments where the dancer appears to adjust her positioning, indicating a focus on precision.

2. Technique: The dancer demonstrates basic technique appropriate for the activity, including arm movements, footwork, and body isolations. She uses her arms expressively and maintains a relatively consistent posture. However, her technique is not refined or highly stylized, and some movements appear improvised or less polished, suggesting she is still developing her technical mastery.

3. Confidence and control: The dancer displays a moderate level of confidence, often maintaining a steady stance and engaging with the space. There are moments of hesitation, particularly when transitioning between movements or adjusting her position. Her body positioning is generally stable, but she occasionally shifts her weight or posture in a way that suggests she is still finding her balance or rhythm.

4. Verdict: Intermediate Expert",Intermediate Expert,False,64,"1. Movement quality: The person's movements are generally fluid and controlled, with smooth transitions between different positions and orientations. They move efficiently through the space, often using deliberate gestures and directional changes. There is a clear sense of purpose in their motion, suggesting familiarity with the environment.

2. Technique: The person demonstrates specific techniques relevant to the activity, such as using a tripod-mounted camera, adjusting camera settings, and positioning themselves strategically within the space. They also use hand gestures to indicate or interact with elements in the environment, showing an understanding of spatial relationships and camera framing.

3. Confidence and control: The person exhibits high confidence and stability throughout the activity. They maintain a steady posture and are unhesitant in their movements, often making deliberate gestures and adjustments. Their body positioning is purposeful, indicating a strong sense of control over their actions and environment.

4. Final verdict: Late Expert",Late Expert,False
6eba8ef2-4d47-4d63-a864-e4dc64f8231b,uniandes_dance_021_5,Late Expert,68,"1. Movement quality: The person demonstrates moderate control and fluidity in their movements, transitioning between poses and steps with a consistent rhythm. The motion appears efficient for the context, with clear intentionality in each movement, though not perfectly seamless or polished.

2. Technique: The individual employs basic dance or movement techniques, including arm extensions, turns, and footwork. They maintain a relatively upright posture and use their arms expressively, suggesting an understanding of spatial awareness and timing. The movements are deliberate and appear to follow a choreographed or structured sequence.

3. Confidence and control: The person exhibits a high degree of confidence and stability throughout the sequence. There are no noticeable hesitations or stumbles, and their body positioning remains balanced and grounded. They appear comfortable and in command of their movements, even when changing direction or executing more complex gestures.

4. Final verdict: Intermediate Expert",Intermediate Expert,False,68,"1. Movement quality: The person's movements are generally fluid and purposeful, indicating a good sense of spatial awareness and control. They navigate the space efficiently, moving between different areas and interacting with equipment without unnecessary hesitation or awkwardness. The transitions between different positions and tasks are smooth, suggesting a comfortable familiarity with the environment.

2. Technique: The person demonstrates appropriate technique for setting up and interacting with the equipment. They handle the camera and tripod with care, adjusting positions and angles with precision. Their use of gestures and body positioning suggests they are familiar with the technical aspects of the activity, such as framing shots or positioning themselves for optimal viewing.

3. Confidence and control: The person exhibits a high level of confidence and stability. They maintain a steady posture and appear comfortable in their movements, even when interacting with others or adjusting equipment. There is minimal hesitation, and their body positioning is deliberate and controlled, indicating a strong sense of self-assurance in their role.

4. Final verdict: Intermediate Expert",Intermediate Expert,False
0f2b6d29-7921-402f-9a5b-59dd9a15f515,uniandes_dance_012_28,Late Expert,57,"1. Movement quality: The person demonstrates moderate control and fluidity in their movements, transitioning between poses and steps with a degree of grace. However, some movements appear slightly stiff or mechanical, indicating a lack of complete natural flow. The efficiency of movement is decent, with clear intention in each step, but not yet optimized for maximum fluidity or minimal wasted motion.

2. Technique: The individual employs basic techniques appropriate for the activity, such as maintaining balance, using arm movements to complement body motion, and stepping deliberately. However, the technique lacks refinement—some gestures are exaggerated or inconsistent, and there is room for improvement in posture alignment and spatial awareness.

3. Confidence and control: The person displays a moderate level of confidence, standing upright and engaging with the space. There are moments of hesitation, particularly when transitioning between movements or adjusting posture. Body positioning is generally stable, but not consistently grounded or balanced, suggesting a developing sense of control.

4. Final verdict: Intermediate Expert",Intermediate Expert,False,57,"1. Movement quality: The person demonstrates controlled and deliberate movements, often pausing to adjust their position or focus on specific elements in the room. Movements are generally fluid, especially when transitioning between different areas of the space, but occasionally show slight hesitations or adjustments, indicating a learning curve or adaptation to the environment.

2. Technique: The person employs techniques appropriate for navigating a studio or filming environment, such as using a tripod for stability, positioning themselves relative to equipment, and occasionally pointing or gesturing to indicate specific areas or objects. They also appear to be adjusting camera angles or settings, suggesting a basic understanding of filming or photography techniques.

3. Confidence and control: The person displays a moderate level of confidence, often maintaining a steady posture and appearing focused on their tasks. However, there are moments of hesitation, particularly when moving through the space or adjusting equipment, which suggests they are still developing their comfort and control in this environment.

4. Final verdict: Intermediate Expert",Intermediate Expert,False
88f21f26-5c09-485c-9e63-a096acf58336,uniandes_dance_016_12,Early Expert,61,"1. Movement quality: The dancer exhibits a high degree of control, fluidity, and efficiency. Her transitions between poses and steps are smooth and deliberate, with minimal wasted motion. She maintains consistent momentum and spatial awareness, moving gracefully across the floor with precision and purpose.

2. Technique: The dancer demonstrates strong technique specific to dance, including proper alignment, balanced posture, and expressive use of the arms and torso. She executes turns, extensions, and poses with correct form, showing an understanding of body mechanics and spatial dynamics. Her use of the head and gaze is intentional, enhancing the expressiveness of her movements.

3. Confidence and control: The dancer displays high confidence and control throughout the performance. She moves with stability and poise, maintaining a strong center and grounded stance even during dynamic movements. There is no visible hesitation or loss of balance; her body positioning is consistently strong and intentional, indicating a high level of comfort and mastery.

4. Verdict: Late Expert",Late Expert,False,61,"1. Movement quality: The person's movements are characterized by frequent, abrupt shifts in perspective, often resulting in motion blur and disorienting transitions. The camera is frequently pointed at the floor or tilted at odd angles, indicating a lack of smooth, controlled navigation. Movements are not fluid or efficient; instead, they appear reactive and uncoordinated, suggesting the person is not yet comfortable with the equipment or environment.

2. Technique: The person is using a fisheye lens, which inherently distorts perspective, but their technique is inconsistent. They often point the camera at the floor or move it erratically, failing to maintain a stable or purposeful framing. There is no evidence of deliberate composition or framing techniques, and the camera is frequently obstructed by the person's hand or body, indicating a lack of technical finesse.

3. Confidence and control: The person frequently appears hesitant, as evidenced by the frequent hand movements and the camera being pointed at the floor or obstructed. Their body positioning is unstable, with frequent shifts in perspective and lack of consistent framing. The person seems unsure of how to best use the camera, often moving it in a reactive rather than intentional manner.

4. Verdict: Novice",Novice,False
3abfad56-574e-41ad-abb1-6a002c69a5c7,uniandes_dance_024_17,Early Expert,59,"1. Movement quality: The dancer exhibits good control and fluidity in her movements. Her transitions between poses and steps are smooth, and she maintains a consistent rhythm. The efficiency of movement is evident as she covers space with purpose and executes choreographed sequences without unnecessary motion.

2. Technique: The dancer demonstrates proper technique for dance, including balanced posture, controlled arm movements, and precise footwork. She utilizes the full range of motion in her limbs and maintains alignment throughout her performance. Her use of space and timing suggests a solid understanding of choreographic structure.

3. Confidence and control: The dancer displays high confidence and stability. She moves with assurance, maintaining strong body positioning and executing complex movements with poise. There are no visible hesitations or instability; her movements are deliberate and controlled, indicating a high level of comfort and mastery.

4. Verdict: Late Expert",Late Expert,False,59,"1. Movement quality: The person's movements are generally smooth and controlled, with deliberate gestures such as reaching out and adjusting the camera angle. There is a clear intentionality in their motion, suggesting familiarity with the environment and the task. The transitions between different areas of the room are fluid, indicating comfort and efficiency in navigating the space.

2. Technique: The person demonstrates a good understanding of the technical aspects of the activity, such as adjusting the camera angle and interacting with equipment. Their use of hand gestures to frame or point at specific areas suggests they are using the camera effectively to capture desired shots. The presence of a tripod and other equipment indicates they are working within a professional or semi-professional setup, requiring technical knowledge.

3. Confidence and control: The person appears confident and in control throughout the video. They move with purpose and do not show hesitation or uncertainty. Their body positioning is stable, and they maintain a steady focus on the task at hand. The occasional hand gestures are deliberate and not rushed, indicating a calm and composed demeanor.

4. Final verdict: Intermediate Expert",Intermediate Expert,False
cbc710de-4393-470d-91bd-f6af9f09f7c4,uniandes_dance_022_7,Novice,87,"1. Movement quality: The person demonstrates moderate control and fluidity in their movements, transitioning between poses and steps with a degree of grace. However, the movements are not consistently smooth or efficient; there are moments of slight awkwardness and hesitation, particularly when changing direction or initiating new movements. The overall motion appears somewhat tentative and lacks the refined polish of a highly skilled performer.

2. Technique: The person employs basic dance or movement techniques, such as arm extensions, turns, and weight shifts. They appear to be following a choreographed sequence, but the execution is not precise or consistently aligned with professional standards. There is visible effort to maintain form, but the technique lacks the subtlety, timing, and spatial awareness characteristic of an advanced practitioner.

3. Confidence and control: The person displays a moderate level of confidence, standing upright and engaging with the space. However, there are moments of hesitation, particularly when transitioning between movements or when adjusting posture. Their body positioning is generally stable, but not consistently grounded or balanced, indicating a developing sense of control rather than mastery.

4. Final verdict: Novice",Novice,True,87,"1. Movement quality: The person's movements are generally smooth and deliberate, indicating a good level of control. They navigate the space with purpose, moving between different areas of the room without abrupt or inefficient motions. The transitions between looking at different parts of the room and focusing on specific objects (like the camera or the backdrop) are fluid, suggesting familiarity with the environment.

2. Technique: The person demonstrates appropriate technique for navigating a studio or performance space. They use their hands to interact with the environment (e.g., pointing or gesturing), which is common in activities like directing, filming, or setting up. Their use of the tripod and interaction with the camera setup suggest they understand the equipment and its purpose. The way they position themselves relative to the camera and backdrop indicates an awareness of spatial relationships and composition.

3. Confidence and control: The person appears confident and in control throughout the sequence. They maintain a steady posture and move with assurance, even when changing direction or interacting with objects. There is minimal hesitation, and their body positioning is stable, suggesting they are comfortable in this environment and know what they are doing.

4. Final verdict: Intermediate Expert",Intermediate Expert,False
24437400-1478-4239-8f4d-788d88568a9e,uniandes_dance_021_23,Intermediate Expert,68,"1. Movement quality: The person demonstrates moderate control and fluidity in their movements, transitioning between poses and steps with a degree of grace. However, some movements appear slightly stiff or mechanical, indicating a lack of complete natural flow. The efficiency of movement is average; while the person covers space and executes sequences, there are moments where movements seem to be performed with conscious effort rather than effortless execution.

2. Technique: The person employs basic dance techniques, including arm gestures, footwork, and body isolations. They use spatial awareness by moving around the marked floor, but the technique lacks refinement. Movements are not consistently synchronized or precisely executed, suggesting they are still developing their technical proficiency. The use of the head and upper body is somewhat exaggerated or inconsistent, indicating a focus on expression over technical precision.

3. Confidence and control: The person displays a moderate level of confidence, often maintaining a steady posture and engaging with the space. There are occasional hesitations, particularly when transitioning between movements or adjusting their stance. Body positioning is generally stable, but not always optimal for the movements being performed, with some postures appearing slightly awkward or unbalanced. The person seems to be aware of their surroundings and the camera, which suggests a level of comfort in the environment.

4. Final verdict: Intermediate Expert",Intermediate Expert,True,68,"1. Movement quality: The person's movements are generally fluid and purposeful, indicating a good sense of spatial awareness and control. They move efficiently through the space, often transitioning between different areas of the studio with minimal wasted motion. The occasional blurs suggest quick, dynamic movements rather than clumsiness.

2. Technique: The person demonstrates appropriate technique for navigating a studio environment. They use their hands to gesture and point, likely to communicate or direct, which is common in filming or photography setups. Their positioning relative to equipment and the space suggests they are familiar with the layout and purpose of the area.

3. Confidence and control: The person appears confident and in control throughout the sequence. They maintain a steady posture and are able to move around the space without hesitation. Their gestures are deliberate and their body positioning is stable, indicating comfort and familiarity with the environment.

4. Final verdict: Intermediate Expert",Intermediate Expert,True
d351ce4f-6cd3-45f3-8514-77c1eb3adffa,uniandes_dance_011_16,Intermediate Expert,51,"1. Movement quality: The person demonstrates moderate control and fluidity in their movements, transitioning between steps and poses with a degree of grace. However, there are moments where the motion appears slightly stiff or less refined, indicating room for improvement in smoothness and efficiency. The movements are generally purposeful but not yet fully polished.

2. Technique: The individual employs basic dance or movement techniques, including arm gestures, footwork, and body turns. They appear to be following a choreographed sequence, suggesting some level of preparation. However, the technique is not highly refined, with occasional awkwardness in transitions and positioning, indicating a foundational understanding rather than mastery.

3. Confidence and control: The person displays a moderate level of confidence, maintaining a steady posture and executing movements with intention. There are brief moments of hesitation or adjustment, particularly when changing direction or transitioning between poses, but overall, they maintain stability and control. Their body positioning is generally appropriate for the activity, though not consistently optimal.

4. Final verdict: Intermediate Expert",Intermediate Expert,True,51,"1. Movement quality: The person's movements appear somewhat uncoordinated and hesitant. There is a noticeable lack of fluidity, especially when transitioning between standing and sitting positions. Movements are not efficient, with frequent pauses and adjustments, suggesting a lack of practiced motion patterns.

2. Technique: The person does not demonstrate any specific technique relevant to the activity. There is no evidence of practiced gestures, controlled motions, or deliberate positioning. The actions seem spontaneous and unstructured, indicating a lack of technical training or familiarity with the task.

3. Confidence and control: The person exhibits hesitation and instability in their movements. Body positioning is inconsistent, with frequent shifts in posture and orientation. The person appears uncertain, often pausing or adjusting their stance, which suggests a lack of confidence in executing the activity smoothly.

4. Final verdict: Novice",Novice,False
ee8eed89-5348-4a6a-8eb3-f9fc80fad1ea,uniandes_dance_019_18,Intermediate Expert,59,"1. Movement quality: The person demonstrates controlled and fluid movements, transitioning smoothly between poses and steps. The motion appears efficient, with minimal wasted movement, suggesting a good understanding of spatial awareness and timing.

2. Technique: The individual employs specific dance techniques, including precise footwork, graceful arm movements, and dynamic body positioning. The use of the arms to complement the steps and the controlled turns indicate a solid grasp of dance form and rhythm.

3. Confidence and control: The person maintains steady posture and balance throughout the sequence, showing confidence in their movements. There is no visible hesitation or instability, and body positioning remains consistent and intentional, indicating strong control over their performance.

4. Verdict: Intermediate Expert",Intermediate Expert,True,59,"1. Movement quality: The person's movement appears somewhat unsteady and hesitant, with frequent shifts in direction and perspective. The fisheye lens exaggerates the motion, making it appear more erratic than it may be. There is a lack of smooth, controlled transitions, suggesting the person is not yet comfortable with the environment or the equipment.

2. Technique: The person is using a camera or similar device, but the technique is not refined. The camera is often pointed at different areas without clear purpose, and the person seems to be adjusting positions frequently. There is no consistent framing or focus, indicating a lack of technical proficiency in capturing the scene.

3. Confidence and control: The person appears to be exploring the space with curiosity but without confidence. There are moments of hesitation, and the body positioning is not stable or deliberate. The frequent hand movements and shifting gaze suggest uncertainty and a lack of control over the environment.

4. Final verdict: Novice",Novice,False
1e5e4324-4624-468a-9ec0-679f4be6da72,uniandes_dance_017_36,Early Expert,71,"1. Movement quality: The person demonstrates controlled and fluid movements, transitioning smoothly between poses and steps. The motion appears efficient, with minimal wasted movement, suggesting a good understanding of spatial awareness and timing.

2. Technique: The individual employs specific dance techniques, including arm extensions, turns, and dynamic poses that suggest familiarity with choreography. The use of the arms and body in coordinated patterns indicates a practiced approach to the activity.

3. Confidence and control: The person maintains a stable and confident posture throughout the sequence. There is little to no hesitation, and body positioning remains consistent and intentional, indicating strong control over their movements.

4. Final verdict: Intermediate Expert",Intermediate Expert,False,71,"1. Movement quality: The person's movements are generally smooth and controlled, with transitions between positions appearing deliberate and purposeful. There is a clear sense of efficiency in navigating the space, moving from seated positions to standing and back, and adjusting equipment without unnecessary motion. The movements are fluid, especially when interacting with the camera and tripod, indicating a comfortable familiarity with the environment.

2. Technique: The person demonstrates appropriate technique for setting up and operating camera equipment. They handle the camera and tripod with care, making precise adjustments to angles and positions. Their use of the laptop and interaction with the camera setup suggest a methodical approach to the task, indicating an understanding of the technical requirements of the activity.

3. Confidence and control: The person exhibits a high level of confidence and stability throughout the activity. They maintain a steady posture while seated and standing, and their body positioning is consistent and purposeful. There is minimal hesitation, and they appear fully in control of their actions, even when making adjustments or moving around the space.

4. Final verdict: Intermediate Expert",Intermediate Expert,False
96f28cc0-fa8c-4502-afff-092aee3a875b,uniandes_dance_012_22,Intermediate Expert,51,"1. Movement quality: The dancer exhibits a high degree of control and fluidity in her movements. Her transitions between steps and poses are smooth, and she maintains a consistent rhythm throughout the sequence. The efficiency of her movement is evident as she navigates the space with purpose, minimizing unnecessary motion and maximizing expressive gestures.

2. Technique: The dancer employs specific techniques appropriate for dance, including dynamic arm movements, precise footwork, and controlled body isolations. She utilizes the space effectively, incorporating turns, leaps, and directional changes with intention. Her posture remains aligned, and she demonstrates an understanding of spatial awareness and timing.

3. Confidence and control: The dancer displays strong confidence and stability throughout the performance. She maintains a poised stance and executes complex movements without hesitation. Her body positioning is consistent, and she appears fully engaged and in command of her movements, suggesting a high level of comfort and mastery.

4. Verdict: Late Expert",Late Expert,False,51,"1. Movement quality: The person's movements are generally smooth and controlled, with deliberate pacing as they navigate the space. They exhibit efficiency in transitioning between different areas of the room, often moving with purpose. The use of hand gestures suggests intentional interaction with the environment, indicating a level of comfort and familiarity with the space.

2. Technique: The individual demonstrates a clear understanding of spatial awareness, utilizing the room's layout effectively. They position themselves strategically relative to the camera and other equipment, suggesting they are familiar with the setup. The use of hand gestures and controlled movements indicates a technique that is both purposeful and precise, likely aimed at achieving specific visual or communicative goals.

3. Confidence and control: The person appears confident and stable throughout the sequence. There is minimal hesitation in their movements, and their body positioning is consistent with someone who is comfortable in the environment. Their gestures are deliberate and well-timed, indicating a high level of control over their actions.

4. Final verdict: Intermediate Expert",Intermediate Expert,True
a49424bb-676f-471c-8152-6a0b1b5bb6e6,uniandes_dance_012_29,Late Expert,61,"1. Movement quality: The person demonstrates moderate control and fluidity in their movements, transitioning between steps and gestures with a degree of coordination. However, the movements are not consistently smooth or efficient, showing some awkwardness and hesitation, particularly during transitions and when changing direction. The overall motion appears somewhat unrefined and lacks the precision of a highly skilled performer.

2. Technique: The person uses basic techniques appropriate for a dance or movement activity, including stepping patterns, arm movements, and directional changes. However, the technique is not fully developed or consistent; some movements are executed with incorrect form or timing, and there is a lack of synchronization between body parts, indicating limited technical mastery.

3. Confidence and control: The person displays moderate confidence, often maintaining a steady posture and engaging in the activity with purpose. However, there are moments of hesitation, particularly when initiating or changing movements, and body positioning is sometimes unstable, suggesting a lack of full control over their movements. The person appears to be aware of their surroundings and the camera, but this awareness occasionally disrupts their flow.

4. Final verdict: Novice",Novice,False,61,"1. Movement quality: The person demonstrates controlled and deliberate movements, often pausing to adjust position or focus. Movements are generally fluid, especially when transitioning between different areas of the room, but occasionally show slight hesitations or adjustments, indicating a learning curve. The efficiency of movement is moderate, as the person sometimes repositions or reorients themselves multiple times, suggesting they are still familiarizing themselves with the space or the task.

2. Technique: The person uses appropriate techniques for navigating a studio or filming environment, such as using tripods, adjusting camera angles, and positioning themselves relative to subjects or equipment. They appear to be aware of spatial relationships and use gestures or pointing to communicate or direct attention. However, the technique is not consistently refined, as some movements are repetitive or slightly awkward, indicating they are still developing their proficiency.

3. Confidence and control: The person displays a moderate level of confidence, often maintaining a stable posture while interacting with equipment or directing others. There are moments of hesitation, particularly when moving between different areas or adjusting equipment, which suggests they are not yet fully comfortable or confident in their environment. Their body positioning is generally stable, but occasionally shifts or adjusts, indicating a need for more consistent control.

4. Final verdict: Intermediate Expert",Intermediate Expert,False
09d78f26-514a-43c2-a55e-d9b17d5e1a32,upenn_0706_Dance_1_7,Early Expert,141,"1. Movement quality: The person demonstrates moderate control and fluidity in their movements, executing a variety of dance steps and poses with reasonable efficiency. There are moments of slight awkwardness or hesitation, particularly during transitions between movements, but overall the motion is coherent and purposeful.

2. Technique: The person uses basic dance techniques, including arm movements, turns, and leg lifts, but the execution is not highly refined. Some movements appear improvised or less synchronized, indicating a foundational understanding rather than mastery of specific dance techniques.

3. Confidence and control: The person shows moderate confidence, maintaining a relatively stable posture throughout the activity. There are occasional moments of hesitation or slight imbalance, especially during more complex movements, but they generally recover and continue with the activity without significant disruption.

4. Final verdict: Intermediate Expert",Intermediate Expert,False,141,"1. Movement quality: The person's movements are generally fluid and controlled, suggesting a good sense of spatial awareness and coordination. They move purposefully around the room, adjusting equipment and positioning themselves with intention. There is a clear efficiency in their actions, indicating they are familiar with the environment and the task at hand.

2. Technique: The person demonstrates proper technique for handling and adjusting camera equipment. They use the tripod and boom pole with precision, ensuring stability and correct positioning. Their movements are deliberate, showing an understanding of the technical aspects of setting up a filming or photography session.

3. Confidence and control: The person exhibits high confidence and control throughout the activity. They maintain a steady posture and are unhesitant in their movements, even when adjusting equipment or moving around the room. Their body positioning is stable, indicating they are comfortable and in control of their environment.

4. Final verdict: Intermediate Expert",Intermediate Expert,False
989d5e04-bb58-4db9-9d58-9639adc4cd43,upenn_0730_Dance_1_4,Intermediate Expert,263,"1. Movement quality: The person demonstrates controlled and deliberate movements, maintaining a steady pace and spatial awareness. Their steps are fluid and efficient, indicating a good understanding of the space and the activity. They move with purpose, avoiding unnecessary motions, which suggests a level of comfort and familiarity with the task.

2. Technique: The individual appears to be using proper technique for the activity, which involves holding and manipulating an object (possibly a controller or device) with both hands. Their posture and hand positioning suggest they are focused on the task, and their movements are coordinated, indicating a practiced approach to the activity.

3. Confidence and control: The person exhibits confidence and stability throughout the activity. They maintain a consistent stance and show no signs of hesitation or uncertainty. Their body positioning is balanced and appropriate for the task, suggesting they are in control of their movements and the object they are handling.

4. Final verdict: Intermediate Expert",Intermediate Expert,True,263,"1. Movement quality: The person demonstrates controlled and deliberate movements. They walk with purpose, transitioning smoothly between different areas of the room. Their movements are efficient, avoiding unnecessary steps or hesitations, indicating a good sense of spatial awareness and intentionality.

2. Technique: The person uses appropriate technique for navigating the space. They maintain a balanced posture and use their arms and legs in coordination to move effectively. When interacting with objects, such as the whiteboard or tripod, they do so with precision, suggesting familiarity with the environment and the task at hand.

3. Confidence and control: The person appears confident and in control throughout the activity. They do not show signs of hesitation or instability. Their body positioning is consistent and appropriate for the tasks they are performing, indicating a high level of comfort and competence in the environment.

4. Final verdict: Intermediate Expert",Intermediate Expert,True
62d2aac8-8afb-4193-830f-8d156bedf232,upenn_0720_Dance_3_13,Early Expert,66,"1. Movement quality: The person demonstrates moderate control and fluidity in their movements, transitioning between poses with a degree of grace. However, some movements appear slightly stiff or awkward, particularly in the transitions between poses, indicating a lack of full efficiency. The overall motion is not highly refined, suggesting room for improvement in smoothness and precision.

2. Technique: The person employs basic dance or movement techniques, such as arm extensions, turns, and jumps, but the execution lacks the precision and alignment typical of more advanced practitioners. The use of space and timing is inconsistent, and some movements are performed with less than optimal form, indicating a foundational understanding but not mastery of technique.

3. Confidence and control: The person appears confident in initiating and performing movements, often standing tall and maintaining a centered posture. However, there are moments of hesitation, particularly when transitioning between poses or adjusting their stance. Stability is generally good, but not consistently maintained, especially during dynamic movements like jumps or turns, which sometimes result in slight wobbles or imbalance.

4. Final verdict: Novice",Novice,False,66,"1. Movement quality: The person's movement appears somewhat uncoordinated and hesitant. In several frames, they are seen walking or standing in awkward positions, and there are moments of motion blur indicating rushed or unstable movement. The transitions between positions are not smooth, suggesting a lack of fluidity and efficiency.

2. Technique: The person is using a tripod and appears to be setting up or adjusting equipment, which requires careful handling. However, their technique is inconsistent; they sometimes hold the tripod with one hand while moving, and at other times, they seem to be adjusting the camera or tripod without proper stabilization. The use of a ring light suggests an attempt at professional lighting, but the setup is not always stable or correctly positioned.

3. Confidence and control: The person shows signs of hesitation and uncertainty. In some frames, they appear to be looking around or adjusting their position without clear purpose. Their body positioning is often unstable, with one foot forward or arms outstretched for balance. There is a lack of confident, controlled movements, especially when interacting with the equipment.

4. Final verdict: Novice",Novice,False
f6890d9d-d0c3-43c8-9400-6cff7cc17801,uniandes_dance_007_4,Intermediate Expert,32,"1. Movement quality: The person demonstrates moderate control and fluidity in their movements. Their steps are generally smooth, but there are moments of slight hesitation and adjustment, particularly when transitioning between steps or changing direction. The efficiency of movement is somewhat compromised by these pauses and minor corrections, indicating they are not yet fully optimized for the activity.

2. Technique: The person is using basic techniques appropriate for the activity, such as maintaining a balanced stance and using arm movements to complement their steps. However, their technique is not refined; there are visible moments of imbalance and awkwardness, especially when shifting weight or turning. The use of the equipment (likely a jump rope or similar) is inconsistent, with occasional fumbles or missteps.

3. Confidence and control: The person shows moderate confidence, as they continue performing despite occasional errors. However, there are clear moments of instability, such as when they bend or lean to adjust their position. Their body positioning is often reactive rather than proactive, suggesting they are still learning to maintain consistent control.

4. Final verdict: Novice",Novice,False,32,"1. Movement quality: The person's movements appear somewhat uncoordinated and hesitant. There are frequent pauses and shifts in posture, suggesting a lack of smooth, fluid motion. The transitions between positions are not efficient, indicating possible unfamiliarity with the space or activity.

2. Technique: The person is not employing any specific or refined techniques. Movements are basic and appear improvised, without clear patterns or purposeful execution. The use of hands and body positioning seems random, lacking the precision or intentionality typical of skilled performers.

3. Confidence and control: The person shows signs of hesitation and uncertainty. Body positioning is inconsistent, and there is a lack of stable posture during movement. The person frequently looks around, suggesting a lack of confidence in their actions or environment.

4. Final verdict: Novice",Novice,False
f60ab291-aa57-4e41-bbbe-e9ab817f3246,uniandes_dance_012_33,Late Expert,55,"1. Movement quality: The person demonstrates controlled and fluid movements, transitioning smoothly between poses and steps. The motions are efficient, with clear intention and purpose, suggesting a practiced approach to the activity. There is a noticeable lack of wasted motion, indicating a good understanding of spatial awareness and movement economy.

2. Technique: The individual employs specific techniques typical of martial arts or dance, including stances, arm movements, and directional shifts. The use of body alignment, balance, and controlled transitions suggests a solid grasp of the technical aspects of the activity. The movements are deliberate and precise, indicating a focus on form and execution.

3. Confidence and control: The person exhibits high confidence and stability throughout the sequence. There are no visible hesitations or stumbles, and body positioning remains consistent and grounded. The individual maintains a strong posture and appears fully in command of their movements, even during complex transitions.

4. Verdict: Early Expert",Early Expert,False,55,"1. Movement quality: The person's movements appear somewhat uncoordinated and hesitant, with frequent pauses and shifts in direction. There is a lack of smooth, fluid motion, and the movements often seem reactive rather than planned. The person frequently moves their hands and arms in a way that suggests uncertainty or lack of rhythm, and the transitions between positions are not particularly efficient.

2. Technique: The person is not applying any specific or refined technique. Movements are not purposeful or consistent, and there is no evidence of practiced or deliberate motion patterns. The person seems to be exploring the space without a clear strategy or method, indicating a lack of technical proficiency.

3. Confidence and control: The person frequently hesitates, often pausing to look around or adjust their position. Their body positioning is unstable, with frequent shifts in stance and posture. The person appears unsure of their movements, often extending their arms or hands in a way that suggests they are trying to maintain balance or orientation rather than executing a specific action.

4. Final verdict: Novice",Novice,False
49bb4a74-17a2-4375-9073-2beb29c76137,upenn_0706_Dance_2_2,Intermediate Expert,202,"1. Movement quality: The person demonstrates moderate control and fluidity in their movements, executing dance steps with a degree of rhythm and coordination. However, some movements appear slightly stiff or mechanical, indicating a lack of complete natural flow. The efficiency of movement is average, with occasional pauses or adjustments that suggest the dancer is still refining their motion patterns.

2. Technique: The dancer employs basic dance techniques, including arm movements, footwork, and body isolations. While the movements are recognizable as dance-related, they lack the precision and refinement typically seen in more advanced practitioners. The use of space and timing is somewhat inconsistent, indicating room for improvement in technique.

3. Confidence and control: The person displays a moderate level of confidence, maintaining a steady posture and engaging with the space. There are moments of hesitation, particularly when transitioning between movements or adjusting their position. Body positioning is generally stable, but not always optimal, suggesting the dancer is still building confidence and control.

4. Final verdict: Intermediate Expert",Intermediate Expert,True,202,"1. Movement quality: The person's movements are generally smooth and controlled, indicating a good sense of spatial awareness and coordination. They move deliberately, often pausing to adjust equipment or position themselves, which suggests a focus on precision rather than speed. The transitions between different areas of the room are fluid, and they avoid abrupt or jerky motions, which contributes to an overall sense of efficiency in their actions.

2. Technique: The person demonstrates a clear understanding of the technical aspects of the activity. They are seen setting up and adjusting tripods, positioning lighting equipment, and interacting with cameras in a methodical manner. Their use of the tripod and camera equipment suggests familiarity with the tools, and they appear to be making deliberate adjustments to achieve the desired setup. The presence of multiple cameras and lighting rigs indicates a professional or semi-professional approach to the task.

3. Confidence and control: The person exhibits a high level of confidence and control throughout the activity. They move with purpose and maintain a steady posture, even when adjusting equipment or interacting with others. There is minimal hesitation, and they appear comfortable in the environment, suggesting they are experienced in this type of setup. Their body positioning is stable, and they often stand with a relaxed but alert posture, indicating they are in control of the situation.

4. Final verdict: Intermediate Expert",Intermediate Expert,True
479f94a8-acb9-4157-b6bd-4f2a2a6cf3c9,uniandes_dance_020_61,Early Expert,68,"1. Movement quality: The person demonstrates a high degree of control, fluidity, and efficiency in their movements. Transitions between poses and steps are smooth and deliberate, indicating a strong command over their body. The choreography appears well-rehearsed, with movements executed with precision and grace, suggesting a high level of physical coordination and rhythm.

2. Technique: The individual employs specific dance techniques such as dynamic arm movements, controlled floor work, and expressive body isolations. They utilize the space effectively, incorporating turns, leaps, and poses that showcase a strong understanding of dance form. The use of the floor for transitions and poses indicates a technical proficiency in contemporary or urban dance styles.

3. Confidence and control: The dancer exhibits a high level of confidence and stability throughout the performance. There are no visible hesitations or stumbles, and their body positioning is consistently strong and intentional. They maintain a poised and expressive demeanor, indicating a deep comfort and mastery in their chosen style.

4. Final verdict: Late Expert",Late Expert,False,68,"1. Movement quality: The person's movements are generally fluid and controlled, with smooth transitions between positions and gestures. They demonstrate efficiency in navigating the space, often moving with purpose and maintaining a clear trajectory. There are moments of slight blurring or motion artifacts, but these are consistent with dynamic movement rather than lack of control.

2. Technique: The person employs specific techniques such as pointing, gesturing, and controlled body positioning to interact with the environment. They use their hands deliberately to emphasize points or direct attention, and their body orientation is often aligned with the focal points of interest, such as the black curtains or the banner. The use of the camera’s fisheye lens suggests an awareness of perspective and spatial relationships.

3. Confidence and control: The person displays a high level of confidence, often extending their arms or pointing with precision. Their body positioning is stable, and they maintain balance even during dynamic movements. There is minimal hesitation, and their movements are deliberate and intentional, indicating comfort and familiarity with the environment.

4. Final verdict: Intermediate Expert",Intermediate Expert,False
dd258fcf-873f-4fcd-b2d3-04525159b68a,uniandes_dance_022_5,Novice,62,"1. Movement quality: The person demonstrates moderate control and fluidity in their movements, executing a series of dance-like gestures and steps. The motions are generally smooth but occasionally show slight stiffness or abrupt transitions, indicating a developing sense of rhythm and flow. The efficiency of movement is average, with some movements appearing slightly redundant or not fully optimized for space or energy conservation.

2. Technique: The individual employs basic dance techniques, including arm extensions, body turns, and footwork, but the execution lacks precision and consistency. Movements are not always aligned with the principles of the style being performed, and there is visible effort to maintain form, suggesting a foundational understanding but not mastery. The use of space and timing is inconsistent, with some gestures appearing rushed or underdeveloped.

3. Confidence and control: The person displays a moderate level of confidence, maintaining a steady posture and engaging with the space. There are moments of hesitation, particularly when transitioning between movements or adjusting positioning, which suggests a lack of full command over the choreography. Body positioning is generally stable, but the individual occasionally shifts weight or posture in ways that indicate uncertainty or a need to reorient.

4. Final verdict: Intermediate Expert",Intermediate Expert,False,62,"1. Movement quality: The person's movements appear somewhat uncoordinated and hesitant, especially when transitioning between different areas of the room. There is a noticeable lack of fluidity, with abrupt changes in direction and positioning. The movements are not efficient, often requiring multiple steps or repositioning to achieve a desired orientation or task.

2. Technique: The person is not consistently applying proper technique for the activity. They frequently adjust their position and orientation without a clear, deliberate plan. The use of equipment, such as the tripod, seems inconsistent, and there is no evidence of refined or practiced techniques for setting up or operating the equipment.

3. Confidence and control: The person exhibits a lack of confidence, often hesitating before making movements or decisions. Their body positioning is unstable, with frequent shifts in stance and posture. There is a clear lack of control over their movements, as evidenced by the frequent need to reposition themselves and the equipment.

4. Final verdict: Novice",Novice,True
603787e2-be4b-4b24-9632-34921013623f,uniandes_dance_021_17,Intermediate Expert,60,"1. Movement quality: The person demonstrates moderate control and fluidity in their movements, transitioning between poses with a degree of grace. However, some movements appear slightly stiff or mechanical, indicating a lack of complete natural flow. The efficiency of movement is average, with no clear signs of wasted motion, but the transitions between different dance styles or poses are not seamless.

2. Technique: The individual employs basic dance techniques, including arm gestures, footwork, and body posture appropriate for a dance or performance setting. They use their arms expressively and maintain a relatively upright posture. However, the technique lacks refinement and precision, with some movements appearing improvised or less polished than they could be.

3. Confidence and control: The person appears confident in their performance, maintaining a steady stance and engaging with the space. There is minimal hesitation, and their body positioning is generally stable, though occasionally they seem to adjust their balance or posture mid-movement. Their overall demeanor suggests they are comfortable in front of the cameras.

4. Final verdict: Intermediate Expert",Intermediate Expert,True,60,"1. Movement quality: The person's movements are generally fluid and controlled, with smooth transitions between different positions and orientations. They move efficiently through the space, often adjusting their position or orientation with purpose, suggesting a good sense of spatial awareness. There are occasional moments of blurring or slight instability, likely due to rapid movement or camera motion, but these are not frequent or disruptive.

2. Technique: The person demonstrates a clear understanding of the environment, using the space effectively. They utilize the camera's wide-angle lens to capture the entire room, often adjusting their position to frame the scene or focus on specific elements. Their use of hand gestures and body positioning suggests they are actively engaging with the space, possibly directing or interacting with others or equipment. The presence of multiple cameras and tripods indicates they are familiar with the setup and are likely operating within a professional or semi-professional context.

3. Confidence and control: The person appears confident and in control throughout the sequence. They move with purpose and maintain a steady posture, even when adjusting the camera or interacting with the environment. There are no noticeable hesitations or awkward movements, and their body positioning is generally stable, indicating a high level of comfort and familiarity with the activity.

4. Final verdict: Intermediate Expert",Intermediate Expert,True
fad811da-e457-4d2a-8cf4-c3a09c11a41a,uniandes_dance_019_15,Intermediate Expert,80,"1. Movement quality: The dancer exhibits a high degree of control, fluidity, and efficiency in her movements. Her transitions between poses and steps are smooth, with minimal wasted motion. She maintains consistent momentum and spatial awareness, moving gracefully across the floor and executing complex sequences with precision.

2. Technique: The dancer demonstrates strong technique specific to dance, including proper alignment, use of turnout, and dynamic use of the arms and torso. She incorporates expressive gestures and controlled floor work, showing a deep understanding of rhythm, timing, and spatial dynamics. Her use of the floor for transitions and poses indicates advanced training.

3. Confidence and control: The dancer displays remarkable confidence and control throughout the performance. She maintains stable body positioning, even during complex movements and transitions. There are no visible hesitations or stumbles; her movements are deliberate and assured, indicating a high level of comfort and mastery in her environment.

4. Verdict: Late Expert",Late Expert,False,80,"1. Movement quality: The person's movements are generally fluid and controlled, with smooth transitions between different areas of the space. They move with purpose, often walking or turning with a clear direction, and their movements are efficient, avoiding unnecessary steps or hesitations. The use of the camera and tripod suggests a familiarity with the environment and the task at hand.

2. Technique: The person demonstrates a good understanding of the technical aspects of the activity, such as operating a camera on a tripod, adjusting positions, and interacting with equipment. They are also adept at navigating the space, using hand gestures to indicate or adjust elements, and maintaining a steady posture while working. Their technique is consistent and shows an awareness of spatial relationships and equipment placement.

3. Confidence and control: The person appears confident and in control throughout the activity. They maintain a steady posture, often standing or moving with purpose, and their body positioning suggests they are comfortable and familiar with the environment. There are minimal signs of hesitation or instability, and they seem to be in command of their surroundings.

4. Final verdict: Intermediate Expert",Intermediate Expert,True
0eadf1dd-55c6-4cd1-8b2d-5b132fcb5016,uniandes_dance_022_27,Late Expert,59,"1. Movement quality: The dancer exhibits a high degree of control, fluidity, and efficiency. Her transitions between poses and steps are smooth, with minimal wasted motion. She maintains consistent momentum and spatial awareness, moving with purpose and precision across the floor.

2. Technique: The dancer demonstrates strong technique specific to dance, including proper alignment, use of turnout, and dynamic arm movements that complement her footwork. She utilizes the full range of motion in her limbs, executes turns with balance, and incorporates expressive gestures that enhance the choreography.

3. Confidence and control: The dancer displays remarkable confidence and control throughout the performance. She maintains stable posture and balance even during complex movements, with no visible hesitation or loss of composure. Her body positioning is intentional and expressive, indicating a deep understanding of the choreography and stage presence.

4. Final verdict: Late Expert",Late Expert,True,59,"1. Movement quality: The person's movements are characterized by frequent, abrupt changes in direction and perspective, often resulting in motion blur and disorienting transitions. This suggests a lack of smooth, controlled motion, indicating either inexperience or an intentional, experimental approach. Movements are not fluid or efficient, often appearing rushed or uncoordinated.

2. Technique: The person appears to be using a first-person perspective, likely from a head-mounted or handheld camera, which is common in immersive or experimental filming. However, the technique is inconsistent, with frequent camera tilts, pans, and sudden movements that disrupt the visual flow. There is no clear, deliberate technique for framing or composition, suggesting a lack of formal training or a focus on spontaneity.

3. Confidence and control: The person frequently moves their hands and arms in front of the camera, sometimes obscuring the view, which may indicate a lack of confidence or an attempt to interact with the environment. Body positioning is unstable, with frequent shifts in stance and orientation. There are moments of hesitation, particularly when transitioning between areas or when the camera is pointed at the floor or walls, suggesting uncertainty or a lack of spatial awareness.

4. Final verdict: Novice",Novice,False
9d950899-e619-4399-867c-70871cc0d679,uniandes_dance_024_4,Novice,65,"1. Movement quality: The person demonstrates moderate control and fluidity in their movements, executing a series of dance-like gestures and steps. The motions are generally smooth but occasionally show slight stiffness or hesitation, particularly during transitions. The efficiency of movement is average, as the person covers space with purpose but sometimes repeats or pauses, indicating a lack of seamless flow.

2. Technique: The individual employs basic dance techniques, including arm extensions, body turns, and footwork, which suggest an understanding of choreographic structure. However, the execution lacks precision and consistency, with some movements appearing improvised or unrefined. The use of space and timing is not fully optimized, indicating room for improvement in technical mastery.

3. Confidence and control: The person displays a moderate level of confidence, maintaining a steady posture and engaging with the space. There are moments of hesitation, particularly when transitioning between movements or adjusting their stance. Body positioning is generally stable, but the person occasionally shifts weight or adjusts their balance, suggesting a need for greater stability and poise.

4. Final verdict: Intermediate Expert",Intermediate Expert,False,65,"1. Movement quality: The person's movement appears somewhat uncoordinated and hesitant. There are frequent pauses and shifts in direction, suggesting a lack of smooth, fluid motion. The transitions between different areas of the room are not efficient, indicating a possible lack of spatial awareness or purposeful navigation.

2. Technique: The person is not employing any specific technical skills related to the activity. There is no evidence of deliberate movement patterns, use of equipment, or any technique that would suggest expertise in a particular skill set. The movements seem spontaneous and unstructured.

3. Confidence and control: The person exhibits a lack of confidence, as evidenced by frequent hand gestures and movements that appear uncertain. Body positioning is inconsistent, with the person often looking down or moving in a way that suggests they are not fully in control of their environment. There is a noticeable hesitation in their actions.

4. Final verdict: Novice",Novice,True
7e4d7d4f-abfb-4e89-87e0-7f86e27ada86,uniandes_dance_008_44,Intermediate Expert,44,"1. Movement quality: The person demonstrates moderate control and fluidity in their movements, transitioning between steps and turns with a consistent rhythm. The motion appears efficient for the space, with clear intention in each step, though there are moments where the flow is slightly interrupted by pauses or adjustments.

2. Technique: The individual employs basic dance or movement techniques, including arm movements that complement their steps, weight shifts, and directional changes. They appear to be following a choreographed sequence, indicating an understanding of spatial awareness and timing, though the execution lacks the precision and refinement of a more advanced practitioner.

3. Confidence and control: The person maintains a generally stable posture and demonstrates confidence in their movements, executing turns and steps with purpose. There are occasional hesitations, particularly when transitioning between movements or adjusting their position, but these are minor and do not significantly disrupt the overall flow. Their body positioning remains balanced and centered throughout.

4. Verdict: Intermediate Expert",Intermediate Expert,True,44,"1. Movement quality: The person's movements are somewhat uncoordinated and jerky, with frequent shifts in perspective and abrupt changes in direction. The camera often tilts or pans erratically, suggesting a lack of smooth control. Movements are not fluid, and there is a noticeable lack of efficiency, as the person frequently repositions themselves and the camera, sometimes even appearing to lose balance or orientation.

2. Technique: The person appears to be using a fisheye lens or a wide-angle camera, which distorts the field of view. The technique is inconsistent, with the camera often pointed at the floor or walls rather than maintaining a steady focus on the activity. There is no clear pattern or method to the movement, and the person seems to be exploring the space rather than executing a specific technique.

3. Confidence and control: The person shows signs of hesitation and uncertainty, frequently adjusting their position and the camera angle. Body positioning is unstable, with the person often appearing to be in motion or adjusting their stance. There is a lack of confidence in maintaining a steady frame or executing deliberate movements.

4. Verdict: Novice",Novice,False
d5d3590f-44e7-4305-b612-ff055b0e688a,uniandes_dance_024_2,Novice,72,"1. Movement quality: The person demonstrates moderate control and fluidity in their movements, executing a series of dance-like gestures and steps. The motions are generally smooth but occasionally show slight stiffness or abruptness, particularly during transitions. The efficiency of movement is average; while the person covers space and maintains rhythm, there are moments where movements appear less refined or purposeful, suggesting room for improvement in flow and spatial awareness.

2. Technique: The individual employs basic dance techniques, including arm extensions, body turns, and footwork, which are fundamental to many dance styles. However, the execution lacks precision and consistency. Arm movements are sometimes imprecise, and footwork appears somewhat uncoordinated at times. The person does not consistently maintain proper posture or alignment, which affects the overall technique. There is minimal use of advanced techniques such as isolations, dynamic transitions, or rhythmic synchronization.

3. Confidence and control: The person displays a moderate level of confidence, maintaining a steady presence in the space and engaging with the activity. There are occasional hesitations, particularly when transitioning between movements or adjusting posture. Body positioning is generally stable, but not always optimal, with moments of slight imbalance or awkward stance. The individual appears focused but not fully in command of their movements, indicating a developing level of control.

4. Final verdict: Intermediate Expert",Intermediate Expert,False,72,"1. Movement quality: The person's movements are generally smooth and controlled, with a clear intention to navigate the space. They move with purpose, often turning their body to face different areas of the room, indicating a good sense of spatial awareness. The transitions between different focal points are fluid, suggesting comfort and familiarity with the environment.

2. Technique: The person uses a variety of techniques to interact with the space, including panning the camera to capture different areas, zooming in on specific elements (like the banner or the black curtains), and occasionally pointing or gesturing to emphasize certain features. They also adjust their position to get the best angle for filming or observing, demonstrating an understanding of camera work and spatial composition.

3. Confidence and control: The person appears confident and in control throughout the video. They move steadily without hesitation, maintaining a stable posture and often keeping their hands visible, which suggests they are comfortable with the camera and the environment. Their body positioning is deliberate, often facing the camera or turning to capture different angles, indicating a high level of comfort and control.

4. Final verdict: Intermediate Expert",Intermediate Expert,False
cd81519b-13c1-437e-b357-8ec99ae9c757,uniandes_dance_011_33,Late Expert,57,"1. Movement quality: The person demonstrates moderate control and fluidity in their movements, transitioning between steps and poses with a degree of grace. However, there are moments of slight inefficiency, such as minor adjustments in stance and occasional pauses, indicating that movements are not yet fully optimized. The overall motion is not overly rigid but also lacks the seamless flow of a highly skilled performer.

2. Technique: The individual appears to be using basic techniques appropriate for the activity, such as maintaining balance and shifting weight between feet. They occasionally use hand gestures and adjust their posture, suggesting an attempt to incorporate expressive or stylistic elements. However, the technique is not consistently refined, and some movements appear improvised or unpolished.

3. Confidence and control: The person displays a moderate level of confidence, often standing tall and engaging with the space. There are moments of hesitation, particularly when adjusting posture or transitioning between movements, which suggests they are still building muscle memory and spatial awareness. Their body positioning is generally stable, but not always optimal, indicating a developing sense of control.

4. Final verdict: Intermediate Expert",Intermediate Expert,False,57,"1. Movement quality: The person's movements appear somewhat uncoordinated and hesitant. They frequently shift their weight and change direction without clear purpose, suggesting a lack of smooth, controlled motion. The movements are not fluid or efficient, often involving unnecessary steps or pauses.

2. Technique: The person does not demonstrate any specific technique related to the activity. Their actions are inconsistent and appear improvised, lacking any structured or practiced method. There is no evidence of refined motor skills or understanding of the activity's mechanics.

3. Confidence and control: The person shows signs of hesitation and uncertainty. Their body positioning is unstable, often shifting or leaning, indicating a lack of confidence. They frequently look down or around, suggesting they are not fully engaged or in control of their environment.

4. Final verdict: Novice",Novice,False
adad25b8-0920-4181-9bd4-1f8207e85d82,uniandes_dance_019_49,Late Expert,89,"1. Movement quality: The dancer exhibits moderate control and fluidity, with movements that are generally smooth but occasionally show slight stiffness or hesitation. The transitions between steps are not always seamless, indicating a developing sense of rhythm and flow. The efficiency of movement is average, with some movements appearing slightly redundant or less optimized for space.

2. Technique: The dancer demonstrates basic technique appropriate for the style, with visible use of footwork, arm movements, and body isolations. However, the execution lacks precision and consistency, with some gestures appearing rushed or incomplete. The dancer’s posture and alignment are generally correct but not consistently maintained, suggesting room for improvement in technical refinement.

3. Confidence and control: The dancer displays moderate confidence, often pausing or adjusting posture before executing movements. There are moments of hesitation, particularly when transitioning between directions or initiating complex gestures. Body positioning is mostly stable, but the dancer occasionally shifts weight unevenly or loses balance slightly, indicating a need for greater core control and spatial awareness.

4. Verdict: Intermediate Expert",Intermediate Expert,False,89,"1. Movement quality: The person's movements are generally smooth and controlled, with a clear sense of purpose as they navigate the space. They move efficiently between different areas, often pausing to interact with equipment or observe the environment. The transitions between positions are fluid, indicating a good understanding of spatial awareness.

2. Technique: The person demonstrates appropriate technique for setting up or managing a filming or performance space. They handle equipment like tripods and black curtains with care, positioning them correctly. Their movements suggest familiarity with the layout and purpose of the space, indicating they know how to use the equipment effectively.

3. Confidence and control: The person appears confident and in control throughout the activity. They maintain a steady posture and move with assurance, even when adjusting equipment or interacting with others. There is minimal hesitation, and their body positioning suggests they are comfortable and experienced in this environment.

4. Final verdict: Intermediate Expert",Intermediate Expert,False
dfb66cb4-6235-4f55-b361-934586fbcaaa,uniandes_dance_022_10,Novice,81,"1. Movement quality: The person demonstrates moderate control and fluidity in their movements, transitioning between poses and steps with a degree of grace. However, some movements appear slightly stiff or deliberate, suggesting they are not yet fully comfortable with the flow. The efficiency of movement is average, with some pauses and adjustments indicating a focus on form over speed or fluidity.

2. Technique: The person uses basic dance or performance techniques, such as arm extensions, turns, and weight shifts. They appear to be following a choreographed sequence, but the execution lacks precision and consistency. The use of space and timing is uneven, with moments of hesitation and missteps, indicating a developing understanding of the technique.

3. Confidence and control: The person shows moderate confidence, standing tall and maintaining a generally stable posture. However, there are moments of hesitation, particularly when transitioning between movements or adjusting their stance. Their body positioning is mostly correct, but not consistently aligned or balanced, suggesting they are still building confidence and control.

4. Final verdict: Intermediate Expert",Intermediate Expert,False,81,"1. Movement quality: The person's movements are generally controlled and deliberate, with smooth transitions between positions. They move efficiently across the space, often returning to a central point or adjusting their stance with purpose. There is minimal wasted motion, indicating a good sense of spatial awareness.

2. Technique: The person demonstrates appropriate technique for navigating a performance or rehearsal space. They use their hands to gesture or point, likely for communication or direction, and maintain a stable posture while moving. Their use of the space suggests familiarity with the environment, including positioning relative to the black curtains and tripod.

3. Confidence and control: The person appears confident and in control throughout the sequence. They do not hesitate or appear uncertain in their movements. Their body positioning is stable, and they maintain a consistent posture, even when gesturing or shifting weight. This suggests comfort and experience in this setting.

4. Final verdict: Intermediate Expert",Intermediate Expert,False
35a3c4e1-f420-4242-bcab-4d208dc9a391,upenn_0706_Dance_2_5,Intermediate Expert,160,"1. Movement quality: The person demonstrates moderate control and fluidity in their movements, executing steps with a consistent rhythm. However, there are moments where the motion appears slightly stiff or mechanical, indicating a lack of full natural flow. The efficiency of movement is decent, with transitions between steps being generally smooth, though not always seamless.

2. Technique: The individual employs basic dance techniques, including arm movements and footwork, which are fundamental to the activity. They maintain a relatively upright posture and use their arms to complement their steps, suggesting an understanding of basic dance form. However, the technique lacks refinement, with some movements appearing improvised or less polished.

3. Confidence and control: The person displays a moderate level of confidence, maintaining a steady pace and generally staying centered. There are occasional moments of hesitation, particularly when transitioning between movements or adjusting their position. Their body positioning is mostly stable, with minimal swaying or imbalance, indicating a solid foundation in balance and posture.

4. Final verdict: Intermediate Expert",Intermediate Expert,True,160,"1. Movement quality: The person's movement is characterized by frequent, abrupt shifts in perspective, often resulting in blurred or disorienting frames. There is a lack of smooth, controlled transitions; instead, the camera is often moved quickly or jerkily, suggesting a lack of spatial awareness or deliberate pacing. The movement is inefficient, as the person frequently repositions the camera without clear purpose, leading to repetitive or redundant views of the same space.

2. Technique: The person appears to be using a handheld camera with a fisheye lens, which inherently distorts perspective. The technique is rudimentary, with no apparent strategy for framing or composition. The camera is often pointed directly at the center of the room or at the equipment, with little variation in angle or focus. There is no evidence of deliberate camera work such as panning, tilting, or zooming to create a narrative or aesthetic effect.

3. Confidence and control: The person frequently appears to be adjusting the camera or moving around the room, often with their hand or arm visible in the frame, indicating a lack of stability. There are moments of hesitation, particularly when the camera is pointed at the equipment or when the person seems to be reorienting themselves. The body positioning is inconsistent, with the person sometimes standing still and other times moving quickly, suggesting a lack of confidence in controlling the camera or the environment.

4. Final verdict: Novice",Novice,False
4d159481-830d-4789-b0ff-368031a98757,uniandes_dance_015_18,Late Expert,47,"1. Movement quality: The dancer exhibits good control and fluidity in her movements. Her transitions between steps are smooth, and she maintains a consistent rhythm. The efficiency of her movement is evident as she covers space with purpose and direction, without unnecessary motions.

2. Technique: She employs proper technique for dance, including balanced posture, controlled arm movements, and dynamic footwork. Her use of space is intentional, and she incorporates turns and directional changes with precision, indicating a solid understanding of dance fundamentals.

3. Confidence and control: The dancer displays high confidence and stability throughout the sequence. She maintains strong body positioning, with her core engaged and posture upright. There are no visible hesitations or loss of balance, suggesting she is fully in command of her movements.

4. Final verdict: Intermediate Expert",Intermediate Expert,False,47,"1. Movement quality: The person demonstrates controlled and deliberate movements, often pausing to adjust the camera or interact with the environment. Movements are generally fluid, especially when transitioning between different areas of the room, but occasionally show slight hesitations or adjustments, indicating a focus on precision rather than speed.

2. Technique: The person uses a first-person perspective, likely from a head-mounted or chest-mounted camera, which suggests they are familiar with immersive recording techniques. They interact with the environment purposefully, such as adjusting the camera angle or moving between different setups, indicating a basic understanding of spatial awareness and camera operation.

3. Confidence and control: The person appears confident in navigating the space, often maintaining a steady posture and clear focus on their actions. There are moments of slight hesitation, particularly when adjusting the camera or moving between setups, but overall, they maintain good body positioning and control, suggesting a comfortable level of familiarity with the activity.

4. Final verdict: Intermediate Expert",Intermediate Expert,False
28c3553f-3212-43ee-a050-7ea2d49fdf0e,uniandes_dance_017_58,Novice,66,"1. Movement quality: The dancer exhibits moderate control and fluidity, with movements that are generally smooth but occasionally show slight stiffness or hesitation, particularly during transitions. The efficiency of movement is decent, with clear intention in each step and gesture, though not always perfectly synchronized or seamlessly connected.

2. Technique: The dancer employs basic dance techniques, including arm extensions, turns, and footwork, but the execution lacks precision and consistency. Movements are not always aligned with the expected form for the style being performed, and there are moments where technique appears improvised or unrefined.

3. Confidence and control: The dancer displays moderate confidence, often pausing or adjusting posture before initiating movements. There is visible hesitation at times, especially when transitioning between poses or changing direction. Body positioning is generally stable, but not always optimal, with occasional slight imbalance or lack of alignment.

4. Final verdict: Intermediate Expert",Intermediate Expert,False,66,"1. Movement quality: The person's movements are generally smooth and controlled, with a clear intentionality in navigating the space. They move efficiently between different areas, often transitioning quickly from one focal point to another, suggesting familiarity with the environment. There is minimal wasted motion, and their pathing is purposeful, indicating a good sense of spatial awareness.

2. Technique: The person demonstrates appropriate technique for setting up or interacting with the equipment. They handle the camera tripod and other gear with care, adjusting positions and angles with precision. Their use of hand gestures to interact with the black curtains and other elements suggests a methodical approach to the task at hand, indicating a practiced method for achieving desired outcomes.

3. Confidence and control: The person exhibits high confidence and stability throughout the activity. They maintain a steady posture and are unhesitant in their actions, even when moving through tight spaces or adjusting equipment. Their body positioning is consistent and balanced, allowing them to perform tasks with ease and without visible signs of nervousness or uncertainty.

4. Final verdict: Intermediate Expert",Intermediate Expert,False
02d13286-0b54-46e8-8461-9c056627a97d,upenn_0720_Dance_3_3,Early Expert,72,"1. Movement quality: The person demonstrates moderate control and fluidity in their movements, transitioning between poses and steps with a degree of grace. However, some movements appear slightly stiff or mechanical, indicating a lack of complete natural flow. The efficiency of movement is decent but not optimal, with some unnecessary shifts in weight or positioning.

2. Technique: The individual employs basic dance or movement techniques, such as arm extensions, turns, and leg lifts, but the execution lacks precision and consistency. The use of space and timing is uneven, and some movements are not fully completed or are performed with less than ideal form.

3. Confidence and control: The person shows moderate confidence, often standing tall and maintaining a poised stance during transitions. However, there are moments of hesitation, particularly when changing directions or initiating new movements. Body positioning is generally stable, but not always optimal, with occasional slight wobbles or adjustments.

4. Final verdict: Intermediate Expert",Intermediate Expert,False,72,"1. Movement quality: The person's movement is characterized by frequent, abrupt shifts in direction and perspective, often resulting in motion blur and disorienting transitions. There is a lack of smooth, controlled motion; instead, the movement appears erratic and reactive, suggesting a low level of spatial awareness and coordination. The transitions between different areas (e.g., from the central corridor to the lobby) are jarring and not fluid, indicating inefficient movement patterns.

2. Technique: The person is not employing any discernible technique specific to the activity. The use of equipment (tripods, lighting) appears haphazard, with no consistent setup or adjustment. The person frequently moves around the equipment without apparent purpose, and the camera angles are often unstable or poorly framed. There is no evidence of planning or methodical execution of tasks.

3. Confidence and control: The person exhibits a lack of confidence and stability. There are frequent hesitations and abrupt stops, often accompanied by motion blur that suggests a lack of control over the camera or body. Body positioning is inconsistent, with the person sometimes appearing to be in mid-motion or adjusting their stance without clear purpose. The overall impression is one of uncertainty and discomfort with the environment and the task.

4. Final verdict: Novice",Novice,False
e5488136-6259-4050-bc34-4717cc15dd1a,uniandes_dance_020_11,Early Expert,64,"1. Movement quality: The person demonstrates moderate control and fluidity in their movements, transitioning between poses and steps with a degree of grace. However, the movements are not consistently smooth or refined, showing some stiffness and slight hesitations, particularly during transitions. The efficiency of movement is average, as they occasionally pause or adjust their stance, indicating a lack of seamless flow.

2. Technique: The person employs basic dance techniques, including arm extensions, turns, and weight shifts, but the execution lacks precision and consistency. Their posture is generally upright, but alignment and balance are occasionally compromised, especially during more dynamic movements. The use of space is somewhat limited, and they do not fully utilize the available area, suggesting a developing understanding of spatial awareness.

3. Confidence and control: The person displays moderate confidence, maintaining a steady gaze and generally stable body positioning. However, there are moments of hesitation, particularly when initiating or changing directions, which suggests a lack of complete comfort or mastery. Their body positioning is mostly correct but not consistently optimal, indicating they are still building confidence in their control.

4. Final verdict: Intermediate Expert",Intermediate Expert,False,64,"1. Movement quality: The person's movements appear somewhat uncoordinated and hesitant, with frequent shifts in position and occasional blurring due to motion. The transitions between different areas of the room are not smooth, suggesting a lack of fluidity. Movements are not particularly efficient, as the person often repositions themselves multiple times within the same space, indicating a lack of spatial awareness or planning.

2. Technique: The person is not employing any specific or refined techniques for the activity. There is no evidence of practiced or deliberate movement patterns. The actions seem spontaneous and reactive rather than methodical or skillful. The use of hand gestures appears random and not purposeful, lacking any clear technique or strategy.

3. Confidence and control: The person frequently appears uncertain, with frequent arm movements and body shifts that suggest a lack of stability and confidence. There are moments of hesitation, particularly when moving toward or away from the black curtains or when interacting with the environment. The person’s body positioning is often inconsistent, indicating a lack of control over their movements.

4. Final verdict: Novice",Novice,False
824f472b-db42-4d38-99ed-2750bc14817e,upenn_0629_Dance_3_4,Early Expert,144,"1. Movement quality: The person demonstrates controlled and fluid movements, executing a variety of dance steps with apparent efficiency. Their transitions between movements are smooth, and they maintain a consistent rhythm, indicating a high level of coordination and physical control.

2. Technique: The individual employs specific dance techniques, including arm gestures, footwork, and body isolations. They utilize space effectively, moving across the floor with purpose and maintaining proper posture throughout the sequence. Their movements suggest an understanding of choreographic structure and timing.

3. Confidence and control: The person exhibits strong confidence, maintaining steady body positioning and executing movements with precision. There are no visible hesitations or instability; their posture remains upright and balanced, even during dynamic movements. This indicates a high level of comfort and mastery in the activity.

4. Final verdict: Late Expert",Late Expert,False,144,"1. Movement quality: The person demonstrates controlled and deliberate movements, often pausing to adjust equipment or position themselves. Their movements are generally fluid, especially when transitioning between tasks, and they appear to move efficiently around the space, minimizing unnecessary steps. They handle equipment with care, indicating an awareness of the need for precision.

2. Technique: The person employs specific techniques relevant to setting up or operating camera or lighting equipment. They use a tripod and a boom arm with precision, adjusting heights and angles methodically. Their use of a handheld device (possibly a camera or remote) suggests familiarity with the equipment, and they often position themselves strategically to achieve desired shots or lighting setups.

3. Confidence and control: The person exhibits a high degree of confidence and control. They are stable in their stance, often standing with a balanced posture while making adjustments. There is minimal hesitation, and they maintain a steady focus on their tasks, indicating comfort and experience with the activity. Their body positioning is purposeful, suggesting they are well-versed in the spatial dynamics of the environment.

4. Final verdict: Intermediate Expert",Intermediate Expert,False
215abe5f-a97f-4ee6-87bd-d261e75f1701,uniandes_dance_022_6,Novice,71,"1. Movement quality: The person demonstrates moderate control and fluidity in their movements, transitioning between poses and steps with a degree of grace. However, the movements are not consistently smooth or efficient; there are moments of slight awkwardness and hesitation, particularly when shifting weight or changing direction. The overall motion appears somewhat tentative, lacking the refined polish of a highly skilled performer.

2. Technique: The person employs basic dance or performance techniques, such as arm extensions, turns, and weight shifts, but the execution is inconsistent. The movements are not fully synchronized or precisely executed, and there is a lack of advanced technique such as controlled momentum, precise footwork, or dynamic transitions. The use of space and timing appears somewhat improvised rather than choreographed.

3. Confidence and control: The person displays moderate confidence, often standing with a poised stance and maintaining eye contact with the camera or audience. However, there are moments of hesitation, particularly when initiating movements or changing direction. Body positioning is generally stable, but not always optimal, with occasional slight swaying or imbalance. The person appears to be aware of their surroundings and the camera, but not fully in command of their movements.

4. Final verdict: Novice",Novice,True,71,"1. Movement quality: The person's movements are generally smooth and controlled, with transitions between positions appearing deliberate and purposeful. They move efficiently through the space, often adjusting their position or orientation without unnecessary motion, suggesting a good sense of spatial awareness.

2. Technique: The person demonstrates appropriate technique for navigating a studio environment. They use their hands to gesture or point toward specific areas, likely to direct attention or communicate with others. Their body positioning is stable, and they maintain balance while moving, indicating familiarity with the space and the activity.

3. Confidence and control: The person exhibits confidence in their movements, with minimal hesitation. They maintain a steady posture and appear comfortable in the environment, even when making gestures or shifting positions. Their body language suggests they are in control of their actions and aware of their surroundings.

4. Final verdict: Intermediate Expert",Intermediate Expert,False
657b877d-3cdb-4798-a9bf-101ab82cc95b,uniandes_dance_020_18,Novice,63,"1. Movement quality: The person demonstrates moderate control and fluidity in their movements, transitioning between poses and steps with a degree of grace. However, the movements are not entirely smooth or seamless, showing some stiffness and slight hesitations, particularly when changing directions or initiating new movements. The efficiency of movement is average, as they occasionally pause or adjust their stance, indicating a lack of full momentum or rhythm.

2. Technique: The person employs basic dance or movement techniques, including arm extensions, body turns, and footwork. They appear to be following a choreographed sequence, but the execution lacks precision and consistency. Movements are not always synchronized with the implied rhythm, and some gestures are performed with less than full commitment or accuracy, suggesting a developing understanding of the technique.

3. Confidence and control: The person displays a moderate level of confidence, maintaining a steady posture and engaging with the space. However, there are moments of hesitation, particularly when transitioning between movements or when adjusting their position. Their body positioning is generally stable, but not always optimal, with occasional slight shifts or adjustments that suggest they are still finding their balance and rhythm.

4. Final verdict: Intermediate Expert",Intermediate Expert,False,63,"1. Movement quality: The person's movement appears somewhat unsteady and hesitant, with frequent pauses and shifts in direction. The motion is not fluid or efficient, suggesting a lack of practiced coordination. The person often stops to look around or adjust position, indicating a focus on orientation rather than smooth execution.

2. Technique: The person is not employing any specific or refined techniques for the activity. Movements are basic and appear improvised, without clear patterns or purposeful execution. There is no evidence of advanced body positioning, timing, or spatial awareness that would indicate technical proficiency.

3. Confidence and control: The person shows signs of uncertainty and hesitation, frequently looking around and adjusting their stance. Their body positioning is inconsistent, and they seem to be exploring the space rather than confidently navigating it. This suggests a lack of confidence and control in the environment.

4. Final verdict: Novice",Novice,True
3a2303bf-8d6f-4211-8c25-4430cd051e2d,uniandes_dance_012_14,Intermediate Expert,48,"1. Movement quality: The person demonstrates moderate control and fluidity in their movements, transitioning between steps and arm gestures with a consistent rhythm. The motion appears efficient for the context, with minimal wasted movement, suggesting a practiced routine. However, there are slight variations in timing and spacing, indicating room for refinement.

2. Technique: The individual employs basic dance or movement techniques, including arm movements synchronized with steps and directional changes. The use of space is intentional, with clear patterns and footwork, though the execution lacks the precision and complexity seen in advanced performers. The movements are grounded and balanced, showing an understanding of body alignment.

3. Confidence and control: The person maintains a steady posture and appears confident throughout the sequence, with minimal hesitation. Their body positioning is generally stable, and they exhibit good spatial awareness, adjusting their stance and direction smoothly. There are no visible signs of instability or loss of balance.

4. Final verdict: Intermediate Expert",Intermediate Expert,True,48,"1. Movement quality: The person's movements are generally smooth and controlled, with deliberate transitions between different areas of the room. There is a clear intention in their navigation, suggesting familiarity with the space. The motion is efficient, avoiding unnecessary steps or hesitations, indicating a practiced approach to moving within this environment.

2. Technique: The person employs appropriate techniques for navigating a studio or performance space. They use their hands to gesture or point, which may indicate communication or direction, and they maintain a steady posture while moving. Their use of the space suggests an understanding of spatial awareness and the purpose of the equipment present, such as tripods and curtains.

3. Confidence and control: The person demonstrates confidence in their movements, maintaining a stable posture and clear direction. There are no visible signs of hesitation or uncertainty, and their body positioning is consistent with someone who is comfortable and in control of their environment. Their gestures and movements are purposeful, indicating a high level of comfort and familiarity.

4. Final verdict: Intermediate Expert",Intermediate Expert,True
590c85d3-71c1-4896-9899-a843ccaa6ef2,uniandes_dance_023_56,Early Expert,75,"1. Movement quality: The person demonstrates a high degree of control, fluidity, and efficiency in their movements. Their transitions between poses and steps are smooth and deliberate, indicating a strong command over their body. The choreography appears well-rehearsed, with movements executed with precision and grace, minimizing wasted motion.

2. Technique: The individual employs specific dance techniques, including dynamic arm movements, controlled turns, and precise footwork. They utilize the space effectively, maintaining balance and alignment throughout their performance. The use of body isolations and expressive gestures suggests a deep understanding of the dance form, likely involving elements of contemporary or expressive dance.

3. Confidence and control: The person exhibits a high level of confidence and stability. They maintain strong body positioning, with a grounded stance and poised posture. There is minimal hesitation, and their movements are consistently controlled, even during complex sequences. Their facial expression and body language convey focus and assurance.

4. Final verdict: Late Expert",Late Expert,False,75,"1. Movement quality: The person's movements are generally fluid and controlled, with smooth transitions between different areas of the room. They move with purpose, often walking or turning deliberately, indicating a good sense of spatial awareness. There are moments of quick, purposeful motion, such as when they gesture or adjust their position, which suggests efficiency in movement.

2. Technique: The person demonstrates technique appropriate for navigating a space with equipment and people. They use their hands to gesture or point, which may be part of directing or communicating with others. Their movements are coordinated, and they appear to be aware of their surroundings, avoiding obstacles and maintaining balance. The use of hand gestures suggests they are comfortable with the environment and are likely familiar with the setup.

3. Confidence and control: The person exhibits confidence in their movements, often moving with a steady posture and clear intent. There is minimal hesitation, and they maintain good body positioning, even when moving quickly or gesturing. Their movements are stable, and they appear to be in control of their environment, suggesting a high level of comfort and familiarity with the space.

4. Final verdict: Intermediate Expert",Intermediate Expert,False
