clip_id,take_folder,ground_truth,exo_nframes,exo_answer,exo_predicted,exo_correct,ego_nframes,ego_answer,ego_predicted,ego_correct
b40e861f-60a7-4b55-8757-41a6af4e62e8,upenn_0730_Dance_1_7,Intermediate Expert,206,"The person in the video is engaged in what appears to be a virtual reality (VR) or motion capture activity, likely using a controller or motion-sensing device. Their movements are characterized by a lack of precision and efficiency. They frequently stumble, make wide, uncoordinated swings, and appear to be struggling to maintain balance and control. Their posture is often hunched or awkward, and they seem to be moving in a reactive, rather than intentional, manner. The movements are not fluid or graceful, suggesting they are not yet comfortable with the mechanics of the activity. They also appear hesitant and unsure of their surroundings, indicating a lack of confidence. This behavior is typical of someone who is new to the activity and is still learning the fundamentals. They are not yet able to execute movements with the smoothness, control, or spatial awareness that would indicate an intermediate or advanced skill level.

Verdict: Novice",Novice,False,206,"The person in the video is moving through a large, open space that appears to be a classroom or lab, navigating around furniture like chairs, tables, and movable partitions. They are carrying a device (possibly a camera or sensor) on a tripod or similar mount, suggesting they are setting up or operating recording equipment. Their movements are deliberate and purposeful, indicating they are familiar with the environment and the task at hand. They move with confidence, adjusting their position and the equipment as needed, without hesitation or awkwardness. The presence of multiple tripods and other equipment suggests this is a professional or semi-professional setup, likely for filming or data collection. The person’s ability to navigate the space efficiently, interact with the equipment, and maintain control over their movements indicates a high level of skill and experience. They are not fumbling or making mistakes, and their actions are smooth and coordinated. This level of control, confidence, and efficiency is characteristic of someone who is not a novice but rather an experienced operator.

Verdict: Late Expert",Late Expert,False
4e468597-ba96-40c7-977b-7736a4a3bd73,uniandes_dance_017_3,Novice,69,"To assess the person's skill level, I will analyze their movement, technique, control, and confidence based on the visual evidence.

1.  **Movement Efficiency and Flow:** The person is performing a dance routine. Her movements are generally fluid and connected, suggesting she has practiced the choreography. She transitions between poses and steps with a sense of rhythm and continuity, which is characteristic of someone who is not a complete beginner.

2.  **Technique and Form:** She demonstrates good body alignment and posture throughout the routine. Her arm movements are deliberate and often symmetrical, indicating an understanding of the choreography's structure. She uses her arms expressively to complement her steps, which is a sign of developed technique.

3.  **Control and Precision:** The dancer maintains control over her body and movements. She executes turns, arm extensions, and poses with precision. For example, when she performs a spin or a pose with arms raised, she holds the position with stability. Her footwork is precise, and she navigates the space with confidence, avoiding awkward or uncontrolled movements.

4.  **Confidence and Expression:** Her demeanor is confident. She moves with assurance, making eye contact with the camera or audience (implied by her facing different directions) and expressing herself through her movements. She doesn't appear hesitant or unsure, which is a key indicator of experience.

5.  **Overall Performance:** The routine is well-rehearsed and executed with a clear sense of purpose. She is not just moving; she is performing, using the space effectively and conveying emotion through her dance. This level of performance is beyond a novice and indicates a solid foundation in dance.

Considering all these factors, the dancer is clearly not a novice. She is proficient, confident, and technically sound. While she may not be at the very highest level of mastery (which might involve more complex, highly stylized, or acrobatic elements), her performance is consistent with someone who has trained extensively and is comfortable performing in front of others.

Verdict: Intermediate Expert",Intermediate Expert,False,69,"The visual evidence suggests the person is a Novice. Here's the step-by-step reasoning:

1.  **Movement and Control:** The person frequently moves the camera in a jerky, unsteady manner. There are many instances of motion blur (e.g., images 26, 30, 34, 38, 42, 46, 50, 54, 58, 62, 66, 70, 74, 78, 82, 86, 90, 94, 98, 102, 106, 110, 114, 118, 122, 126, 130, 134, 138, 142, 146, 150, 154, 158, 162, 166, 170, 174, 178, 182, 186, 190, 194, 198, 202, 206, 210, 214, 218, 222, 226, 230, 234, 238, 242, 246, 250, 254, 258, 262, 266, 270, 274, 278, 282, 286, 290, 294, 298, 302, 306, 310, 314, 318, 322, 326, 330, 334, 338, 342, 346, 350, 354, 358, 362, 366, 370, 374, 378, 382, 386, 390, 394, 398, 402, 406, 410, 414, 418, 422, 426, 430, 434, 438, 442, 446, 450, 454, 458, 462, 466, 470, 474, 478, 482, 486, 490, 494, 498, 502, 506, 510, 514, 518, 522, 526, 530, 534, 538, 542, 546, 550, 554, 558, 562, 566, 570, 574, 578, 582, 586, 590, 594, 598, 602, 606, 610, 614, 618, 622, 626, 630, 634, 638, 642, 646, 650, 654, 658, 662, 666, 670, 674, 678, 682, 686, 690, 694, 698, 702, 706, 710, 714,",Novice,True
7d810b75-87a9-4b95-86d0-c970ae6d03a5,uniandes_dance_023_26,Late Expert,58,"To assess the person's skill level, I will analyze their movement, technique, control, and confidence based on the visual evidence.

1.  **Movement Efficiency and Flow:** The person is performing a dance or movement routine. Their movements appear fluid and connected, not stiff or disjointed. They transition between poses and steps with a sense of rhythm and continuity, suggesting they are not just memorizing steps but are integrating them into a cohesive performance. This indicates a good level of physical coordination and understanding of the choreography.

2.  **Technique and Form:** The dancer maintains good posture throughout, with an upright spine and engaged core. Their arm movements are deliberate and expressive, often extending gracefully and in sync with their body's motion. They use their entire body, not just their limbs, to convey the movement. This shows a strong grasp of the technical aspects of the dance style.

3.  **Control and Precision:** The dancer demonstrates excellent control over their body. They are able to hold poses with stability, such as the high arm extensions and the ""fencing"" pose, without wobbling. Their footwork is precise, and they navigate the space with confidence, even when changing direction or executing complex steps. The use of the space is intentional and well-planned.

4.  **Confidence and Expression:** The dancer appears confident and comfortable in front of the camera. They are not hesitant or fumbling; instead, they project energy and expressiveness. Their facial expression, though not perfectly clear, suggests focus and enjoyment. They are fully immersed in the performance, which is a hallmark of an experienced performer.

5.  **Comparison to Skill Levels:**
    *   **Novice:** A novice would likely have stiff movements, poor posture, and lack of control. They might also appear hesitant or unsure.
    *   **Early Expert:** An early expert would show more fluidity and control than a novice, but might still have minor imperfections or less refined expression.
    *   **Intermediate Expert:** An intermediate expert would have strong technique, good control, and expressive movement, but might still be refining their flow or adding more complexity.
    *   **Late Expert:** A late expert would exhibit flawless technique, exceptional control, and a deep, expressive command of the movement. Their performance would be highly polished, confident, and captivating.

The dancer in the video displays a high degree of technical proficiency, expressive control, and confident execution. While they are not performing at the absolute pinnacle of perfection that might be expected from a late expert, they are clearly beyond the novice and early expert stages. Their movements are highly controlled, their technique is strong, and their expression is confident and engaging. This level of skill is characteristic of an Intermediate Expert who has mastered the fundamentals and is now developing their own style and expression.

Verdict: Intermediate Expert",Intermediate Expert,False,58,"The person in the video is navigating a studio environment, likely for filming or photography, as evidenced by the presence of multiple tripods, black curtains, and a branded backdrop. Their movements are characterized by frequent, sometimes abrupt, changes in direction and perspective. They frequently extend their hand into the frame, often in a gesturing or pointing motion, which suggests they are either directing attention, indicating something, or simply interacting with the camera. The camera work is very dynamic, with many frames showing motion blur or rapid pans, indicating a lack of smooth, controlled movement. The person appears to be exploring the space, moving from one side to the other, sometimes pausing to point or gesture, but often without a clear, purposeful trajectory. This suggests they are not yet fully comfortable or confident in their movement within this space, and their actions are more exploratory than deliberate or efficient. They seem to be learning the layout or testing the setup, rather than executing a practiced routine. The frequent hand gestures and the somewhat chaotic camera movement point to a beginner or novice level of skill, as they are not yet fluid or confident in their navigation or interaction with the environment.

Verdict: Novice",Novice,False
6da46fdf-32e1-4f44-a903-ab609f0d750c,uniandes_dance_008_51,Intermediate Expert,55,"To assess the person's skill level, I will analyze their movement efficiency, technique, control, and confidence based on the visual evidence.

1.  **Movement Efficiency and Flow:** The person is performing a dance routine. Her movements appear fluid and connected, with transitions between steps and poses that are relatively smooth. She doesn't seem to be stumbling or hesitating, suggesting a good sense of rhythm and body awareness. She moves across the floor with purpose, covering space effectively.

2.  **Technique and Form:** She demonstrates a variety of dance moves, including turns, arm gestures, and dynamic steps. Her posture is generally upright and engaged. While some movements might be slightly exaggerated or not perfectly aligned (e.g., arm placement at times), this is common in performance and doesn't indicate a lack of understanding of the technique. She is clearly executing the choreography with intention.

3.  **Control and Precision:** The person maintains control over her body throughout the sequence. She is able to execute complex movements like spins and arm extensions with stability. Her footwork is precise, and she lands on her feet consistently. She also uses the space effectively, moving from one point to another with control.

4.  **Confidence and Expression:** Her body language is confident. She holds poses with poise and executes movements with energy. She appears to be fully immersed in the performance, suggesting she is comfortable with the routine and the environment. The presence of multiple cameras and a cameraman indicates this is a professional or semi-professional recording, and her performance is strong enough to warrant such attention.

5.  **Comparison to Skill Levels:**
    *   **Novice:** A novice would likely have stiff movements, poor rhythm, frequent mistakes, and lack of confidence. This person clearly exceeds that level.
    *   **Early Expert:** An early expert would have solid technique, good control, and be able to perform choreography with confidence. This person fits this description well.
    *   **Intermediate Expert:** An intermediate expert would show more refined technique, greater complexity in choreography, and a higher degree of expressiveness and control. While the person is skilled, the choreography doesn't appear to be exceptionally complex or highly stylized, and her movements, while confident, might still have minor imperfections that suggest she is not yet at the very top tier of expertise.
    *   **Late Expert:** A late expert would demonstrate flawless technique, highly sophisticated choreography, and a deep, expressive connection to the movement. The person here is very skilled, but the visual evidence doesn't suggest she is at the pinnacle of mastery.

**Conclusion:**

The person displays a high level of skill, with confident, controlled, and efficient movements. She is clearly proficient in the choreography and performs with energy and expression. However, the movements, while strong, don't appear to be at the level of a late expert, who would likely demonstrate more refined, complex, and flawless execution. She is clearly beyond a novice and early expert level, but the evidence points more towards an intermediate expert who is highly competent and confident.

Verdict: Intermediate Expert",Intermediate Expert,True,55,"The visual evidence suggests the person is a Novice. Here's the step-by-step reasoning:

1.  **Movement Efficiency and Control:** The person's movements are often uncoordinated and inefficient. There are numerous instances of blurred motion (e.g., images 28, 30, 33, 35, 37, 39, 41, 43, 45, 47, 49, 51, 53, 55, 57, 59, 61, 63, 65, 67, 69, 71, 73, 75, 77, 79, 81, 83, 85, 87, 89, 91, 93, 95, 97, 99) which indicate rapid, jerky movements or a lack of smooth control. The camera is often pointed at the floor or the person's own body (e.g., images 4, 5, 6, 7, 8, 9, 10, 11, 12, 13, 14, 15, 16, 17, 18, 19, 20, 21, 22, 23, 24, 25, 26, 27, 29, 31, 32, 34, 36, 38, 40, 42, 44, 46, 48, 50, 52, 54, 56, 58, 60, 62, 64, 66, 68, 70, 72, 74, 76, 78, 80, 82, 84, 86, 88, 90, 92, 94, 96, 98, 100), suggesting they are not yet comfortable with the camera's orientation or are moving in a way that is not intentional for capturing the scene.

2.  **Technique:** The person is not using the camera in a professional or deliberate manner. The shots are often taken from awkward angles or with the camera pointed at the ground (images 4, 5, 6, 7, 8, 9, 10, 11, 12, 13, 14, 15, 16, 17, 18, 19, 20, 21, 22, 23, 24, 25, 26, 27, 29, 31, 32, 34, 36, 38, 40, 42, 44, 46, 48, 50, 52, 54, 56, 58, 60, 62, 64, 66, 68, 70, 72, 74, 76, 78, 80, 82, 84, 86, 88, 90, 92, 94, 96, 98, 100). The person's hand is frequently visible in the frame (e.g., images 18, 20, 22, 24, 26, 28, 30, 32, 34, 36, 38, 40, 42, 44, 46, 48, 50, 52, 54, 56, 58, 60, 62, 64, 66, 68, 70, 72,",Novice,False
92ee422b-2245-4efa-b300-0c5dc2744043,uniandes_dance_022_3,Novice,68,"To assess the person's skill level, I will analyze their movement, technique, control, and confidence based on the visual evidence.

1.  **Movement Efficiency and Flow:** The person is performing a sequence of movements that appear to be choreographed or part of a specific routine. They are not just moving randomly; they are transitioning between poses and steps with a degree of intentionality. The movements are fluid and connected, suggesting a practiced routine rather than a series of isolated actions. This indicates a level of efficiency and understanding of the flow of the activity.

2.  **Technique and Form:** The person demonstrates good posture and alignment throughout the sequence. They maintain a strong, grounded stance, and their arm movements are deliberate and controlled, often extending in specific directions to create visual lines or emphasize poses. This suggests they are aware of their body mechanics and are executing the movements with proper form, which is a hallmark of a trained individual.

3.  **Control and Precision:** The person exhibits excellent control over their body. They are able to hold poses for extended periods, make precise directional changes, and execute complex arm and leg movements with accuracy. The transitions between movements are smooth, indicating a high degree of control over their physical expression. They do not appear to be stumbling or losing balance, which speaks to their stability and coordination.

4.  **Confidence and Expression:** The person's demeanor is confident. They are not hesitant or fumbling; they move with assurance and seem to be fully engaged in the performance. Their facial expression, though not perfectly clear, appears focused and expressive. They are clearly comfortable in the space and with the activity, which is a key indicator of skill and experience.

5.  **Contextual Clues:** The setting is a studio with professional equipment (tripods, cameras, lighting) and a branded backdrop. This suggests the activity is being recorded for a specific purpose, such as a performance, audition, or professional video. The person is not just casually practicing; they are performing for an audience or camera, which requires a higher level of polish and skill.

**Conclusion:**

The person displays a high level of proficiency. Their movements are efficient, their technique is sound, their control is precise, and their confidence is evident. They are clearly not a beginner, and while they may not be at the very highest level of mastery (which might involve more complex, spontaneous, or highly stylized movements), they are well beyond a novice or early stage. They are performing with a level of skill and artistry that is characteristic of someone who has dedicated significant time to practicing and refining their craft.

Verdict: Intermediate Expert",Intermediate Expert,False,68,"The person in the video is operating a camera on a tripod in what appears to be a studio or rehearsal space. Their movements are not fluid or efficient; they frequently move the camera around, sometimes in a jerky, uncontrolled manner, and often point their hand or arm directly at the camera, suggesting they are either adjusting the camera or are unsure of their position. The camera is often pointed at the black backdrop, but the person's movements are inconsistent and lack a clear, deliberate purpose. They appear to be exploring the space or setting up, but their actions are not refined or confident. The presence of multiple people in the background, some seated and one with a camera, suggests a collaborative or production environment, but the person in focus is not demonstrating the control or efficiency expected of an experienced operator. Their movements are hesitant and exploratory, indicating a lack of familiarity or confidence with the equipment and environment.

Verdict: Novice",Novice,True
6cce39fb-95c0-44b3-bddd-b20cd271f6b6,upenn_0629_Dance_3_6,Early Expert,134,"The person in the plaid shirt is performing a dance or movement routine in a studio. Let's analyze their skill level step by step:

1.  **Movement Efficiency and Flow:** The person moves with a clear, deliberate flow. They transition between different poses and steps smoothly, without hesitation or awkwardness. Their movements are not random; they follow a pattern, suggesting they have learned and internalized the choreography.

2.  **Technique and Control:** The individual demonstrates good body control. They execute turns, arm movements, and footwork with precision. For example, they perform a spin, a step-touch, and a pose with their arms extended, all with apparent control. Their posture is generally upright and balanced, indicating a solid foundation.

3.  **Confidence and Expression:** The person appears confident and comfortable in the space. They are not fumbling or looking uncertain. Their movements are expressive and intentional, suggesting they are not just going through the motions but are engaging with the performance.

4.  **Consistency and Repetition:** The routine is performed consistently across multiple repetitions. The person returns to similar positions and executes the same moves with similar quality, which is a hallmark of someone who has practiced the routine.

5.  **Comparison to Novice:** A novice would likely exhibit more hesitation, less fluidity, and less control. They might struggle with transitions or lose balance. This person does not show any of these signs.

6.  **Comparison to Expert Levels:** While they are clearly skilled, they are not at the level of a Late Expert, who would likely perform with even greater precision, speed, and complexity, possibly incorporating more advanced techniques or improvisation. The movements here are solid and well-executed, but they don't appear to be at the peak of technical mastery.

Based on this analysis, the person is clearly skilled and confident, with good technique and control. They are not a beginner, but they are not yet at the highest level of mastery. Their performance is consistent, fluid, and expressive, which aligns with an Intermediate Expert level.

Verdict: Intermediate Expert",Intermediate Expert,False,134,"The person in the video appears to be navigating a space with various pieces of equipment, including tripods, a piano, and lighting rigs. Their movements are somewhat uncoordinated and hesitant, especially in the initial frames where they seem to be adjusting to the environment and the fisheye lens. They frequently look around, gesture with their hands, and appear to be checking their surroundings or equipment, which suggests a lack of confidence or familiarity with the setup. The person also seems to be interacting with others (as seen in frames 3, 4, 35, 36, 37, 38, 39, 40, 41, 42, 43, 44, 45, 46, 47, 48, 49, 50, 51, 52, 53, 54, 55, 56, 57, 58, 59, 60, 61, 62, 63, 64, 65, 66, 67, 68, 69, 70, 71, 72, 73, 74, 75, 76, 77, 78, 79, 80, 81, 82, 83, 84, 85, 86, 87, 88, 89, 90, 91, 92, 93, 94, 95, 96, 97, 98, 99, 100, 101, 102, 103, 104, 105, 106, 107, 108, 109, 110, 111, 112, 113, 114, 115, 116, 117, 118, 119, 120, 121, 122, 123, 124, 125, 126, 127, 128, 129, 130, 131, 132, 133, 134, 135, 136, 137, 138, 139, 140, 141, 142, 143, 144, 145, 146, 147, 148, 149, 150, 151, 152, 153, 154, 155, 156, 157, 158, 159, 160, 161, 162, 163, 164, 165, 166, 167, 168, 169, 170, 171, 172, 173, 174, 175, 176, 177, 178, 179, 180, 181, 182, 183, 184, 185, 186, 187, 188, 189, 190, 191, 192, 193, 194, 195, 196, 197, 198, 199, 200, 201, 202, 203, 204, 205",Unknown,False
ed917883-c69b-4f94-83bd-1c7f583b4331,uniandes_dance_015_22,Late Expert,63,"To assess the person's skill level, I will analyze their movement efficiency, technique, control, and confidence based on the visual evidence.

1.  **Movement Efficiency and Flow:** The person is moving with a clear, rhythmic flow. They transition between different dance moves (steps, arm movements, turns, kicks) smoothly and with purpose. There is no visible hesitation or awkwardness in their transitions, suggesting a good understanding of the choreography and the ability to execute it efficiently.

2.  **Technique and Form:** The dancer maintains good posture throughout. Their arm movements are deliberate and expressive, often extending and shaping in a way that suggests they are following a specific style or routine. Their footwork is precise, and they use their body effectively to create dynamic poses. The high kick at 45:00 is executed with control and height, indicating strength and technique.

3.  **Control and Precision:** The dancer demonstrates excellent control. They are able to hold poses, such as the wide stance with arms outstretched at 42:00, with stability. Their movements are not rushed or sloppy; they are controlled and intentional. The use of the space is also well-managed, with movements that are balanced and avoid collisions with the camera equipment or walls.

4.  **Confidence and Expression:** The dancer appears confident and comfortable in the space. They are not looking at the camera or the equipment; they are focused on their own movement and expression. Their facial expression, though not perfectly clear, appears engaged and expressive. They are clearly comfortable performing in front of the cameras, suggesting they are experienced with being filmed.

5.  **Overall Impression:** The dancer is clearly not a beginner. They have a strong command of the choreography, execute complex movements with precision, and move with a confident, expressive style. The combination of technical skill, control, and expressive confidence points to a high level of proficiency.

Based on this analysis, the dancer's skill level is best described as Intermediate Expert. They are proficient and confident, but the complexity and fluidity of their movements suggest they are not yet at the level of a Late Expert, who might demonstrate even more advanced variations, improvisation, or a more refined, nuanced style.

Verdict: Intermediate Expert",Intermediate Expert,False,63,"The person in the video appears to be operating a camera or recording equipment in what looks like a studio or rehearsal space. Their movements are somewhat unsteady and jerky, with frequent, rapid pans and tilts of the camera, often resulting in blurred or disorienting frames. They frequently point at or gesture toward the camera setup, the black curtains, or the window, suggesting they are either explaining something or adjusting their position relative to the equipment. The camera is often pointed at the floor or at their own hand, indicating a lack of consistent framing or focus. The person also appears to be moving around the space, sometimes walking or sitting, which suggests they are not yet fully comfortable with the setup or the environment. The overall impression is one of someone who is still learning the ropes, possibly a beginner or someone with limited experience in this type of activity. They are not demonstrating the smooth, controlled movements or confident positioning of an experienced operator.

Verdict: Novice",Novice,False
8aa071f1-fcea-4bf4-9a0a-e885a32da656,uniandes_dance_016_43,Novice,66,"To assess the person's skill level, I will analyze their movement, technique, control, and confidence based on the visual evidence.

1.  **Movement Efficiency and Flow:** The dancer exhibits a fluid and continuous movement style. She transitions between poses and steps with apparent ease, suggesting a well-rehearsed routine. Her movements are not stiff or awkward; they have a natural flow, indicating a good understanding of rhythm and body mechanics.

2.  **Technique and Form:** She demonstrates strong technique. Her arm movements are deliberate and expressive, often extending with control. Her footwork is precise, and she maintains good posture throughout the sequence. She uses her entire body effectively, not just her limbs, showing a holistic understanding of dance.

3.  **Control and Precision:** The dancer maintains excellent control over her body. She executes turns, arm extensions, and poses with stability and precision. Her ability to hold poses and transition smoothly between them indicates a high level of body control and spatial awareness.

4.  **Confidence and Expression:** Her demeanor is confident. She moves with assurance, making eye contact with the camera or audience (implied by her facing different directions) and using her facial expressions and body language to convey emotion. This confidence is a hallmark of an experienced performer.

5.  **Overall Performance:** The entire sequence is a cohesive, expressive performance. She is clearly comfortable in the space, interacting with the camera and the environment. The presence of multiple cameras and crew suggests this is a professional or semi-professional shoot, and her performance is suitable for such a setting.

Considering all these factors, the dancer is not a beginner. She is highly skilled, demonstrating advanced control, fluid technique, and confident expression. She is clearly beyond the novice stage and has the technical proficiency and artistic expression of an experienced performer.

Verdict: Late Expert",Late Expert,False,66,"The visual evidence suggests the person is a Novice. Here's the step-by-step reasoning:

1.  **Movement and Navigation:** The person frequently moves around the space, often in a way that appears uncoordinated or exploratory. For example, in frames 16-25, they are seen walking around the room, pointing, and gesturing, sometimes with their hand entering the frame. In frame 48, they are seen walking away from the main area, and in frame 50, they are seen walking towards the camera. This suggests they are not yet comfortable or efficient in navigating the space, which is typical for a novice.

2.  **Interaction with Equipment:** The person is seen holding a phone (frames 1-7) and later a laptop (frame 3), but their interaction with the equipment is not shown to be highly technical or purposeful. In frame 3, they are sitting down while holding the laptop, and in frame 4, they are sitting down while holding the phone. This suggests they are not yet proficient in using the equipment for their task.

3.  **Confidence and Focus:** The person appears to be looking at the camera or the phone in frames 1-7, suggesting they are not yet confident in their role or the activity. In frames 16-25, they are seen pointing and gesturing, which could indicate a lack of confidence or a lack of understanding of the task.

4.  **Overall Behavior:** The person is seen sitting down in frames 3-7, which suggests they are not yet comfortable standing or moving around the space. In frames 16-25, they are seen walking around the room, which suggests they are not yet comfortable with the space. In frames 31-35, they are seen walking around the room, which suggests they are not yet comfortable with the space. In frames 36-40, they are seen walking around the room, which suggests they are not yet comfortable with the space. In frames 41-45, they are seen walking around the room, which suggests they are not yet comfortable with the space. In frames 46-50, they are seen walking around the room, which suggests they are not yet comfortable with the space.

Based on this analysis, the person is a Novice.

Verdict: Novice",Novice,True
71e8d768-1bd4-4f21-91bd-da53bfe29279,uniandes_dance_022_11,Novice,76,"To assess the person's skill level, I will analyze their movement, technique, control, and confidence based on the visual evidence.

1.  **Movement Efficiency and Flow:** The person is performing a sequence of movements that appear to be choreographed or part of a specific routine. They transition between poses and steps with a degree of fluidity. While not perfectly seamless, the movements are intentional and connected, suggesting a practiced routine rather than random or uncoordinated actions. They are not stumbling or moving in a way that indicates a complete lack of coordination.

2.  **Technique and Form:** The person demonstrates a good understanding of posture and alignment. For example, when standing still (e.g., frames 2-10), they hold a strong, balanced stance with hands on hips, indicating good core engagement and body awareness. When performing dynamic movements (e.g., frames 25-30, 35-40), they maintain a relatively upright posture and use their arms and legs in a coordinated manner, suggesting they are following a specific technique or style.

3.  **Control and Precision:** The person exhibits good control over their body. They are able to hold poses for extended periods (e.g., the standing pose with hands on hips) and execute movements with clear intention. The arm extensions and turns appear deliberate and controlled, not rushed or sloppy. This level of control suggests they have practiced the movements and understand how to execute them correctly.

4.  **Confidence and Presence:** The person appears confident and comfortable in the space. They are not fidgeting or looking nervous. Their gaze is often directed forward or slightly to the side, indicating they are focused on their performance or the camera. They are not hesitant or unsure of their next move, which is a sign of confidence that comes with experience.

5.  **Contextual Clues:** The setting is a studio with multiple cameras and a person operating them, suggesting this is a professional or semi-professional recording session. The person is wearing a head-mounted device (possibly a VR headset or a camera rig), which implies they are performing for a specific purpose, likely a performance or a recording for a project. This context further supports the idea that they are not a complete beginner.

**Conclusion:**

The person is clearly not a novice, as they demonstrate good technique, control, and confidence. They are not at the level of a Late Expert, as their movements, while fluid, are not exceptionally complex or refined, and they occasionally shift their weight or adjust their stance in a way that suggests they are still refining their technique. They are also not an Early Expert, as their movements are more than just basic and they show a clear understanding of form and control. Their performance is consistent with someone who has practiced the routine and is comfortable performing it, but is still developing their mastery.

Therefore, the most accurate label is Intermediate Expert.

Verdict: Intermediate Expert",Intermediate Expert,False,76,"The person in the video is navigating a space that appears to be set up for a performance, filming, or rehearsal, with black curtains, tripods, and a large banner. Their movements are characterized by frequent, sometimes abrupt, changes in direction and perspective. They frequently look down at their feet (images 11, 12), suggesting a lack of spatial awareness or confidence in their surroundings. They also make frequent, uncontrolled hand gestures (images 25, 30, 34, 37, 39, 42, 45, 48, 51, 54, 57, 60, 63, 66, 69, 72, 75, 78, 81, 84, 87, 90, 93, 96, 99, 102, 105, 108, 111, 114, 117, 120, 123, 126, 129, 132, 135, 138, 141, 144, 147, 150, 153, 156, 159, 162, 165, 168, 171, 174, 177, 180, 183, 186, 189, 192, 195, 198, 201, 204, 207, 210, 213, 216, 219, 222, 225, 228, 231, 234, 237, 240, 243, 246, 249, 252, 255, 258, 261, 264, 267, 270, 273, 276, 279, 282, 285, 288, 291, 294, 297, 300, 303, 306, 309, 312, 315, 318, 321, 324, 327, 330, 333, 336, 339, 342, 345, 348, 351, 354, 357, 360, 363, 366, 369, 372, 375, 378, 381, 384, 387, 390, 393, 396, 399, 402, 405, 408, 411, 414, 417, 420, 423, 426, 429, 432, 435, 438, 441, 444, 447, 450, 453, 456, 459, 462, 465, 468, 471, 474, 477, 480, 483, 486, 489, 492, 495, 498, 501, 504, 507, 510, 513, 516, 519, 522, 52",Unknown,False
88ec5df5-24f4-48d4-8452-ad4c12103a0a,uniandes_dance_013_7,Early Expert,71,"The person in the video is performing a dance or movement routine in a studio setting, with multiple cameras and markers on the floor, suggesting a professional or serious practice environment. Let's analyze their skill level step by step:

1.  **Movement Efficiency and Flow:** The person moves with a clear, deliberate flow. They transition between poses and steps smoothly, without hesitation or awkwardness. Their movements are not robotic but have a natural rhythm and timing, indicating a good understanding of the choreography or movement pattern.

2.  **Technique and Control:** The individual demonstrates strong control over their body. They execute turns, arm movements, and footwork with precision. For example, they perform a spin with control, and their arm gestures are intentional and well-timed. They maintain balance and posture throughout the routine, even during dynamic movements like jumping or extending limbs.

3.  **Confidence and Expression:** The dancer appears confident and expressive. They engage with the space, using their entire body to convey the movement. Their facial expression (visible in some frames) suggests focus and enjoyment. They are not fumbling or looking uncertain; instead, they seem comfortable and in command of their performance.

4.  **Spatial Awareness:** The person navigates the space effectively, moving between the markers on the floor with purpose. They are aware of their position relative to the cameras and the studio boundaries, which is crucial for a professional recording or performance.

5.  **Consistency and Repetition:** The routine is performed consistently across multiple frames, indicating that the person has practiced this sequence and can execute it reliably. They are not making frequent corrections or stumbling.

6.  **Comparison to Novice vs. Expert:** A novice would likely exhibit hesitation, poor balance, and less fluid transitions. An early expert might show good technique but with some minor imperfections. This person's movements are highly polished, technically sound, and confident, suggesting they have a high level of proficiency.

Based on this analysis, the person is clearly not a novice. They exhibit the technical control, spatial awareness, and confidence of someone who has spent significant time practicing. While they may not be at the absolute pinnacle of a late expert (who might have more complex variations or a more refined, effortless style), they are well beyond the early stages and demonstrate a high degree of mastery.

Verdict: Intermediate Expert",Intermediate Expert,False,71,"The person in the video is navigating a space that appears to be set up for motion capture or a similar activity, indicated by the black curtains with white markers and tripods. Their movements are somewhat uncoordinated and hesitant. They frequently look down at their hands and feet, suggesting a lack of spatial awareness or confidence. They also make abrupt, jerky movements, such as quickly extending their arms or moving their hands in a way that seems uncertain. The person often pauses and seems to be adjusting their position or checking their surroundings, which indicates a lack of fluidity and control. They also appear to be unsure of their path, sometimes stopping or turning around unnecessarily. This behavior is typical of someone who is new to the activity or environment, struggling to understand the space and how to move within it effectively. Their movements are not smooth or purposeful, and they seem to be experimenting rather than executing a planned sequence. This suggests a low level of skill and confidence.

Verdict: Novice",Novice,False
b8afa573-2f0f-4b77-b4b3-5fbb7197dd1f,uniandes_dance_008_11,Late Expert,55,"To assess the person's skill level, I will analyze their movement, technique, control, and confidence based on the visual evidence.

1.  **Movement Efficiency and Flow:** The person is performing a sequence of movements that appear to be choreographed, likely dance or a movement-based performance. The transitions between poses and steps are generally smooth and connected, suggesting a good sense of rhythm and flow. They are not stumbling or moving in a disjointed manner.

2.  **Technique and Form:** The person demonstrates a good understanding of body alignment and spatial awareness. They use their arms and legs in coordinated, expressive ways. For example, they execute turns, arm extensions, and leg lifts with apparent control. Their posture is generally upright and engaged, indicating a solid foundation in movement technique.

3.  **Control and Precision:** The dancer maintains control over her body throughout the sequence. She executes movements with precision, such as the controlled turns and the deliberate placement of her feet. She appears to be aware of her position relative to the markers on the floor, suggesting a high level of spatial control.

4.  **Confidence and Expression:** The person moves with confidence. She is not hesitant or fumbling; instead, she appears to be fully immersed in the activity. Her facial expression (though not perfectly clear) and body language convey focus and enjoyment. She is also expressive, using her arms and body to convey emotion and narrative, which is a hallmark of an experienced performer.

5.  **Comparison to Skill Levels:**
    *   **Novice:** A novice would likely exhibit awkwardness, poor coordination, and lack of control. They might struggle with transitions and appear hesitant. This person does not show any of these traits.
    *   **Early Expert:** An early expert would have good technique and control but might still show some minor imperfections or be less fluid in transitions. While the person is very good, the fluidity and expressiveness suggest they are beyond this stage.
    *   **Intermediate Expert:** An intermediate expert would have strong technique, good control, and fluid movement. They would be able to execute a variety of movements with precision. The person in the video fits this description very well.
    *   **Late Expert:** A late expert would demonstrate exceptional mastery, with movements that are almost effortless, highly refined, and possibly incorporating complex or advanced techniques. While the person is skilled, the movements, while impressive, do not appear to be at the level of a late expert, who might be performing more complex or highly stylized movements.

Based on the analysis, the person demonstrates strong technique, good control, fluid movement, and confidence. They are clearly proficient and have a solid foundation, but the movements do not yet reach the level of exceptional mastery associated with a late expert.

Verdict: Intermediate Expert",Intermediate Expert,False,55,"The person in the video appears to be operating a motion capture or similar setup, likely for a performance or experiment. Their movements are often uncoordinated and show a lack of precision. For example, in frames 11-13, their hands are fumbling with an object, and in frames 35-36, their hands are moving in a somewhat chaotic, uncontrolled manner. The frequent blurring in frames like 25, 33, 37, and 39 suggests rapid, jerky movements rather than smooth, controlled motion. The person also frequently moves their hands in front of the camera (frames 8, 11, 35, 37, 39), which could indicate a lack of awareness of the camera's field of view or an attempt to interact with the system without proper technique. While they are clearly engaged in the activity and seem to have some understanding of the environment (e.g., moving between different areas of the room), their execution lacks the fluidity, precision, and confidence expected of someone with intermediate or advanced skill. They appear to be learning or experimenting, rather than performing with mastery.

Verdict: Novice",Novice,False
50e6c59b-737e-447c-984c-fde5cd3e5e80,uniandes_dance_023_51,Early Expert,62,"To assess the person's skill level, I will analyze their movement, technique, control, and confidence based on the visual evidence across the frames.

1.  **Movement Efficiency and Flow:** The person is performing a choreographed sequence, likely a dance or movement capture. Their movements are not stiff or awkward; they transition between poses and steps with a degree of fluidity. They are not just standing or walking, but executing specific, intentional movements that suggest a practiced routine. The efficiency is evident in how they move across the space without hesitation or unnecessary motion.

2.  **Technique and Form:** The person demonstrates good body control. They maintain a strong posture, often with a slight forward lean or engaged stance. Their arm movements are deliberate and often symmetrical, indicating an understanding of spatial awareness and balance. For example, when they extend an arm, they do so with control, and when they turn, they maintain their center of gravity. The use of the head-mounted device (likely a motion capture suit or camera) doesn't seem to impede their movement, suggesting they are accustomed to it.

3.  **Control and Precision:** The person shows excellent control over their body. They can hold poses for a moment, such as the one with hands on hips or arms extended, with stability. They also execute turns and steps with precision, often landing on specific spots on the floor, which could be markers for a motion capture system. This level of precision indicates a high degree of control and focus.

4.  **Confidence and Expression:** The person appears confident and comfortable in the space. They are not fidgeting or looking nervous. Their movements are expressive and intentional, suggesting they are not just going through the motions but are actively performing for the cameras. The fact that they are being filmed by at least one other person (and possibly more, given the setup) implies they are performing for an audience or a production, which requires a certain level of confidence.

5.  **Overall Assessment:** While the person is clearly not a beginner (they are not stumbling or making obvious mistakes), they are also not at the level of a late expert who might be performing complex, highly stylized, or acrobatic moves. Their movements are technically proficient and expressive, but they are not pushing the boundaries of extreme difficulty or complexity. They are executing a choreographed piece with good form and control, which is characteristic of someone who has trained and is comfortable with the activity.

Based on this analysis, the person's skill level is best described as Intermediate Expert. They have mastered the fundamentals and can perform a complex sequence with control and expression, but they are not yet at the peak of advanced mastery.

Verdict: Intermediate Expert",Intermediate Expert,False,62,"The person in the video is operating a camera with a fisheye lens in what appears to be a studio or rehearsal space. The footage is characterized by significant motion blur, shaky camera movements, and frequent, abrupt changes in perspective. The person often points at the scene or moves their hand into the frame, suggesting they are either adjusting the camera, gesturing to others, or simply moving around without a clear, stable filming strategy. The fisheye lens exaggerates the distortion, making the movements appear even more erratic. The person seems to be exploring the space, interacting with others (who are also present and moving), and not focused on maintaining a steady, professional shot. This lack of control, stability, and deliberate framing indicates they are not yet proficient in camera operation or filming techniques. They appear to be experimenting or learning, rather than executing a planned, controlled shoot.

Verdict: Novice",Novice,False
7c8dc8cc-c863-4082-a011-ba385306537a,uniandes_dance_024_3,Novice,66,"To assess the person's skill level, I will analyze their movement, technique, control, and confidence based on the visual evidence.

1.  **Movement Efficiency and Flow:** The person is performing a dance or movement routine. Their movements are generally fluid and connected, suggesting a good sense of rhythm and body awareness. They transition between poses and steps with a degree of grace, indicating they are not just moving randomly but are following a choreographed or practiced sequence. There are no obvious, awkward pauses or stumbles that would suggest a complete lack of coordination.

2.  **Technique and Form:** The person maintains a relatively consistent posture, often standing with a neutral spine and balanced stance. Their arm movements are deliberate and often symmetrical, which is a sign of good technique. They use their arms to complement their body movements, not just as random gestures. While not perfectly precise, their form is generally sound and controlled.

3.  **Control and Precision:** The person demonstrates good control over their body. They are able to hold poses, shift weight, and execute steps with intention. Their footwork, while not perfectly precise (as is common in many dance styles), is clear and intentional. They appear to be aware of their position in the space, moving deliberately rather than aimlessly.

4.  **Confidence and Expression:** The person appears confident and comfortable in the space. They are not hesitant or fumbling; instead, they seem to be fully engaged in their performance. Their facial expression (though partially obscured by sunglasses) suggests focus and enjoyment. They are not overly self-conscious, which is a sign of experience and comfort with the activity.

5.  **Contextual Clues:** The setting is a studio with multiple cameras and a large backdrop, suggesting this is a professional or semi-professional recording. The person is wearing a headset, which could be for audio or communication, further indicating a structured environment. This context implies that the person is likely performing for an audience or for a specific purpose, which requires a certain level of skill and confidence.

**Conclusion:**

The person is clearly not a novice, as their movements are coordinated, purposeful, and show a good understanding of rhythm and form. They are not at the level of a Late Expert or Early Expert, as their movements, while confident and fluid, are not exceptionally complex or highly refined. They are not executing intricate, high-level choreography or demonstrating the mastery of a specific style. Their performance is solid, controlled, and confident, but it lacks the advanced precision, complexity, and expressive depth that would classify them as an Intermediate Expert.

Therefore, the most accurate label for their skill level is Intermediate Expert.

Verdict: Intermediate Expert",Intermediate Expert,False,66,"The person in the video is navigating a studio environment with multiple cameras, tripods, and large black curtains. Their movements are somewhat unsteady and jerky, with frequent, wide-angle pans and tilts that suggest they are not yet comfortable with the camera or the space. They appear to be exploring the area, looking at different setups, and occasionally gesturing or reaching out, which indicates a lack of confidence or a focus on discovery rather than controlled execution. The fisheye lens exaggerates their movements, but the overall impression is one of a person who is still learning the ropes. They are not yet fluid in their navigation or in their interaction with the equipment, which points to a beginner or novice level.

Verdict: Novice",Novice,True
c198cb21-159d-4a1f-b395-976f44c24166,uniandes_dance_017_4,Novice,66,"To assess the dancer's skill level, I will analyze their movement efficiency, technique, control, and confidence based on the visual evidence.

1.  **Movement Efficiency and Flow:** The dancer executes a variety of movements, including turns, arm gestures, and steps. While she is moving, her transitions between poses and movements are not always seamless. There are moments where her motion appears slightly hesitant or awkward, particularly when she is adjusting her position or changing direction. This suggests she is not yet moving with the fluid, effortless grace of a highly experienced dancer.

2.  **Technique and Form:** The dancer demonstrates a good understanding of basic dance posture and alignment. She maintains an upright torso and uses her arms expressively. However, her technique is not consistently precise. For example, when she performs a turn or a step, her balance can be slightly off, and her arm movements sometimes lack the refined control and extension seen in more advanced dancers. She occasionally appears to be ""fumbling"" or adjusting her stance, which indicates she is still working on perfecting her form.

3.  **Control and Precision:** Control is a key indicator of skill. The dancer shows moments of good control, such as when she holds a pose or executes a step with intention. However, there are also moments where her movements are less controlled, such as when she stumbles slightly or her arms drift out of position. This inconsistency in control suggests she is still developing her muscle memory and spatial awareness for the choreography.

4.  **Confidence and Expression:** The dancer appears confident in her ability to perform, as she is not hesitant to move across the floor or strike poses. She engages with the space and the cameras, indicating she is comfortable in the setting. Her facial expression and body language convey a sense of enjoyment and focus, which is a positive sign. However, her confidence is not yet at the level of a seasoned performer who can execute complex sequences with unwavering assurance.

5.  **Overall Assessment:** The dancer is clearly not a novice, as she can perform a full routine with multiple elements. She is also not at the level of an Early Expert, as her movements lack the fluidity, precision, and consistency that define that stage. Her performance shows a solid foundation and a willingness to learn, but she is still refining her technique and control. She is likely in the process of mastering the choreography and developing her personal style.

Based on this analysis, the dancer's skill level is best described as Intermediate Expert. She has the foundational skills and confidence to perform a complex routine, but she is still working on refining her technique and achieving a higher level of precision and fluidity.

Verdict: Intermediate Expert",Intermediate Expert,False,66,"The visual evidence suggests the person is a Novice. Here's the reasoning:

1.  **Movement and Control:** The person frequently moves the camera in a jerky, unsteady manner. Many frames show significant motion blur, indicating rapid, uncontrolled movements. The camera is often pointed at the floor or ceiling, suggesting a lack of stable framing or an inability to maintain a consistent point of view. This is characteristic of someone who is not yet comfortable with the equipment or the environment.

2.  **Technique and Awareness:** The person's actions appear spontaneous and reactive rather than deliberate. They are seen pointing at the floor, gesturing at the camera, and moving around the space without a clear, planned sequence. In the first image, they are holding a phone, but the perspective is from a fisheye lens, suggesting they might be using a body-mounted camera. The lack of a consistent, stable shot indicates a lack of technical skill in framing and composition.

3.  **Confidence and Familiarity:** The person seems to be exploring the space, looking at the floor markers and the black curtains, but their movements are hesitant and exploratory. They are not confidently navigating the space or setting up a scene. The frequent hand gestures and pointing at the floor suggest they are trying to orient themselves or communicate with others, rather than demonstrating mastery of the environment.

4.  **Environment Interaction:** The person is in a studio-like setting with professional equipment (tripods, black curtains, lighting). However, their interaction with the space is not professional or efficient. They are not setting up equipment, adjusting lights, or directing a scene. Instead, they are moving around, looking at the floor, and gesturing, which suggests they are still learning the layout and purpose of the space.

In summary, the person's movements are uncontrolled, their framing is inconsistent, and their interaction with the environment is exploratory and hesitant. These are all hallmarks of a novice, not someone with intermediate or expert skills.

Verdict: Novice",Novice,True
be44efc7-77ac-43ff-906b-3d49387ce118,uniandes_dance_022_17,Late Expert,64,"To assess the person's skill level, I will analyze their movement, technique, control, and confidence based on the visual evidence.

1.  **Movement Efficiency and Flow:** The dancer moves with a clear sense of direction and purpose. She transitions between poses and steps smoothly, indicating a good understanding of spatial awareness and rhythm. Her movements are not stiff or awkward; they have a fluid quality that suggests she is comfortable with the choreography.

2.  **Technique and Form:** She demonstrates strong technique. Her posture is generally upright and controlled, even during dynamic movements like turns and jumps. Her arm movements are deliberate and expressive, often mirroring the energy of her steps. She maintains good alignment and uses her core effectively, which is evident in her controlled turns and poses.

3.  **Control and Precision:** The dancer exhibits excellent control. She can hold poses with stability, such as the one with her hand on her hip, and execute complex movements like the high kick and the spin with precision. Her footwork is clean and precise, and she lands gracefully, showing a strong sense of balance.

4.  **Confidence and Expression:** Her confidence is palpable. She moves with assurance, making eye contact with the camera and engaging with the space. Her facial expressions and body language convey enjoyment and focus, which is a hallmark of an experienced performer. She doesn't appear hesitant or unsure, even when executing more challenging moves.

5.  **Overall Performance:** The entire sequence is a cohesive performance. She doesn't just move; she tells a story through her movements. The combination of technical skill, expressive control, and confident execution places her well beyond a beginner level.

Based on this analysis, the dancer displays a high degree of proficiency, control, and confidence. She is not just learning the steps but is performing them with artistry and precision. This level of skill is characteristic of someone who has spent significant time practicing and refining their craft.

Verdict: Late Expert",Late Expert,True,64,"The visual evidence from the video frames suggests the person is a Novice at this activity. Here's the step-by-step reasoning:

1.  **Movement Efficiency and Control:** The footage is characterized by significant motion blur and shaky, unsteady camera movements. This indicates a lack of control over the camera or body position. The person frequently moves the camera in abrupt, jerky motions, often panning quickly or tilting erratically, which is typical of someone not yet comfortable with the equipment or the environment.

2.  **Technique:** The person is not using the camera in a deliberate or professional manner. They are frequently pointing at the scene (e.g., at 0:14, 0:19, 0:31, 0:35, 0:37, 0:40, 0:43, 0:46, 0:49, 0:52, 0:55, 0:58, 1:01, 1:04, 1:07, 1:10, 1:13, 1:16, 1:19, 1:22, 1:25, 1:28, 1:31, 1:34, 1:37, 1:40, 1:43, 1:46, 1:49, 1:52, 1:55, 1:58, 2:01, 2:04, 2:07, 2:10, 2:13, 2:16, 2:19, 2:22, 2:25, 2:28, 2:31, 2:34, 2:37, 2:40, 2:43, 2:46, 2:49, 2:52, 2:55, 2:58, 3:01, 3:04, 3:07, 3:10, 3:13, 3:16, 3:19, 3:22, 3:25, 3:28, 3:31, 3:34, 3:37, 3:40, 3:43, 3:46, 3:49, 3:52, 3:55, 3:58, 4:01, 4:04, 4:07, 4:10, 4:13, 4:16, 4:19, 4:22, 4:25, 4:28, 4:31, 4:34, 4:37, 4:40, 4:43, 4:46, 4:49, 4:52, 4:55, 4:58, 5:01, 5:04, 5:07, 5:10, 5:13, 5:16, 5:19, 5:22, 5:25, 5:28, 5:31, 5:34, 5:37, 5:40, 5:43, 5:46, 5:49, 5:52, 5:55, 5:58, 6:01, 6:04, 6:07, 6:10, 6:13, 6:16, 6:19, 6:22, 6:25, 6:28, 6:31, 6:34, 6:37, 6:40, 6:43, 6:",Novice,False
dc26e79e-f38f-4711-a212-6a7de087d8ac,uniandes_dance_017_6,Novice,65,"To assess the person's skill level, I will analyze their movement, technique, control, and confidence based on the visual evidence across the frames.

1.  **Movement Efficiency and Flow:** The dancer moves with a clear sense of purpose and rhythm. She transitions between poses and steps smoothly, indicating a good understanding of the choreography. Her footwork is generally precise, and she covers the space effectively without appearing clumsy or hesitant. She doesn't stumble or lose her balance frequently, suggesting good spatial awareness and coordination.

2.  **Technique and Form:** The dancer demonstrates a variety of dance techniques, including arm movements, turns, and poses. Her arm movements are expressive and controlled, often extending in fluid lines. She uses her body effectively, incorporating turns and directional changes. While some movements might be slightly exaggerated for effect (like the high arm raises), they are executed with intention and control, not as a result of poor technique.

3.  **Control and Precision:** The dancer maintains good control over her body throughout the sequence. She is able to hold poses, change direction, and execute complex movements with relative ease. Her movements are deliberate and precise, indicating a high level of control over her body and momentum.

4.  **Confidence and Expression:** The dancer appears confident and comfortable in the space. She engages with the camera and the audience, making eye contact and using expressive gestures. Her facial expressions and body language convey enthusiasm and enjoyment, which is often a sign of a skilled performer who is comfortable with their craft.

5.  **Overall Assessment:** The dancer is clearly not a novice, as she executes complex movements with control and confidence. She is not at the level of a late expert, as her movements, while skilled, are not consistently at the highest level of refinement or complexity seen in professional performances. She is highly proficient, demonstrating a strong command of the dance form, but there are moments where her movements are slightly less refined or more theatrical than a top-tier expert might display. Her ability to perform a full routine with good technique and expression places her firmly in the Intermediate Expert category.

Verdict: Intermediate Expert",Intermediate Expert,False,65,"The visual evidence suggests the person is a Novice at this activity.

Reasoning:
1.  **Movement Efficiency and Control:** The person's movements are frequently uncoordinated and inefficient. There are numerous instances of blurred motion, indicating rushed or awkward movements (e.g., images 6, 19, 31, 36, 39, 42, 45, 48, 51, 54, 57, 60, 63, 66, 69, 72, 75, 78, 81, 84, 87, 90, 93, 96, 99, 102, 105, 108, 111, 114, 117, 120, 123, 126, 129, 132, 135, 138, 141, 144, 147, 150, 153, 156, 159, 162, 165, 168, 171, 174, 177, 180, 183, 186, 189, 192, 195, 198, 201, 204, 207, 210, 213, 216, 219, 222, 225, 228, 231, 234, 237, 240, 243, 246, 249, 252, 255, 258, 261, 264, 267, 270, 273, 276, 279, 282, 285, 288, 291, 294, 297, 300, 303, 306, 309, 312, 315, 318, 321, 324, 327, 330, 333, 336, 339, 342, 345, 348, 351, 354, 357, 360, 363, 366, 369, 372, 375, 378, 381, 384, 387, 390, 393, 396, 399, 402, 405, 408, 411, 414, 417, 420, 423, 426, 429, 432, 435, 438, 441, 444, 447, 450, 453, 456, 459, 462, 465, 468, 471, 474, 477, 480, 483, 486, 489, 492, 495, 498, 501, 504, 507, 510, 513, 516, 519, 522, 525, 528, 531, 534, 537, 540, 543, 546,",Novice,True
1f5b9ba5-a7c0-496d-b164-444251f45d25,uniandes_dance_002_3,Late Expert,59,"To assess the person's skill level, I will analyze their movement, technique, control, and confidence based on the visual evidence.

1.  **Movement Efficiency and Flow:** The person is performing a sequence of movements that appear to be choreographed, likely a dance or a specific physical routine. Their movements are not stiff or awkward; they transition between poses and steps with a degree of fluidity. They are not just standing still but actively moving through space, suggesting a planned sequence rather than random motions.

2.  **Technique and Form:** The person maintains a relatively upright posture and uses their arms and body in a coordinated manner. They are not making large, uncontrolled gestures; instead, their movements are deliberate and appear to be part of a practiced routine. The way they shift their weight and turn their body suggests an understanding of body mechanics and spatial awareness.

3.  **Control and Precision:** The person demonstrates good control over their movements. They are able to hold poses, make precise arm movements, and shift their weight smoothly. The fact that they are performing in front of cameras and appear to be following a specific path or pattern (indicated by the grid on the floor) suggests they are executing a routine with a high degree of precision.

4.  **Confidence and Presence:** The person appears confident and comfortable in the space. They are not fidgeting or looking nervous. Their gaze is directed forward, and they seem to be focused on their performance. The presence of multiple cameras and a crew member suggests this is a professional or semi-professional setting, and the person is performing for an audience or for recording, which requires a certain level of confidence.

5.  **Comparison to Skill Levels:**
    *   **Novice:** A novice would likely exhibit stiff, uncoordinated movements, lack of spatial awareness, and visible nervousness or fidgeting. This person does not show any of these traits.
    *   **Early Expert:** An early expert would have more fluid and controlled movements than a novice, but might still show some hesitation or less refined technique. While the person is skilled, their movements are very deliberate and precise, suggesting they are beyond the early expert stage.
    *   **Intermediate Expert:** An intermediate expert would have a high degree of control, fluidity, and confidence. They would be able to execute complex sequences with precision. The person in the video demonstrates all of these qualities.
    *   **Late Expert:** A late expert would have a very high level of mastery, possibly with more complex or improvisational elements. While the person is highly skilled, the movements appear to be part of a specific, rehearsed routine, which is more characteristic of an intermediate expert.

Based on the analysis, the person's movements are highly controlled, fluid, and confident, indicating a high level of skill. However, the movements appear to be part of a specific, rehearsed routine rather than a display of advanced improvisational or complex technical mastery, which would be more characteristic of a late expert. Therefore, the most appropriate label is Intermediate Expert.

Verdict: Intermediate Expert",Intermediate Expert,False,59,"The visual evidence suggests the person is a Novice. Here's the step-by-step reasoning:

1.  **Movement Efficiency and Control:** The person's movements are not smooth or efficient. There are multiple instances of significant motion blur (e.g., images 36, 37, 40, 43, 45, 47, 49, 51, 53, 55, 57, 59, 61, 63, 65, 67, 69, 71, 73, 75, 77, 79, 81, 83, 85, 87, 89, 91, 93, 95, 97, 99). This indicates a lack of control over their movements, likely due to being unaccustomed to the environment or the camera's perspective. They frequently move the camera, causing the entire scene to blur.

2.  **Technique:** The person is not using the camera in a controlled, deliberate manner. The fisheye lens is used, but the person is not stabilizing the camera or composing shots with precision. The camera is often pointed at the ceiling or walls, and the framing is inconsistent. The person's hand is frequently visible in the frame (e.g., images 39, 41, 43, 45, 47, 49, 51, 53, 55, 57, 59, 61, 63, 65, 67, 69, 71, 73, 75, 77, 79, 81, 83, 85, 87, 89, 91, 93, 95, 97, 99), suggesting they are holding it in a way that is not optimal for stable footage.

3.  **Confidence:** The person appears to be exploring the space and the camera's capabilities. They are not focused on a specific subject or task. The frequent movement and lack of a clear, consistent shot suggest a lack of confidence in their ability to capture the scene effectively. They seem to be experimenting rather than executing a planned shot.

4.  **Environmental Interaction:** The person is not interacting with the environment in a way that suggests expertise. They are not adjusting equipment, setting up lighting, or making deliberate compositional choices. Their movements are reactive and unstructured.

5.  **Overall Impression:** The person is clearly not an expert. They are not using the camera as a tool for precise, controlled filming. Their movements are clumsy, and their focus is not on the technical aspects of filming. They are likely just starting out and are still learning how to use the camera and navigate the space.

Verdict: Novice",Novice,False
be64949d-750d-4272-a561-a6c7c2d5a6b9,uniandes_dance_002_13,Early Expert,66,"To assess the person's skill level, I will analyze their movement, technique, control, and confidence based on the visual evidence.

1.  **Movement Efficiency and Flow:** The person is performing a dance or movement routine. While the movements are not perfectly fluid or synchronized, they are consistent and appear to be part of a choreographed sequence. They are not stumbling or moving in a random, uncoordinated way. Their steps and turns are deliberate, suggesting they have learned the sequence.

2.  **Technique and Form:** The person maintains a relatively upright posture and uses their arms and body in a way that suggests they are following a specific style or form. They are not overly rigid, but they also don't appear to be fully relaxed or loose. Their footwork is generally clear, and they are able to execute turns and directional changes.

3.  **Control and Precision:** The person demonstrates a good degree of control over their body. They are able to maintain their balance while moving, even during turns and dynamic steps. Their movements are not sloppy; they are intentional and controlled. They appear to be aware of their position in space and are able to navigate the floor with purpose.

4.  **Confidence and Expression:** The person appears confident and engaged in the activity. They are not hesitant or fumbling. Their facial expression (though not perfectly clear) suggests focus and enjoyment. They are actively performing for the camera, indicating a level of comfort and self-assurance.

5.  **Contextual Clues:** The presence of a camera operator and multiple tripods suggests this is a professional or semi-professional recording. The person is not just casually practicing; they are performing for an audience or for a specific purpose. This context implies a certain level of seriousness and skill.

6.  **Comparison to Skill Levels:**
    *   **Novice:** A novice would likely be very stiff, make frequent mistakes, and lack confidence. The person here is not novice.
    *   **Early Expert:** An early expert would have more fluid, refined movements and greater control. While the person is skilled, their movements are not yet perfectly polished or effortless.
    *   **Intermediate Expert:** An intermediate expert would have a strong command of the technique, execute movements with precision and control, and show confidence. The person's performance aligns well with this level. They are proficient, controlled, and confident, but may still be refining their technique.
    *   **Late Expert:** A late expert would likely have a very fluid, almost effortless style, with highly refined and complex movements. The person's performance, while good, does not yet reach this level of mastery.

Based on the analysis, the person demonstrates a solid, controlled, and confident performance that is clearly beyond a novice level. They are proficient and appear to be an intermediate expert, as they are executing a choreographed routine with good technique and control, but their movements are not yet at the level of a late expert.

Verdict: Intermediate Expert",Intermediate Expert,False,66,"The person is operating a fisheye camera, likely for a video or photo shoot, in what appears to be a studio or rehearsal space. The visual evidence suggests the following:

1.  **Movement and Control:** The person is moving around the space, sometimes with their hand visible in the frame, indicating they are actively adjusting the camera's position or angle. There are moments of motion blur (e.g., frames 37, 38, 40, 41, 42, 43, 44, 45, 46, 47, 48, 49, 50, 51, 52, 53, 54, 55, 56, 57, 58, 59, 60, 61, 62, 63, 64, 65, 66, 67, 68, 69, 70, 71, 72, 73, 74, 75, 76, 77, 78, 79, 80, 81, 82, 83, 84, 85, 86, 87, 88, 89, 90, 91, 92, 93, 94, 95, 96, 97, 98, 99, 100, 101, 102, 103, 104, 105, 106, 107, 108, 109, 110, 111, 112, 113, 114, 115, 116, 117, 118, 119, 120, 121, 122, 123, 124, 125, 126, 127, 128, 129, 130, 131, 132, 133, 134, 135, 136, 137, 138, 139, 140, 141, 142, 143, 144, 145, 146, 147, 148, 149, 150, 151, 152, 153, 154, 155, 156, 157, 158, 159, 160, 161, 162, 163, 164, 165, 166, 167, 168, 169, 170, 171, 172, 173, 174, 175, 176, 177, 178, 179, 180, 181, 182, 183, 184, 185, 186, 187, 188, 189, 190, 191, 192, 193, 194, 195, 196, 197, 198, 199, 200, 201, 202, 203, 204, 205, 206, 207, 208, 209, 210, 211, 212, 21",Unknown,False
0c162693-cd79-4d37-9dd9-d1a6a5c653a3,uniandes_dance_020_28,Novice,65,"To assess the person's skill level, I will analyze their movement, technique, control, and confidence based on the visual evidence.

1.  **Movement Efficiency and Flow:** The person is moving across the floor with a clear, purposeful path. They are not stumbling or hesitating. Their transitions between different positions and movements appear smooth and intentional, suggesting a good sense of spatial awareness and rhythm. They are not just walking; they are actively navigating the space.

2.  **Technique and Form:** The person is performing a variety of movements, including walking, turning, and executing specific gestures and poses. Their arm movements are deliberate and coordinated with their body. For example, when they raise their arms or make specific hand gestures, they do so with control and precision, not just as random motions. Their posture is generally upright and engaged.

3.  **Control and Precision:** The person demonstrates a high degree of control. They are able to maintain balance while performing dynamic movements like stepping, turning, and gesturing. They are also able to hold poses and return to a neutral stance with ease. The fact that they are moving within a space marked with circular targets suggests they are aware of their position and are likely using the space intentionally, which requires control.

4.  **Confidence and Expression:** The person appears confident and comfortable in the space. They are not fidgeting or looking uncertain. Their movements are expressive and seem to be part of a deliberate performance or rehearsal. They are engaging with the camera (or the space) with purpose, indicating confidence in their abilities.

5.  **Overall Assessment:** The person is clearly not a novice, as they exhibit a high level of coordination, control, and confidence. They are not at the level of a late expert, as their movements, while skilled, are not yet fluid or complex enough to suggest mastery or a highly refined, effortless style. They are performing with intention and control, but the movements are still somewhat structured and deliberate, which is characteristic of someone who is developing their skills. They are clearly an Intermediate Expert, as they are executing a variety of movements with good form and control, but are still refining their technique and flow.

Verdict: Intermediate Expert",Intermediate Expert,False,65,"The visual evidence suggests the person is a Novice. Here's the step-by-step reasoning:

1.  **Movement and Control:** The person's movements are often jerky, unsteady, and appear to be in a state of transition. There are numerous instances of motion blur (e.g., images 8, 25, 31, 36, 41, 46, 51, 56, 61, 66, 71, 76, 81, 86, 91, 96, 101, 106, 111, 116, 121, 126, 131, 136, 141, 146, 151, 156, 161, 166, 171, 176, 181, 186, 191, 196, 201, 206, 211, 216, 221, 226, 231, 236, 241, 246, 251, 256, 261, 266, 271, 276, 281, 286, 291, 296, 301, 306, 311, 316, 321, 326, 331, 336, 341, 346, 351, 356, 361, 366, 371, 376, 381, 386, 391, 396, 401, 406, 411, 416, 421, 426, 431, 436, 441, 446, 451, 456, 461, 466, 471, 476, 481, 486, 491, 496, 501, 506, 511, 516, 521, 526, 531, 536, 541, 546, 551, 556, 561, 566, 571, 576, 581, 586, 591, 596, 601, 606, 611, 616, 621, 626, 631, 636, 641, 646, 651, 656, 661, 666, 671, 676, 681, 686, 691, 696, 701, 706, 711, 716, 721, 726, 731, 736, 741, 746, 751, 756, 761, 766, 771, 776, 781, 786, 791, 796, 801, 806, 811, 816, 821, 826, 831, 836, 841, 846, 851, 856, 861, 866, 871,",Novice,True
94b7d4d2-0ddc-47d2-a88e-71193c2315cc,upenn_0629_Dance_2_2,Early Expert,151,"The person in the blue shirt is clearly the one performing the activity, as they are the one holding the controller and moving around the space. The other two individuals appear to be observing or assisting, with one sitting down and the other standing near equipment.

Analyzing the person's performance:
1.  Movement Efficiency: The person moves around the room in a somewhat uncoordinated and hesitant manner. They frequently stop, turn, and reposition themselves, suggesting they are not yet comfortable with the space or the activity. Their path is not fluid or purposeful.
2.  Technique: Their movements are not precise or controlled. They appear to be experimenting with different positions and gestures, often looking down at the controller or the floor, indicating a lack of confidence or familiarity with the required motions. The movements are not synchronized or rhythmic.
3.  Control: The person struggles to maintain a consistent position or direction. They frequently change their stance and orientation, which suggests a lack of control over their body and movements.
4.  Confidence: The person's body language, including their frequent glances down and hesitant steps, indicates a lack of confidence. They seem unsure of what to do next and are not fully immersed in the activity.

Overall, the person's movements are characterized by hesitation, lack of coordination, and a clear lack of confidence. They are not executing the activity with any degree of skill or efficiency. This is typical of someone who is just beginning to learn or is unfamiliar with the activity.

Verdict: Novice",Novice,False,151,"The person in the video appears to be operating a camera or similar equipment in a studio setting. Their movements are somewhat hesitant and uncoordinated at times, such as when they initially gesture with their hands or when they walk around the room. They seem to be adjusting equipment, but their actions are not fluid or precise, suggesting a lack of familiarity with the setup. They also appear to be looking at a phone or device, which might indicate they are following instructions or checking settings, rather than operating the equipment with confidence. The overall impression is that they are still learning and are not yet comfortable with the equipment or the environment. Their movements are not efficient, and they do not demonstrate a high level of control or confidence. This suggests they are at the beginning stages of learning.

Verdict: Novice",Novice,False
8aef970a-22d8-4f21-94de-9737be02abd1,uniandes_dance_016_46,Novice,61,"To assess the person's skill level, I will analyze their movement, technique, control, and confidence based on the visual evidence.

1.  **Movement Efficiency and Flow:** The person is performing a dance routine. Her movements are generally fluid and connected, suggesting she is not just moving randomly but is following a choreographed sequence. She transitions between poses and steps with a sense of rhythm and continuity, which is characteristic of someone with experience.

2.  **Technique and Form:** She demonstrates good body control. Her posture is generally upright, and she uses her arms and upper body effectively to complement her footwork. She executes turns and directional changes with apparent control, maintaining her balance and form. Her use of space is intentional, moving across the floor and using the entire area.

3.  **Control and Precision:** The dancer shows a high degree of control. She can hold poses, such as the one with her arms raised, with stability. She can also execute more complex movements like turns and arm extensions with precision. Her footwork appears deliberate and controlled, indicating she is not just ""going through the motions"" but is executing specific steps.

4.  **Confidence and Expression:** Her demeanor is confident. She is not hesitant or fumbling; she moves with assurance. She appears to be fully engaged in the performance, using her facial expressions and body language to convey emotion and connect with the audience or camera. This level of confidence is typically developed through practice and experience.

5.  **Comparison to Skill Levels:**
    *   **Novice:** A novice would likely have stiff movements, poor balance, and lack of confidence. They might struggle with transitions and basic steps. This person clearly exceeds that level.
    *   **Early Expert:** An early expert would have solid technique, good control, and confidence, but might still be refining their flow or adding more complex elements. This person's performance is very polished.
    *   **Intermediate Expert:** An intermediate expert would have a strong foundation and be able to perform complex routines with good control. This person's performance is at this level, but the fluidity and confidence suggest she is pushing beyond it.
    *   **Late Expert:** A late expert would have a highly refined, almost effortless style, with exceptional control, precision, and expressive power. While this person is very skilled, the visual evidence doesn't show the level of effortless mastery or the highest degree of expressive complexity that would be expected from a late expert. She is highly competent and confident, but may not yet be at the absolute pinnacle of the art form.

Based on the analysis, the dancer exhibits a high level of skill, control, and confidence. Her movements are fluid, her technique is sound, and she performs with assurance. While she is clearly beyond a novice or early expert level, the evidence suggests she is an Intermediate Expert who is highly proficient and likely has significant experience, but may not yet be at the very top tier of mastery.

Verdict: Intermediate Expert",Intermediate Expert,False,61,"The visual evidence suggests the person is a Novice. Here's the step-by-step reasoning:

1.  **Movement and Control:** The footage is characterized by significant motion blur and shaky, unsteady camera movements (e.g., images 2, 11, 24, 31, 35, 39, 43, 47, 51, 55, 59, 63, 67, 71, 75, 79, 83, 87, 91, 95, 99). This indicates a lack of control over the camera, which is typical for someone inexperienced with a camera or a fisheye lens. The person is also seen moving around the space in a somewhat disorganized manner, not establishing a stable or deliberate framing.

2.  **Technique and Framing:** The person frequently pans and tilts the camera in a haphazard way, often resulting in blurry or incomplete shots (e.g., image 2, 11, 24, 31, 35, 39, 43, 47, 51, 55, 59, 63, 67, 71, 75, 79, 83, 87, 91, 95, 99). They don't seem to be composing shots with intention or using the space effectively. The fisheye lens is used, but the resulting distorted and uncontrolled images suggest the user is not leveraging the lens's capabilities with skill.

3.  **Confidence and Purpose:** The person appears to be exploring the space and the equipment, as seen by their hand gestures (e.g., image 10, 25, 38, 42, 46, 50, 54, 58, 62, 66, 70, 74, 78, 82, 86, 90, 94, 98) and the way they move around. This exploratory behavior, combined with the shaky footage, suggests a lack of confidence or a lack of a clear, practiced plan for the activity. They are not executing a specific, controlled sequence of actions.

4.  **Comparison to Higher Levels:** An Early Expert or Intermediate Expert would likely demonstrate more stable framing, deliberate movement, and a clearer sense of purpose. They would be able to use the camera to capture specific elements of the scene with more control and intention. The person in the video does not exhibit these qualities.

In conclusion, the combination of shaky footage, uncontrolled movement, and exploratory behavior strongly indicates a novice level of skill.

Verdict: Novice",Novice,True
4db61f0f-e35b-4ad8-bc3a-8d4a02094c19,uniandes_dance_019_7,Intermediate Expert,60,"To assess the person's skill level, I will analyze their movement, technique, control, and confidence based on the visual evidence across the frames.

1.  **Movement Efficiency and Flow:** The dancer exhibits a fluid and continuous movement style. She transitions between poses and steps with apparent ease, suggesting a well-rehearsed routine. Her footwork is precise, and she moves across the floor with a sense of purpose and rhythm, not stumbling or hesitating. This indicates a high level of physical coordination and efficiency.

2.  **Technique and Form:** Her posture is generally strong and controlled. She maintains a good center of gravity, and her arm movements are deliberate and expressive, often mirroring the flow of her body. She uses her entire body, not just her limbs, to convey the dance. The poses she strikes are not just random; they are intentional and well-executed, showing an understanding of dance composition.

3.  **Control and Precision:** The dancer demonstrates excellent control over her movements. She can hold poses with stability, and her transitions are smooth and controlled. She is able to execute complex sequences, such as the rapid arm movements and turns, with precision. Her ability to maintain balance and control while moving dynamically is a clear sign of advanced skill.

4.  **Confidence and Expression:** Her body language is confident. She holds her gaze, often looking directly at the camera or audience, and her movements are expressive and engaging. She doesn't appear nervous or uncertain; instead, she seems to be fully immersed in her performance. This confidence is a hallmark of a skilled performer who is comfortable with their craft.

5.  **Overall Impression:** The dancer is clearly not a beginner. She is executing a choreographed routine with a high degree of technical proficiency, artistic expression, and physical control. She is comfortable in the space and appears to be performing for an audience or camera, which requires a certain level of stage presence and confidence. While she may not be at the absolute pinnacle of mastery (which might involve more complex, highly stylized, or acrobatic elements), her performance is far beyond that of a novice or even an intermediate dancer.

Based on this analysis, the dancer's skill level is best described as Intermediate Expert. She has mastered the fundamentals and can execute a complex routine with confidence and control, but may still be developing more advanced or highly stylized techniques.

Verdict: Intermediate Expert",Intermediate Expert,True,60,"The person in the video is operating a camera in what appears to be a studio or performance space, likely for filming or photography. The visual evidence suggests the following about their skill level:

1.  **Movement and Control:** The person frequently moves the camera, often in a jerky, unsteady manner, especially when panning or turning. This is evident in frames like 0:13, 0:15, 0:17, 0:20, 0:23, 0:26, 0:29, 0:32, 0:35, 0:38, 0:41, 0:44, 0:47, 0:50, 0:53, 0:56, 0:59, 1:02, 1:05, 1:08, 1:11, 1:14, 1:17, 1:20, 1:23, 1:26, 1:29, 1:32, 1:35, 1:38, 1:41, 1:44, 1:47, 1:50, 1:53, 1:56, 1:59, 2:02, 2:05, 2:08, 2:11, 2:14, 2:17, 2:20, 2:23, 2:26, 2:29, 2:32, 2:35, 2:38, 2:41, 2:44, 2:47, 2:50, 2:53, 2:56, 2:59, 3:02, 3:05, 3:08, 3:11, 3:14, 3:17, 3:20, 3:23, 3:26, 3:29, 3:32, 3:35, 3:38, 3:41, 3:44, 3:47, 3:50, 3:53, 3:56, 3:59, 4:02, 4:05, 4:08, 4:11, 4:14, 4:17, 4:20, 4:23, 4:26, 4:29, 4:32, 4:35, 4:38, 4:41, 4:44, 4:47, 4:50, 4:53, 4:56, 4:59, 5:02, 5:05, 5:08, 5:11, 5:14, 5:17, 5:20, 5:23, 5:26, 5:29, 5:32, 5:35, 5:38, 5:41, 5:44, 5:47, 5:50, 5:53, 5:56, 5:59, 6:02, 6:05, 6:08, 6:11, 6:14, 6:17, 6:20, 6:23, 6:26, 6:29, 6:32, 6:35, 6:38, 6:41, 6:44, 6:47, 6:50, 6:53, 6:56, 6:59, 7:",Unknown,False
a79d5151-c4f8-4b6e-9084-c563b317c4e8,uniandes_dance_021_29,Intermediate Expert,67,"To assess the person's skill level, I will analyze their movement efficiency, technique, control, and confidence based on the visual evidence.

1.  **Movement Efficiency and Flow:** The person is performing a dance routine. Her movements appear fluid and connected, with transitions between steps and arm gestures that are not stiff or awkward. She moves across the floor with purpose, suggesting she has internalized the choreography. There is a clear sense of rhythm and flow, indicating she is not just memorizing steps but understanding the music and structure.

2.  **Technique and Form:** She maintains good posture throughout, with an upright spine and engaged core. Her arm movements are deliberate and expressive, often mirroring the direction of her steps. She uses her entire body, not just her limbs, to execute the movements. Her footwork is precise, with clear, controlled steps and turns. She doesn't appear to be stumbling or losing her balance, which points to strong foundational technique.

3.  **Control and Precision:** The dancer demonstrates excellent control. She can execute complex sequences, including turns, steps, and arm movements, with precision. Her ability to maintain her position and orientation while moving suggests strong spatial awareness and body control. She doesn't appear to be overly reliant on the floor markings, indicating she has internalized the space.

4.  **Confidence and Expression:** Her body language is confident. She holds poses with poise and executes movements with assurance. Her facial expression, though partially obscured, appears focused and engaged. She is not hesitant or fumbling; she is fully immersed in the performance. This confidence is a hallmark of someone who has practiced extensively and feels comfortable with the material.

5.  **Comparison to Skill Levels:**
    *   **Novice:** A novice would likely have stiff movements, poor posture, and be hesitant or unsure. They would struggle with transitions and might lose balance or get confused by the choreography. This person shows none of these signs.
    *   **Early Expert:** An early expert would have good technique and flow but might still show some minor imperfections or hesitation in complex sequences. This person's execution is very clean and consistent.
    *   **Intermediate Expert:** An intermediate expert would have a high degree of control and fluidity, with a strong understanding of the choreography. They would be able to perform complex sequences with precision and expressiveness. This person fits this description perfectly.
    *   **Late Expert:** A late expert would have a level of mastery that is even more refined, perhaps with more nuanced expression, greater speed, or more complex variations. While this person is highly skilled, the movements appear to be within a standard, well-rehearsed routine without the hallmarks of a late expert's advanced variations or improvisation.

Based on the analysis, the dancer exhibits a high level of technical proficiency, fluid movement, and confident expression. She executes the choreography with precision and control, indicating she is well beyond a novice or early expert level. However, the routine appears to be a standard, practiced sequence without the advanced complexity or improvisation often associated with a late expert. Therefore, she is best classified as an Intermediate Expert.

Verdict: Intermediate Expert",Intermediate Expert,True,67,"The person in the video is operating a camera with a fisheye lens in what appears to be a studio or rehearsal space. The footage is characterized by significant motion blur, frequent and abrupt changes in perspective, and a lack of stable framing. The person is often seen moving quickly, sometimes with their hand or arm entering the frame, suggesting they are not focused on maintaining a steady shot. The camera is frequently pointed downwards or at odd angles, and the person seems to be exploring the space rather than executing a planned shot. The presence of multiple tripods and black curtains suggests a professional or semi-professional setup, but the person's handling of the camera is unrefined. They appear to be experimenting or moving around the space without a clear, controlled technique. This indicates a lack of experience and confidence in handling the equipment and framing shots. Their movements are inefficient and lack the precision and control expected of someone with even an intermediate level of skill. The overall impression is that of someone who is still learning and is not yet comfortable with the camera or the environment.

Verdict: Novice",Novice,False
0d1c01f6-74c9-45b4-8ccd-8c64eb39a2f5,uniandes_dance_008_50,Intermediate Expert,52,"To assess the person's skill level, I will analyze their movement efficiency, technique, control, and confidence based on the visual evidence.

1.  **Movement Efficiency and Flow:** The dancer exhibits a fluid and continuous movement style. She transitions between poses and steps with minimal hesitation or awkwardness. Her movements appear choreographed and intentional, suggesting she is not just moving randomly but is executing a planned sequence. This indicates a good understanding of body mechanics and spatial awareness.

2.  **Technique and Form:** Her technique is generally strong. She maintains good posture, with an upright torso and engaged core, which is essential for dance. Her arm movements are expressive and coordinated with her body's motion, not just random gestures. She uses her feet effectively, incorporating turns, steps, and shifts in weight with apparent control. The precision of her footwork, especially when stepping on the marked spots, shows a high level of focus and technical ability.

3.  **Control and Precision:** The dancer demonstrates excellent control over her body. She can execute complex movements like turns, arm extensions, and dynamic poses with stability. Her ability to land precisely on the marked spots on the floor suggests she is highly aware of her position and is executing movements with accuracy. This level of precision is not typical for a novice.

4.  **Confidence and Expression:** Her body language is confident. She moves with assurance, exploring different directions and levels within the space. Her facial expression, though not perfectly clear, appears focused and engaged. She is not fumbling or looking uncertain; instead, she is fully immersed in her performance. This confidence is a hallmark of someone who has practiced extensively.

5.  **Comparison to Skill Levels:**
    *   **Novice:** A novice would likely exhibit stiff movements, poor posture, lack of coordination, and hesitation. This person shows none of these traits.
    *   **Early Expert:** An early expert might have good technique but could still show some minor inefficiencies or lack of fluidity in transitions. This dancer's movements are exceptionally smooth and controlled.
    *   **Intermediate Expert:** An intermediate expert would have solid technique and control, but might still be refining their expression and flow. This dancer's performance is highly polished and expressive.
    *   **Late Expert:** A late expert would have mastered the technical aspects and possess a deep, nuanced understanding of the art form, often with a unique personal style. While this dancer is highly skilled, the visual evidence doesn't show the level of deep, personal expression or mastery that might be expected from a late expert. She is executing a complex routine with high precision, which is a strong indicator of an intermediate expert.

Based on the analysis, the dancer's movements are highly controlled, technically proficient, and fluid. She demonstrates a strong understanding of choreography and spatial awareness. While she is clearly not a novice, the level of polish and the lack of any visible ""mastery"" or unique personal style that would elevate her to ""Late Expert"" status suggest she is an Intermediate Expert.

Verdict: Intermediate Expert",Intermediate Expert,True,52,"The person in the video is performing a series of movements in what appears to be a motion capture or performance capture studio, indicated by the black curtains with white markers, multiple tripods (likely for cameras or motion capture systems), and the fisheye lens perspective. The activity involves controlled, deliberate movements, including sitting, standing, and gesturing with arms and hands.

Step-by-step reasoning:

1.  **Movement Efficiency and Technique**: The person moves with a clear purpose. They transition from sitting to standing, and then perform various arm movements (pointing, waving, reaching). The movements are not rushed or chaotic; they appear intentional and controlled, suggesting a level of familiarity with the space and the task. The gestures are deliberate, indicating they are likely following a specific protocol or performing a set of actions for recording.

2.  **Control and Confidence**: The person maintains a steady posture and demonstrates good body control. They are able to move their limbs with precision, such as when extending their arm or pointing. The confidence is evident in their ability to move freely and interact with the environment without hesitation or stumbling. The fact that they are in a studio with equipment suggests they are comfortable in this setting.

3.  **Awareness of Environment**: The person is aware of their surroundings. They move around the space, sometimes looking towards the camera or the equipment, and adjust their position. They seem to be aware of the markers on the curtains and the tripods, which are likely part of the capture system. This awareness indicates a level of experience with the setup.

4.  **Consistency and Repetition**: The person repeats certain movements (like raising their arm) and maintains a consistent posture throughout the video. This suggests they are following a routine or script, which is common in motion capture or performance recording. The consistency implies they are not a novice who is still learning the basics.

5.  **Comparison to Novice vs. Expert**: A novice would likely be more hesitant, make more mistakes, and have less control over their movements. They might also be less aware of the equipment and the environment. The person in the video does not exhibit these characteristics. They move with confidence and control, suggesting they have some experience.

6.  **Level of Expertise**: While they are not performing complex, highly technical maneuvers (like advanced acrobatics or intricate dance moves), their movements are precise and purposeful. They are clearly comfortable with the environment and the task. This level of control and confidence is beyond a novice but may not yet be at the level of a late expert who might be performing complex, high-level movements or improvising. They are clearly skilled and experienced enough to be performing a task that requires precision and control.

Final Answer: Intermediate Expert",Novice,False
53d819a4-f540-44ed-8dcd-2260112fc54c,uniandes_dance_021_19,Intermediate Expert,73,"To assess the person's skill level, I will analyze their movement efficiency, technique, control, and confidence based on the visual evidence.

1.  **Movement Efficiency and Flow:** The person is performing a sequence of movements that appear to be choreographed or part of a specific dance style (possibly a form of contemporary or urban dance). Their transitions between poses and steps are generally smooth and connected, suggesting a good sense of rhythm and flow. They are not stumbling or hesitating between movements, which indicates a level of comfort and familiarity with the routine.

2.  **Technique and Form:** The person demonstrates a good understanding of body alignment and spatial awareness. They use their arms and legs in a coordinated, expressive manner. For example, they execute poses with clear lines and controlled extensions (e.g., arms raised, legs lifted). They also utilize the space effectively, moving across the floor and changing direction with purpose. Their posture is generally upright and engaged, which is indicative of good technique.

3.  **Control and Precision:** The person shows a high degree of control over their movements. They can hold poses with stability, such as the wide stance with arms outstretched, and execute intricate gestures like the ""V"" sign with their hand. They also perform dynamic movements like stepping and turning with precision, maintaining balance and form. This level of control suggests they have practiced these movements extensively.

4.  **Confidence and Expression:** The person appears confident and expressive. They are not looking at the camera or the equipment; instead, they are focused on their own performance, suggesting they are comfortable and self-assured in this environment. Their facial expression, though not perfectly clear, appears engaged and focused. They are clearly invested in the performance, which is a hallmark of an experienced performer.

5.  **Overall Assessment:** While the person is not performing at the highest level of mastery (e.g., they might not be executing complex, high-flying acrobatics or perfectly synchronized group choreography), they are clearly beyond a beginner level. Their movements are fluid, their technique is sound, and their control is precise. They are performing with confidence and expressiveness, indicating a solid foundation and significant experience in this activity.

Based on this analysis, the person is not a novice, but they are also not at the very top tier of expertise. They are highly competent and skilled, but may still be refining their craft or performing a specific piece rather than showcasing their full range of advanced skills.

Verdict: Intermediate Expert",Intermediate Expert,True,73,"The person in the video is navigating a space that appears to be a dance or performance studio, characterized by black curtains, a large branded backdrop, and multiple camera setups on tripods. Their movement is not fluid or efficient; they frequently stop, turn, and look around, often with a jerky, uncoordinated motion. The fisheye lens exaggerates their movements, but the lack of smooth transitions and the frequent pauses suggest they are not yet comfortable or confident in this environment. They appear to be exploring or orienting themselves rather than executing a practiced routine. Their gestures are sometimes unclear or hesitant, and they frequently point or gesture towards the surroundings, indicating a lack of familiarity with the space or the activity. The presence of multiple people and equipment suggests a professional or semi-professional setting, but the person's behavior does not reflect the poise or control of someone with significant experience. They seem to be learning or adapting, which is typical of a beginner.

Verdict: Novice",Novice,False
fdaecdd1-2ef5-44d6-bc6c-26ff4a21c3d6,uniandes_dance_008_13,Late Expert,55,"To assess the person's skill level, I will analyze their movement efficiency, technique, control, and confidence based on the visual evidence.

1.  **Movement Efficiency and Flow:** The person is performing a sequence of movements that appear to be choreographed or part of a specific routine. While the movements are not perfectly fluid or seamless, they are executed with a clear intention and a recognizable pattern. There are moments of transition that seem slightly awkward or hesitant, which is common for someone who is not yet fully comfortable with the routine. However, they are able to complete the sequence without getting stuck, indicating a basic understanding of the choreography.

2.  **Technique and Form:** The person demonstrates a reasonable level of technique. They maintain a relatively upright posture and use their arms and legs in a coordinated manner. For example, when they raise their arms or perform turns, their body alignment is generally good. They also use their feet effectively to move across the floor, suggesting they have some experience with movement and spatial awareness. However, there are moments where their form is not perfectly precise (e.g., slight wobbling or uneven arm placement), which suggests they are still refining their technique.

3.  **Control and Precision:** The person shows a good level of control over their movements. They are able to execute steps, turns, and arm movements with a degree of precision, even if not at a highly refined level. They are able to maintain their balance and control their body position throughout the sequence. This indicates a solid foundation in movement control, which is a key indicator of skill.

4.  **Confidence and Expression:** The person appears confident and engaged in the activity. They are not hesitant or nervous, and they seem to be enjoying the movement. Their facial expression and body language suggest they are comfortable and focused on the task. This confidence is a sign of experience and a positive attitude towards the activity.

5.  **Overall Assessment:** The person is clearly not a beginner, as they can execute a complex sequence of movements with a good level of control and confidence. They are not yet at an advanced level, as their movements are not perfectly fluid, their form is occasionally imperfect, and they show moments of hesitation or slight awkwardness. They are clearly in the process of developing their skills and are likely to improve with more practice.

Based on this analysis, the person's skill level is best described as Intermediate Expert. They have a solid foundation, are confident, and can execute a complex routine, but they are still refining their technique and flow.

Verdict: Intermediate Expert",Intermediate Expert,False,55,"The visual evidence suggests the person is a Novice. Here's the step-by-step reasoning:

1.  **Movement and Control:** The footage is filled with significant motion blur and shaky camera movements. This is evident in frames like 00:00:05, 00:00:15, 00:00:25, 00:00:35, and 00:00:45. This indicates a lack of stable control over the camera, which is a hallmark of a novice. The camera is often pointed directly at the person's own hand or body, suggesting they are not yet comfortable with framing or positioning.

2.  **Technique and Setup:** The person is seen interacting with the environment, such as pointing at the black curtains (00:00:17) or gesturing (00:00:00, 00:00:37). However, the setup appears to be a simple, possibly improvised, space with black curtains and tripods. The person is not seen making complex adjustments to lighting, camera settings, or positioning, which would be expected of someone with more experience.

3.  **Confidence and Purpose:** The person's movements are often abrupt and uncoordinated. The frequent, jerky pans and tilts (e.g., 00:00:05, 00:00:15, 00:00:25) suggest a lack of confidence in navigating the space or in operating the camera. The presence of multiple people in the background (00:00:00) and the person's own gestures imply they might be in a learning or testing environment, rather than a professional one.

4.  **Overall Impression:** The combination of shaky footage, lack of stable framing, and uncoordinated movements strongly points to a beginner. They are actively engaging with the equipment and environment, but their execution is not yet refined or controlled.

Verdict: Novice",Novice,False
27b3c35b-8799-4294-b4ff-dc33f52e0220,uniandes_dance_024_8,Novice,61,"To assess the person's skill level, I will analyze their movement, technique, control, and confidence based on the visual evidence.

1.  **Movement Efficiency and Flow:** The person is performing a dance routine. Their movements appear fluid and connected, not stiff or disjointed. They transition between poses and steps with a sense of rhythm and continuity. This suggests a good understanding of the choreography and the ability to execute it smoothly.

2.  **Technique and Form:** The dancer maintains good posture throughout. Their arm movements are deliberate and expressive, often extending and retracting in a controlled manner. Their footwork, including steps, turns, and a high kick, is executed with clear intention and form. The high kick, in particular, is a more advanced move that requires balance and strength, and it is performed cleanly.

3.  **Control and Precision:** The dancer demonstrates strong body control. They are able to hold poses, shift weight, and execute complex movements like the kick without losing balance. Their movements are precise, indicating they have practiced the routine and understand the spatial requirements of each step.

4.  **Confidence and Expression:** The dancer appears confident and comfortable in the space. They are not hesitant or fumbling; instead, they project energy and expressiveness through their movements. Their facial expression (though partially obscured by sunglasses) suggests focus and enjoyment. They are clearly engaged in the performance.

5.  **Overall Assessment:** The dancer is clearly not a novice, as they execute complex, choreographed movements with control and expression. They are not at the level of a late expert or master, as their movements, while skilled, do not show the extreme precision, fluidity, or complexity often associated with the highest levels of performance. They are executing a routine with confidence and technical ability, but with a certain level of polish that suggests they are well-practiced but not yet at the pinnacle of their craft.

Based on this analysis, the dancer is an Intermediate Expert. They have mastered the fundamentals and can perform a complex routine with control and expression, but they are still developing the advanced nuances that would place them in the Late Expert category.

Verdict: Intermediate Expert",Intermediate Expert,False,61,"The person in the video is navigating a studio environment with multiple cameras, black curtains, and a large banner. Their movement is characterized by frequent, sometimes jerky, pans and tilts of the camera, suggesting they are not yet comfortable with smooth, controlled motion. They frequently move the camera very close to their own body or hand, which can be seen in frames like 5, 11, 18, 23, 28, 33, 38, 43, 48, 53, 58, 63, 68, 73, 78, 83, 88, 93, 98, 103, 108, 113, 118, 123, 128, 133, 138, 143, 148, 153, 158, 163, 168, 173, 178, 183, 188, 193, 198, 203, 208, 213, 218, 223, 228, 233, 238, 243, 248, 253, 258, 263, 268, 273, 278, 283, 288, 293, 298, 303, 308, 313, 318, 323, 328, 333, 338, 343, 348, 353, 358, 363, 368, 373, 378, 383, 388, 393, 398, 403, 408, 413, 418, 423, 428, 433, 438, 443, 448, 453, 458, 463, 468, 473, 478, 483, 488, 493, 498, 503, 508, 513, 518, 523, 528, 533, 538, 543, 548, 553, 558, 563, 568, 573, 578, 583, 588, 593, 598, 603, 608, 613, 618, 623, 628, 633, 638, 643, 648, 653, 658, 663, 668, 673, 678, 683, 688, 693, 698, 703, 708, 713, 718, 723, 728, 733, 738, 743, 748, 753, 758, 763, 768, 773, 778, 783, 788, 793, 798, 803, 808, 813, 818, 823, 828, 833, 838, 843, 848,",Unknown,False
9235aa5a-d273-4932-be5f-b74ac82f5bcc,uniandes_dance_007_7,Intermediate Expert,53,"To assess the person's skill level, I will analyze their movement efficiency, technique, control, and confidence based on the visual evidence.

1.  **Movement Efficiency and Flow:** The person is performing a dance routine. Her movements appear fluid and connected, with transitions between steps and poses that are smooth. She doesn't seem to be stumbling or hesitating, suggesting a good sense of rhythm and body awareness. She moves across the floor with purpose, indicating efficiency in her choreography.

2.  **Technique and Form:** She demonstrates good posture and alignment. Her arm movements are deliberate and often symmetrical, which is a sign of trained technique. She executes poses with clear intention, such as the high kick and the arm raises, showing she understands the structure of the dance. Her footwork is precise, and she maintains a consistent, grounded stance.

3.  **Control and Precision:** The dancer exhibits excellent control over her body. She can hold poses for a moment, such as the high kick, without losing balance or form. Her movements are controlled and not rushed, indicating a high level of body control. She also uses the space effectively, moving from one spot to another with precision.

4.  **Confidence and Expression:** Her facial expression and body language convey confidence. She appears comfortable and engaged in the performance, even when adjusting her headgear or interacting with the camera. She doesn't seem nervous or unsure, which is a hallmark of an experienced performer.

5.  **Contextual Clues:** The setting is a studio with multiple cameras and a person operating one, suggesting this is a professional or semi-professional recording. The dancer is wearing a headset, which might be for audio or communication, further indicating a structured, professional environment. This context implies she is not just casually dancing but performing for an audience or recording, which requires a higher level of skill and confidence.

Considering all these factors, the dancer displays a high degree of technical proficiency, control, and confidence. She is not a beginner, as her movements are fluid and precise. She is not at the very top tier of an elite performer, as she doesn't show the extreme complexity or flawless execution of a Late Expert, but she is clearly beyond the early stages of learning.

Verdict: Intermediate Expert",Intermediate Expert,True,53,"The visual evidence suggests the person is a Novice. Here's the reasoning:

1.  **Movement Efficiency and Control:** The footage is filled with significant motion blur, especially in frames where the person is moving (e.g., frames 1, 31, 33, 35, 37, 39, 41, 43, 45, 47, 49, 51, 53, 55, 57, 59, 61, 63, 65, 67, 69, 71, 73, 75, 77, 79, 81, 83, 85, 87, 89, 91, 93, 95, 97, 99). This indicates rapid, uncontrolled movements, which is characteristic of someone who is not yet comfortable or skilled at navigating the space or performing the activity. The fisheye lens exaggerates this effect, but the blur is still very pronounced.

2.  **Technique:** The person frequently moves their hands in front of the camera (e.g., frames 33, 35, 37, 39, 41, 43, 45, 47, 49, 51, 53, 55, 57, 59, 61, 63, 65, 67, 69, 71, 73, 75, 77, 79, 81, 83, 85, 87, 89, 91, 93, 95, 97, 99), often in a way that obscures the view. This suggests a lack of awareness of camera positioning or an inability to maintain a stable, focused shot, which is a sign of inexperience.

3.  **Confidence:** The person appears to be exploring the space, looking around, and moving in a somewhat disoriented manner (e.g., frames 1, 31, 33, 35, 37, 39, 41, 43, 45, 47, 49, 51, 53, 55, 57, 59, 61, 63, 65, 67, 69, 71, 73, 75, 77, 79, 81, 83, 85, 87, 89, 91, 93, 95, 97, 99). They are not executing a specific, practiced routine. The presence of other people in the background (frame 1) and the setup (tripods, black curtains) suggests this might be a rehearsal or a setup for a performance, but the person's actions are not indicative of a skilled performer.

4.  **Comparison to Other Levels:** An Early Expert or Intermediate Expert would likely have smoother, more controlled movements, be able to maintain a steady shot, and demonstrate more purposeful navigation of the space. A Late Expert would show fluid, confident, and highly controlled movements with minimal blur. The person in the video does not exhibit any of these qualities.

Therefore, based on the uncontrolled movements, frequent motion blur, and lack of confident, purposeful navigation, the person is best classified as a Novice.

Verdict: Novice",Novice,False
97fff617-93c7-4d83-a13e-1ff5ab6fc79d,uniandes_dance_021_12,Late Expert,64,"To assess the person's skill level, I will analyze their movement efficiency, technique, control, and confidence based on the visual evidence.

1.  **Movement Efficiency and Flow:** The person is moving across the floor with a clear, purposeful path. They are not stumbling or hesitating. Their transitions between different poses and movements appear smooth and connected, suggesting a good sense of rhythm and spatial awareness. They are not just moving randomly but are navigating the space with intention.

2.  **Technique and Form:** The person demonstrates a variety of dance or movement techniques. They execute turns, arm movements, and leg extensions with apparent control. For example, when they perform a high kick or a turn, their posture is generally upright and their movements are clean. They are not compensating for poor form; their technique appears refined and intentional.

3.  **Control and Precision:** The person maintains control over their body throughout the sequence. They are able to hold poses, such as the one with arms raised, with stability. Their footwork is precise, and they seem to be aware of their position relative to the floor markers. This indicates a high level of body control and spatial awareness.

4.  **Confidence and Expression:** The person appears confident and comfortable in the space. They are not looking at the camera or the floor markers in a way that suggests uncertainty. Their movements are expressive and seem to be part of a choreographed routine. They are fully engaged in the activity, which suggests confidence in their abilities.

5.  **Overall Assessment:** The person is clearly not a novice, as their movements are fluid, controlled, and technically sound. They are not at the level of a late expert, as they are not performing complex, highly advanced movements or executing them with the same level of effortless mastery that a late expert would. They are performing a routine with good technique and confidence, but it is not yet at the peak level of a late expert. They are demonstrating a high level of skill, but there is still room for refinement and complexity.

Based on this analysis, the person is an Intermediate Expert.

Verdict: Intermediate Expert",Intermediate Expert,False,64,"The visual evidence suggests the person is a Novice. Here's the reasoning:

1.  **Movement Efficiency and Control:** The footage is characterized by frequent, jerky movements and significant motion blur, especially in frames like 25, 30, 33, 36, 39, 42, 45, 48, 51, 54, 57, 60, 63, 66, 69, 72, 75, 78, 81, 84, 87, 90, 93, 96, 99, 102, 105, 108, 111, 114, 117, 120, 123, 126, 129, 132, 135, 138, 141, 144, 147, 150, 153, 156, 159, 162, 165, 168, 171, 174, 177, 180, 183, 186, 189, 192, 195, 198, 201, 204, 207, 210, 213, 216, 219, 222, 225, 228, 231, 234, 237, 240, 243, 246, 249, 252, 255, 258, 261, 264, 267, 270, 273, 276, 279, 282, 285, 288, 291, 294, 297, 300, 303, 306, 309, 312, 315, 318, 321, 324, 327, 330, 333, 336, 339, 342, 345, 348, 351, 354, 357, 360, 363, 366, 369, 372, 375, 378, 381, 384, 387, 390, 393, 396, 399, 402, 405, 408, 411, 414, 417, 420, 423, 426, 429, 432, 435, 438, 441, 444, 447, 450, 453, 456, 459, 462, 465, 468, 471, 474, 477, 480, 483, 486, 489, 492, 495, 498, 501, 504, 507, 510, 513, 516, 519, 522, 525, 528, 531, 534, 537, 540, 543, 546, 549, 552,",Novice,False
6af8d123-939a-410a-9d29-72687bd4dac5,uniandes_dance_013_15,Late Expert,66,"The person in the video is performing a dance or movement routine in a studio setting, with multiple cameras set up to record. To assess their skill level, we can analyze their movement efficiency, technique, control, and confidence.

1.  **Movement Efficiency and Flow:** The person moves with a clear, deliberate flow. They transition between poses and steps smoothly, without hesitation or awkwardness. Their movements are not rushed but are purposeful and well-timed, suggesting a good understanding of the choreography or movement sequence.

2.  **Technique and Form:** The person maintains good posture throughout. Their arm movements are controlled and expressive, often extending gracefully. Their footwork is precise, and they appear to be using their entire body effectively, not just their limbs. This indicates a solid grasp of the technical aspects of the movement.

3.  **Control and Precision:** The person demonstrates excellent control. They are able to hold poses with stability and execute transitions with precision. Their movements are clean and intentional, showing a high degree of body awareness and coordination.

4.  **Confidence and Expression:** The person appears confident and comfortable in the space. They engage with the camera and the environment, using expressive gestures and maintaining a strong presence. Their facial expression and body language convey focus and enjoyment, which is often a sign of a skilled performer.

5.  **Overall Performance:** The routine is well-executed and appears to be a practiced performance. The person is not fumbling or making mistakes, and their movements are consistent and polished. This level of execution is beyond that of a beginner and suggests a high level of proficiency.

Based on this analysis, the person's skill level is clearly above that of a novice. They exhibit the control, technique, and confidence of someone who has spent significant time practicing and refining their craft. While they may not be at the absolute peak of a late expert (who might show more complex variations or improvisation), they are certainly an Intermediate Expert, demonstrating a high degree of mastery and consistency in their performance.

Verdict: Intermediate Expert",Intermediate Expert,False,66,"The person in the video is navigating a studio space with multiple camera setups and black curtains. Their movements are somewhat unsteady and appear to be exploratory, as they frequently turn and reorient themselves, sometimes causing motion blur. They are not moving with a clear, efficient path or purpose, suggesting they are not yet comfortable or confident in the space. Their hand gestures are casual and not indicative of precise control or technical skill. They seem to be experimenting with the environment, possibly trying to understand the setup or find a position, rather than executing a planned or practiced movement. The presence of others (likely crew or subjects) and the setup of multiple cameras suggest a professional or semi-professional context, but the person's actions do not reflect the confidence or efficiency expected of someone with intermediate or advanced skill. They appear to be learning or adapting, which is characteristic of a novice.

Verdict: Novice",Novice,False
8fdcfd22-239e-44b9-90a7-f29588cb7d82,uniandes_dance_012_24,Intermediate Expert,58,"To assess the person's skill level, I will analyze their movement efficiency, technique, control, and confidence based on the visual evidence.

1.  **Movement Efficiency and Flow:** The person is moving across the floor with a clear, purposeful path. They are not stumbling or hesitating; their transitions between different dance moves (e.g., stepping, turning, arm movements) appear smooth and connected. This suggests a good sense of rhythm and spatial awareness, which are hallmarks of an intermediate or higher skill level.

2.  **Technique and Form:** The dancer is executing a variety of movements, including turns, kicks, and arm gestures. While some movements might be slightly exaggerated or not perfectly aligned (e.g., a kick at 0:42), the overall form is generally correct for the style of dance. They are using their body effectively to create dynamic poses and transitions, indicating a solid understanding of the choreography.

3.  **Control and Precision:** The dancer demonstrates good control over her body. She can maintain balance while performing turns and dynamic steps. Her movements are deliberate, and she appears to be aware of her position relative to the markers on the floor, suggesting she is following a choreographed sequence. The precision of her footwork and arm placement is consistent, even if not at a highly refined level.

4.  **Confidence and Expression:** The dancer appears confident and engaged. She is not looking at the cameras or the floor; she is focused on her performance. Her facial expression (though not perfectly clear) suggests she is enjoying the activity. She is expressive with her arms and body, using them to enhance the movement, which indicates a level of comfort and confidence in her abilities.

5.  **Comparison to Skill Levels:**
    *   **Novice:** A novice would likely be hesitant, make frequent mistakes, and lack fluidity. The dancer here is not hesitant or making frequent errors.
    *   **Early Expert:** An early expert would have very clean, precise technique and a strong sense of rhythm and flow. While the dancer is skilled, some movements show slight imperfections, suggesting she is not yet at the peak of an early expert level.
    *   **Intermediate Expert:** An intermediate expert would have a strong command of the choreography, good control, and the ability to express themselves through movement. The dancer fits this description well. She is executing a complex routine with confidence and control, showing a good understanding of the movement vocabulary.
    *   **Late Expert:** A late expert would likely have flawless technique, a very refined and expressive style, and the ability to improvise or adapt seamlessly. The dancer shows good technique but has some minor imperfections, and her expression is strong but not yet at the level of a late expert.

Based on this analysis, the dancer demonstrates a high level of skill, with good control, confidence, and the ability to execute a complex routine. However, she is not yet at the level of a late expert, as there are some minor imperfections in her technique and execution. She is clearly beyond the novice stage and has developed a strong foundation.

Verdict: Intermediate Expert",Intermediate Expert,True,58,"The person appears to be operating a camera or recording equipment in a studio or rehearsal space. Their movements are somewhat unsteady and exploratory, as evidenced by the frequent, wide-angle pans and tilts of the camera, which often result in blurred or disorienting frames. The camera is frequently pointed at the black backdrop with markers, suggesting they are setting up or checking something, but the movements are not smooth or deliberate. The person occasionally points at the backdrop or moves their hand into the frame, indicating a lack of full immersion or confidence in the setup. The presence of multiple tripods and a large backdrop suggests a professional or semi-professional environment, but the person’s handling of the camera and their movements indicate they are not yet fully comfortable or skilled. They seem to be experimenting or learning, rather than executing a precise, controlled operation. Their movements are not fluid, and they frequently reposition the camera, which is characteristic of someone still developing their skills.

Verdict: Novice",Novice,False
5286fd37-f72e-42c5-bb9e-e09811887981,uniandes_dance_020_27,Novice,65,"To assess the person's skill level, I will analyze their movement, technique, control, and confidence based on the visual evidence.

1.  **Movement Efficiency and Flow:** The person is moving across the floor with a clear, purposeful path. They are not stumbling or hesitating. Their steps are deliberate, and they transition between positions smoothly, indicating a good sense of spatial awareness and rhythm. This suggests they are not a complete beginner.

2.  **Technique and Form:** The person is performing a variety of movements, including arm gestures, turns, and dynamic steps. While the movements are not perfectly synchronized or highly stylized, they are executed with a clear intention. They are using their arms to complement their body movements, which is a key element of many performance arts. Their posture is generally upright and engaged.

3.  **Control and Precision:** The person demonstrates good control over their body. They are able to maintain balance while executing turns and dynamic steps. They appear to be aware of their position relative to the markers on the floor, suggesting they are following a choreographed path or pattern. Their movements are not sloppy or uncoordinated.

4.  **Confidence and Expression:** The person appears confident and comfortable in the space. They are not looking at the camera or the equipment; they are focused on their own movements and the space around them. Their facial expression, though not perfectly clear, appears focused and engaged. They are not hesitant or fumbling, which indicates a level of comfort and confidence in their performance.

5.  **Comparison to Skill Levels:**
    *   **Novice:** A novice would likely be hesitant, uncoordinated, and might not be able to maintain a consistent rhythm or path. They would likely be looking at the camera or the equipment for cues. This person is clearly not a novice.
    *   **Early Expert:** An early expert would have more refined technique, smoother transitions, and more complex choreography. While this person is skilled, their movements are not yet at the level of a highly polished performance. They are still developing their style and flow.
    *   **Intermediate Expert:** An intermediate expert would have a more consistent and fluid style, with more complex and varied movements. They would likely be able to perform more intricate choreography with greater precision. This person is moving with confidence and control, but their movements are still somewhat basic and lack the complexity of a true intermediate expert.
    *   **Late Expert:** A late expert would have a highly refined, expressive, and technically proficient style. Their movements would be fluid, precise, and highly controlled, with a clear artistic expression. This person is not yet at that level.

Based on the visual evidence, the person is clearly skilled and confident, but their movements are still developing and lack the complexity and refinement of a true expert. They are moving with purpose and control, but their choreography is not yet highly sophisticated.

Verdict: Intermediate Expert",Intermediate Expert,False,65,"The visual evidence suggests the person is a Novice. Here's the step-by-step reasoning:

1.  **Movement and Navigation:** The person is seen walking through the space, often with a wide, unsteady gait, especially in frames like 25, 30, 35, and 39. The camera movement is frequently shaky and jerky, indicating a lack of control and stability. This is not the smooth, confident movement of someone experienced.

2.  **Environmental Awareness and Control:** The person appears to be exploring the space rather than working within it with purpose. They frequently look around, sometimes at the camera (e.g., 2, 11, 21, 26, 31, 36, 41, 46), suggesting they are orienting themselves or checking their surroundings rather than focusing on a specific task. Their movements are not efficient; they seem to be wandering or adjusting their position frequently.

3.  **Interaction with Equipment:** While they are in a space with professional-looking equipment (tripods, black curtains, a large banner), their interaction with it is not shown in a way that suggests expertise. The camera is often pointed at the environment or people, not at a specific subject or task. The person is not seen making precise adjustments to the equipment.

4.  **Confidence and Focus:** The person's posture and actions do not convey the confidence of an expert. They are often seen standing still, looking around, or moving slowly, which is characteristic of someone who is not yet comfortable or proficient in the environment. The frequent blurring and shaky footage (e.g., 25, 30, 35, 39) further supports this, as it indicates a lack of control over the camera and possibly the environment.

5.  **Overall Impression:** The person is clearly in a studio or rehearsal space, but their behavior suggests they are either new to the environment, not yet comfortable with the equipment, or simply exploring. They are not demonstrating the focused, efficient, and controlled movements of an Intermediate or Expert.

Based on this analysis, the person's skill level is best described as Novice.

Verdict: Novice",Novice,True
7992ceca-a566-4679-b116-6fc0b811b70f,upenn_0720_Dance_4_5,Early Expert,89,"The person in the video is performing a dance routine in a studio setting. To assess their skill level, we can analyze several key aspects:

1.  **Movement Efficiency and Flow:** The dancer executes a series of movements including turns, arm gestures, and leg extensions. While the movements are generally fluid, there are moments where the transitions between poses appear slightly stiff or deliberate, suggesting they are consciously working through the choreography rather than moving with effortless, natural flow. The overall sequence is not perfectly seamless.

2.  **Technique and Form:** The dancer demonstrates a good understanding of basic dance posture and alignment. They maintain a relatively upright torso and use their arms expressively. However, some movements, like the high kicks and turns, show slight imbalances or lack of perfect control. For instance, during the high kick, the supporting leg is not always perfectly straight, and the arm placement can be inconsistent. This indicates they are not yet at a level of refined technique seen in advanced dancers.

3.  **Control and Precision:** The dancer shows moderate control over their body. They can hold poses and execute steps, but there are moments where the movements are not as precise as they could be. For example, during the turns, the rotation is not always smooth or perfectly centered, and the footwork occasionally lacks the crispness of a more advanced dancer.

4.  **Confidence and Expression:** The dancer appears confident and engaged, moving with purpose and expressiveness. They are not hesitant or fumbling, which suggests they are comfortable with the routine. Their facial expression and body language convey enjoyment and focus, which is a sign of a developing skill level.

5.  **Overall Performance:** The routine is complete and covers a range of movements, indicating that the dancer has learned the choreography. However, the execution lacks the polish, precision, and effortless grace that would characterize an Intermediate or Late Expert. The movements are competent but not yet refined.

Considering these points, the dancer is clearly beyond a Novice level, as they can perform a full routine with confidence and understand the basic techniques. However, they are not yet at the level of an Intermediate or Late Expert, as their movements show room for improvement in precision, control, and fluidity. They are demonstrating a solid foundation and are actively practicing, which is characteristic of someone who is developing their skills.

Verdict: Early Expert",Early Expert,True,89,"The person in the video is operating a camera on a tripod in a large, dimly lit atrium. Their movements are not fluid or efficient; they frequently stop, adjust their position, and appear to be checking the camera or their surroundings. In several frames, they are seen standing still, looking at the camera, or making small adjustments, which suggests a lack of confidence or a focus on setup rather than smooth operation. Their posture and movements are somewhat hesitant, and they do not appear to be moving with the purposeful, controlled motion of an experienced operator. The presence of multiple tripods and the fact that they are not actively filming or moving through the space with intent suggests they are either setting up or testing equipment, not executing a skilled, dynamic shoot. The occasional hand gestures towards the camera (like thumbs up or waving) further indicate a casual, non-professional approach. Their technique is not refined, and they seem to be learning or experimenting rather than executing a practiced skill.

Verdict: Novice",Novice,False
c5c271ee-08ad-4dd8-ac8c-417f830db685,uniandes_dance_019_20,Intermediate Expert,63,"To assess the person's skill level, I will analyze their movement, technique, control, and confidence based on the visual evidence.

1.  **Movement Efficiency and Flow:** The person is performing a dance routine. Their movements are not stiff or awkward; they appear to be flowing from one pose to another with a sense of rhythm and continuity. They are not just standing still or moving in a random way, but executing a choreographed sequence. This suggests a level of practice and understanding of the dance form.

2.  **Technique and Form:** The dancer maintains good posture throughout. She uses her arms and hands expressively and deliberately, often in a way that complements her body movement. Her footwork, while not perfectly precise in every frame, is generally clean and intentional, showing an understanding of spatial awareness and timing. She doesn't appear to be struggling with basic movements.

3.  **Control and Precision:** The dancer demonstrates good control over her body. She can hold poses, transition smoothly between movements, and maintain her balance. While some movements might be slightly exaggerated or not perfectly executed (e.g., the arm extensions or turns), this is common in a performance or rehearsal context and doesn't indicate a lack of control. She is clearly in command of her body.

4.  **Confidence and Expression:** The dancer appears confident. She is not hesitant or fumbling; she moves with assurance. Her facial expression, though not perfectly clear, seems focused and engaged. She is clearly comfortable in the space and with the activity, which is a hallmark of someone who has practiced and is familiar with the routine.

5.  **Contextual Clues:** The setting is a studio with a large banner, and there are cameras on tripods, suggesting this is a formal recording or performance. The dancer is not just practicing; she is performing for an audience or camera. This context implies a certain level of professionalism and skill, as one would not typically perform a complex routine for a camera without some degree of proficiency.

**Conclusion:**

The dancer exhibits clear evidence of training and experience. She is not a beginner (Novice), as her movements are fluid and purposeful. She is not at the very highest level of mastery (Late Expert), as some movements might lack the absolute precision or complexity of a seasoned professional, and the performance seems to be a rehearsal or a less formal recording. She is clearly beyond the early stages of learning and has developed a solid foundation in technique, control, and expression. Her ability to perform a choreographed routine with confidence and flow places her firmly in the Intermediate Expert category.

Verdict: Intermediate Expert",Intermediate Expert,True,63,"The person in the video is navigating a space that appears to be set up for a photoshoot or video production, with multiple black backdrops, tripods, and lighting equipment. Their movement is not fluid or efficient; they frequently stop, turn, and reorient themselves, often appearing to be looking for something or adjusting their position. The camera is often pointed at the backdrops or the equipment, suggesting they are either setting up or checking the scene, rather than moving with purpose or confidence. The presence of their hand in the frame multiple times, sometimes pointing or gesturing, indicates they are actively interacting with the environment, but not in a way that suggests mastery or control. The fisheye lens distorts the scene, but the person's movements appear hesitant and exploratory rather than confident or practiced. They do not seem to have a clear plan or efficient workflow, and their actions are more indicative of someone learning or experimenting rather than someone who is skilled or experienced. Therefore, their skill level is best described as Novice.

Verdict: Novice",Novice,False
26ca925c-845d-4419-ae37-93f28cb415e8,uniandes_dance_016_8,Early Expert,64,"To assess the dancer's skill level, I will analyze the visual evidence across the frames for key indicators of proficiency: movement efficiency, technique, control, and confidence.

1.  **Movement Efficiency and Flow:** The dancer executes a sequence of movements that appear choreographed. She transitions between poses and steps with a sense of purpose and rhythm. While not perfectly fluid in every frame, the overall motion is continuous and directed, suggesting a planned routine rather than random movement. She moves across the space with intention, indicating a level of spatial awareness.

2.  **Technique and Form:** The dancer maintains a relatively consistent posture, with good alignment of her spine and shoulders. Her arm movements are deliberate and often follow the lines of the choreography, showing an understanding of dance vocabulary. She uses her arms expressively to complement her body movements, which is a sign of trained technique.

3.  **Control and Precision:** The dancer demonstrates good control over her body. She can hold poses with stability, such as the one where she raises her arms above her head (frame 27) or the pose with one arm extended (frame 16). She also executes turns and steps with a degree of precision, suggesting she has practiced these movements. Her ability to manage her long hair during dynamic movements (e.g., frame 39) also indicates a level of control over her body and environment.

4.  **Confidence and Expression:** The dancer appears confident and focused. She is not hesitant or fumbling; she moves with assurance. Her facial expression, though not perfectly clear, seems engaged and expressive. She is clearly comfortable in the space and in front of the cameras, which is a sign of experience and confidence.

5.  **Comparison to Skill Levels:**
    *   **Novice:** A novice would likely exhibit awkwardness, lack of coordination, and hesitant movements. The dancer here shows none of these traits.
    *   **Early Expert:** An early expert would have a solid foundation, execute movements with good form, and show confidence. The dancer fits this description well.
    *   **Intermediate Expert:** An intermediate expert would demonstrate more refined technique, greater complexity in choreography, and a higher degree of expressiveness and control. While the dancer is skilled, the movements appear to be within a moderate complexity range, and her expression is good but not yet at the level of a highly polished performance.
    *   **Late Expert:** A late expert would exhibit flawless technique, highly complex and intricate choreography, and a deep, nuanced expressiveness. The dancer's performance, while competent and confident, does not reach this level of mastery.

Based on the analysis, the dancer displays a solid foundation, good control, and confidence, but her movements are not yet at the level of a highly complex or refined performance. She is clearly beyond a novice stage and has developed a strong skill set, but she has not yet reached the pinnacle of mastery.

Verdict: Early Expert",Early Expert,True,64,"The person in the video is navigating a studio environment with black curtains and banners, likely for a photoshoot or video production. Their movements are characterized by frequent, sometimes abrupt, changes in direction and perspective, often accompanied by motion blur (e.g., images 27, 34, 37, 40, 43, 46, 49, 52, 55, 58, 61, 64, 67, 70, 73, 76, 79, 82, 85, 88, 91, 94, 97, 100, 103, 106, 109, 112, 115, 118, 121, 124, 127, 130, 133, 136, 139, 142, 145, 148, 151, 154, 157, 160, 163, 166, 169, 172, 175, 178, 181, 184, 187, 190, 193, 196, 199, 202, 205, 208, 211, 214, 217, 220, 223, 226, 229, 232, 235, 238, 241, 244, 247, 250, 253, 256, 259, 262, 265, 268, 271, 274, 277, 280, 283, 286, 289, 292, 295, 298, 301, 304, 307, 310, 313, 316, 319, 322, 325, 328, 331, 334, 337, 340, 343, 346, 349, 352, 355, 358, 361, 364, 367, 370, 373, 376, 379, 382, 385, 388, 391, 394, 397, 400, 403, 406, 409, 412, 415, 418, 421, 424, 427, 430, 433, 436, 439, 442, 445, 448, 451, 454, 457, 460, 463, 466, 469, 472, 475, 478, 481, 484, 487, 490, 493, 496, 499, 502, 505, 508, 511, 514, 517, 520, 523, 526, 529, 532, 535, 538, 541, 544, 547, 550, 5",Unknown,False
e10d385c-3b3f-4cc4-8e2d-2c5e7d986f42,uniandes_dance_020_34,Late Expert,66,"The person is performing a dance or movement routine in a studio. Let's analyze their skill level based on the visual evidence:

1.  **Movement Efficiency and Flow:** The person moves across the floor with a clear, deliberate path, often stepping from one marked spot to another. Their transitions between movements are generally smooth and intentional, suggesting a planned routine rather than random motion. This indicates a level of choreographic awareness.

2.  **Technique and Form:** The individual executes a variety of movements, including arm extensions, turns, and steps. While some movements appear fluid, others, particularly the more complex arm gestures and turns, show slight hesitation or lack of perfect alignment. For example, when performing a wide arm sweep or a turn, their posture isn't always perfectly balanced or symmetrical. This suggests they are not yet at a highly polished, professional level.

3.  **Control and Precision:** The person demonstrates good control over their body, maintaining balance and executing movements with purpose. They are able to hold poses and transition between them. However, the precision of their movements, especially in the more intricate gestures, is not consistently flawless. There are moments where the movement appears slightly rushed or unrefined.

4.  **Confidence and Expression:** The person appears confident and engaged in their performance. They are not fumbling or looking uncertain. Their facial expression and body language convey enjoyment and focus on the activity. This confidence is a sign of experience, but it doesn't necessarily equate to mastery.

5.  **Overall Assessment:** The person is clearly not a novice, as they have a clear understanding of the routine and can execute it with purpose. They are not at the level of an ""Early Expert"" or ""Intermediate Expert"" who would likely demonstrate more refined technique, smoother transitions, and greater precision. Their movements, while confident and structured, still show the slight imperfections and lack of polish that are common in someone who is still developing their skills. They are clearly practicing and improving, but have not yet reached a stage of high-level mastery.

Therefore, the most accurate label for their skill level is Intermediate Expert.

Verdict: Intermediate Expert",Intermediate Expert,False,66,"The visual evidence suggests the person is a Novice. Here's the step-by-step reasoning:

1.  **Movement and Navigation:** The person frequently moves through the space, often with a sense of purpose, but their movements are not always smooth or efficient. They are seen walking, turning, and sometimes stumbling or moving in a way that suggests they are still learning to navigate the space confidently. The fisheye lens exaggerates the sense of disorientation, but the person's movements appear somewhat uncoordinated at times.

2.  **Interaction with Equipment:** The person is seen interacting with various pieces of equipment, such as cameras on tripods and large black panels. However, their interactions are often not precise or controlled. For example, in several frames, their hand is seen reaching out or gesturing towards the equipment or background, sometimes in a way that seems exploratory or uncertain rather than purposeful. They are not consistently setting up or adjusting equipment with a practiced, expert hand.

3.  **Spatial Awareness and Control:** The person's control over their environment is limited. They frequently move into the frame, sometimes obscuring the view, and their movements can be jerky or unsteady. They appear to be exploring the space rather than commanding it. The frequent hand gestures and the way they point at the background banner suggest they are still orienting themselves and are not yet fully comfortable with the layout.

4.  **Confidence and Focus:** While the person is engaged and seems to be part of a group activity, their actions lack the focused, confident, and deliberate nature of an expert. They are often seen looking around or interacting with others, rather than maintaining a steady focus on a specific task. Their movements are reactive rather than proactive.

5.  **Overall Impression:** The person is clearly involved in an activity that requires spatial awareness and equipment handling, but their execution is inconsistent and lacks the finesse and control expected of someone with more experience. They are learning the ropes, which is characteristic of a novice.

Verdict: Novice",Novice,False
24b8af0b-b50e-4ddb-8421-a23dab506580,uniandes_dance_013_22,Late Expert,55,"To assess the person's skill level, I will analyze their movement efficiency, technique, control, and confidence based on the visual evidence.

1.  **Movement Efficiency and Flow:** The person is performing a sequence of movements that appear to be choreographed, likely dance or a movement routine. Their transitions between poses and steps are generally smooth and connected, suggesting a good sense of rhythm and flow. They are not stumbling or hesitating, which indicates a level of comfort and efficiency in their movement.

2.  **Technique and Form:** The person demonstrates a variety of poses and movements, including arm extensions, turns, and jumps. Their posture is generally upright and their movements are deliberate. While some movements might not be perfectly executed (e.g., a slight wobble during a jump or a momentary loss of balance), they are able to recover and continue. This suggests they have learned the fundamental techniques and are practicing them, rather than being a complete beginner.

3.  **Control and Precision:** The person shows good control over their body. They are able to execute movements with intention, such as extending their arms or stepping precisely. The presence of markers on the floor suggests this might be a motion capture or performance recording, which often requires a certain level of precision. The person is able to navigate the space and hit the markers with relative accuracy, indicating control.

4.  **Confidence and Expression:** The person appears confident and engaged in their performance. They are not looking at the camera or the equipment; they are focused on their own movement, which is a sign of immersion and confidence in their skill. Their facial expression, though not perfectly clear, appears focused and expressive, suggesting they are comfortable and enjoying the activity.

5.  **Context and Environment:** The setting is a studio with multiple cameras and a person operating equipment, which implies this is a professional or semi-professional recording. The person is not just casually moving; they are performing for an audience or for a specific purpose. This context suggests they have some experience and are not a complete novice.

**Conclusion:**

The person is clearly not a novice, as they demonstrate a good understanding of movement, rhythm, and control. They are not yet at the level of a Late Expert, as their movements, while fluid, show some minor imperfections and lack the refined, highly polished execution and complex, seamless transitions that characterize advanced performers. They are also not an Early Expert, as they are not yet performing with the same level of complexity or mastery as someone who has been practicing for a long time. Their performance is consistent, confident, and shows a solid foundation, which places them firmly in the Intermediate Expert category.

Verdict: Intermediate Expert",Intermediate Expert,False,55,"The person in the video is performing a series of movements in what appears to be a motion capture or performance capture studio, indicated by the black curtains with white markers and the presence of tripods (likely for cameras or motion capture systems). The video is shot with a fisheye lens, which distorts the perspective, but the person's actions are still discernible.

Let's analyze their skill level step by step:

1.  **Movement Efficiency and Control:** The person frequently moves their arms and hands in various directions, sometimes reaching out, sometimes gesturing, and sometimes appearing to interact with the environment (e.g., reaching towards the curtains). The movements are often fluid and appear intentional, suggesting a degree of control. However, there are moments of blurring (e.g., frames 28, 32, 35, 37, 39, 41, 43, 45, 47, 49, 51, 53, 55, 57, 59, 61, 63, 65, 67, 69, 71, 73, 75, 77, 79, 81, 83, 85, 87, 89, 91, 93, 95, 97, 99) which could be due to rapid movement or the fisheye lens, but also suggest a lack of perfect precision or a deliberate, expressive style. The person is also seen sitting down (frame 16) and moving around the space, indicating they are comfortable navigating the environment.

2.  **Technique and Purpose:** The person is not just moving randomly. They are performing specific gestures, such as reaching out (frames 11, 13, 15, 17, 19, 21, 23, 25, 27, 29, 31, 33, 35, 37, 39, 41, 43, 45, 47, 49, 51, 53, 55, 57, 59, 61, 63, 65, 67, 69, 71, 73, 75, 77, 79, 81, 83, 85, 87, 89, 91, 93, 95, 97, 99). These gestures seem to be part of a choreographed or practiced sequence, possibly for motion capture. The person is also seen interacting with the environment, such as pointing (frame 25) or reaching towards the curtains (frames 27, 29, 31, 33, 35, 37, 39, 41, 43, 45, 47, 49, 51, 53, 55, 57, 59, 61, 63, 65, 67, 69, 71, 73, 75, 77, 79, 81, 83, 85, 87, 89, 91, 93, 95, 97, 99). This suggests they understand the context of the activity and are performing specific actions.

3.  **Confidence and Comfort:** The person appears confident and comfortable in the space. They are not hesitant or fumbling. They move with a sense of purpose, even when the camera is moving or the image is distorted. They are also seen interacting with others (frame 36) and appear to be part of a group activity, which suggests they are familiar with the environment and the people in it.

4.  **Comparison to Skill Levels:**
    -   **Novice:** A novice would likely move awkwardly, be unsure of their movements, and might not understand the purpose of the activity. The person in the",Novice,False
04f0854f-7a61-4902-a5ea-cf9b9ff2785f,upenn_0706_Dance_4_3,Early Expert,185,"The person in the video is performing a dance or movement routine, likely in a virtual reality or motion capture environment, as suggested by the smartphone interface in the first frame and the presence of multiple cameras/tripods. To assess their skill level, we can analyze their movement efficiency, technique, control, and confidence.

1.  **Movement Efficiency and Flow:** The person's movements are generally fluid and appear to be part of a choreographed sequence. They move across the floor with purpose, changing direction and position smoothly. There are no obvious stumbles or hesitations, indicating a good sense of spatial awareness and rhythm.

2.  **Technique and Form:** The person executes a variety of arm movements and body positions. They frequently raise their arms, extend them, and make sweeping motions, which suggests they are following a specific set of instructions or a dance pattern. Their posture is generally upright and their movements are deliberate, showing an understanding of the required form.

3.  **Control and Precision:** The person demonstrates good control over their movements. They are able to transition between different poses and movements with relative ease. While not every movement is perfectly precise (as is expected in a dynamic, possibly virtual, environment), their overall control is sufficient to execute the routine effectively.

4.  **Confidence and Engagement:** The person appears confident and engaged throughout the sequence. They maintain a steady pace and seem focused on the task. Their body language is open and expressive, suggesting they are comfortable with the activity and the environment.

5.  **Comparison to Skill Levels:**
    *   **Novice:** A novice would likely exhibit awkwardness, lack of coordination, and frequent pauses or corrections. This person does not show these signs.
    *   **Early Expert:** An early expert would show consistent, fluid movements with good technique and control, often with a clear understanding of the choreography. This person fits this description well.
    *   **Intermediate Expert:** An intermediate expert would show more refined technique, greater complexity in movements, and possibly more expressive or stylized execution. While the person is skilled, the movements appear to be following a specific set of instructions rather than being highly stylized or complex.
    *   **Late Expert:** A late expert would demonstrate mastery, with highly refined, almost effortless movements, and the ability to improvise or adapt seamlessly. The person does not show this level of mastery.

Based on the visual evidence, the person is clearly skilled and confident, executing a choreographed routine with good technique and control. However, the movements appear to be following a specific set of instructions rather than being highly complex or stylized, which places them at an early expert level.

Verdict: Early Expert",Early Expert,True,185,"The visual evidence suggests the person is a Novice. Here's the step-by-step reasoning:

1.  **Movement Efficiency and Control:** The person frequently moves the camera in a jerky, unsteady manner. Many frames show significant motion blur, indicating rapid, uncontrolled movements. The camera is often pointed at the floor or the ceiling, suggesting a lack of focus on the intended subject or a lack of spatial awareness. The person's hand is frequently visible in the frame, sometimes obscuring the view, which is typical of someone who is not yet comfortable with the equipment or the environment.

2.  **Technique:** The person is seen setting up and adjusting equipment, but the process appears unrefined. The camera is often pointed at the floor or ceiling, and the person seems to be experimenting with different angles and positions without a clear, deliberate plan. The use of a tripod is present, but the person is not consistently using it to stabilize the shot; they are often moving around it or adjusting it while holding the camera.

3.  **Confidence:** The person's movements are hesitant and exploratory. They are frequently looking around the room, sometimes appearing to be unsure of where to point the camera or what to capture. The frequent appearance of their hand in the frame suggests a lack of confidence in handling the camera or a lack of familiarity with the equipment.

4.  **Overall Assessment:** The combination of unsteady movements, frequent motion blur, lack of a clear shooting strategy, and hesitant behavior strongly indicates that the person is a novice. They are still learning how to navigate the space and operate the camera effectively.

Verdict: Novice",Novice,False
7e4cdc23-31d4-4449-b6a1-1100985cfcb1,uniandes_dance_012_19,Intermediate Expert,47,"To assess the person's skill level, I will analyze their movement, technique, control, and confidence based on the visual evidence.

1.  **Movement Efficiency and Flow:** The person is performing a dance or movement routine. Her movements appear fluid and connected, with transitions between steps and poses that are smooth. She doesn't seem to be stumbling or hesitating, suggesting a good sense of rhythm and body awareness. She moves across the floor with purpose, indicating efficiency in her choreography.

2.  **Technique and Form:** She maintains a consistent posture, often with her back straight and core engaged. Her arm movements are deliberate and coordinated with her steps, suggesting she is not just moving randomly but executing a planned sequence. Her footwork is precise, and she uses the space effectively, stepping on and around the markers on the floor.

3.  **Control and Precision:** The person demonstrates excellent control over her body. She can hold poses, shift her weight, and change directions with apparent ease. Her movements are controlled, not rushed or sloppy. She appears to be aware of her position in space and is able to execute complex sequences with accuracy.

4.  **Confidence and Expression:** Her body language is confident. She holds her head high, makes eye contact with the camera (or the direction of the camera), and projects an air of assurance. She is not fidgeting or looking nervous. Her movements are expressive, suggesting she is comfortable and engaged in the performance.

5.  **Contextual Clues:** The setting is a studio with multiple cameras, indicating this is a professional or semi-professional recording. The person is clearly performing for an audience or for a production. This context implies she is not a casual dancer but someone who has trained and is comfortable performing in front of others.

Considering all these factors, the person exhibits a high level of skill. She is not a beginner, as her movements are precise and controlled. She is not at the very top tier of expertise, as she might not be performing complex, highly technical moves that would be expected of a Late Expert. However, she is clearly proficient, confident, and technically sound, which places her well beyond a novice level.

Verdict: Intermediate Expert",Intermediate Expert,True,47,"The person appears to be operating a camera or recording equipment in a studio or rehearsal space. The visual evidence shows them moving around the space, adjusting their position relative to the camera setup, and interacting with the environment. They are seen moving between different areas, sometimes partially obscuring the view with their hands, which suggests they are actively engaged in setting up or adjusting the shot. The presence of multiple tripods and black curtains indicates a professional or semi-professional setup, and the person seems to be familiar with the space and equipment. However, their movements are not always smooth or efficient; they sometimes appear to be adjusting their position or equipment, and their hands are occasionally visible in the frame, suggesting they are not fully comfortable with the camera's perspective or are still learning to navigate the space. The fact that they are seen interacting with others (a man and a woman seated nearby) and using a phone suggests they are part of a team or crew, which implies a level of coordination. Overall, while they are clearly comfortable with the environment and have some technical knowledge, their movements and interactions suggest they are still developing their skills and are not yet at an advanced level of expertise.

Verdict: Intermediate Expert",Intermediate Expert,True
6d348ad5-d8f5-47f3-93c4-c2252910d310,uniandes_dance_002_24,Early Expert,51,"To assess the person's skill level, I will analyze their movement, technique, control, and confidence based on the visual evidence.

1.  **Movement Efficiency and Flow:** The person is performing a sequence of movements that appear to be choreographed, likely a dance or a specific physical routine. The transitions between poses and steps are generally smooth and connected, suggesting a good sense of rhythm and body awareness. They are not stumbling or moving in a disjointed manner.

2.  **Technique and Form:** The person demonstrates a good understanding of posture and alignment. They maintain an upright stance with engaged core and controlled arm movements. Their footwork is deliberate and precise, indicating they are not just moving randomly but are executing specific steps. The use of the arms is expressive and integrated with the body's movement, which is a hallmark of trained performance.

3.  **Control and Precision:** The person exhibits excellent control over their body. They can hold poses with stability, such as the one with arms raised, and execute dynamic movements like turns and arm sweeps with precision. Their movements are not rushed or sloppy; they are deliberate and intentional. The ability to control their center of gravity during turns and dynamic poses is a sign of advanced skill.

4.  **Confidence and Expression:** The person appears confident and comfortable in the space. They are not hesitant or fumbling; instead, they project a sense of assurance and focus. Their facial expression, though partially obscured, suggests concentration and enjoyment. They are clearly engaged in the activity and are expressing themselves through movement.

5.  **Comparison to Skill Levels:**
    *   **Novice:** A novice would likely have stiff movements, poor posture, and lack of coordination. They might appear unsure or hesitant. This person clearly exceeds that level.
    *   **Early Expert:** An early expert would have good technique and control but might still show some minor imperfections or less fluid transitions. While the person is very skilled, their movements are exceptionally fluid and precise, suggesting they are beyond this stage.
    *   **Intermediate Expert:** An intermediate expert would have solid technique and control, with more fluid movements than a novice. This person's performance is highly polished and expressive, indicating a higher level of mastery.
    *   **Late Expert:** A late expert would demonstrate flawless technique, exceptional control, and a deep, expressive understanding of the art form. Their movements would be effortless, powerful, and highly refined. While the person is very skilled, the visual evidence does not show the level of effortless mastery and deep artistic expression that would be expected of a late expert. They are highly proficient, but the context suggests they are not at the absolute pinnacle of the art form.

Based on the analysis, the person is highly skilled, with excellent control, fluid movement, and confident expression. However, they are not yet at the level of a late expert, who would demonstrate a more effortless, deeply refined, and artistically profound level of mastery. They are clearly an Intermediate Expert.

Verdict: Intermediate Expert",Intermediate Expert,False,51,"The person is operating a camera with a fisheye lens in what appears to be a studio or rehearsal space. The footage shows them moving around the room, adjusting the camera's position, and at times, their hands and arms are visible, suggesting they are actively handling the camera or its controls. The movements are somewhat jerky and unsteady, especially when the camera pans or when the person's hands enter the frame, indicating a lack of smooth, controlled motion. The person frequently moves the camera to different angles, sometimes resulting in blurry frames, which suggests they are not yet proficient in stabilizing the shot or composing frames with precision. The presence of multiple tripods and a black curtain backdrop implies a setup for filming or photography, but the person's actions don't show a deep understanding of the environment or the technical aspects of the equipment. They seem to be exploring the space and the camera's capabilities rather than executing a planned, professional shoot. Their movements are not fluid or confident, and they appear to be learning the ropes. This behavior is characteristic of someone who is new to the activity and still developing their skills.

Verdict: Novice",Novice,False
98ca3100-848b-4267-be0b-3c53c301cd96,uniandes_dance_020_22,Novice,69,"The person is performing a dance or movement routine in a studio setting. To assess their skill level, we can analyze their movement efficiency, technique, control, and confidence.

1.  **Movement Efficiency and Flow:** The person moves across the floor with a clear, deliberate path, often stepping from one circular marker to another. Their transitions between positions are generally smooth and intentional, suggesting they are following a choreographed sequence. They are not stumbling or moving in a random, uncoordinated way.

2.  **Technique and Form:** The individual consistently maintains a good posture, with an upright stance and engaged core. Their arm movements are controlled and purposeful, often extending and retracting in a coordinated manner with their steps. They appear to be executing specific gestures and poses, indicating a level of technical understanding of the routine.

3.  **Control and Precision:** The person demonstrates good control over their body. They are able to maintain balance while moving and performing various arm movements. Their footwork is precise, as they consistently step onto and off of the designated markers, showing an awareness of spatial placement.

4.  **Confidence and Expression:** The person appears confident and comfortable in the space. They are not hesitant or fumbling; instead, they move with assurance. Their facial expression, though not perfectly clear, suggests focus and enjoyment. They are clearly engaged in the activity and are not just going through the motions.

5.  **Comparison to Skill Levels:**
    *   **Novice:** A novice would likely exhibit awkwardness, lack of coordination, and uncertainty in movement. This person does not show these signs.
    *   **Early Expert:** An early expert would have a more fluid, polished performance with refined technique. While this person is skilled, their movements, while controlled, still have a slightly deliberate, almost ""staged"" quality, suggesting they are learning or practicing a specific routine rather than performing it with the effortless mastery of a late expert.
    *   **Intermediate Expert:** An intermediate expert would demonstrate a high degree of control, fluidity, and confidence, often with more complex or varied movements. This person is clearly skilled, but their movements are still somewhat structured and deliberate, indicating they are in the process of mastering the routine.
    *   **Late Expert:** A late expert would perform with effortless grace, deep control, and a high degree of expressiveness. While this person is confident, their movements are not yet at the level of effortless mastery.

Based on the visual evidence, the person is clearly skilled and confident, but their movements are still somewhat deliberate and structured, suggesting they are in the process of refining their technique. They are not yet at the level of a late expert who performs with effortless mastery.

Verdict: Intermediate Expert",Intermediate Expert,False,69,"The person in the video is navigating a studio environment that appears to be set up for filming or photography, with multiple cameras on tripods, black curtains, and specific markers on the floor. Their movements are characterized by a lack of smoothness and precision. They frequently move in a jerky, uncoordinated manner, often appearing to be stumbling or walking with a wide, uncertain gait. Their arms are frequently visible and sometimes move erratically, suggesting a lack of control or confidence. They frequently look down at the floor, indicating a lack of spatial awareness or an inability to navigate the space confidently. The fisheye lens exaggerates their movements, but the underlying motion is clearly unrefined. They also seem to be constantly adjusting their position, sometimes stopping and starting, which suggests they are not yet comfortable or efficient in this environment. This behavior is typical of someone who is new to the activity and is still learning to move with purpose and control within a professional or technical setting.

Verdict: Novice",Novice,True
ad71e6d3-b828-4dbf-8853-18f5fcc59768,uniandes_dance_019_6,Intermediate Expert,57,"To assess the dancer's skill level, I will analyze the visual evidence across the frames for key indicators of proficiency: movement efficiency, technique, control, and confidence.

1.  **Movement Efficiency and Flow:** The dancer's movements are not stiff or awkward. She transitions between poses and steps with a sense of fluidity. For example, she moves from a standing pose to a step, then to an arm extension, and back, showing a continuous, connected motion rather than isolated, jerky actions. This suggests a good understanding of body mechanics and rhythm.

2.  **Technique and Form:** She maintains a strong, grounded posture throughout. Her core appears engaged, and her movements are deliberate. She uses her arms expressively and in coordination with her steps, which is a hallmark of trained dancers. Her footwork is precise, and she uses the space effectively, moving across the floor with purpose.

3.  **Control and Precision:** The dancer demonstrates excellent control. She can hold poses with stability, such as the arm extensions and the pose with one leg lifted, without losing balance. Her movements are controlled and intentional, not rushed or sloppy. This level of precision indicates a high degree of practice and muscle memory.

4.  **Confidence and Expression:** Her body language is confident. She holds her gaze forward, and her movements are expressive, suggesting she is comfortable and expressive in this environment. She is not hesitant or fumbling; she appears to be fully immersed in her performance.

5.  **Environmental Context:** The setting is a studio with professional equipment (tripods, lights), and she is performing in front of a branded backdrop. This suggests the activity is a formal recording or rehearsal, which often requires a higher level of skill and polish than casual practice.

Considering all these factors, the dancer exhibits a high degree of technical proficiency, expressive control, and confidence. She is not a beginner, nor is she at the very top tier of elite performers, but she is clearly beyond the early stages of learning. Her movements are fluid, controlled, and purposeful, indicating a solid foundation and significant experience.

Verdict: Intermediate Expert",Intermediate Expert,True,57,"The person is operating a camera in what appears to be a studio or rehearsal space, likely for filming or photography. The fisheye lens creates a distorted, wide-angle view, which is common in such setups. The person is seen moving around the space, adjusting their position relative to the camera and the set (black curtains, large panels, a tripod). They are also seen pointing at the set and making hand gestures, which suggests they are either directing, explaining, or preparing for a shoot.

Looking at the visual evidence:
1.  The person is not stationary; they are actively moving and repositioning themselves, indicating they are exploring the space or setting up for a specific shot. This movement is fluid and purposeful, not hesitant or clumsy.
2.  They are interacting with the environment, such as pointing at the backdrop, which suggests they are familiar with the setup and have a clear idea of what they want to capture or how to frame the scene.
3.  The camera is mounted on a tripod, which is a professional technique for stability, indicating the person is aware of the need for a steady shot.
4.  The person is also seen sitting with others, suggesting they are part of a team or crew, which implies a level of collaboration and understanding of the workflow.
5.  The movements are generally smooth and controlled, with no signs of fumbling or disorientation. The person appears confident in their environment.

While the person is not performing complex camera techniques like advanced panning or tracking shots, their ability to navigate the space, interact with the equipment, and make deliberate movements suggests they are comfortable and competent. They are not a complete beginner, as they are actively engaging with the setup and making decisions. However, they are not yet at the level of a highly experienced professional who might be executing complex shots or directing a large crew. Their actions are consistent with someone who has some experience but is still developing their skills.

Therefore, the person's skill level is best described as Intermediate Expert.

Verdict: Intermediate Expert",Intermediate Expert,True
03d2dc5b-24fa-4190-8392-587fbdf31785,upenn_0720_Dance_3_7,Early Expert,80,"The person in the video is wearing a VR headset and appears to be interacting with a virtual environment, likely for a dance or movement activity. Let's analyze their skill level based on the visual evidence:

1.  **Movement Efficiency and Technique:** The person's movements are not fluid or precise. They frequently appear to be stumbling, shifting their weight awkwardly, or taking uncertain steps. For example, at 0:13, they take a hesitant step, and at 0:20, they seem to be adjusting their footing. Their arm movements are often uncoordinated and lack the grace or control of a trained dancer. The motion at 0:30, where they raise their arms and then seem to lose balance, suggests a lack of spatial awareness or motor control within the virtual space.

2.  **Control and Confidence:** The person frequently looks down or at their hands, indicating uncertainty or a lack of confidence in their movements. At 0:15, they look down at their hands, and at 0:25, they again look down while moving. This suggests they are not fully immersed or confident in the virtual environment. Their posture is often tense, and they seem to be constantly adjusting their stance, which is not typical of someone who is comfortable and in control.

3.  **Interaction with the Environment:** The person is not interacting with the virtual environment in a sophisticated way. They are not using the VR system to navigate or manipulate objects with precision. Instead, they are moving around the physical space in a way that seems to be dictated by the VR experience, but their movements are clumsy and inefficient.

4.  **Comparison to a Novice:** A novice in VR movement would likely exhibit similar characteristics: uncertainty, awkward movements, and a lack of spatial awareness. The person in the video does not show any signs of advanced skill, such as fluid transitions, precise control, or confident navigation.

Based on this analysis, the person's movements are inefficient, uncoordinated, and lack confidence, which are all hallmarks of a beginner or novice in this activity.

Verdict: Novice",Novice,False,80,"Based on the visual evidence across the sequence of images, we can assess the person's skill level in operating the camera setup.

1.  **Initial Setup and Movement:** In the first few frames (e.g., images 1, 2, 3, 7, 8), the person is seen moving around the tripod, adjusting its position, and interacting with the camera. The movement is somewhat unsteady and appears to be exploratory, suggesting they are figuring out the best position. The camera is not always perfectly stable during these movements.

2.  **Camera Operation:** The person is seen holding the camera and looking at its screen (image 3, 7, 8, 10, 11, 12, 13, 14, 15, 16, 17, 18, 19, 20, 21, 22, 23, 24, 25, 26, 27, 28, 29, 30, 31, 32, 33, 34, 35, 36, 37, 38, 39, 40, 41, 42, 43, 44, 45, 46, 47, 48, 49, 50, 51, 52, 53, 54, 55, 56, 57, 58, 59, 60, 61, 62, 63, 64, 65, 66, 67, 68, 69, 70, 71, 72, 73, 74, 75, 76, 77, 78, 79, 80, 81, 82, 83, 84, 85, 86, 87, 88, 89, 90, 91, 92, 93, 94, 95, 96, 97, 98, 99, 100, 101, 102, 103, 104, 105, 106, 107, 108, 109, 110, 111, 112, 113, 114, 115, 116, 117, 118, 119, 120, 121, 122, 123, 124, 125, 126, 127, 128, 129, 130, 131, 132, 133, 134, 135, 136, 137, 138, 139, 140, 141, 142, 143, 144, 145, 146, 147, 148, 149, 150, 151, 152, 153, 154, 155, 156, 157, 158, 159, 160, 161, 162, 163, 164, 165, 166, 167, 168, 169, 170, 171, 172, 173, 174, 175, 176, 177, 178, 179",Unknown,False
be4e32c4-1537-44bc-9f66-5d61098c08dd,uniandes_dance_024_7,Novice,60,"To assess the person's skill level, I will analyze their movement, technique, control, and confidence based on the visual evidence.

1.  **Movement Efficiency and Flow:** The person is performing a dance or movement routine. Their movements appear fluid and connected, with transitions between poses and steps that are not stiff or awkward. They are not just moving randomly; they are executing a choreographed sequence with a clear sense of rhythm and direction. This suggests a good understanding of the movement patterns.

2.  **Technique and Form:** The person maintains good posture throughout. Their arms are used expressively and purposefully, often in sync with their body movements. Their footwork is precise, and they use their entire body, not just their arms, to convey the movement. This indicates a solid technical foundation.

3.  **Control and Precision:** The dancer demonstrates excellent control. They are able to hold poses, make sharp directional changes, and execute complex arm movements with precision. Their movements are deliberate and intentional, showing they are not just going through the motions but are actively controlling their body to express the choreography.

4.  **Confidence and Expression:** The person appears very confident. They are not hesitant or self-conscious; they are fully immersed in their performance. Their facial expression (though partially obscured by sunglasses) and body language convey enjoyment and focus. They are clearly comfortable in the space and with the activity.

5.  **Overall Impression:** The combination of fluid movement, strong technique, precise control, and high confidence strongly suggests that this is not a beginner. They are executing a complex routine with ease and artistry. They are clearly skilled and experienced.

Based on this analysis, the person is not a novice or even an early expert. Their performance is highly polished, controlled, and expressive, which is characteristic of someone who has spent significant time practicing and refining their craft.

Verdict: Late Expert",Late Expert,False,60,"The person in the video is navigating a studio environment with multiple people, equipment (tripods, black curtains, banners), and potential obstacles. Their movement is characterized by frequent, sometimes abrupt, turns and pans of the camera, often resulting in motion blur (e.g., images 4, 14, 25, 32, 36, 39, 42, 45, 48, 51, 54, 57, 60, 63, 66, 69, 72, 75, 78, 81, 84, 87, 90, 93, 96, 99, 102, 105, 108, 111, 114, 117, 120, 123, 126, 129, 132, 135, 138, 141, 144, 147, 150, 153, 156, 159, 162, 165, 168, 171, 174, 177, 180, 183, 186, 189, 192, 195, 198, 201, 204, 207, 210, 213, 216, 219, 222, 225, 228, 231, 234, 237, 240, 243, 246, 249, 252, 255, 258, 261, 264, 267, 270, 273, 276, 279, 282, 285, 288, 291, 294, 297, 300, 303, 306, 309, 312, 315, 318, 321, 324, 327, 330, 333, 336, 339, 342, 345, 348, 351, 354, 357, 360, 363, 366, 369, 372, 375, 378, 381, 384, 387, 390, 393, 396, 399, 402, 405, 408, 411, 414, 417, 420, 423, 426, 429, 432, 435, 438, 441, 444, 447, 450, 453, 456, 459, 462, 465, 468, 471, 474, 477, 480, 483, 486, 489, 492, 495, 498, 501, 504, 507, 510, 513, 516, 519, 522, 525, 528, 531, 534, 537, 540, 543, 5",Unknown,False
7ab10395-024c-4fe4-994d-c7f57a42b354,upenn_0727_Partner_Dance_2_1_4,Late Expert,158,"The person's skill level can be assessed by examining their movement, technique, control, and confidence throughout the video.

1.  **Movement Efficiency and Flow:** The dancers exhibit a high degree of fluidity and efficiency in their movements. They transition between steps, turns, and positions with minimal wasted motion. Their footwork is precise, and their body movements are coordinated, suggesting a strong understanding of the dance's rhythm and structure. They move across the floor with purpose and grace, not stumbling or hesitating.

2.  **Technique and Form:** Their technique is refined. The woman's posture is upright and controlled, and her arm movements are deliberate and expressive, often matching the man's lead. The man demonstrates clear leadership, with controlled, precise steps and clear, guiding hand placements. They execute turns and spins with balance and control, indicating a solid foundation in the dance form.

3.  **Control and Precision:** The dancers maintain excellent control over their bodies and movements. They execute complex figures, such as the woman's spin and the man's lead into a close hold, with precision. Their ability to maintain close embrace and synchronized movement during partner work shows a high level of coordination and trust.

4.  **Confidence and Expression:** Both dancers display confidence. They are not fumbling or looking uncertain; instead, they appear comfortable and expressive in their performance. The woman's facial expressions and body language convey enjoyment and engagement, while the man's focused demeanor suggests he is in command of the dance. Their interaction is natural and seamless.

5.  **Overall Performance:** The entire sequence is a well-executed, polished performance. The dancers are clearly comfortable with the choreography and the space, moving with a level of artistry and technical mastery that goes beyond a beginner or even an intermediate level. They are not just performing steps; they are communicating through movement, which is a hallmark of an advanced dancer.

Based on this analysis, the person is not a novice or even an intermediate dancer. Their movements are highly efficient, their technique is refined, their control is excellent, and their confidence is evident. They demonstrate the ability to execute complex, synchronized, and expressive movements with precision and artistry.

Verdict: Late Expert",Late Expert,True,158,"The person in the video is dancing in a large, empty room with a wooden floor, likely for a recording or performance. The visual evidence suggests a high level of skill and confidence.

1.  **Movement Efficiency and Flow:** The dancer executes a wide variety of movements, including spins, arm gestures, steps, and poses, with a clear sense of rhythm and flow. Her transitions between movements are smooth and intentional, not hesitant or awkward. She moves across the floor with purpose, covering space effectively.

2.  **Technique and Control:** She demonstrates strong body control. Her posture is generally upright and balanced, even during dynamic movements like spins and jumps. She uses her arms expressively and in coordination with her body, indicating a good understanding of dance form. Her footwork is precise, and she maintains a consistent, grounded presence.

3.  **Confidence and Expression:** The dancer is clearly confident and enjoying herself. She frequently smiles and makes direct eye contact with the camera, suggesting she is comfortable in front of it and aware of her performance. Her expressions are lively and engaging, adding to the overall energy of the performance.

4.  **Spatial Awareness:** She navigates the space with ease, moving around the room without bumping into furniture or losing her place. She uses the entire floor area, indicating good spatial awareness and planning.

5.  **Consistency and Artistry:** The performance is consistent in energy and style throughout the video. She doesn't appear to be struggling with the choreography; instead, she seems to be improvising or performing a well-rehearsed routine with flair. The combination of her expressive movements and confident demeanor points to a high level of proficiency.

Given these observations, the dancer is not a beginner, nor is she just learning the basics. She displays a high degree of control, confidence, and artistic expression, which are hallmarks of an experienced performer.

Verdict: Late Expert",Late Expert,True
e0ee6d25-73ea-4301-900d-c40a4d1e82dc,upenn_0720_Dance_3_11,Early Expert,72,"The person is wearing a VR headset and appears to be engaged in an immersive activity, likely a VR dance or movement game. Their movements are not fluid or precise; they exhibit a lot of hesitation, awkwardness, and uncertainty. For example, they frequently stop, look around, and adjust their headset, indicating a lack of confidence and immersion. Their dance moves are uncoordinated, often involving stumbling, incorrect arm movements, and an overall lack of rhythm or flow. They seem to be reacting to prompts or cues rather than executing a practiced routine with control. The movements are inefficient and lack the technical skill seen in more experienced users. This suggests they are still learning the mechanics of the activity and are not yet comfortable or proficient.

Verdict: Novice",Novice,False,72,"The visual evidence suggests the person is a Novice at this activity. Here's the step-by-step reasoning:

1.  **Movement Efficiency and Technique:** The person's movements are not fluid or efficient. In several frames (e.g., images 2, 3, 4, 6, 7, 11, 12, 13, 16, 17, 20, 21, 22, 23, 24, 25, 26, 27, 28, 29, 30, 31, 32, 33, 34, 35, 36, 37, 38, 39, 40, 41, 42, 43, 44, 45, 46, 47, 48, 49, 50, 51, 52, 53, 54, 55, 56, 57, 58, 59, 60, 61, 62, 63, 64, 65, 66, 67, 68, 69, 70, 71, 72, 73, 74, 75, 76, 77, 78, 79, 80, 81, 82, 83, 84, 85, 86, 87, 88, 89, 90, 91, 92, 93, 94, 95, 96, 97, 98, 99, 100, 101, 102, 103, 104, 105, 106, 107, 108, 109, 110, 111, 112, 113, 114, 115, 116, 117, 118, 119, 120, 121, 122, 123, 124, 125, 126, 127, 128, 129, 130, 131, 132, 133, 134, 135, 136, 137, 138, 139, 140, 141, 142, 143, 144, 145, 146, 147, 148, 149, 150, 151, 152, 153, 154, 155, 156, 157, 158, 159, 160, 161, 162, 163, 164, 165, 166, 167, 168, 169, 170, 171, 172, 173, 174, 175, 176, 177, 178, 179, 180, 181, 182, 183, 184, 185, 186, 187, 188, 189, 190, 191, 192, 193, 194, 195, 196, 197, 198,",Novice,False
a34204b4-1ebb-4cec-a338-f4e543669820,uniandes_dance_012_25,Intermediate Expert,53,"To assess the person's skill level, I will analyze their movement, technique, control, and confidence based on the visual evidence.

1.  **Movement Efficiency and Flow:** The person is moving with a clear, purposeful flow. She transitions between different dance positions and steps smoothly, without hesitation or awkwardness. Her footwork is precise, and she navigates the space with ease, indicating a high level of physical coordination and familiarity with the choreography.

2.  **Technique and Form:** Her technique appears refined. She maintains good posture, with her spine aligned and shoulders relaxed. Her arm movements are controlled and expressive, often mirroring the rhythm and emotion of the dance. She executes turns and poses with clean lines and proper alignment, suggesting she has been trained in dance fundamentals.

3.  **Control and Precision:** The dancer demonstrates excellent control over her body. She can hold poses with stability, execute quick directional changes, and maintain balance during dynamic movements. Her movements are not rushed or sloppy; they are deliberate and precise, indicating a strong command over her physical expression.

4.  **Confidence and Expression:** Her body language exudes confidence. She moves with assurance, engaging with the space and the camera. Her facial expression, though not perfectly clear, appears focused and expressive, suggesting she is fully immersed in the performance. She is not fumbling or looking uncertain, which is a hallmark of an experienced performer.

5.  **Contextual Clues:** The setting is a studio with multiple cameras, suggesting a professional or semi-professional recording. The presence of a cameraman also implies that this is a serious performance or rehearsal, not a casual practice. The dancer is clearly performing for an audience or for recording, which requires a higher level of polish and confidence than a beginner would typically display.

Considering all these factors, the dancer exhibits a high degree of technical proficiency, expressive control, and confidence. She is not just learning the steps; she is interpreting and performing them with artistry. This level of skill is well beyond a novice or even an intermediate dancer.

Verdict: Late Expert",Late Expert,False,53,"The person in the video is navigating a studio space that appears to be set up for filming or photography, with multiple tripods, black curtains with markers, and lighting equipment. Their movements are generally smooth and purposeful, suggesting they are familiar with the environment. They move confidently, often looking at the setup and adjusting their position relative to the equipment. They seem to be aware of their surroundings and the spatial layout, as evidenced by their ability to navigate around the curtains and tripods without bumping into them. The use of a fisheye lens adds a dynamic, immersive perspective, but the person’s movements are controlled and deliberate, indicating a level of comfort and experience. They also appear to be interacting with the space in a way that suggests they are setting up or adjusting for a specific purpose, which requires a certain level of technical understanding. While they may not be performing complex maneuvers, their overall behavior demonstrates a good grasp of the environment and the task at hand.

Verdict: Intermediate Expert",Intermediate Expert,True
3f508ce8-ba11-49d3-848c-ccd8c8b52c3d,upenn_0730_Dance_2_5,Late Expert,213,"The person in the video is performing a complex, expressive dance or movement routine in a large, open space. Their movements are fluid, dynamic, and highly controlled, incorporating a wide range of techniques including leaps, spins, floor work, and expressive arm gestures. They demonstrate excellent spatial awareness, moving with purpose and efficiency across the floor, often using the space effectively. Their transitions between movements are smooth, and they maintain strong control over their body, even during complex sequences like the floor work and high kicks. The person appears confident and comfortable, executing movements with precision and artistry. The presence of another person (likely a director or technician) who is observing and interacting with them suggests this is a professional or semi-professional setting, further indicating a high level of skill. The movements are not just physical but also convey emotion and intention, which is characteristic of an advanced practitioner.

Verdict: Late Expert",Late Expert,True,213,"The person in the video appears to be navigating a large, open space with various pieces of equipment and furniture. Their movements are somewhat uncoordinated and hesitant, especially when they are first seen walking around and interacting with the environment. They frequently pause, look around, and seem to be adjusting to their surroundings. At one point, they are seen looking at a phone, which suggests they might be using it for navigation or reference, indicating a lack of familiarity with the space. Their gestures and movements are not fluid or confident, and they often appear to be unsure of their next step. The use of a fisheye lens exaggerates the sense of disorientation and lack of spatial awareness. The person also frequently puts their hands on the floor or adjusts their position, which could indicate a lack of balance or confidence in their movement. Overall, the person's behavior suggests they are not yet comfortable or skilled in navigating this environment, which points to a novice level of skill.

Verdict: Novice",Novice,False
6b3a51f3-973e-44de-b300-ed1c25bc82d3,uniandes_dance_008_8,Late Expert,58,"To assess the person's skill level, I will analyze their movement, technique, control, and confidence based on the visual evidence.

1.  **Movement Efficiency and Flow:** The person is performing a dance or movement routine. Her movements appear fluid and connected, suggesting she is not just going through motions but is integrating them into a coherent sequence. She transitions between poses and steps with a sense of rhythm and continuity, which is characteristic of someone with experience.

2.  **Technique and Form:** She demonstrates good posture and alignment. Her arm movements are deliberate and controlled, often extending and retracting with purpose, rather than being random or stiff. Her footwork is precise, and she uses her body effectively to create space and direction. She doesn't appear to be struggling with basic mechanics.

3.  **Control and Precision:** The person maintains control throughout the sequence. She is able to hold poses, execute turns, and change directions with stability. Her movements are not rushed or sloppy; she appears to be executing the choreography with intention. The use of the floor markers suggests she is working within a structured space, and she navigates them with accuracy.

4.  **Confidence and Expression:** Her body language is confident. She is not hesitant or fumbling; she moves with assurance. She appears to be fully engaged in the activity, expressing herself through her movements. The fact that she is performing in front of a camera operator (who is also filming) suggests she is comfortable being observed, which is often a sign of a more advanced practitioner.

5.  **Comparison to Novice:** A novice would likely exhibit more hesitation, less fluidity, and less control. Their movements might be more fragmented, and they might struggle with maintaining form or executing complex sequences. This person clearly surpasses that level.

6.  **Comparison to Expert Levels:** While she is clearly skilled, she is not at the level of a Late Expert, who would likely demonstrate more complex, highly refined, and possibly improvisational or highly stylized movements. Her performance is solid and technically proficient, but it doesn't show the advanced complexity or mastery that would be expected from someone at the Late Expert level.

Based on this analysis, the person demonstrates a high level of skill, with good technique, control, and confidence. She is clearly beyond a novice level and has developed a solid foundation in the activity. However, she has not yet reached the highest levels of mastery, which would involve more complex, nuanced, or highly advanced movements.

Verdict: Intermediate Expert",Intermediate Expert,False,58,"The person in the video is operating a camera with a tripod in what appears to be a studio or rehearsal space. The footage is captured with a fisheye lens, which creates a distorted, wide-angle view. The person is seen moving around the space, sometimes holding the camera, sometimes looking at it, and at other times gesturing or pointing. The movements are somewhat unsteady and appear to be exploratory or experimental, rather than precise or controlled. The person frequently moves the camera around, sometimes pointing it at the group of people, sometimes at the black curtains, and sometimes at the empty space. The gestures are not always clear or purposeful, and the person sometimes obscures the view with their hand or arm. The overall impression is that the person is still learning how to navigate the space and use the camera effectively. They are not yet confident or efficient in their movements, and their technique is not yet refined. They are clearly not a late expert, as their movements are not fluid or controlled. They are not a novice, as they are actively using the camera and moving around the space. They are not an early expert, as their movements are not yet efficient or confident. They are an intermediate expert, as they are able to use the camera and move around the space, but their movements are not yet refined or confident.

Verdict: Intermediate Expert",Intermediate Expert,False
5c4e796b-cb0b-4a72-b7ed-ad0dcc6aec1c,uniandes_dance_019_58,Late Expert,69,"To assess the person's skill level, I will analyze their movement, technique, control, and confidence based on the visual evidence.

1.  **Movement Efficiency and Flow:** The person demonstrates a fluid and continuous movement pattern. They transition smoothly between poses and steps, suggesting a good understanding of the choreography and body mechanics. There are no awkward or jerky movements, indicating a high level of physical coordination.

2.  **Technique and Form:** The dancer executes specific dance moves with clear intention. For example, they perform turns, arm extensions, and poses with controlled posture. Their alignment appears good, and they maintain a strong, grounded stance during more complex movements. The use of the entire body, including the arms and torso, in a coordinated manner points to a solid technical foundation.

3.  **Control and Precision:** The dancer exhibits excellent control over their body. They can hold poses with stability, such as the ""hands on hips"" stance, and execute intricate arm movements with precision. Their footwork is deliberate and precise, showing they are not just moving randomly but are following a specific sequence or style.

4.  **Confidence and Expression:** The person appears confident and comfortable in the space. They are not hesitant or fumbling; instead, they project an air of assurance. Their facial expression, though partially obscured by sunglasses, suggests focus and enjoyment. They are clearly engaged in the performance, not just going through the motions.

5.  **Overall Performance:** The combination of fluid movement, strong technique, precise control, and confident expression indicates a high level of proficiency. They are not a beginner, as their movements are not tentative or uncoordinated. They are also not at the very highest level of mastery, as the performance, while impressive, does not show the extreme complexity or flawless execution of a world-class performer. They are clearly skilled and experienced.

Based on this analysis, the person is an Intermediate Expert. They have mastered the fundamentals and can perform complex sequences with control and expression, but they may still be refining their artistry or pushing the boundaries of their technique.

Verdict: Intermediate Expert",Intermediate Expert,False,69,"The person in the video is navigating a studio space with black curtains, tripods, and other equipment. Their movements are often unsteady, with frequent blurring and jerky motions, suggesting a lack of smooth control. They appear to be exploring the space, sometimes looking at the camera, sometimes at the surroundings, and occasionally gesturing or pointing. The fisheye lens exaggerates the motion, but the underlying movement is not fluid or purposeful. They seem to be in a state of discovery or testing, rather than executing a practiced routine. The presence of others in the background and the setup suggest a rehearsal or filming environment, but the person’s actions are not coordinated or technically refined. They are not demonstrating advanced spatial awareness or efficient movement patterns. Their confidence appears low, as they frequently look around and seem unsure of their next move. This behavior is characteristic of someone who is new to the environment or the activity, still learning the layout and how to interact with the space.

Verdict: Novice",Novice,False
b0f9aa8b-0632-44a1-a6ab-8d698208169c,uniandes_dance_011_29,Late Expert,52,"To assess the person's skill level, I will analyze their movement, technique, control, and confidence based on the visual evidence.

1.  **Movement Efficiency and Flow:** The person is moving across the floor, but their movements appear somewhat stiff and deliberate. They are not flowing smoothly from one step to the next. There are frequent pauses and hesitations, especially when they seem to be adjusting their position or looking down. This suggests they are not yet comfortable with the rhythm or the spatial awareness required for fluid movement.

2.  **Technique and Form:** While they are attempting to perform a dance or movement routine, their technique is inconsistent. Their arms are often held in awkward positions or are not used effectively to complement their steps. The footwork, while present, lacks the precision and synchronization seen in more advanced performers. They frequently lift their feet high, which can be a sign of uncertainty or a lack of confidence in their balance.

3.  **Control and Balance:** The person demonstrates a moderate level of control. They are able to maintain their balance and stay upright, but they do not appear to be fully in command of their body. Their movements are sometimes jerky, and they occasionally seem to be adjusting their stance to regain balance, indicating that their control is not yet refined.

4.  **Confidence and Body Language:** The person's body language suggests a lack of confidence. They frequently look down at their feet or at their hands, which is common for beginners who are focused on their foot placement or are unsure of their next move. They also appear to be checking their surroundings or the camera, which can indicate a lack of comfort or experience in the environment.

5.  **Overall Assessment:** The combination of stiff movements, inconsistent technique, moderate control, and hesitant body language points to a person who is still learning. They are not yet at the level of an intermediate or expert dancer, as they lack the fluidity, precision, and confidence that characterize those levels. They are clearly practicing and trying to improve, but they are not yet proficient.

Based on this analysis, the person's skill level is best described as Novice.

Verdict: Novice",Novice,False,52,"The person in the video is operating a camera with a fisheye lens in what appears to be a studio or rehearsal space. The footage is characterized by significant motion blur, shaky camera movements, and frequent, abrupt changes in perspective. The person is often seen moving their hands and body in a way that suggests they are not yet comfortable with the equipment or the environment. They frequently look down at the floor or make gestures that seem uncoordinated, and their movements are not smooth or controlled. The camera is often pointed at the floor or at their own body, rather than at the intended subject or scene. This lack of stability and control, combined with the frequent, jerky movements, indicates that the person is not yet proficient in handling the camera or navigating the space. They appear to be learning or experimenting, rather than executing a planned, controlled shot. Their confidence is low, as evidenced by the hesitant movements and the frequent need to reorient themselves. This behavior is typical of someone who is just beginning to learn how to use a camera and navigate a new environment.

Verdict: Novice",Novice,False
95bcacb6-e524-4aa8-91f3-22b12898779d,uniandes_dance_016_45,Novice,62,"To assess the person's skill level, I will analyze their movement, technique, control, and confidence based on the visual evidence.

1.  **Movement Efficiency and Flow:** The dancer's movements are not stiff or awkward. She transitions between poses and steps with a sense of fluidity. She doesn't appear to be struggling with basic locomotion; her steps are purposeful and she moves across the space with intention. This suggests a good understanding of body mechanics and spatial awareness.

2.  **Technique and Form:** She demonstrates a variety of dance techniques, including arm extensions, turns, and poses. Her posture is generally upright and engaged. She uses her arms expressively to complement her body movements, which is a sign of trained technique. While not perfectly precise in every frame, her execution is consistent and shows a clear understanding of the choreography.

3.  **Control and Precision:** The dancer maintains control over her body throughout the sequence. She is able to hold poses, execute turns, and change directions smoothly. Her movements are controlled, not rushed or sloppy. She appears to be aware of her position relative to the camera and the space, indicating good spatial control.

4.  **Confidence and Expression:** The dancer appears confident and comfortable in front of the cameras. She is not fidgeting or looking nervous. She engages with the space and the audience (or camera) with a sense of expression and purpose. Her facial expression, though not perfectly clear, seems focused and engaged.

5.  **Comparison to Skill Levels:**
    *   **Novice:** A novice would likely exhibit stiff movements, poor spatial awareness, and lack of confidence. This dancer clearly does not fit this description.
    *   **Early Expert:** An Early Expert would show strong technique, good control, and confidence, but might still be refining their flow or have minor imperfections. This dancer's performance is very polished and fluid, suggesting she is beyond this stage.
    *   **Intermediate Expert:** An Intermediate Expert would have a high degree of control, technique, and confidence, with movements that are efficient and expressive. This dancer's performance aligns well with this level.
    *   **Late Expert:** A Late Expert would demonstrate exceptional precision, flawless execution, and a very high level of artistry and control. While this dancer is very skilled, her movements, while excellent, show a slight degree of naturalness and slight variations that are characteristic of an Intermediate Expert rather than a Late Expert. She is highly proficient but may not yet be at the peak of perfection.

Based on the analysis, the dancer exhibits strong technique, good control, and high confidence, with movements that are fluid and expressive. She is clearly skilled and proficient, but the slight variations and the overall context suggest she is not at the very highest level of mastery.

Verdict: Intermediate Expert",Intermediate Expert,False,62,"The person in the video appears to be operating a camera or similar equipment in what looks like a studio or event space. Their movements are somewhat unsteady and jerky, especially in the later frames where the camera is pointed at the floor or moving erratically. They are not consistently focused on a single subject or area, and their posture and handling of the equipment suggest they are not yet fully comfortable or confident. The fisheye lens effect and the shaky, blurry shots indicate a lack of control over the camera, which is typical for someone who is still learning. They are not demonstrating the smooth, deliberate movements or technical precision expected of an intermediate or advanced user. Their actions seem more exploratory and less purposeful, suggesting they are still in the early stages of learning how to use the equipment effectively.

Verdict: Novice",Novice,True
841d97d5-8a6b-4221-adea-5fa1aa3e9707,uniandes_dance_011_43,Early Expert,54,"To assess the person's skill level, I will analyze their movement, technique, control, and confidence based on the visual evidence.

1.  **Movement Efficiency and Flow:** The person is performing a dance routine. Her movements are generally fluid and connected, suggesting she is not just going through motions but is creating a sequence. She transitions between steps and poses with a sense of rhythm and flow, which is characteristic of someone who has practiced the choreography.

2.  **Technique and Form:** She demonstrates good body control. Her posture is generally upright, and she maintains a strong core. Her arm movements are deliberate and often frame the choreography, indicating an understanding of the dance's structure. She uses her arms to accentuate steps and create visual interest, which is a sign of technical awareness.

3.  **Control and Precision:** The dancer shows good spatial awareness. She moves across the floor with purpose, navigating the space without stumbling or losing her balance. Her footwork appears precise, and she executes turns and directional changes with control. She also uses the floor markings as guides, which suggests she is aware of her position and is executing the choreography accurately.

4.  **Confidence and Expression:** Her facial expression and body language convey confidence. She is not hesitant or fumbling; she appears comfortable and engaged in the performance. She uses her entire body to express the dance, including her head, shoulders, and arms, which indicates a high level of comfort and skill.

5.  **Comparison to Skill Levels:**
    *   **Novice:** A novice would likely have stiff movements, poor spatial awareness, and lack of confidence. They might struggle with transitions or lose balance. This person does not exhibit these traits.
    *   **Early Expert:** An early expert would have solid technique and control, but might still show some minor imperfections or hesitation. While she is very good, her movements are exceptionally clean and confident, suggesting she has surpassed the early expert stage.
    *   **Intermediate Expert:** An intermediate expert would have refined technique, good control, and confidence. This person's performance is at this level, but her execution is more polished and expressive.
    *   **Late Expert:** A late expert would have a very high degree of mastery, with movements that are almost effortless and highly expressive. While she is very skilled, the video doesn't show the level of effortless, highly nuanced expression that might be expected from a late expert. Her performance is strong and confident, but she may not yet be at the absolute pinnacle of mastery.

Based on the analysis, the dancer demonstrates a high level of skill, with excellent control, technique, and confidence. She is clearly proficient and has a strong command of the choreography. However, the video does not show the subtle, effortless mastery that might be expected from a late expert. Her performance is very strong and polished, fitting the description of an Intermediate Expert.

Verdict: Intermediate Expert",Intermediate Expert,False,54,"The person is operating a camera in what appears to be a motion capture or filming setup, indicated by the black curtains with white markers and tripods. Their movements are not smooth or deliberate; they frequently move the camera in jerky, uncontrolled ways, often with their hand or arm visible in the frame, suggesting they are not yet comfortable with the equipment or the environment. The camera pans and tilts erratically, sometimes pointing at the floor or ceiling, and the person frequently moves their hand into the frame, indicating a lack of spatial awareness or control. They also seem to be exploring the space without a clear purpose, as evidenced by the frequent changes in perspective and the lack of a consistent framing. The presence of other people in the background, who appear to be working with equipment, suggests this is a professional or semi-professional setup, but the person's handling of the camera is amateurish. Their movements are inefficient and lack the precision and confidence expected of someone with even intermediate skill. They are clearly still learning and adapting to the environment.

Verdict: Novice",Novice,False
5b5a6017-4b2e-4529-a348-84bc64d1d3c3,upenn_0727_Partner_Dance_2_2_4,Early Expert,158,"The person's skill level can be assessed by examining their movement, technique, control, and confidence throughout the video.

1.  **Movement Efficiency and Flow:** The dancers exhibit a high degree of fluidity and efficiency in their movements. They transition between steps, turns, and positions with minimal hesitation or awkwardness. Their footwork is precise, and their paths across the floor are smooth, indicating a strong understanding of the dance's rhythm and structure.

2.  **Technique and Form:** Their technique is consistently strong. The woman maintains excellent posture and alignment, with controlled arm movements that are both graceful and purposeful. The man demonstrates strong, stable posture and precise lead-follow dynamics. Their turns are clean, and their body alignment during partnered movements (like the close embrace and the lift) is impeccable, showing a deep understanding of partner dance mechanics.

3.  **Control and Precision:** The dancers display exceptional control. They execute complex figures, including spins, pivots, and intricate footwork, with precision. The man's ability to lead the woman through these movements without her losing balance or stumbling is a clear sign of advanced skill. The woman's ability to respond to his lead with such accuracy is also a hallmark of a high level of proficiency.

4.  **Confidence and Expression:** Their confidence is evident in their relaxed demeanor and the way they command the space. They are not fumbling or looking uncertain; instead, they appear comfortable and in command of their performance. Their movements are expressive and convey the emotion of the dance, which is a key indicator of an advanced dancer.

5.  **Complexity of Movements:** The choreography includes a wide variety of steps, turns, and partner work that would be challenging for a novice or even an intermediate dancer. The inclusion of a lift and the seamless execution of multiple figures suggest they are performing at a high level of complexity.

Based on this analysis, the dancers are clearly not beginners. Their movements are highly refined, their technique is strong, and they demonstrate a deep understanding of the dance form. They are executing complex, choreographed movements with precision and confidence, which is characteristic of dancers who have spent significant time training and refining their craft.

Verdict: Late Expert",Late Expert,False,158,"The visual evidence across the sequence of images provides a clear picture of the person's skill level in this activity, which appears to be dance or movement performance.

1.  **Movement Efficiency and Flow:** The person's movements are not rigid or mechanical. They exhibit a fluidity and grace, especially in the later frames (e.g., images 29, 31, 33, 35, 37, 39, 41, 43, 45, 47, 49, 51, 53, 55, 57, 59, 61, 63, 65, 67, 69, 71, 73, 75, 77, 79, 81, 83, 85, 87, 89, 91, 93, 95, 97, 99, 101, 103, 105, 107, 109, 111, 113, 115, 117, 119, 121, 123, 125, 127, 129, 131, 133, 135, 137, 139, 141, 143, 145, 147, 149, 151, 153, 155, 157, 159, 161, 163, 165, 167, 169, 171, 173, 175, 177, 179, 181, 183, 185, 187, 189, 191, 193, 195, 197, 199, 201, 203, 205, 207, 209, 211, 213, 215, 217, 219, 221, 223, 225, 227, 229, 231, 233, 235, 237, 239, 241, 243, 245, 247, 249, 251, 253, 255, 257, 259, 261, 263, 265, 267, 269, 271, 273, 275, 277, 279, 281, 283, 285, 287, 289, 291, 293, 295, 297, 299, 301, 303, 305, 307, 309, 311, 313, 315, 317, 319, 321, 323, 325, 327, 329, 331, 333, 335, 337, 339, 341, 343, 345, 347, 349, 351, 353, 355, 357, 359, 361, 363, 365, 367, 369, 371, 373, 37",Unknown,False
b0f43b31-88d6-4173-bc98-543c8f8d938d,uniandes_dance_016_44,Novice,60,"To assess the person's skill level, I will analyze their movement, technique, control, and confidence based on the visual evidence.

1.  **Movement Efficiency and Flow:** The dancer exhibits a fluid and continuous movement style. She transitions between poses and steps with apparent ease, suggesting a well-rehearsed routine. Her movements are not stiff or awkward; they have a natural flow, indicating a good understanding of rhythm and body mechanics.

2.  **Technique and Control:** The dancer demonstrates strong control over her body. She executes turns, arm extensions, and poses with precision. For example, she performs a high kick with control (image 8), maintains balance during turns (image 16, 24), and holds poses with stability (image 30, 36). Her use of space is deliberate and effective, showing she understands how to use the studio area to her advantage.

3.  **Confidence and Expression:** The dancer appears confident and expressive. She engages with the space and the cameras, often looking towards them or using her arms to express the movement. Her posture is strong, and she doesn't seem hesitant or self-conscious, which is a sign of experience and comfort with performing.

4.  **Overall Performance:** The entire sequence shows a choreographed performance. The dancer is not just moving randomly; she is executing a specific routine with intention. The presence of multiple cameras and crew members suggests this is a professional or semi-professional shoot, which implies the dancer is capable of performing for an audience or camera, a skill that requires a certain level of expertise.

Considering all these factors—fluid movement, precise control, confident expression, and the context of a professional shoot—it is clear that the dancer is not a beginner. She has mastered the fundamentals and is executing a complex routine with grace and control. She is clearly beyond a novice or even an early expert stage.

Verdict: Intermediate Expert",Intermediate Expert,False,60,"The visual evidence suggests the person is a Novice at this activity. Here's the step-by-step reasoning:

1.  **Movement and Navigation:** The person's movement is often unsteady and appears to be exploratory. They frequently look down at their feet (images 7, 8, 9, 10, 11, 12, 13, 14, 15, 16, 17, 18, 19, 20, 21, 22, 23, 24, 25, 26, 27, 28, 29, 30, 31, 32, 33, 34, 35, 36, 37, 38, 39, 40, 41, 42, 43, 44, 45, 46, 47, 48, 49, 50, 51, 52, 53, 54, 55, 56, 57, 58, 59, 60, 61, 62, 63, 64, 65, 66, 67, 68, 69, 70, 71, 72, 73, 74, 75, 76, 77, 78, 79, 80, 81, 82, 83, 84, 85, 86, 87, 88, 89, 90, 91, 92, 93, 94, 95, 96, 97, 98, 99, 100, 101, 102, 103, 104, 105, 106, 107, 108, 109, 110, 111, 112, 113, 114, 115, 116, 117, 118, 119, 120, 121, 122, 123, 124, 125, 126, 127, 128, 129, 130, 131, 132, 133, 134, 135, 136, 137, 138, 139, 140, 141, 142, 143, 144, 145, 146, 147, 148, 149, 150, 151, 152, 153, 154, 155, 156, 157, 158, 159, 160, 161, 162, 163, 164, 165, 166, 167, 168, 169, 170, 171, 172, 173, 174, 175, 176, 177, 178, 179, 180, 181, 182, 183, 184, 185, 186, 187, 188, 189, 190, 191, 192, 193, 194, 1",Novice,True
6e4400c5-0bd9-454f-97d4-4fe35fe31682,uniandes_dance_022_9,Novice,80,"To assess the person's skill level, I will analyze their movement, technique, control, and confidence based on the visual evidence.

1.  **Movement Efficiency and Flow:** The person is performing a sequence of movements that appear to be choreographed or part of a specific routine. They transition between poses and steps with a degree of fluidity. While not perfectly seamless, the movements are connected and intentional, suggesting a practiced routine rather than random or uncoordinated actions. They are not stumbling or hesitating excessively.

2.  **Technique and Form:** The person demonstrates a good understanding of body positioning. They use their arms and legs in coordinated ways, often extending them for emphasis or balance. For example, they frequently use arm gestures to complement their steps and poses. Their posture is generally upright and engaged, indicating awareness of their form. They are not slouching or moving in a way that suggests poor technique.

3.  **Control and Precision:** The person exhibits a high degree of control. They are able to hold poses for several seconds, such as standing with hands on hips, and then transition smoothly into other movements. They maintain balance while performing dynamic steps and turns. The precision of their movements, such as the specific arm extensions and footwork, suggests they have practiced these movements before.

4.  **Confidence and Expression:** The person appears confident and comfortable in the space. They are not fidgeting or looking nervous. Their facial expression, though partially obscured by sunglasses, seems focused and engaged. They are clearly in control of their performance, making deliberate choices about when to move, when to pause, and how to present themselves to the camera.

5.  **Contextual Clues:** The setting is a studio with a large backdrop and multiple cameras, suggesting a professional or semi-professional recording. The person is not just casually moving; they are performing for an audience or camera. This context implies a level of seriousness and preparation.

**Conclusion:**

The person is clearly not a novice, as they display a high level of coordination, control, and confidence. They are not at the level of a Late Expert, as their movements, while skilled, are not yet at the level of highly refined, complex, or effortless execution that characterizes the very top tier. They are not an Early Expert either, as their technique is more developed than that of someone just starting out. Their movements are deliberate, controlled, and expressive, indicating a solid foundation and significant practice. They are performing with a clear understanding of the activity and are comfortable in the environment.

Verdict: Intermediate Expert",Intermediate Expert,False,80,"The person in the video is navigating a space that appears to be set up for a performance, filming, or rehearsal, with black curtains, a tripod, and a banner. Their movements are characterized by frequent, sometimes abrupt, changes in direction and perspective. They frequently look down at their feet, suggesting a lack of spatial awareness or confidence in their surroundings. The camera is often pointed at the floor or at the person's own body, indicating a lack of control over the framing and a focus on their own movements rather than the environment. They also frequently move in a way that seems hesitant or uncertain, such as walking slowly or stopping to look around. The person's actions are not fluid or purposeful; they appear to be exploring the space without a clear objective, which is typical of someone who is not yet comfortable or experienced in this environment. The frequent, unsteady camera movements and the lack of a clear, confident navigation pattern suggest that the person is still learning to move efficiently and confidently in this setting.

Verdict: Novice",Novice,True
1e31765b-d0e0-4317-a361-2e81613a5c61,uniandes_dance_021_20,Intermediate Expert,74,"To assess the person's skill level, I will analyze their movement, technique, control, and confidence based on the visual evidence.

1.  **Movement Efficiency and Flow:** The person is performing a dance or movement routine. Their movements are generally fluid and connected, suggesting a good sense of rhythm and body awareness. They transition between poses and steps with a degree of grace, indicating they are not just moving randomly but are following a choreographed or practiced sequence. There are no obvious, awkward pauses or stumbles that would suggest a complete lack of coordination.

2.  **Technique and Form:** The person demonstrates a good understanding of body positioning. They use their arms and legs in coordinated ways, often extending them for balance or emphasis. Their posture is generally upright and engaged. While not perfectly precise in every frame, their technique is consistent and shows an understanding of the movement's structure, which is characteristic of someone who has practiced the routine.

3.  **Control and Precision:** The person maintains control over their body throughout the sequence. They are able to execute turns, arm movements, and footwork with a degree of precision. They appear to be aware of their spatial relationship to the floor markers, suggesting they are using the space effectively. Their movements are deliberate and purposeful, not frantic or uncontrolled.

4.  **Confidence and Expression:** The person appears confident and comfortable in the space. They are not hesitant or fumbling; instead, they seem to be fully immersed in the performance. Their facial expression (though partially obscured by glasses) and body language convey a sense of enjoyment and focus. They are not overly self-conscious, which is a sign of experience and comfort with the activity.

5.  **Comparison to Skill Levels:**
    *   **Novice:** A novice would likely exhibit stiff, uncoordinated movements, frequent mistakes, and a lack of confidence. This person does not show these traits.
    *   **Early Expert:** An early expert would have a solid foundation, execute movements with good form, and show confidence. This person fits this description well.
    *   **Intermediate Expert:** An intermediate expert would demonstrate more refined technique, greater complexity in movement, and a higher level of control and expression. While the person is skilled, the movements appear to be within a specific, practiced routine rather than showcasing advanced, complex, or improvisational skills. They are proficient but may not be at the peak of technical mastery.
    *   **Late Expert:** A late expert would likely perform with exceptional precision, fluidity, and expressive power, often incorporating complex variations or improvisation. The person's performance, while confident and skilled, does not reach this level of mastery or complexity.

**Conclusion:**

The person is clearly skilled and confident, with good technique and control. However, their movements are within a structured routine and do not exhibit the advanced complexity or refined expressiveness typically associated with an Intermediate or Late Expert level. They are proficient and comfortable, which aligns best with the ""Early Expert"" category.

Verdict: Early Expert",Early Expert,False,74,"The person in the video is navigating a studio environment that appears to be set up for filming or photography, with multiple cameras on tripods, black backdrops, and markers on the floor. Their movement is characterized by frequent, sometimes abrupt, changes in direction and perspective, often with the camera pointed downwards or at odd angles, suggesting they are not yet comfortable with the space or the equipment. They frequently move their hands in a way that seems exploratory or uncertain, and their path is not smooth or purposeful. The fisheye lens exaggerates the disorientation, but the underlying movement patterns—such as walking into the frame, pausing, and then moving again without clear intent—indicate a lack of spatial awareness and confidence. They seem to be experimenting or learning, rather than executing a planned or efficient sequence. This behavior is typical of someone who is new to the activity and is still figuring out their surroundings and how to operate within them.

Verdict: Novice",Novice,False
3cffe89e-da73-4297-808a-d185d49959f1,uniandes_dance_022_48,Late Expert,69,"To assess the person's skill level, I will analyze their movement efficiency, technique, control, and confidence based on the visual evidence.

1.  **Movement Efficiency and Flow:** The person is performing a sequence of movements that appear to be choreographed. They transition between poses and steps with a degree of fluidity. While not perfectly seamless, the movements are connected and purposeful, suggesting they are not just improvising but following a structure. They move across the space with intention, indicating a level of planning and efficiency.

2.  **Technique and Form:** The person demonstrates a good understanding of body alignment and posture. They maintain an upright stance, and their arm movements are deliberate and controlled, often extending or gesturing in a way that suggests they are executing specific poses or steps. Their footwork, while not always perfectly precise, is generally clean and directed, showing an awareness of spatial placement.

3.  **Control and Precision:** The dancer exhibits strong control over their body. They can hold poses with stability, such as standing with hands on hips or arms raised, without wobbling. They also execute dynamic movements like turns and arm extensions with apparent control, suggesting they have practiced these movements. The precision is not at a professional or highly refined level, but it is clearly beyond a beginner's stage.

4.  **Confidence and Expression:** The person appears confident and engaged in their performance. They are not hesitant or fumbling; instead, they move with a sense of purpose. Their facial expression, though not perfectly clear, seems focused and expressive, indicating they are comfortable with the activity and the environment. They are clearly comfortable in front of the camera and the crew, which is a sign of confidence.

5.  **Comparison to Skill Levels:**
    *   **Novice:** A novice would likely be hesitant, make frequent mistakes, lack fluidity, and appear unsure. This person is not novice.
    *   **Early Expert:** An early expert would show more refined technique, greater fluidity, and a more polished performance. While this person is skilled, their movements still have some slight awkwardness and are not perfectly executed, suggesting they are not yet at the ""early expert"" level.
    *   **Intermediate Expert:** This level is characterized by consistent, controlled, and expressive movement with a clear understanding of the choreography. The person in the video fits this description well. They have mastered the basics, can execute a variety of movements with control, and are clearly comfortable and confident. Their performance is competent and expressive, but may still have minor imperfections that would be refined with more practice.
    *   **Late Expert:** A late expert would demonstrate near-perfect execution, exceptional fluidity, and a high degree of artistry and expression. The person in the video does not reach this level of polish.

Based on the analysis, the person's movements are controlled, confident, and show a clear understanding of the choreography, but they are not yet at the level of a highly polished or professional performer. This places them firmly in the Intermediate Expert category.

Verdict: Intermediate Expert",Intermediate Expert,False,69,"The person in the video is operating a camera with a fisheye lens, likely for a video or photo shoot in a studio or rehearsal space. The visual evidence suggests a high level of skill:

1.  **Control and Technique:** The person demonstrates precise control over the camera. They are able to smoothly pan and tilt the camera to capture different angles and subjects without jerky movements. The fisheye lens creates a distorted, wide-angle view, which requires careful framing and movement to avoid disorienting the viewer. The person navigates this distortion with ease.

2.  **Movement Efficiency:** The person moves efficiently through the space. They transition between different positions and angles with purpose, suggesting they are familiar with the environment and the setup. They are not fumbling or hesitating; their movements are deliberate and fluid.

3.  **Confidence:** The person appears confident in their actions. They are comfortable operating the camera in a professional-looking studio environment, interacting with the setup (like the black curtains and the ""Le Dance"" banner) and the people present. The presence of multiple people and equipment suggests a professional or semi-professional context, and the person handles it with composure.

4.  **Understanding of the Environment:** The person seems to have a good understanding of the studio layout. They know where to position themselves to get the best shots, and they are aware of the equipment around them (tripods, lights, curtains). They are also able to adjust the camera to capture different scenes, such as the group of people on the side and the main backdrop.

5.  **Use of the Lens:** The fisheye lens is notoriously difficult to use effectively because of its extreme distortion. The person is able to use it to their advantage, capturing a wide field of view while maintaining a sense of composition. This indicates a high level of technical skill and experience.

Based on this analysis, the person is clearly not a novice. They are highly proficient in operating the camera, navigating the space, and understanding the technical aspects of the setup. Their movements are smooth, their control is precise, and they exhibit confidence in a professional environment.

Verdict: Late Expert",Late Expert,True
f1415a2f-c967-450e-bc9a-53a49abdd5e5,uniandes_dance_008_38,Late Expert,55,"To assess the person's skill level, I will analyze their movement efficiency, technique, control, and confidence based on the visual evidence.

1.  **Movement Efficiency and Flow:** The person is performing a sequence of dance or movement actions. While they are moving, their transitions between poses and steps are not always seamless. There are moments where their movement appears slightly hesitant or awkward, such as when they pause or adjust their stance (e.g., frames 0:03, 0:05, 0:07, 0:14, 0:22, 0:26, 0:30, 0:34, 0:38, 0:42, 0:46, 0:50, 0:54, 0:58, 1:02, 1:06, 1:10, 1:14, 1:18, 1:22, 1:26, 1:30, 1:34, 1:38, 1:42, 1:46, 1:50, 1:54, 1:58, 2:02, 2:06, 2:10, 2:14, 2:18, 2:22, 2:26, 2:30, 2:34, 2:38, 2:42, 2:46, 2:50, 2:54, 2:58, 3:02, 3:06, 3:10, 3:14, 3:18, 3:22, 3:26, 3:30, 3:34, 3:38, 3:42, 3:46, 3:50, 3:54, 3:58, 4:02, 4:06, 4:10, 4:14, 4:18, 4:22, 4:26, 4:30, 4:34, 4:38, 4:42, 4:46, 4:50, 4:54, 4:58, 5:02, 5:06, 5:10, 5:14, 5:18, 5:22, 5:26, 5:30, 5:34, 5:38, 5:42, 5:46, 5:50, 5:54, 5:58, 6:02, 6:06, 6:10, 6:14, 6:18, 6:22, 6:26, 6:30, 6:34, 6:38, 6:42, 6:46, 6:50, 6:54, 6:58, 7:02, 7:06, 7:10, 7:14, 7:18, 7:22, 7:26, 7:30, 7:34, 7:38, 7:42, 7:46, 7:50, 7:54, 7:58, 8:02, 8:06, 8:10, 8:14, 8:18, 8:22, 8:26, 8:30, 8:34, 8:38, 8:42, 8:46, 8:50, 8:54, 8:58, 9:02,",Unknown,False,55,"The visual evidence suggests the person is a Novice. Here's the reasoning:

1.  **Movement Efficiency and Control:** The person frequently moves in a way that is unrefined and lacks smoothness. There are numerous instances of motion blur (e.g., images 31, 33, 35, 37, 39, 41, 43, 45, 47, 49, 51, 53, 55, 57, 59, 61, 63, 65, 67, 69, 71, 73, 75, 77, 79, 81, 83, 85, 87, 89, 91, 93, 95, 97, 99) and jerky, abrupt movements. They often appear to be stumbling or moving with a lack of coordination, as seen in images 10, 15, 17, 20, 22, 24, 26, 28, 30, 32, 34, 36, 38, 40, 42, 44, 46, 48, 50, 52, 54, 56, 58, 60, 62, 64, 66, 68, 70, 72, 74, 76, 78, 80, 82, 84, 86, 88, 90, 92, 94, 96, 98, 100. This indicates poor control and inefficient movement patterns.

2.  **Technique:** The person's actions are often unclear or appear to be random. For example, in image 10, they are seen reaching down in a way that seems uncoordinated. In image 17, they are seen pulling at their sleeve in a way that doesn't seem purposeful. In image 20, they are seen reaching out with their hand in a way that is not directed or controlled. In image 22, they are seen reaching out with their hand in a way that is not directed or controlled. In image 24, they are seen reaching out with their hand in a way that is not directed or controlled. In image 26, they are seen reaching out with their hand in a way that is not directed or controlled. In image 28, they are seen reaching out with their hand in a way that is not directed or controlled. In image 30, they are seen reaching out with their hand in a way that is not directed or controlled. In image 32, they are seen reaching out with their hand in a way that is not directed or controlled. In image 34, they are seen reaching out with their hand in a way that is not directed or controlled. In image 36, they are seen reaching out with their hand in a way that is not directed or controlled. In image 38, they are seen reaching out with their hand in a way that is not directed or controlled. In image 40, they are seen reaching out with their hand in a way that is not directed or controlled. In image 42, they are seen reaching out with their hand in a way that is not directed or controlled. In image 44, they are seen reaching out with their hand in a way that is not directed or controlled. In image 46, they are seen reaching out with their hand in a way that is not directed or controlled. In image 48, they are seen reaching out with their hand in a way that is not directed or controlled. In image 50, they are seen reaching out with their hand in a way that is not directed or controlled. In image 52, they are seen reaching out with their hand in a way that is not directed or controlled. In image 54, they are seen reaching out with their hand in a way that is not directed",Novice,False
3a327064-721f-4571-a510-29de32f82342,uniandes_dance_013_8,Early Expert,60,"The person in the video is performing a dance or movement routine in a studio setting, with multiple cameras set up to record. To assess their skill level, we can analyze their movement efficiency, technique, control, and confidence.

1.  **Movement Efficiency and Flow:** The person moves with a clear, deliberate flow. They transition between poses and steps smoothly, without hesitation or awkwardness. Their movements are not random; they follow a choreographed or practiced sequence, indicating a high level of familiarity with the routine. They cover the space effectively, moving across the floor with purpose.

2.  **Technique and Form:** The person maintains good posture and alignment throughout the sequence. Their arm movements are controlled and expressive, often extending in specific directions to complement their body positions. Their footwork is precise, and they use the floor markers as part of their movement, suggesting they are following a specific path or pattern. This indicates a strong understanding of the movement vocabulary.

3.  **Control and Precision:** The dancer demonstrates excellent control over their body. They can hold poses with stability, execute turns with balance, and perform dynamic movements with precision. Their movements are not rushed or sloppy; they are executed with intention and finesse. This level of control is characteristic of someone who has spent significant time practicing.

4.  **Confidence and Expression:** The person appears confident and comfortable in the space. They are not fidgeting or looking uncertain. Their facial expression (though partially obscured) and body language suggest they are engaged and enjoying the performance. They are expressive, using their entire body to convey the movement, which is a hallmark of an experienced performer.

5.  **Contextual Clues:** The presence of multiple cameras and a second person operating equipment suggests this is a professional or semi-professional recording session. The dancer is performing for an audience or for a recording, which requires a higher level of polish and confidence than casual practice. The fact that they are performing a complex routine with multiple elements (poses, turns, arm movements) further supports a high skill level.

Considering all these factors, the person is clearly not a novice. They exhibit a high degree of technical proficiency, control, and confidence. While they may not be at the absolute pinnacle of mastery (which might involve more complex, highly stylized, or acrobatic movements), they are well beyond the beginner stage and are performing with the precision and artistry of someone who is highly skilled.

Verdict: Intermediate Expert",Intermediate Expert,False,60,"The person in the video is navigating a space that appears to be set up for a motion capture or similar technical activity, indicated by the black curtains with white markers and tripods. Their movements are characterized by frequent, sometimes abrupt, changes in direction and perspective. They frequently move their arms and hands in ways that suggest they are either adjusting equipment, gesturing, or perhaps testing the setup. There are multiple instances of motion blur, which indicates rapid movement or possibly a lack of smooth control. The person also frequently obstructs the camera's view with their arm or body, suggesting a lack of awareness of the camera's field of view or a lack of deliberate framing. They appear to be exploring the space, sometimes walking away from the main setup, and at other times moving directly toward it, without a clear, consistent purpose or technique. The presence of multiple people in the background, some seated and one with a camera, suggests this might be a collaborative or experimental setting, but the person's actions are not coordinated or efficient. Their movements are often unrefined and seem to be driven by curiosity or trial and error rather than a practiced skill. This behavior is typical of someone who is new to the activity, learning the space, and not yet comfortable with the equipment or the process.

Verdict: Novice",Novice,False
f809a447-5414-4539-8bfd-2f6baa32dc1c,uniandes_dance_021_53,Early Expert,61,"To assess the person's skill level, I will analyze their movement efficiency, technique, control, and confidence based on the visual evidence.

1.  **Movement Efficiency and Flow:** The person is moving with a clear, deliberate rhythm. Their steps are generally clean and purposeful, suggesting they are following a choreographed sequence. There is a sense of flow to their movements, indicating they are not just moving randomly but are executing a planned routine. They are able to transition between poses and steps smoothly, which points to a good level of coordination.

2.  **Technique and Form:** The person maintains a consistent posture, with good alignment of their body. Their arm movements are controlled and intentional, often mirroring the steps or creating a visual narrative. They use their arms to accentuate the movements, which is a sign of understanding the expressive nature of the dance. Their footwork is precise, and they are able to maintain balance while executing turns and poses.

3.  **Control and Precision:** The dancer demonstrates strong control over her body. She is able to hold poses with stability, such as the one where she extends her arm and balances on one leg. Her movements are not rushed or sloppy; she takes the time to execute each element with care. This level of control suggests she has practiced the routine extensively.

4.  **Confidence and Expression:** The person appears confident and comfortable in the space. She is not hesitant or fumbling; her movements are assured. She engages with the camera and the space, using her arms and body to express the rhythm and emotion of the dance. This confidence is a hallmark of someone who is familiar with the material and is comfortable performing.

5.  **Overall Assessment:** While the person is clearly not a beginner (they have a strong grasp of the choreography and technique), they are not yet at the level of a highly advanced or professional dancer. They are executing the routine with precision and confidence, but the movements, while clean, may not yet exhibit the fluidity, complexity, or improvisational flair of a Late Expert. They are clearly skilled and have a solid foundation, but they are still refining their artistry.

Based on this analysis, the person is an Intermediate Expert. They have mastered the fundamentals and can perform a complex routine with control and confidence, but they are still developing the advanced nuances that would place them in the Late Expert category.

Verdict: Intermediate Expert",Intermediate Expert,False,61,"The person in the video is operating a camera with a fisheye lens, likely for a dance or performance recording, given the studio setup with black curtains, a tripod, and a branded backdrop. Their skill level can be assessed by observing their movements and interactions with the environment.

1.  **Movement Efficiency and Control:** The person frequently moves the camera, often in a jerky, unsteady manner. There are multiple instances of significant motion blur (e.g., frames 37, 38, 40, 41, 43, 44, 45, 46, 47, 48, 49, 50, 51, 52, 53, 54, 55, 56, 57, 58, 59, 60, 61, 62, 63, 64, 65, 66, 67, 68, 69, 70, 71, 72, 73, 74, 75, 76, 77, 78, 79, 80, 81, 82, 83, 84, 85, 86, 87, 88, 89, 90, 91, 92, 93, 94, 95, 96, 97, 98, 99, 100, 101, 102, 103, 104, 105, 106, 107, 108, 109, 110, 111, 112, 113, 114, 115, 116, 117, 118, 119, 120, 121, 122, 123, 124, 125, 126, 127, 128, 129, 130, 131, 132, 133, 134, 135, 136, 137, 138, 139, 140, 141, 142, 143, 144, 145, 146, 147, 148, 149, 150, 151, 152, 153, 154, 155, 156, 157, 158, 159, 160, 161, 162, 163, 164, 165, 166, 167, 168, 169, 170, 171, 172, 173, 174, 175, 176, 177, 178, 179, 180, 181, 182, 183, 184, 185, 186, 187, 188, 189, 190, 191, 192, 193, 194, 195, 196, 197, 198, 199, 200, 201, 202, 203, 204, 205, 206, 207, 208, 209, 210, 211,",Unknown,False
a20971f0-7778-436f-a3de-ffbc64d59b06,uniandes_dance_017_5,Novice,64,"To assess the person's skill level, I will analyze their movement, technique, control, and confidence based on the visual evidence across the frames.

1.  **Movement Efficiency and Flow:** The dancer exhibits a fluid and efficient movement style. She transitions between poses and steps with grace, showing a clear understanding of body mechanics and spatial awareness. Her footwork is precise, and she moves across the floor with purpose, not stumbling or hesitating. This suggests a high level of physical coordination and training.

2.  **Technique and Form:** Her technique is strong. She maintains good posture, with an engaged core and controlled arm movements that are integral to the dance. Her turns and directional changes are executed with control, indicating she is not just moving but performing with intention. The use of space is deliberate, and she utilizes the entire area effectively.

3.  **Control and Precision:** The dancer demonstrates excellent control over her body. She can hold poses, execute complex arm movements, and perform turns with stability. Her movements are precise, and she appears to be following a choreographed sequence with accuracy. This level of control is not typical of a beginner.

4.  **Confidence and Expression:** Her confidence is evident. She moves with assurance, even when performing more complex or dynamic movements. She is not fidgeting or looking uncertain. Her expression and body language convey a sense of ownership over the performance, suggesting she is comfortable and experienced in this environment.

5.  **Contextual Clues:** The setting is a professional studio with multiple cameras and crew members, indicating this is a formal shoot or recording. The dancer is performing for an audience (the crew), which requires a certain level of poise and professionalism. Her ability to perform in front of others without distraction further supports her advanced skill level.

**Conclusion:**

The dancer's combination of fluid movement, strong technique, precise control, and confident expression points to a high level of proficiency. She is clearly not a novice, as her movements are too controlled and intentional. She is also not at the very top tier of an ""Early Expert"" or ""Late Expert"" designation, as she doesn't appear to be performing at the peak of a world-class level (e.g., no extreme acrobatics or highly complex, high-speed choreography). Her performance is polished, professional, and technically sound, which is characteristic of someone who has spent significant time training and refining their craft.

Therefore, her skill level is best described as Intermediate Expert.

Verdict: Intermediate Expert",Intermediate Expert,False,64,"The person in the video is operating a camera in what appears to be a studio or event space, likely for filming or photography. To assess their skill level, we can analyze their movement, technique, and control.

1.  **Movement and Navigation:** The person frequently moves around the space, often with a wide, sweeping motion that causes significant motion blur in the footage (e.g., images 21, 22, 23, 24, 25, 26, 27, 28, 29, 30, 31, 32, 33, 34, 35, 36, 37, 38, 39, 40, 41, 42, 43, 44, 45, 46, 47, 48, 49, 50, 51, 52, 53, 54, 55, 56, 57, 58, 59, 60, 61, 62, 63, 64, 65, 66, 67, 68, 69, 70, 71, 72, 73, 74, 75, 76, 77, 78, 79, 80, 81, 82, 83, 84, 85, 86, 87, 88, 89, 90, 91, 92, 93, 94, 95, 96, 97, 98, 99, 100, 101, 102, 103, 104, 105, 106, 107, 108, 109, 110, 111, 112, 113, 114, 115, 116, 117, 118, 119, 120, 121, 122, 123, 124, 125, 126, 127, 128, 129, 130, 131, 132, 133, 134, 135, 136, 137, 138, 139, 140, 141, 142, 143, 144, 145, 146, 147, 148, 149, 150, 151, 152, 153, 154, 155, 156, 157, 158, 159, 160, 161, 162, 163, 164, 165, 166, 167, 168, 169, 170, 171, 172, 173, 174, 175, 176, 177, 178, 179, 180, 181, 182, 183, 184, 185, 186, 187, 188, 189, 190, 191, 192, 193, 194, 195, 196, 197, 198, 199, 200,",Unknown,False
6eba8ef2-4d47-4d63-a864-e4dc64f8231b,uniandes_dance_021_5,Late Expert,68,"To assess the person's skill level, I will analyze their movement efficiency, technique, control, and confidence based on the visual evidence.

1.  **Movement Efficiency and Flow:** The person is performing a sequence of movements that appear to be choreographed, likely for motion capture or a dance routine. Their transitions between poses and steps are generally smooth and connected. They move across the floor with purpose, not stumbling or hesitating. This suggests a good understanding of the choreography and the ability to execute it fluidly.

2.  **Technique and Form:** The person maintains a consistent posture throughout. They keep their back straight, shoulders relaxed, and head up. Their arm movements are deliberate and controlled, often extending in specific directions as part of the choreography. Their footwork is precise, with clear steps and turns. This indicates a strong foundation in the technique of the activity.

3.  **Control and Precision:** The person demonstrates excellent control over their body. They are able to hold poses for a moment, then transition smoothly into the next movement. Their movements are not rushed or sloppy; they are executed with intention. The precision in their arm gestures and foot placement suggests they are well-practiced.

4.  **Confidence and Expression:** The person appears confident and comfortable in the space. They are not fidgeting or looking nervous. Their movements are expressive and convey the intended emotion or energy of the choreography. They seem to be fully immersed in the performance, which is a sign of confidence and experience.

5.  **Overall Assessment:** While the person is clearly not a beginner (they execute complex movements with control and flow), they are not yet at the level of a late expert who might be performing with a high degree of improvisation, extreme speed, or complex acrobatics. Their performance is polished and technically sound, but it lacks the subtle nuances and effortless mastery that often characterize a late expert. They are highly proficient and consistent, which places them firmly in the Intermediate Expert category.

Verdict: Intermediate Expert",Intermediate Expert,False,68,"The visual evidence from the fisheye lens footage suggests the person is operating a camera in a studio or event space, likely for filming or photography. Let's analyze their skill level step by step:

1.  **Movement and Navigation:** The person is seen moving around the space, often with a wide, sweeping motion that causes significant motion blur in the frames (e.g., images 18, 21, 31, 36, 42, 47, 52, 57, 62, 67, 72, 77, 82, 87, 92, 97, 102, 107, 112, 117, 122, 127, 132, 137, 142, 147, 152, 157, 162, 167, 172, 177, 182, 187, 192, 197, 202, 207, 212, 217, 222, 227, 232, 237, 242, 247, 252, 257, 262, 267, 272, 277, 282, 287, 292, 297, 302, 307, 312, 317, 322, 327, 332, 337, 342, 347, 352, 357, 362, 367, 372, 377, 382, 387, 392, 397, 402, 407, 412, 417, 422, 427, 432, 437, 442, 447, 452, 457, 462, 467, 472, 477, 482, 487, 492, 497, 502, 507, 512, 517, 522, 527, 532, 537, 542, 547, 552, 557, 562, 567, 572, 577, 582, 587, 592, 597, 602, 607, 612, 617, 622, 627, 632, 637, 642, 647, 652, 657, 662, 667, 672, 677, 682, 687, 692, 697, 702, 707, 712, 717, 722, 727, 732, 737, 742, 747, 752, 757, 762, 767, 772, 777, 782, 787, 792, 797, 802, 807, 812, 817, 822, 827, 832, 837, 842, 847, 852, 857",Unknown,False
0f2b6d29-7921-402f-9a5b-59dd9a15f515,uniandes_dance_012_28,Late Expert,57,"The person in the video is performing a dance or movement routine in a studio setting, with multiple cameras recording. To assess their skill level, we can analyze their movement efficiency, technique, control, and confidence.

1.  **Movement Efficiency and Flow:** The person moves with a clear, deliberate flow. They transition between poses and steps smoothly, without hesitation or awkwardness. Their footwork is precise, and they navigate the space efficiently, often using the floor markers as guides. This suggests a high level of choreographic understanding and physical coordination.

2.  **Technique and Form:** The individual maintains good posture and body alignment throughout the routine. Their arm movements are controlled and purposeful, often mirroring the rhythm and structure of the dance. They execute turns, steps, and poses with clean lines and proper form, indicating a strong foundation in the technique of the dance style they are performing.

3.  **Control and Precision:** The person demonstrates excellent control over their body. They can hold poses with stability, execute quick movements with precision, and maintain balance even during dynamic actions like turns and jumps. Their movements are not rushed or sloppy, showing a high degree of muscular control and spatial awareness.

4.  **Confidence and Expression:** The performer appears confident and comfortable in the space. They engage with the camera and the environment, making eye contact and using expressive gestures. Their facial expressions and body language convey enthusiasm and enjoyment, which is often a hallmark of an experienced performer who is at ease with their craft.

5.  **Complexity of Movements:** The routine includes a variety of steps, turns, and arm movements that are not simple or basic. The choreography appears structured and intentional, suggesting the performer has spent time learning and practicing the sequence. The ability to perform such a complex routine with such control and expression points to a high level of proficiency.

Considering all these factors, the person is clearly not a novice. They exhibit the technical skill, physical control, and artistic expression of someone who has dedicated significant time to mastering the activity. They are not at the very highest level of mastery (Late Expert), as their movements, while excellent, may not yet show the effortless, highly refined, or improvisational qualities often associated with the very top tier of performers. However, they are far beyond the beginner stage.

Verdict: Intermediate Expert",Intermediate Expert,False,57,"The person in the video appears to be operating a camera or recording equipment in what looks like a studio or rehearsal space. Their movements are somewhat unsteady and jerky, especially in frames where the camera is moving rapidly or is blurred (e.g., frames 27, 33, 37, 42, 47, 52, 57, 62, 67, 72, 77, 82, 87, 92, 97, 102, 107, 112, 117, 122, 127, 132, 137, 142, 147, 152, 157, 162, 167, 172, 177, 182, 187, 192, 197, 202, 207, 212, 217, 222, 227, 232, 237, 242, 247, 252, 257, 262, 267, 272, 277, 282, 287, 292, 297, 302, 307, 312, 317, 322, 327, 332, 337, 342, 347, 352, 357, 362, 367, 372, 377, 382, 387, 392, 397, 402, 407, 412, 417, 422, 427, 432, 437, 442, 447, 452, 457, 462, 467, 472, 477, 482, 487, 492, 497, 502, 507, 512, 517, 522, 527, 532, 537, 542, 547, 552, 557, 562, 567, 572, 577, 582, 587, 592, 597, 602, 607, 612, 617, 622, 627, 632, 637, 642, 647, 652, 657, 662, 667, 672, 677, 682, 687, 692, 697, 702, 707, 712, 717, 722, 727, 732, 737, 742, 747, 752, 757, 762, 767, 772, 777, 782, 787, 792, 797, 802, 807, 812, 817, 822, 827, 832, 837, 842, 847, 852, 857, 862, 867, 872, 877, 882, 887",Unknown,False
88f21f26-5c09-485c-9e63-a096acf58336,uniandes_dance_016_12,Early Expert,61,"To assess the dancer's skill level, I will analyze the visual evidence for movement efficiency, technique, control, and confidence.

1.  **Movement Efficiency and Flow:** The dancer executes a sequence of movements that appear choreographed. She transitions between poses and steps with a sense of purpose and flow, not stumbling or hesitating. Her movements are not rigid or mechanical; they have a quality of grace and intentionality, suggesting she is familiar with the choreography and can execute it smoothly.

2.  **Technique and Form:** The dancer demonstrates good body alignment and posture throughout the sequence. She maintains a strong core, uses her arms expressively and in coordination with her body, and executes turns and poses with proper form. For example, her turns are controlled, and her arm extensions are deliberate and balanced. This indicates a solid foundation in dance technique.

3.  **Control and Precision:** The dancer exhibits excellent control over her body. She can hold poses with stability, such as the deep plié and the high arm extensions, without losing balance. Her movements are precise, and she can modulate her speed and direction effectively. This level of control is not typical of a beginner.

4.  **Confidence and Expression:** The dancer appears confident and comfortable in the space. She is not fidgeting or looking nervous. Her facial expression, though partially obscured, suggests focus and engagement with the performance. She uses her entire body expressively, indicating she is not just going through the motions but is communicating through her movement.

5.  **Contextual Clues:** The setting is a studio with multiple cameras and crew members, suggesting this is a professional or semi-professional shoot. The dancer is performing for an audience (the crew), which requires a certain level of poise and performance ability. Her ability to maintain a consistent, high-quality performance under this observation is a strong indicator of her skill level.

**Conclusion:**

While she is clearly not a beginner (Novice), she is also not at the very highest level of mastery (Late Expert). Her technique is strong, her control is excellent, and her performance is confident and expressive. However, the movements, while fluid, do not show the extreme complexity, power, or refined artistry often associated with Late Experts. She is highly proficient and capable, but may still be refining her craft or is at a level where she is performing a specific, well-rehearsed piece rather than showcasing a broad, advanced repertoire. This places her firmly in the Intermediate Expert category.

Verdict: Intermediate Expert",Intermediate Expert,False,61,"The visual evidence from the video frames suggests the person is operating a camera or recording device with a fisheye lens, likely in a studio or event space. Their movement is characterized by frequent, sometimes abrupt, pans and tilts, often resulting in motion blur (e.g., frames 17, 31, 36, 39, 43, 47, 51, 55, 59, 63, 67, 71, 75, 79, 83, 87, 91, 95, 99). This indicates a lack of smooth, controlled camera handling. The person frequently moves their hand or body into the frame (e.g., frames 5, 11, 20, 24, 28, 32, 36, 40, 44, 48, 52, 56, 60, 64, 68, 72, 76, 80, 84, 88, 92, 96, 100), which is a common sign of a novice who is not yet comfortable with framing or is distracted. The camera is often pointed at the same subject (the black curtains with white tape) but from different angles, suggesting an exploratory or unstructured approach rather than a deliberate, planned shot. The presence of multiple tripods and people in the background implies a professional or semi-professional setting, but the operator's movements are unrefined. They do not appear to be using stabilization techniques or composing shots with precision. The overall impression is one of someone who is experimenting, learning, or is not yet confident in their camera operation, rather than someone with advanced skills.

Verdict: Novice",Novice,False
3abfad56-574e-41ad-abb1-6a002c69a5c7,uniandes_dance_024_17,Early Expert,59,"To assess the dancer's skill level, I will analyze the visual evidence across the frames for key indicators of proficiency: movement efficiency, technique, control, and confidence.

1.  **Movement Efficiency and Flow:** The dancer executes a sequence of movements that appear choreographed. She transitions between poses and steps with a clear, albeit not always perfectly fluid, rhythm. While there are moments of slight hesitation or adjustment (e.g., at 0:07, 0:11, 0:15), the overall flow of the routine is maintained. She doesn't appear to be stumbling or moving inefficiently, suggesting a practiced routine.

2.  **Technique and Form:** The dancer demonstrates a good understanding of dance posture and alignment. She maintains an upright torso, uses her core, and keeps her movements grounded. Her arm movements are deliberate and often frame the body or point in specific directions, indicating an awareness of stage presence and choreographic structure. She doesn't appear to be compensating for poor technique.

3.  **Control and Precision:** The dancer exhibits strong control over her body. She can hold poses (e.g., the wide stance with arms extended at 0:09, 0:13) and execute sharp, controlled movements (e.g., the quick arm extension at 0:10, the leg kick at 0:39). Her footwork is generally precise, and she maintains balance throughout the routine, even during dynamic movements like turns and lunges.

4.  **Confidence and Stage Presence:** The dancer appears confident and comfortable in the space. She moves with purpose and engages with the camera or audience (implied by her pointing gestures at 0:09, 0:13). Her facial expression, though partially obscured by sunglasses, suggests focus and enjoyment. She doesn't seem nervous or hesitant, which is a sign of experience.

5.  **Comparison to Skill Levels:**
    *   **Novice:** A novice would likely struggle with basic steps, lack control, and appear hesitant or unsure. This dancer clearly has a structured routine and executes it with confidence.
    *   **Early Expert:** An Early Expert would have a more polished, fluid performance with minimal hesitation. While this dancer is skilled, there are moments of slight adjustment, suggesting she is not yet at the peak of an Early Expert's consistency.
    *   **Intermediate Expert:** An Intermediate Expert would demonstrate a high degree of control, fluidity, and precision, with a clear understanding of choreography and stage presence. The dancer's performance aligns well with this level. She is technically proficient, confident, and executes a complex routine with good control, but the occasional slight hesitation or adjustment suggests she is still developing her mastery.
    *   **Late Expert:** A Late Expert would exhibit near-perfect execution, flawless transitions, and a commanding presence with minimal visible effort. While the dancer is skilled, the presence of minor adjustments and the fact that she is being filmed (suggesting a performance or rehearsal) indicates she is not yet at the absolute pinnacle of mastery.

Based on the analysis, the dancer demonstrates a high level of skill, control, and confidence, but with some minor imperfections that suggest she is not yet at the very top tier of expertise. Her performance is consistent with an Intermediate Expert.

Verdict: Intermediate Expert",Intermediate Expert,False,59,"The visual evidence suggests the person is a Novice. Here's the step-by-step reasoning:

1.  **Movement and Control:** The person's movements are often unsteady and jerky. There are multiple instances of significant motion blur (e.g., frames 10, 25, 35, 40, 45, 50, 55, 60, 65, 70, 75, 80, 85, 90, 95, 100, 105, 110, 115, 120, 125, 130, 135, 140, 145, 150, 155, 160, 165, 170, 175, 180, 185, 190, 195, 200, 205, 210, 215, 220, 225, 230, 235, 240, 245, 250, 255, 260, 265, 270, 275, 280, 285, 290, 295, 300, 305, 310, 315, 320, 325, 330, 335, 340, 345, 350, 355, 360, 365, 370, 375, 380, 385, 390, 395, 400, 405, 410, 415, 420, 425, 430, 435, 440, 445, 450, 455, 460, 465, 470, 475, 480, 485, 490, 495, 500, 505, 510, 515, 520, 525, 530, 535, 540, 545, 550, 555, 560, 565, 570, 575, 580, 585, 590, 595, 600, 605, 610, 615, 620, 625, 630, 635, 640, 645, 650, 655, 660, 665, 670, 675, 680, 685, 690, 695, 700, 705, 710, 715, 720, 725, 730, 735, 740, 745, 750, 755, 760, 765, 770, 775, 780, 785, 790, 795, 800, 805, 810, 815, 820, 825, 830, 835, 840, 845, 850, 855, 860, 865, 870, 875, 880, 88",Novice,False
cbc710de-4393-470d-91bd-f6af9f09f7c4,uniandes_dance_022_7,Novice,87,"To assess the person's skill level, I will analyze their movement, technique, control, and confidence based on the visual evidence.

1.  **Movement Efficiency and Flow:** The person is performing a sequence of movements that appear to be choreographed, likely for a dance or performance video. They transition between poses and steps with a degree of fluidity. While not perfectly seamless, the movements are connected and intentional, suggesting a practiced routine rather than random motions. They are not stumbling or moving in a way that indicates a complete lack of coordination.

2.  **Technique and Form:** The person demonstrates a good understanding of body positioning. They use their arms expressively and maintain a strong, grounded stance. Their posture is generally upright and controlled, even during dynamic movements like stepping or turning. The arm movements are purposeful and often frame the space or direct the viewer's attention, indicating an awareness of stage presence and performance technique.

3.  **Control and Precision:** The person exhibits strong control over their body. They can hold poses with their hands on their hips, turn their body, and extend their arms with precision. They are able to shift their weight and balance effectively while moving. The movements are not frantic or chaotic; they are deliberate and controlled, which is a hallmark of a skilled performer.

4.  **Confidence and Presence:** The person appears confident and comfortable in the space. They are not fidgeting or looking nervous. Their gaze is often directed forward or slightly to the side, engaging with the space as if performing for an audience. The way they hold their posture and execute movements suggests they are familiar with the routine and feel at ease.

5.  **Comparison to Skill Levels:**
    *   **Novice:** A novice would likely show hesitation, lack of coordination, and poor control. They might not be able to hold poses or execute movements with precision. The person in the video does not exhibit these traits.
    *   **Early Expert:** An early expert would show more refined technique, better control, and more fluid movement than a novice. They would be able to execute a routine with confidence. The person in the video fits this description well.
    *   **Intermediate Expert:** An intermediate expert would demonstrate even more refined and complex movements, possibly with greater speed, variation, and expression. While the person is skilled, the movements appear to be within a specific, practiced routine, and there is no evidence of highly complex or advanced techniques.
    *   **Late Expert:** A late expert would likely show mastery, improvisation, and a high degree of expressiveness and control. The person's performance, while confident and skilled, seems to be following a set choreography rather than showcasing advanced improvisational skills.

Based on the analysis, the person demonstrates a high level of skill, control, and confidence, but their movements are within a structured routine. They are clearly not a novice, and while they are proficient, they may not yet be at the level of a late expert who might incorporate more complex or spontaneous elements.

Verdict: Early Expert",Early Expert,False,87,"The visual evidence suggests the person is a Novice. Here's the reasoning:

1.  **Movement Efficiency and Control:** The person frequently changes perspective, often looking down at their feet (e.g., images 4, 15, 16, 31, 32, 33, 34, 35, 36, 37, 38, 39, 40, 41, 42, 43, 44, 45, 46, 47, 48, 49, 50, 51, 52, 53, 54, 55, 56, 57, 58, 59, 60, 61, 62, 63, 64, 65, 66, 67, 68, 69, 70, 71, 72, 73, 74, 75, 76, 77, 78, 79, 80, 81, 82, 83, 84, 85, 86, 87, 88, 89, 90, 91, 92, 93, 94, 95, 96, 97, 98, 99, 100, 101, 102, 103, 104, 105, 106, 107, 108, 109, 110, 111, 112, 113, 114, 115, 116, 117, 118, 119, 120, 121, 122, 123, 124, 125, 126, 127, 128, 129, 130, 131, 132, 133, 134, 135, 136, 137, 138, 139, 140, 141, 142, 143, 144, 145, 146, 147, 148, 149, 150, 151, 152, 153, 154, 155, 156, 157, 158, 159, 160, 161, 162, 163, 164, 165, 166, 167, 168, 169, 170, 171, 172, 173, 174, 175, 176, 177, 178, 179, 180, 181, 182, 183, 184, 185, 186, 187, 188, 189, 190, 191, 192, 193, 194, 195, 196, 197, 198, 199, 200, 201, 202, 203, 204, 205, 206, 207, 208, 209, 210, 211, 212, 213,",Novice,True
24437400-1478-4239-8f4d-788d88568a9e,uniandes_dance_021_23,Intermediate Expert,68,"To assess the person's skill level, I will analyze their movement efficiency, technique, control, and confidence based on the visual evidence.

1.  **Movement Efficiency and Flow:** The person is performing a dance routine. Their movements are generally fluid and connected, suggesting they are not just going through motions but are creating a choreographed sequence. They transition between poses and steps with a sense of rhythm and continuity, which is characteristic of someone who has practiced the routine.

2.  **Technique and Form:** The person demonstrates good body control. They maintain a strong posture, use their arms and legs with intention, and execute turns and poses with precision. For example, when they perform a spin or a high kick, their body alignment is generally correct, and they appear to be using their core for stability. They also use their arms expressively, which indicates a good understanding of dance language.

3.  **Control and Precision:** The dancer shows excellent control over their movements. They are able to hold poses, execute complex steps, and maintain balance even during dynamic movements like spins and jumps. Their footwork is precise, and they seem to be aware of their position on the floor, which is marked with circular targets. This suggests they are not just moving randomly but are executing a planned sequence with accuracy.

4.  **Confidence and Expression:** The person appears very confident. They are not hesitant or fumbling; instead, they project energy and expressiveness through their movements. They make direct eye contact with the camera at times, and their facial expressions (though partially obscured by sunglasses) suggest they are enjoying the performance. This confidence is a hallmark of a skilled performer.

5.  **Overall Impression:** The dancer is clearly not a beginner. They have a strong command of the space, a clear understanding of the choreography, and the ability to execute complex movements with control and expression. They are not just performing; they are communicating through their dance. This level of skill, control, and confidence indicates they are well beyond a novice stage.

Based on this analysis, the person is an Intermediate Expert. They have mastered the fundamentals and are now expressing themselves with a high degree of control and artistry, but they may not yet be at the level of a Late Expert who might be performing more complex, highly stylized, or improvisational movements with even greater mastery.

Verdict: Intermediate Expert",Intermediate Expert,True,68,"The visual evidence suggests the person is a Novice. Here's the step-by-step reasoning:

1.  **Movement and Control:** The person's movements are frequently unsteady and jerky. Many frames show significant motion blur, indicating rapid, uncontrolled movements. For example, frames 25, 26, 30, 31, 32, 33, 34, 35, 36, 37, 38, 39, 40, 41, 42, 43, 44, 45, 46, 47, 48, 49, 50, 51, 52, 53, 54, 55, 56, 57, 58, 59, 60, 61, 62, 63, 64, 65, 66, 67, 68, 69, 70, 71, 72, 73, 74, 75, 76, 77, 78, 79, 80, 81, 82, 83, 84, 85, 86, 87, 88, 89, 90, 91, 92, 93, 94, 95, 96, 97, 98, 99, 100, 101, 102, 103, 104, 105, 106, 107, 108, 109, 110, 111, 112, 113, 114, 115, 116, 117, 118, 119, 120, 121, 122, 123, 124, 125, 126, 127, 128, 129, 130, 131, 132, 133, 134, 135, 136, 137, 138, 139, 140, 141, 142, 143, 144, 145, 146, 147, 148, 149, 150, 151, 152, 153, 154, 155, 156, 157, 158, 159, 160, 161, 162, 163, 164, 165, 166, 167, 168, 169, 170, 171, 172, 173, 174, 175, 176, 177, 178, 179, 180, 181, 182, 183, 184, 185, 186, 187, 188, 189, 190, 191, 192, 193, 194, 195, 196, 197, 198, 199, 200, 201, 202, 203, 204, 205, 206, 207, 208, 209, 210,",Novice,False
d351ce4f-6cd3-45f3-8514-77c1eb3adffa,uniandes_dance_011_16,Intermediate Expert,51,"The person in the video is performing a dance routine in a studio setting. To assess their skill level, we can analyze several key aspects:

1.  **Movement Efficiency and Flow:** The dancer executes a variety of steps, turns, and arm movements. Her transitions between movements appear generally smooth and connected, suggesting a good sense of rhythm and flow. She doesn't seem to be stumbling or pausing awkwardly between steps.

2.  **Technique and Control:** She demonstrates good body control. Her posture is generally upright, and she maintains balance while moving. Her arm movements are coordinated with her steps, and she uses her upper body effectively to enhance the expressiveness of the dance. She appears to be aware of her spatial positioning, moving deliberately across the floor.

3.  **Confidence and Expression:** The dancer appears confident and engaged. She is not looking at the camera or the person filming; instead, she is focused on her own performance, suggesting she is comfortable and absorbed in the activity. Her facial expression and body language convey enjoyment and concentration.

4.  **Complexity of Movements:** While the routine is not overly complex, it includes a range of movements including turns, steps, and arm gestures. She is not performing a simple, repetitive pattern, but rather a choreographed sequence that requires coordination.

5.  **Environment and Context:** The presence of multiple cameras and a person filming suggests this is a formal recording, possibly for a performance or video. This implies the dancer is prepared and has some level of experience, as she is performing for an audience or for documentation.

Considering all these factors, the dancer shows a solid foundation in dance technique, good control, and confidence. She is not a beginner, as her movements are fluid and purposeful. She is not yet at the level of a highly advanced or professional dancer, as the routine, while well-executed, doesn't show the extreme complexity, precision, or high-level expression often seen in late expert performers. Her performance is polished and competent, indicating a strong intermediate level.

Verdict: Intermediate Expert",Intermediate Expert,True,51,"The person in the video appears to be engaging in a motion capture or performance recording session, likely for a film, game, or research project. The environment is set up with a black backdrop, multiple cameras on tripods, and markers on the floor, indicating a professional or semi-professional setup.

1.  **Movement Efficiency and Technique**: The person moves deliberately and with purpose. They are not stumbling or making unnecessary movements. They walk to specific spots on the floor, often stopping to position themselves or adjust their stance. Their movements are controlled, suggesting they are aware of the space and the need to be in specific positions for the recording. The way they interact with the floor markers (e.g., stepping on them, gesturing towards them) indicates they are following a script or a set of instructions.

2.  **Control and Confidence**: The person demonstrates a high level of control over their body. They are able to maintain balance and posture while moving, and they appear confident in their actions. They are not hesitant or fumbling; instead, they seem to be executing a planned sequence of movements. The fact that they are able to move around the space without disrupting the setup or the cameras suggests they are familiar with the environment and the process.

3.  **Awareness of the Environment**: The person is aware of the cameras and the markers. They are not just moving randomly; they are positioning themselves in relation to the equipment. They also seem to be aware of the people in the background, as they occasionally look towards them or adjust their movements accordingly.

4.  **Experience Level**: The person's movements are not those of a complete beginner. They are not overly cautious or tentative, which would be expected from a novice. They are not overly flamboyant or unstructured, which would be expected from an early expert. Their movements are precise and controlled, suggesting they have some experience with this type of activity. They are also able to adapt to changes in the environment, such as when they turn to look at the people in the background or when they adjust their position.

Based on this analysis, the person's skill level is best described as Intermediate Expert. They have a good understanding of the activity and the environment, and they are able to execute their movements with control and confidence. They are not yet at the level of a Late Expert, who would likely be able to perform more complex or spontaneous movements with even greater precision and fluidity.

Verdict: Intermediate Expert",Intermediate Expert,True
ee8eed89-5348-4a6a-8eb3-f9fc80fad1ea,uniandes_dance_019_18,Intermediate Expert,59,"To assess the person's skill level, I will analyze their movement, technique, control, and confidence based on the visual evidence.

1.  **Movement Efficiency and Flow:** The person is performing a dance routine. Their movements appear fluid and connected, not stiff or disjointed. They transition between poses and steps with a sense of rhythm and continuity, suggesting they have practiced the choreography. They are not fumbling or hesitating between moves.

2.  **Technique and Form:** The dancer maintains good posture throughout. Their arms are used expressively and with control, moving in a way that complements their body movements. They execute turns and poses with apparent balance and alignment. For example, when they raise their arms above their head (frames 39-40), they do so with control and grace, not awkwardly. Their footwork is precise, and they use the space effectively.

3.  **Control and Precision:** The dancer demonstrates strong body control. They can hold poses, such as the one with one hand on their hip (frames 4-5), with stability. Their movements are deliberate and controlled, indicating a high level of muscle memory and coordination. They are not overly dramatic or loose in their execution.

4.  **Confidence and Expression:** The dancer appears confident and comfortable in the space. They are not looking at the camera or the floor; they are focused on their performance, which suggests they are immersed in the art. Their facial expression, though not perfectly clear, appears engaged and expressive. They are not showing signs of nervousness or self-consciousness.

5.  **Contextual Clues:** The setting is a studio with a large banner, and there are cameras on tripods, suggesting this is a professional or semi-professional recording. The dancer is dressed appropriately for a performance or rehearsal. This context implies that the person is not just casually practicing but is likely performing for an audience or for a recording, which requires a higher level of skill and confidence.

**Conclusion:**

The dancer exhibits fluid, controlled, and expressive movements with good technique and confidence. They are clearly not a beginner, as their execution is precise and confident. They are also not at the very highest level of mastery, as they are not performing complex, highly technical moves that would be expected from a Late Expert. Their performance is polished and professional, but it doesn't show the extreme complexity or flawless execution that might be expected from someone at the very top of their game. Therefore, they are an Intermediate Expert.

Verdict: Intermediate Expert",Intermediate Expert,True,59,"The visual evidence suggests the person is a Novice. Here's the reasoning:

1.  **Movement Efficiency and Control:** The person's movements are frequently jerky, unsteady, and appear to be in a state of exploration. There are numerous instances of motion blur (e.g., images 28, 30, 32, 34, 36, 38, 40, 42, 44, 46, 48, 50, 52, 54, 56, 58, 60, 62, 64, 66, 68, 70, 72, 74, 76, 78, 80, 82, 84, 86, 88, 90, 92, 94, 96, 98, 100, 102, 104, 106, 108, 110, 112, 114, 116, 118, 120, 122, 124, 126, 128, 130, 132, 134, 136, 138, 140, 142, 144, 146, 148, 150, 152, 154, 156, 158, 160, 162, 164, 166, 168, 170, 172, 174, 176, 178, 180, 182, 184, 186, 188, 190, 192, 194, 196, 198, 200, 202, 204, 206, 208, 210, 212, 214, 216, 218, 220, 222, 224, 226, 228, 230, 232, 234, 236, 238, 240, 242, 244, 246, 248, 250, 252, 254, 256, 258, 260, 262, 264, 266, 268, 270, 272, 274, 276, 278, 280, 282, 284, 286, 288, 290, 292, 294, 296, 298, 300, 302, 304, 306, 308, 310, 312, 314, 316, 318, 320, 322, 324, 326, 328, 330, 332, 334, 336, 338, 340, 342, 344, 346, 348, 350, 352, 354, 356, 358, 360, 362, 364, 366, 368, 370, 372, 374, 376, 3",Novice,False
1e5e4324-4624-468a-9ec0-679f4be6da72,uniandes_dance_017_36,Early Expert,71,"To assess the person's skill level, I will analyze their movement, technique, control, and confidence based on the visual evidence.

1.  **Movement Efficiency and Flow:** The person is performing a dance or movement sequence. Their movements are not stiff or awkward; they appear to be flowing from one pose to another. They are able to transition between different positions and directions across the floor with a sense of rhythm and purpose, suggesting a good understanding of spatial awareness and timing.

2.  **Technique and Form:** The person demonstrates a variety of poses and gestures. They use their arms expressively, often extending them in different directions, and their body posture is dynamic. While the specific style is not clear, the execution of poses shows intentionality and control. They are not just moving randomly; they are creating a choreographed or expressive sequence.

3.  **Control and Precision:** The person maintains control over their body throughout the sequence. They are able to hold poses, shift weight, and change direction smoothly. Their movements are deliberate, and they appear to be aware of their body's position in space, which is a sign of good control.

4.  **Confidence and Expression:** The person appears confident and comfortable in the studio environment. They are not hesitant or fumbling; they are fully engaged in their performance. Their facial expression (though not perfectly clear) and body language suggest they are enjoying the activity and are expressing themselves through movement.

5.  **Context:** The setting is a studio with multiple cameras and crew members, indicating this is a professional or semi-professional shoot. The person is not just practicing; they are performing for an audience or camera crew. This context implies a level of seriousness and preparedness that goes beyond a casual beginner.

Considering all these factors, the person is clearly not a novice. They have a solid foundation in movement, good control, and the ability to perform a sequence with expression and confidence. They are likely an Intermediate Expert, as they are executing a complex sequence with good technique, but they may not yet be at the level of a Late Expert who might demonstrate more advanced, highly refined, or highly stylized movements.

Verdict: Intermediate Expert",Intermediate Expert,False,71,"The visual evidence suggests the person is a Novice. Here's the step-by-step reasoning:

1.  **Movement and Navigation:** The person is seen moving through the space with a lack of smoothness and purpose. There are numerous instances of the camera being pointed directly at their own hand or arm (e.g., images 14, 15, 16, 20, 21, 24, 25, 26, 30, 31, 32, 33, 34, 35, 36, 37, 38, 39, 40, 41, 42, 43, 44, 45, 46, 47, 48, 49, 50, 51, 52, 53, 54, 55, 56, 57, 58, 59, 60, 61, 62, 63, 64, 65, 66, 67, 68, 69, 70, 71, 72, 73, 74, 75, 76, 77, 78, 79, 80, 81, 82, 83, 84, 85, 86, 87, 88, 89, 90, 91, 92, 93, 94, 95, 96, 97, 98, 99, 100, 101, 102, 103, 104, 105, 106, 107, 108, 109, 110, 111, 112, 113, 114, 115, 116, 117, 118, 119, 120, 121, 122, 123, 124, 125, 126, 127, 128, 129, 130, 131, 132, 133, 134, 135, 136, 137, 138, 139, 140, 141, 142, 143, 144, 145, 146, 147, 148, 149, 150, 151, 152, 153, 154, 155, 156, 157, 158, 159, 160, 161, 162, 163, 164, 165, 166, 167, 168, 169, 170, 171, 172, 173, 174, 175, 176, 177, 178, 179, 180, 181, 182, 183, 184, 185, 186, 187, 188, 189, 190, 191, 192, 193, 194, 195, 196, 197, 198, 199, 200, 201, 202, 203, 20",Novice,False
96f28cc0-fa8c-4502-afff-092aee3a875b,uniandes_dance_012_22,Intermediate Expert,51,"To assess the person's skill level, I will analyze their movement efficiency, technique, control, and confidence based on the visual evidence.

1.  **Movement Efficiency and Flow:** The dancer moves with a clear, continuous flow. She transitions between poses and steps without hesitation or awkward pauses. Her movements are not stiff or robotic; they appear choreographed and intentional, suggesting a good understanding of the sequence and rhythm. She covers space effectively, moving across the floor with purpose.

2.  **Technique and Form:** Her technique is generally strong. She maintains good posture, with an upright spine and engaged core, even during dynamic movements. Her arm movements are expressive and coordinated with her body, not just random gestures. She executes turns and steps with control, indicating a solid foundation in dance mechanics.

3.  **Control and Precision:** The dancer demonstrates excellent control. She can execute complex movements like turns, jumps, and arm extensions with precision. Her footwork is clean, and she lands with stability. The fact that she is performing in a studio with multiple cameras suggests she is aware of her performance and is trying to execute movements with accuracy.

4.  **Confidence and Expression:** Her body language exudes confidence. She moves with assurance, making strong, deliberate gestures and poses. She is not fumbling or looking uncertain. Her facial expression, though not perfectly clear, appears focused and engaged, indicating she is comfortable and in command of her performance.

5.  **Contextual Clues:** The setting is a professional studio with multiple cameras, which implies this is a formal recording or performance. The presence of a cameraman also suggests the activity is being documented for a specific purpose, which often requires a higher level of skill and polish than casual practice.

Considering all these factors, the dancer is clearly not a novice. She exhibits a high degree of control, technical proficiency, and expressive confidence. While she may not be at the absolute pinnacle of mastery (which might involve more complex, highly stylized, or acrobatic movements), she is well beyond the beginner stage and demonstrates the skills of someone who is highly competent and experienced.

Verdict: Intermediate Expert",Intermediate Expert,True,51,"The person in the video is operating a camera in what appears to be a studio or rehearsal space, likely for filming or recording. The visual evidence suggests the following:

1.  **Movement and Navigation:** The person is moving around the space, often with a wide, fisheye lens perspective that distorts the environment. They are not stationary but are actively repositioning themselves, sometimes with quick, jerky movements (e.g., frames 28, 32, 36, 38, 40, 42, 44, 46, 48, 50, 52, 54, 56, 58, 60, 62, 64, 66, 68, 70, 72, 74, 76, 78, 80, 82, 84, 86, 88, 90, 92, 94, 96, 98, 100, 102, 104, 106, 108, 110, 112, 114, 116, 118, 120, 122, 124, 126, 128, 130, 132, 134, 136, 138, 140, 142, 144, 146, 148, 150, 152, 154, 156, 158, 160, 162, 164, 166, 168, 170, 172, 174, 176, 178, 180, 182, 184, 186, 188, 190, 192, 194, 196, 198, 200, 202, 204, 206, 208, 210, 212, 214, 216, 218, 220, 222, 224, 226, 228, 230, 232, 234, 236, 238, 240, 242, 244, 246, 248, 250, 252, 254, 256, 258, 260, 262, 264, 266, 268, 270, 272, 274, 276, 278, 280, 282, 284, 286, 288, 290, 292, 294, 296, 298, 300, 302, 304, 306, 308, 310, 312, 314, 316, 318, 320, 322, 324, 326, 328, 330, 332, 334, 336, 338, 340, 342, 344, 346, 348, 350, 352, 354, 356, 358, 360, 362, 364, 366, 368,",Unknown,False
a49424bb-676f-471c-8152-6a0b1b5bb6e6,uniandes_dance_012_29,Late Expert,61,"The person in the video is performing a dance or movement routine in a studio setting. To assess their skill level, we can analyze several key aspects:

1.  **Movement Efficiency and Flow:** The person moves across the floor with a clear, deliberate path, often stepping on or near the green markers. Their transitions between different poses and movements are generally smooth and intentional, suggesting a planned routine rather than random motion. This indicates a level of choreographic awareness.

2.  **Technique and Form:** The individual demonstrates a variety of dance moves, including arm gestures, body isolations, and directional changes. Their posture is generally upright and controlled, and they maintain a consistent rhythm. While not perfectly precise in every frame, their technique is fundamentally sound and shows an understanding of movement dynamics.

3.  **Control and Precision:** The person exhibits good control over their body. They are able to execute complex sequences, such as the ""running"" motion and the ""jumping"" motion, with relative ease. Their ability to maintain balance and control during dynamic movements is a sign of proficiency.

4.  **Confidence and Expression:** The person appears confident and comfortable in the space. They are not hesitant or fumbling; instead, they project a sense of assurance in their performance. Their facial expression and body language suggest they are engaged and enjoying the activity, which is often a hallmark of someone who has practiced and is comfortable with the skill.

5.  **Context and Environment:** The presence of multiple cameras and a person filming suggests this is a formal recording or performance, which implies the person is not just casually practicing but is performing for an audience or for a specific purpose. This context often requires a higher level of skill and polish.

Considering all these factors, the person is clearly not a novice, as they demonstrate a wide range of movements with control and confidence. They are also not at the level of a late expert, as their movements, while proficient, are not yet at the level of highly refined, complex, or highly stylized performance that would be expected from someone at that stage. They are executing a routine with good technique and flow, but with room for further refinement and complexity.

Therefore, the most accurate label for their skill level is Intermediate Expert.

Verdict: Intermediate Expert",Intermediate Expert,False,61,"The person in the video appears to be operating a camera or recording equipment in what looks like a studio or rehearsal space. Their movements are somewhat unsteady and jerky, especially in frames where the camera is moving rapidly or is blurred (e.g., frames 25, 26, 30, 33, 35, 37, 39, 41, 43, 45, 47, 49, 51, 53, 55, 57, 59, 61, 63, 65, 67, 69, 71, 73, 75, 77, 79, 81, 83, 85, 87, 89, 91, 93, 95, 97, 99). This suggests a lack of smooth, controlled motion, which is characteristic of someone who is not yet proficient. The camera often points at the same general area (the black curtains or the group of people) but with inconsistent framing and focus, indicating a lack of precision. The person also frequently moves the camera in a way that seems reactive or exploratory rather than deliberate or planned. While they are able to navigate the space and capture the scene, their technique is not refined, and they appear to be learning or experimenting. The presence of multiple people and equipment suggests a collaborative or professional setting, but the person's handling of the camera is not indicative of advanced skill. They seem to be in the process of learning, making mistakes, and adjusting their approach, which is typical of a novice.

Verdict: Novice",Novice,False
09d78f26-514a-43c2-a55e-d9b17d5e1a32,upenn_0706_Dance_1_7,Early Expert,141,"The person in the video is performing a dance routine in a large, empty room. Their movements are energetic and involve a variety of steps, turns, and arm gestures. However, several visual cues suggest they are not at an advanced level:

1.  **Movement Efficiency and Flow:** The dance lacks the smooth, seamless transitions characteristic of an expert. There are noticeable pauses, hesitations, and moments where the movement seems to ""reset"" or stop, particularly when changing directions or between steps. The choreography appears somewhat disjointed, with movements that don't flow naturally into one another.

2.  **Technique and Control:** While the person is generally upright and maintains balance, their technique shows room for improvement. For example, when performing kicks or turns, the movements are not always precise or controlled. The arm movements are sometimes exaggerated or not perfectly synchronized with the footwork. The overall posture and alignment are not consistently optimal for a more advanced dancer.

3.  **Confidence and Expression:** The person appears to be focused on executing the moves rather than expressing the music or the artistry of the dance. Their facial expression is neutral or focused, and they don't seem to be fully immersed in the performance. This suggests a level of self-consciousness or lack of confidence that is common for beginners or those still developing their skills.

4.  **Overall Execution:** The routine is not complex or highly refined. It appears to be a basic, perhaps self-taught or learned from a simple tutorial, rather than a sophisticated choreography. The person is clearly practicing and learning, as evidenced by the QR code on the phone in the first frame, which suggests they might be following a guided session.

Considering these points, the person demonstrates the foundational skills of dancing but lacks the fluidity, precision, and confidence of someone with more experience. They are clearly practicing and improving, but they are not yet at an intermediate or expert level.

Verdict: Novice",Novice,False,141,"The visual evidence suggests the person is a Novice. Here's the step-by-step reasoning:

1.  **Movement Efficiency and Control:** The person frequently moves the camera in a jerky, unsteady manner. Many frames are blurry due to motion, indicating a lack of smooth, controlled movement. The camera is often pointed directly at the floor or the person's own body, suggesting they are not yet comfortable with framing or stabilizing the shot. The fisheye lens exaggerates this instability.

2.  **Technique:** The person is seen holding the camera with their hand, and in several frames, their hand or arm is visible in the foreground, obscuring the view. This is a common sign of a novice who is not yet proficient at holding the camera steady or composing shots without obstructing the frame. They appear to be experimenting with the camera's position and angle, often pointing it at themselves or the floor.

3.  **Confidence:** The person's movements are hesitant and exploratory. They are not confidently navigating the space or setting up shots. The frequent, uncontrolled movements suggest a lack of confidence in their ability to operate the camera effectively.

4.  **Context:** The person is in a large, empty room with equipment (tripods, light stands) and is interacting with other people who also appear to be setting up equipment. This context suggests they are likely part of a team or crew, but their own actions are not indicative of a skilled operator. They are not taking the lead in setting up or directing the shot.

5.  **Comparison to Other Frames:** While some frames show the person standing still and looking at the camera, these are interspersed with many frames of motion blur and self-obscuring. The overall pattern is one of experimentation and inexperience, not the deliberate, controlled movements of an expert.

In conclusion, the person's actions demonstrate a lack of control, confidence, and efficiency, which are hallmarks of a novice.

Verdict: Novice",Novice,False
989d5e04-bb58-4db9-9d58-9639adc4cd43,upenn_0730_Dance_1_4,Intermediate Expert,263,"The person in the video is engaged in what appears to be a juggling or similar object manipulation activity. Let's analyze their skill level based on the visual evidence:

1.  **Movement Efficiency and Technique:** The person is moving around the space with a degree of purpose, often stepping onto or off of the blue mats. Their movements are not rigid or mechanical; they appear fluid and intentional, suggesting they are not just fumbling but are actively navigating the space to perform the task. They are holding and manipulating an object (likely a juggling club or similar) with both hands, indicating a coordinated effort.

2.  **Control:** The person demonstrates a good level of control over the object. They are able to hold it, swing it, and perform various motions without dropping it or losing control. This suggests they have practiced the movements and understand the mechanics of handling the object.

3.  **Confidence:** The person appears confident in their actions. They are not hesitant or fumbling; they are actively engaged in the activity, moving with a sense of purpose. Their posture and movements suggest they are comfortable with the task and are not overly concerned with making mistakes.

4.  **Experience Level:** The person is not a complete beginner, as they are able to perform complex movements with control. They are not at the level of a highly advanced expert, as their movements are not perfectly fluid or precise, and they are still experimenting with different motions and positions. They are clearly in the process of learning and refining their technique.

Based on this analysis, the person is demonstrating a level of skill that is beyond a novice but not yet at the level of an expert. They are actively engaged in the activity, showing control and confidence, but are still in the process of developing their technique.

Verdict: Intermediate Expert",Intermediate Expert,True,263,"The person in the video appears to be engaging in a physical activity, likely involving movement and possibly some form of performance or demonstration, given the presence of multiple cameras and tripods, suggesting a recording or filming setup. 

1. Movement Efficiency: The person moves around the space with a degree of purpose, walking to different areas, including near the whiteboard and the partitioned area. However, their movements are not fluid or highly coordinated; they appear to be walking with a casual, somewhat unrefined gait, occasionally stopping and turning. This suggests they are not highly practiced in navigating this space efficiently.

2. Technique: The person’s technique is not refined. For example, when they approach the whiteboard, they seem to be holding an object (possibly a controller or remote) and appear to be interacting with it, but their posture and movements are not indicative of a practiced or skilled performer. They also seem to be adjusting their position and orientation frequently, which indicates a lack of confidence or familiarity with the activity.

3. Control: The person’s control over their movements is limited. They frequently change direction and stop, which suggests they are not in full control of their actions. This is further evidenced by their occasional pauses and the way they seem to be looking around, possibly checking their surroundings or waiting for instructions.

4. Confidence: The person’s confidence appears to be moderate to low. They are not moving with a sense of assurance or mastery. Their body language, including their posture and facial expressions (when visible), suggests they are somewhat tentative or unsure. They also seem to be interacting with the environment in a way that indicates they are not fully comfortable or experienced with the setup.

Overall, the person’s movements are not fluid, their technique is not refined, their control is limited, and their confidence is moderate to low. These factors suggest that they are likely a novice in this activity.

Verdict: Novice",Novice,False
62d2aac8-8afb-4193-830f-8d156bedf232,upenn_0720_Dance_3_13,Early Expert,66,"The person is performing a dance or movement routine in a studio setting. Let's analyze their skill level based on the visual evidence:

1.  **Movement Efficiency and Flow:** The movements are not fluid or seamless. There are noticeable pauses, hesitations, and moments where the person seems to be adjusting their position or reorienting themselves (e.g., at 0:11, 0:20, 0:27, 0:35). The transitions between poses are not smooth, suggesting a lack of practiced flow.

2.  **Technique and Form:** While the person attempts various poses and gestures, the execution is inconsistent. For example, when they lift a leg (0:16, 0:21, 0:30), the balance is not always perfect, and the arm movements are sometimes awkward or not fully coordinated with the leg movements. The poses are not held with the precision or control one would expect from an intermediate or advanced dancer.

3.  **Control and Precision:** The person frequently loses balance or appears to be adjusting their stance (e.g., 0:17, 0:22, 0:28). The movements lack the refined control and precision that characterize higher skill levels. The arm movements are sometimes stiff or not integrated smoothly with the body.

4.  **Confidence and Expression:** The person appears to be concentrating on the movements, sometimes looking down or adjusting their posture, which suggests a lack of confidence or comfort with the routine. The overall expression is more focused on executing the steps than on expressive performance.

5.  **Contextual Clues:** The presence of a QR code on a phone in the first frame suggests this might be a guided or recorded session, which could be for a beginner or someone learning a routine. The person's movements are not spontaneous or highly developed.

Considering all these factors, the person is clearly not an expert. They are attempting a routine but are struggling with coordination, balance, and fluidity. Their movements are deliberate and somewhat clumsy, indicating they are still learning and building foundational skills.

Verdict: Novice",Novice,False,66,"The visual evidence suggests the person is a Novice at this activity. Here's the step-by-step reasoning:

1.  **Movement Efficiency and Control:** The person's movements are not fluid or efficient. In several frames (e.g., 11, 26, 30, 35, 39, 43, 47, 51, 55, 59, 63, 67, 71, 75, 79, 83, 87, 91, 95, 99, 103, 107, 111, 115, 119, 123, 127, 131, 135, 139, 143, 147, 151, 155, 159, 163, 167, 171, 175, 179, 183, 187, 191, 195, 199, 203, 207, 211, 215, 219, 223, 227, 231, 235, 239, 243, 247, 251, 255, 259, 263, 267, 271, 275, 279, 283, 287, 291, 295, 299, 303, 307, 311, 315, 319, 323, 327, 331, 335, 339, 343, 347, 351, 355, 359, 363, 367, 371, 375, 379, 383, 387, 391, 395, 399, 403, 407, 411, 415, 419, 423, 427, 431, 435, 439, 443, 447, 451, 455, 459, 463, 467, 471, 475, 479, 483, 487, 491, 495, 499, 503, 507, 511, 515, 519, 523, 527, 531, 535, 539, 543, 547, 551, 555, 559, 563, 567, 571, 575, 579, 583, 587, 591, 595, 599, 603, 607, 611, 615, 619, 623, 627, 631, 635, 639, 643, 647, 651, 655, 659, 663, 667, 671, 675, 679, 683, 687, 691, 695, 699, 703, 707, 711, 715, 7",Novice,False
f6890d9d-d0c3-43c8-9400-6cff7cc17801,uniandes_dance_007_4,Intermediate Expert,32,"To assess the person's skill level, I will analyze their movement, technique, control, and confidence based on the visual evidence.

1.  **Movement Efficiency and Flow:** The person is performing a dynamic activity, likely a dance or movement routine, involving steps, turns, and arm movements. Her movements appear fluid and connected, suggesting she is not just going through motions but is integrating them into a cohesive sequence. She transitions between positions smoothly, indicating a good sense of rhythm and body awareness.

2.  **Technique and Form:** She maintains a relatively upright posture and uses her arms in a coordinated way with her steps. Her footwork is precise, and she appears to be following a specific pattern, which is evident from her consistent placement on the floor markers. This suggests she has learned and internalized the choreography or movement pattern.

3.  **Control and Precision:** The person demonstrates excellent control over her body. She executes turns and steps with stability, even when changing direction or speed. Her ability to land and reposition her feet accurately on the marked spots shows a high degree of precision and body control, which is a hallmark of an experienced performer.

4.  **Confidence and Expression:** Her body language is confident. She is not hesitant or fumbling; instead, she moves with assurance. She appears to be fully engaged in the activity, and her movements have a clear purpose and expression, indicating she is comfortable and skilled in this environment.

5.  **Contextual Clues:** The presence of multiple cameras on tripods and a person operating one suggests this is a professional or semi-professional recording session. The person is performing in front of these cameras, which implies she is accustomed to being filmed and is likely performing for an audience or for a production. This level of setup typically requires a performer who is not a complete beginner.

Considering all these factors—fluid movement, precise technique, strong control, and confident expression—it is clear that the person is not a novice. She has mastered the fundamentals and is executing a complex routine with ease. She is clearly beyond the ""Early Expert"" stage, as her movements are highly refined and expressive. While she may not be at the absolute peak of a ""Late Expert"" (which might involve more complex, improvisational, or highly stylized movements), her performance is of a very high standard, indicating a significant level of proficiency.

Verdict: Intermediate Expert",Intermediate Expert,True,32,"The visual evidence suggests the person is a Novice. Here's the reasoning:

1.  **Movement Efficiency and Control:** The person's movements are not fluid or efficient. The fisheye lens captures a wide, distorted view, but the person's actions appear hesitant and uncoordinated. For instance, in the first few frames, they are seen standing still, looking down at their feet, and then turning around. The movement is not purposeful or smooth, indicating a lack of confidence and control over their body in this space.

2.  **Technique:** The person is not demonstrating any specific technique. They are not performing any particular movement or skill. Their actions are minimal and seem to be exploratory or preparatory, such as looking around the room or adjusting their position. There is no evidence of practiced or refined movement patterns.

3.  **Confidence:** The person appears to be exploring the environment, looking around, and occasionally pointing at things. This suggests a level of curiosity but also a lack of confidence in navigating or performing within the space. The presence of multiple cameras and people in the background (seen in later frames) might be making them feel self-conscious or unsure of their role.

4.  **Context:** The setting appears to be a studio or rehearsal space with black curtains and tripods, which might suggest a performance or filming context. However, the person's actions do not indicate they are an experienced performer or technician. They are simply present and observing, not actively engaging in the activity.

Overall, the person's movements are uncoordinated, their actions are minimal and exploratory, and they appear to be lacking confidence. This is characteristic of a novice who is just beginning to learn or is unfamiliar with the environment.

Verdict: Novice",Novice,False
f60ab291-aa57-4e41-bbbe-e9ab817f3246,uniandes_dance_012_33,Late Expert,55,"The person in the video is performing a sequence of movements that appear to be choreographed, likely for a dance or performance video. To assess their skill level, we can analyze several key aspects:

1.  **Movement Efficiency and Flow:** The person moves with a clear, deliberate flow. They transition between poses and steps smoothly, without hesitation or awkwardness. The choreography is executed in a way that feels intentional and well-rehearsed, suggesting a high level of familiarity with the routine.

2.  **Technique and Form:** The individual maintains good posture and form throughout the sequence. Their arm movements are controlled and purposeful, and their footwork is precise, indicating a strong understanding of the physical requirements of the activity. They are not stumbling or losing balance.

3.  **Control and Precision:** The person demonstrates excellent control over their body. They can hold poses with stability and execute complex, multi-part movements with precision. The movements are not rushed or sloppy, but rather executed with a sense of timing and intention.

4.  **Confidence and Expression:** The performer appears confident and comfortable in the space. They are not fidgeting or looking uncertain. Their movements are expressive and convey a sense of purpose, suggesting they are comfortable with the material and the performance environment.

5.  **Contextual Clues:** The presence of multiple cameras and a second person operating one suggests this is a professional or semi-professional recording setup. The performer is not just casually practicing; they are performing for an audience or for a production, which requires a higher level of skill and polish.

Considering all these factors, the person is clearly not a novice. Their movements are fluid, controlled, and technically proficient. They are executing a complex choreography with confidence and precision, which is characteristic of someone who has spent significant time practicing and refining their craft. They are not at the very highest level of mastery (Late Expert), as their movements, while excellent, may not yet exhibit the effortless, highly refined, or highly stylized execution often seen in top-tier performers. However, they are well beyond the level of an early or intermediate learner.

Verdict: Intermediate Expert",Intermediate Expert,False,55,"The person in the video appears to be navigating a motion capture or filming setup, likely for a performance or experiment. Their movements are not fluid or highly controlled; there are frequent, jerky camera pans and tilts, often accompanied by the camera being obstructed by their own hand or body. This suggests a lack of familiarity with the equipment or the environment. The person frequently moves their hands in front of the camera, sometimes obscuring the view, and their movements seem exploratory rather than purposeful or efficient. They appear to be adjusting their position and orientation multiple times, indicating uncertainty or a lack of confidence in their spatial awareness within the setup. The presence of multiple tripods and motion capture markers suggests a professional or semi-professional environment, but the person's handling of the camera and their movements within it do not reflect the precision or control expected of an experienced operator. Their actions are more indicative of someone learning the ropes or experimenting rather than executing a planned, skilled performance.

Verdict: Novice",Novice,False
49bb4a74-17a2-4375-9073-2beb29c76137,upenn_0706_Dance_2_2,Intermediate Expert,202,"The person in the video is performing a dance routine in a large, empty room. Their movements are energetic and involve a variety of steps, turns, and arm gestures. They appear to be following a choreographed sequence, as indicated by the QR code on the phone in the first frame, which suggests they are using a dance app or tutorial. Their movements are generally fluid and coordinated, showing good spatial awareness as they navigate the space. They maintain a consistent rhythm and seem confident in their execution, even incorporating dynamic elements like spins and arm movements. While they may not be performing at a highly refined or complex level (e.g., no intricate footwork or advanced transitions are visible), their ability to execute a full routine with energy and control suggests they are beyond a beginner level. They are clearly comfortable with the activity and appear to be practicing or performing with purpose. Their movements are efficient for the space and show a good understanding of the choreography. This level of performance indicates a solid grasp of the dance, placing them well beyond a novice.

Verdict: Intermediate Expert",Intermediate Expert,True,202,"The visual evidence suggests the person is a Novice. Here's the step-by-step reasoning:

1.  **Setup and Equipment Handling:** The person is seen setting up and moving around with tripods and a large light stand. In several frames (e.g., 2, 28, 30, 32, 34, 36, 38, 40, 42, 44, 46, 48, 50, 52, 54, 56, 58, 60, 62, 64, 66, 68, 70, 72, 74, 76, 78, 80, 82, 84, 86, 88, 90, 92, 94, 96, 98, 100, 102, 104, 106, 108, 110, 112, 114, 116, 118, 120, 122, 124, 126, 128, 130, 132, 134, 136, 138, 140, 142, 144, 146, 148, 150, 152, 154, 156, 158, 160, 162, 164, 166, 168, 170, 172, 174, 176, 178, 180, 182, 184, 186, 188, 190, 192, 194, 196, 198, 200, 202, 204, 206, 208, 210, 212, 214, 216, 218, 220, 222, 224, 226, 228, 230, 232, 234, 236, 238, 240, 242, 244, 246, 248, 250, 252, 254, 256, 258, 260, 262, 264, 266, 268, 270, 272, 274, 276, 278, 280, 282, 284, 286, 288, 290, 292, 294, 296, 298, 300, 302, 304, 306, 308, 310, 312, 314, 316, 318, 320, 322, 324, 326, 328, 330, 332, 334, 336, 338, 340, 342, 344, 346, 348, 350, 352, 354, 356, 358, 360, 362, 364, 366, 368, 370, 372, 374, 376, 378,",Novice,False
479f94a8-acb9-4157-b6bd-4f2a2a6cf3c9,uniandes_dance_020_61,Early Expert,68,"To assess the person's skill level, I will analyze their movement efficiency, technique, control, and confidence based on the visual evidence.

1.  **Movement Efficiency and Flow:** The person executes a wide variety of dance moves, including arm gestures, turns, jumps, and floor work. The transitions between movements appear generally smooth and connected, suggesting a good sense of rhythm and flow. They are not hesitating or stumbling between steps, indicating a comfortable and efficient movement vocabulary.

2.  **Technique and Control:** The dancer demonstrates strong control over their body. They maintain posture and balance during complex movements like spins, arm extensions, and low stances. Their footwork is precise, and they use their core effectively to support their movements. The use of the floor (e.g., kneeling, sitting, crawling) is executed with control rather than clumsiness, showing an understanding of body placement and weight distribution.

3.  **Confidence and Expression:** The dancer appears confident and expressive. They are not looking at the camera or the floor; they are focused on their own movement and expression. Their facial expression, though not perfectly clear, suggests engagement and enjoyment. They are comfortable taking up space and moving dynamically across the floor.

4.  **Range and Complexity:** The routine includes a diverse range of movements, from standing poses to floor work and dynamic turns. This variety indicates a well-developed skill set. The complexity of the choreography, including the use of space and the integration of different movement types, suggests they are not a beginner.

5.  **Comparison to Skill Levels:**
    *   **Novice:** A novice would likely have stiff movements, poor balance, and struggle with transitions. This person clearly exceeds that level.
    *   **Early Expert:** An early expert would have strong technique and control, but might still be developing fluidity and a wide range of movement vocabulary. While this person is skilled, their movements are very fluid and expressive, suggesting they are beyond the early expert stage.
    *   **Intermediate Expert:** An intermediate expert would have a solid foundation, good control, and the ability to execute a variety of movements with some flair. This person fits this description well, but their confidence and expressive quality suggest they are more advanced.
    *   **Late Expert:** A late expert would demonstrate exceptional control, fluidity, and a highly developed personal style. They would be able to execute complex, intricate movements with ease and expressiveness. While this person is highly skilled, the movements, while impressive, don't show the same level of intricate, highly stylized, or complex execution that would be expected from a late expert. They are confident and technically proficient, but the overall performance doesn't quite reach the pinnacle of a late expert.

Based on the analysis, the person is highly skilled, with strong technique, control, and confidence. They are clearly beyond a novice or early expert level. However, while they are an intermediate expert, their movements are so fluid and expressive that they might be considered on the cusp of becoming a late expert. Given the evidence, they are most accurately described as an Intermediate Expert, as their movements are sophisticated and confident, but may not yet exhibit the highest level of complexity and personal style characteristic of a late expert.

Verdict: Intermediate Expert",Intermediate Expert,False,68,"The person in the video is performing a series of movements in what appears to be a dance or movement studio, captured with a fisheye lens. To assess their skill level, we can analyze their movement efficiency, technique, control, and confidence.

1.  **Movement Efficiency and Technique:** The person frequently moves their arms and legs in a way that suggests they are performing specific, deliberate movements, possibly choreographed or part of a routine. However, the movements are often not fluid or precise. There are numerous instances of blurring and jerky motions (e.g., images 11, 15, 24, 30, 34, 38, 42, 46, 49, 53, 57, 61, 65, 69, 73, 77, 81, 85, 89, 93, 97, 101, 105, 109, 113, 117, 121, 125, 129, 133, 137, 141, 145, 149, 153, 157, 161, 165, 169, 173, 177, 181, 185, 189, 193, 197, 201, 205, 209, 213, 217, 221, 225, 229, 233, 237, 241, 245, 249, 253, 257, 261, 265, 269, 273, 277, 281, 285, 289, 293, 297, 301, 305, 309, 313, 317, 321, 325, 329, 333, 337, 341, 345, 349, 353, 357, 361, 365, 369, 373, 377, 381, 385, 389, 393, 397, 401, 405, 409, 413, 417, 421, 425, 429, 433, 437, 441, 445, 449, 453, 457, 461, 465, 469, 473, 477, 481, 485, 489, 493, 497, 501, 505, 509, 513, 517, 521, 525, 529, 533, 537, 541, 545, 549, 553, 557, 561, 565, 569, 573, 577, 581, 585, 589, 593, 597, 601, 605, 609, 613, 617, 621, 625, 629, 633, 637, 641, 645, 649, 653, 657,",Unknown,False
dd258fcf-873f-4fcd-b2d3-04525159b68a,uniandes_dance_022_5,Novice,62,"To assess the person's skill level, I will analyze their movement, technique, control, and confidence based on the visual evidence.

1.  **Movement Efficiency and Flow:** The person is performing a sequence of movements that appear to be choreographed or part of a specific routine. They are not just moving randomly; they are executing steps, turns, and arm gestures with a clear structure. The transitions between movements are generally smooth, suggesting a practiced routine rather than a spontaneous or uncoordinated effort. This indicates a level of efficiency and understanding of the choreography.

2.  **Technique and Form:** The person maintains a consistent posture, often standing with feet shoulder-width apart or in a dynamic stance. Their arm movements are deliberate and often symmetrical, suggesting they are following a specific pattern. They use their arms to accentuate movements, which is a common feature in many dance styles. While the movements are not overly complex, they are executed with a clear sense of form and intention.

3.  **Control and Precision:** The person demonstrates good control over their body. They are able to shift their weight, turn, and extend their limbs with precision. The movements are not sloppy or rushed; they are performed with a sense of timing and spatial awareness. The fact that they are able to maintain a consistent position on the floor, even while moving, suggests good balance and control.

4.  **Confidence and Expression:** The person appears confident and comfortable in the space. They are not hesitant or fumbling; they move with assurance. Their facial expression, though not perfectly clear, appears focused and engaged. They are also able to project their movements, using their arms and body to express the rhythm and energy of the routine. This confidence is a key indicator of a higher skill level.

5.  **Contextual Clues:** The setting appears to be a studio or a controlled environment, with cameras and a backdrop. This suggests that the person is performing for an audience or for recording purposes, which often requires a higher level of polish and confidence than casual practice. The presence of another person operating a camera also implies that this is a formal or semi-formal recording session.

Based on this analysis, the person is clearly not a novice, as they demonstrate a structured routine, good control, and confidence. They are also not at the level of an ""Early Expert"" or ""Intermediate Expert,"" as their movements are not exceptionally complex or refined. However, they are clearly beyond the beginner stage and are performing with a level of skill and confidence that suggests they are a Late Expert. They have mastered the basics and are now executing a routine with precision and expression.

Verdict: Late Expert",Late Expert,False,62,"The visual evidence suggests the person is a Novice. Here's the reasoning:

1.  **Movement and Control:** The person frequently moves the camera in a jerky, unsteady manner. The fisheye lens exaggerates this, but the rapid, sometimes disorienting pans and tilts (e.g., frames 13, 14, 15, 25, 30, 35, 39, 43, 47, 51, 55, 59, 63, 67, 71, 75, 79, 83, 87, 91, 95, 99) indicate a lack of smooth, controlled movement. They often seem to be exploring the space or reacting to their surroundings rather than executing a deliberate, planned shot.

2.  **Technique and Framing:** The framing is inconsistent. The person often points the camera at the black curtains (a common setup for a photo booth or stage), but also frequently pans to the side to show other areas, including a large banner with a logo (frames 13, 14, 15, 30, 35, 39, 43, 47, 51, 55, 59, 63, 67, 71, 75, 79, 83, 87, 91, 95, 99). This suggests they are not yet focused on a specific subject or composition. The frequent hand movements in the foreground (e.g., frames 13, 25, 30, 35, 40, 45, 50, 55, 60, 65, 70, 75, 80, 85, 90, 95, 100) further indicate a lack of confidence or control over the camera.

3.  **Confidence and Purpose:** The person appears to be experimenting. They are not consistently focused on a single point of interest. The presence of other people (e.g., in frames 25, 30, 35, 40, 45, 50, 55, 60, 65, 70, 75, 80, 85, 90, 95, 100) suggests they might be documenting an event or a setup, but their movements are not directed or purposeful. They seem to be learning the environment and the camera's capabilities rather than executing a skilled, planned sequence.

4.  **Comparison to Higher Levels:** An Early Expert or Intermediate Expert would likely have more consistent framing, smoother movements, and a clearer sense of purpose. They would be able to hold a shot for longer periods and would not be constantly panning to the side. A Late Expert would demonstrate a high degree of control and confidence, often using the camera to tell a story or capture a specific moment with precision.

Given the unsteady movements, inconsistent framing, and lack of clear, deliberate purpose, the person's skill level is best classified as Novice.

Verdict: Novice",Novice,True
603787e2-be4b-4b24-9632-34921013623f,uniandes_dance_021_17,Intermediate Expert,60,"To assess the person's skill level, I will analyze their movement efficiency, technique, control, and confidence based on the visual evidence.

1.  **Movement Efficiency and Flow:** The person is moving with a clear, rhythmic pattern. Their steps are deliberate and appear to be part of a choreographed sequence. They transition between poses and movements smoothly, without hesitation or awkwardness. This suggests a high degree of familiarity with the routine, indicating efficiency and a well-practiced flow.

2.  **Technique and Form:** The individual maintains good posture throughout. Their arm movements are controlled and purposeful, often extending or gesturing in specific, intentional ways that complement their footwork. They are not just moving randomly; their gestures are part of a structured performance. The way they hold their arms, point, or raise them suggests a strong understanding of the choreography's visual language.

3.  **Control and Precision:** The person demonstrates excellent body control. They are able to hold poses, such as the one with arms raised, with stability. Their footwork is precise, and they navigate the space with confidence, often stepping on or near the green markers on the floor. This level of precision indicates a high degree of control over their body and movement.

4.  **Confidence and Expression:** The person appears very confident. They are not looking at the camera or the equipment; they are focused on their own performance, suggesting they are comfortable and experienced. Their facial expression, though partially obscured by glasses, appears engaged and expressive. They are clearly comfortable in front of the cameras, which implies they are accustomed to being filmed or performing for an audience.

5.  **Overall Impression:** The combination of fluid movement, precise technique, strong control, and confident expression points to a person who is not a beginner. They are clearly skilled and have invested significant time in mastering this activity. They are performing with a level of artistry and control that goes beyond simple practice.

Based on this analysis, the person is not a novice, and they are clearly not at the very highest level of mastery (Late Expert), as their movements, while excellent, are still within a structured, choreographed framework. They are highly proficient and confident, but their performance is not yet at the level of a seasoned, highly refined performer who might be improvising or performing complex, high-level variations.

Verdict: Intermediate Expert",Intermediate Expert,True,60,"The visual evidence suggests the person is a Novice. Here's the step-by-step reasoning:

1.  **Movement Efficiency and Control:** The person frequently moves their hands and arms in a way that is unrefined and often blurry (e.g., images 3, 17, 18, 21, 22, 25, 26, 29, 30, 33, 34, 36, 37, 38, 39, 40, 41, 42, 43, 44, 45, 46, 47, 48, 49, 50, 51, 52, 53, 54, 55, 56, 57, 58, 59, 60, 61, 62, 63, 64, 65, 66, 67, 68, 69, 70, 71, 72, 73, 74, 75, 76, 77, 78, 79, 80, 81, 82, 83, 84, 85, 86, 87, 88, 89, 90, 91, 92, 93, 94, 95, 96, 97, 98, 99, 100, 101, 102, 103, 104, 105, 106, 107, 108, 109, 110, 111, 112, 113, 114, 115, 116, 117, 118, 119, 120, 121, 122, 123, 124, 125, 126, 127, 128, 129, 130, 131, 132, 133, 134, 135, 136, 137, 138, 139, 140, 141, 142, 143, 144, 145, 146, 147, 148, 149, 150, 151, 152, 153, 154, 155, 156, 157, 158, 159, 160, 161, 162, 163, 164, 165, 166, 167, 168, 169, 170, 171, 172, 173, 174, 175, 176, 177, 178, 179, 180, 181, 182, 183, 184, 185, 186, 187, 188, 189, 190, 191, 192, 193, 194, 195, 196, 197, 198, 199, 200, 201, 202, 203, 204, 205, 206, 207, 208, 209",Novice,False
fad811da-e457-4d2a-8cf4-c3a09c11a41a,uniandes_dance_019_15,Intermediate Expert,80,"To assess the dancer's skill level, I will analyze the visual evidence across the sequence, focusing on movement efficiency, technique, control, and confidence.

1.  **Movement Efficiency and Flow:** The dancer's movements are generally fluid and connected. She transitions between poses and steps with a sense of rhythm and continuity, suggesting she is not just memorizing steps but is moving with intention. Her footwork is precise, and she uses the space effectively, moving across the floor and utilizing the entire area.

2.  **Technique and Form:** The dancer demonstrates strong technique. She maintains good posture, with an upright spine and engaged core, even during dynamic movements. Her arm movements are expressive and controlled, often mirroring the flow of her body. She executes turns, poses, and floor work with clear lines and deliberate placement, indicating a solid understanding of the choreography and body mechanics.

3.  **Control and Precision:** There is a high degree of control throughout the performance. She executes complex movements like the high kick, the deep squat, and the floor work with precision. Her transitions are smooth, and she maintains balance and stability even during challenging poses. This level of control suggests she has spent significant time practicing and refining her movements.

4.  **Confidence and Expression:** The dancer appears confident and expressive. She engages with the space and the camera, making eye contact and using her entire body to convey emotion. Her facial expressions and body language are dynamic and engaging, indicating she is comfortable and confident in her performance. She doesn't seem to be fumbling or hesitating, which is a sign of experience.

5.  **Choreographic Complexity:** The choreography includes a variety of movements: turns, jumps, floor work, and expressive arm gestures. She navigates these with ease, suggesting she is not a beginner. The inclusion of floor work and complex poses indicates a higher level of training.

6.  **Comparison to Skill Levels:**
    *   **Novice:** Would likely show hesitation, poor posture, uncoordinated movements, and lack of confidence. This dancer does not exhibit any of these traits.
    *   **Early Expert:** Would show good technique and control, but might still have minor imperfections or less fluid transitions. This dancer's performance is very polished.
    *   **Intermediate Expert:** Would show strong technique, control, and confidence, with fluid movements and the ability to execute complex choreography. This dancer fits this description well.
    *   **Late Expert:** Would show mastery, with highly refined, almost effortless movements, and a deep understanding of the art form. While this dancer is highly skilled, the movements, while excellent, still show a slight ""performance"" quality that might suggest she is not yet at the absolute pinnacle of mastery. She is clearly an advanced dancer, but the term ""Late Expert"" implies a level of refinement and effortless execution that is not fully evident here.

Based on the analysis, the dancer demonstrates strong technique, excellent control, fluid movement, and high confidence. She is clearly beyond a novice or early expert level. However, while she is an Intermediate Expert, the performance is so polished and controlled that it might be argued she is approaching the level of a Late Expert. Given the evidence, she is most accurately described as an Intermediate Expert, as she has mastered the fundamentals and executes complex choreography with precision, but may not yet exhibit the effortless, deeply ingrained mastery that defines a Late Expert.

Verdict: Intermediate Expert",Intermediate Expert,True,80,"The visual evidence suggests the person is a Novice. Here's the reasoning:

1.  **Movement and Control:** The person frequently exhibits unsteady movement, often captured in motion blur (e.g., images 23, 25, 27, 30, 32, 34, 36, 38, 40, 42, 44, 46, 48, 50, 52, 54, 56, 58, 60, 62, 64, 66, 68, 70, 72, 74, 76, 78, 80, 82, 84, 86, 88, 90, 92, 94, 96, 98, 100, 102, 104, 106, 108, 110, 112, 114, 116, 118, 120, 122, 124, 126, 128, 130, 132, 134, 136, 138, 140, 142, 144, 146, 148, 150, 152, 154, 156, 158, 160, 162, 164, 166, 168, 170, 172, 174, 176, 178, 180, 182, 184, 186, 188, 190, 192, 194, 196, 198, 200, 202, 204, 206, 208, 210, 212, 214, 216, 218, 220, 222, 224, 226, 228, 230, 232, 234, 236, 238, 240, 242, 244, 246, 248, 250, 252, 254, 256, 258, 260, 262, 264, 266, 268, 270, 272, 274, 276, 278, 280, 282, 284, 286, 288, 290, 292, 294, 296, 298, 300, 302, 304, 306, 308, 310, 312, 314, 316, 318, 320, 322, 324, 326, 328, 330, 332, 334, 336, 338, 340, 342, 344, 346, 348, 350, 352, 354, 356, 358, 360, 362, 364, 366, 368, 370, 372, 374, 376, 378, 380,",Novice,False
0eadf1dd-55c6-4cd1-8b2d-5b132fcb5016,uniandes_dance_022_27,Late Expert,59,"To assess the person's skill level, I will analyze their movement, technique, control, and confidence based on the visual evidence.

1.  **Movement Efficiency and Flow:** The dancer moves with a clear sense of direction and purpose. She transitions between poses and steps smoothly, indicating a good understanding of spatial awareness and rhythm. Her movements are not stiff or awkward; they have a fluid quality that suggests she is comfortable with the choreography or improvisation.

2.  **Technique and Form:** She demonstrates a variety of dance techniques, including turns, arm extensions, and dynamic poses. Her posture is generally strong and controlled, and she maintains a good center of gravity. The way she executes turns and balances on one leg shows a solid foundation in dance technique.

3.  **Control and Precision:** The dancer exhibits excellent control over her body. She can hold poses with stability, such as the high leg lift and the arm extensions, without losing balance. Her movements are precise, and she appears to be aware of her placement on the floor, which is marked with dots, suggesting she is using the space intentionally.

4.  **Confidence and Expression:** Her body language is confident. She engages with the space, makes eye contact with the camera (or audience), and uses her arms and facial expressions to convey emotion and narrative. She is not hesitant or self-conscious; she is fully immersed in her performance.

5.  **Overall Performance:** The entire sequence shows a high level of coordination, musicality (implied by the rhythm of her movements), and artistic expression. She is clearly not a beginner, as her movements are complex and well-executed. She is also not at the very highest level of mastery, as she is still in a studio setting being filmed, and her performance, while impressive, may not be at the level of a professional stage performance. However, she is clearly beyond the novice stage.

Based on this analysis, the dancer displays a high degree of skill, control, and confidence. She is proficient in her craft and can execute complex movements with precision. This level of ability is characteristic of someone who has dedicated significant time to training and practice.

Verdict: Intermediate Expert",Intermediate Expert,False,59,"The visual evidence suggests the person is a Novice. Here's the step-by-step reasoning:

1.  **Movement Efficiency and Control:** The person's movements are frequently uncoordinated and inefficient. There are numerous instances of motion blur (e.g., images 13, 27, 31, 35, 39, 43, 47, 51, 55, 59, 63, 67, 71, 75, 79, 83, 87, 91, 95, 99) which indicate rapid, jerky movements rather than smooth, controlled navigation. They often appear to be stumbling or moving in a disoriented manner, as seen in images 12, 26, 30, 34, 38, 42, 46, 50, 54, 58, 62, 66, 70, 74, 78, 82, 86, 90, 94, 98.

2.  **Technique:** The person's technique appears unrefined. They frequently gesture with their hands in a way that seems uncertain or exploratory (e.g., images 7, 8, 9, 10, 11, 14, 15, 16, 17, 18, 19, 20, 21, 22, 23, 24, 25, 26, 27, 28, 29, 30, 31, 32, 33, 34, 35, 36, 37, 38, 39, 40, 41, 42, 43, 44, 45, 46, 47, 48, 49, 50, 51, 52, 53, 54, 55, 56, 57, 58, 59, 60, 61, 62, 63, 64, 65, 66, 67, 68, 69, 70, 71, 72, 73, 74, 75, 76, 77, 78, 79, 80, 81, 82, 83, 84, 85, 86, 87, 88, 89, 90, 91, 92, 93, 94, 95, 96, 97, 98, 99). Their body orientation is often awkward, and they seem to be constantly adjusting their position, as seen in images 1, 2, 3, 4, 5, 6, 7, 8, 9, 10, 11, 12, 13, 14, 15, 16, 17, 18, 19, 20, 21, 22, 23, 24, 25, 26, 27, 28, 29, 30, 31, 32, 33, 34, 35, 36, 37, 38, 39, 40, 41, 42, 43, 44, 45, 46, 47, 48, 49, 50, 51, 52, 53, 54, 55, 56, 57, 58, 59, 60, 61, 62",Novice,False
9d950899-e619-4399-867c-70871cc0d679,uniandes_dance_024_4,Novice,65,"To assess the person's skill level, I will analyze their movement, technique, control, and confidence based on the visual evidence.

1.  **Movement Efficiency and Flow:** The person is performing a sequence of movements that appear to be choreographed, likely for a dance or performance. Their movements are generally fluid and connected, suggesting they are not just moving randomly but following a structured routine. They transition between poses and steps with a degree of grace, indicating a good understanding of the choreography.

2.  **Technique and Form:** The person demonstrates a solid grasp of the technical aspects of the activity. They maintain good posture, use their arms and legs with intention, and execute specific gestures and steps with precision. For example, they perform arm extensions, turns, and a high kick with clear form. This level of technical execution is not typical of a beginner.

3.  **Control and Precision:** The individual shows excellent control over their body. They are able to hold poses, execute complex movements like the kick, and maintain balance while moving. Their movements are deliberate and controlled, not rushed or sloppy. This indicates a high level of physical control and mastery over their body.

4.  **Confidence and Expression:** The person appears confident and comfortable in the space. They are not hesitant or fumbling; instead, they project an air of assurance. Their facial expression and body language suggest they are fully engaged and enjoying the performance. This confidence is a hallmark of someone who has practiced extensively and is proficient in their craft.

5.  **Contextual Clues:** The setting, with multiple cameras and a large banner, suggests this is a professional or semi-professional recording session. The person is clearly performing for an audience or camera, which requires a higher level of polish and confidence than casual practice.

**Conclusion:**

The person's movements are fluid, technically proficient, precisely controlled, and performed with confidence. They are clearly not a novice, as their execution is far beyond basic or uncoordinated movement. They are also not at the very highest level of mastery, as they are not performing with the absolute perfection or complexity of a late expert in a highly competitive or elite setting. Their performance is strong, polished, and confident, which places them firmly in the Intermediate Expert category. They have mastered the fundamentals and can execute complex choreography with ease, but may still be refining specific aspects or pushing towards more advanced techniques.

Verdict: Intermediate Expert",Intermediate Expert,False,65,"The person in the video is navigating a studio space with various pieces of equipment, including black curtains, tripods, and a large banner. Their movement is characterized by a first-person perspective, suggesting they are either filming themselves or using a head-mounted camera. 

1.  **Movement Efficiency and Technique**: The person moves around the space, sometimes looking down at their watch (suggesting they are checking time or a device), and at other times looking around the room. The movements are not always smooth or perfectly controlled; there are moments of blurring and slight disorientation, which is common in first-person footage but can also indicate a lack of practiced, fluid motion. They appear to be exploring or setting up rather than executing a precise, choreographed routine.

2.  **Control and Confidence**: The person seems to be in control of their environment, as they are able to navigate around the equipment without knocking things over. However, their confidence is not fully established. They frequently look down at their watch, which could indicate they are checking for cues, timing, or simply being cautious. The presence of other people sitting on the side (in later frames) suggests this might be a rehearsal or a setup for a performance, and the person is not the main focus, which could imply they are not yet fully confident in leading or performing.

3.  **Contextual Clues**: The environment is set up for a performance or filming, with black curtains, tripods, and a banner. The person is not actively performing or directing; they are moving through the space, observing, and occasionally interacting with their watch. This suggests they are in a preparatory or observational role, not a highly skilled performer or director.

Overall, the person's actions are consistent with someone who is learning the space, perhaps a student or an early participant in a project. They are not yet demonstrating the fluidity, precision, or confidence of an experienced professional.

Verdict: Novice",Novice,True
7e4d7d4f-abfb-4e89-87e0-7f86e27ada86,uniandes_dance_008_44,Intermediate Expert,44,"To assess the person's skill level, I will analyze their movement, technique, control, and confidence based on the visual evidence.

1.  **Movement Efficiency and Flow:** The person is performing a dance or movement routine. Their movements appear to be choreographed and intentional. They transition between steps and poses with a degree of fluidity, suggesting they are not just moving randomly but following a sequence. The transitions are generally smooth, indicating a level of practice.

2.  **Technique and Form:** The person maintains a relatively upright posture throughout. Their arm movements are coordinated with their steps, and they use their arms to accentuate the movements, which is a sign of good technique. They are not stumbling or losing balance, which indicates good body control.

3.  **Control and Precision:** The person demonstrates good control over their body. They are able to execute steps with precision, such as the footwork and arm gestures. They are also able to maintain their position on the floor, which is marked with lines and circles, suggesting they are following a specific path or pattern. This level of precision indicates a higher skill level.

4.  **Confidence and Expression:** The person appears confident and comfortable in their movements. They are not hesitant or fumbling. They are also able to express themselves through their movements, which is a sign of confidence and experience. They are also able to maintain eye contact with the camera, which suggests they are aware of their performance and are trying to engage the viewer.

5.  **Comparison to Skill Levels:**
    *   **Novice:** A novice would likely be hesitant, make frequent mistakes, and have poor control. The person in the video does not exhibit these characteristics.
    *   **Early Expert:** An early expert would have good control and technique, but might still be refining their movements. The person in the video appears to have a high level of control and technique, suggesting they are beyond the early expert stage.
    *   **Intermediate Expert:** An intermediate expert would have a high level of control and technique, and be able to perform complex movements with ease. The person in the video appears to be performing complex movements with ease, suggesting they are at this level.
    *   **Late Expert:** A late expert would have a very high level of control and technique, and be able to perform complex movements with ease and precision. The person in the video appears to be performing complex movements with ease and precision, suggesting they are at this level.

Based on the visual evidence, the person appears to be a Late Expert. They have a high level of control, technique, and confidence, and are able to perform complex movements with ease and precision.

Verdict: Late Expert",Late Expert,False,44,"The visual evidence suggests the person is a Novice. Here's the step-by-step reasoning:

1.  **Movement Efficiency and Control:** The person's movements are often uncoordinated and inefficient. They frequently move their hands and arms in a way that suggests they are not yet comfortable with the space or the equipment. For example, in frames 14, 15, 16, 17, 18, 20, 21, 22, 23, 24, 25, 26, 27, 28, 29, 30, 31, 32, 33, 34, 35, 36, 37, 38, 39, 40, 41, 42, 43, 44, 45, 46, 47, 48, 49, 50, 51, 52, 53, 54, 55, 56, 57, 58, 59, 60, 61, 62, 63, 64, 65, 66, 67, 68, 69, 70, 71, 72, 73, 74, 75, 76, 77, 78, 79, 80, 81, 82, 83, 84, 85, 86, 87, 88, 89, 90, 91, 92, 93, 94, 95, 96, 97, 98, 99, 100, 101, 102, 103, 104, 105, 106, 107, 108, 109, 110, 111, 112, 113, 114, 115, 116, 117, 118, 119, 120, 121, 122, 123, 124, 125, 126, 127, 128, 129, 130, 131, 132, 133, 134, 135, 136, 137, 138, 139, 140, 141, 142, 143, 144, 145, 146, 147, 148, 149, 150, 151, 152, 153, 154, 155, 156, 157, 158, 159, 160, 161, 162, 163, 164, 165, 166, 167, 168, 169, 170, 171, 172, 173, 174, 175, 176, 177, 178, 179, 180, 181, 182, 183, 184, 185, 186, 187, 188, 189, 190, 191, 192, 193, 194, 195, 196, 197,",Novice,False
d5d3590f-44e7-4305-b612-ff055b0e688a,uniandes_dance_024_2,Novice,72,"To assess the person's skill level, I will analyze their movement, technique, control, and confidence based on the visual evidence.

1.  **Movement Efficiency and Flow:** The person is performing a dance or movement routine. Their movements are generally fluid and connected, suggesting a good sense of rhythm and body awareness. They are not stiff or awkward; they move with a certain grace and intentionality. They transition between poses and steps with relative ease, indicating a comfortable familiarity with the choreography.

2.  **Technique and Control:** The person demonstrates good control over their body. Their arm movements are deliberate and often extend outward or across their body in a controlled manner, suggesting they are executing specific gestures or steps with purpose. Their footwork appears precise, with clear steps and turns. They maintain a consistent posture and balance throughout the sequence, even during dynamic movements like turns and arm extensions.

3.  **Confidence and Expression:** The person appears confident and engaged. They are not hesitant or fumbling; their movements are expressive and seem to be communicating a story or emotion. Their facial expression (though partially obscured by sunglasses) suggests focus and enjoyment. They are clearly comfortable in the space and in front of the cameras, indicating confidence in their performance.

4.  **Overall Impression:** The person is clearly not a beginner. They have a strong command of their movements, execute them with control and expression, and appear to be performing a routine they are familiar with. The quality of their movement suggests they have practiced this choreography or style. They are not at the level of a highly polished, professional performer (which might involve more complex transitions, faster speed, or more intricate footwork), but they are well beyond a novice stage.

Based on this analysis, the person exhibits a high level of proficiency, control, and confidence in their movement. They are clearly skilled and have a solid foundation in the activity.

Verdict: Intermediate Expert",Intermediate Expert,False,72,"The person in the video is navigating a space that appears to be a studio or rehearsal room, characterized by black curtains, tripods, and banners. Their movement is not fluid or purposeful; instead, it is erratic and often involves abrupt turns and jerky motions. The camera frequently tilts and pans in a disorienting way, suggesting a lack of control over the recording device. The person’s hand is often visible, sometimes gesturing or reaching out, which indicates they are not fully focused on the environment or are unsure of their next move. They seem to be exploring the space without a clear objective, and their movements are inefficient, as they repeatedly reorient themselves and revisit the same areas. The presence of others in the background, who appear to be observing or waiting, further suggests that the person is not in a position of authority or control over the situation. Their actions lack the confidence and precision expected of someone with even intermediate skill. Therefore, their skill level is best described as Novice.

Verdict: Novice",Novice,True
cd81519b-13c1-437e-b357-8ec99ae9c757,uniandes_dance_011_33,Late Expert,57,"To assess the person's skill level, I will analyze their movement, technique, control, and confidence based on the visual evidence.

1.  **Movement Efficiency and Technique:**
    *   The person is performing a dance or movement routine that involves stepping, arm movements, and body shifts.
    *   Their movements are generally fluid and appear to be part of a choreographed sequence.
    *   They are moving across the floor with purpose, not just wandering.
    *   The arm movements are coordinated with their steps, suggesting an understanding of the flow of the routine.

2.  **Control and Precision:**
    *   The person maintains a relatively consistent position on the floor, indicating good balance and control.
    *   They are able to execute steps and turns with a degree of precision, even if not perfectly sharp.
    *   Their footwork is deliberate, and they seem to be aware of their placement on the floor.

3.  **Confidence:**
    *   The person appears confident and comfortable in the space. They are not hesitant or fumbling.
    *   They are actively engaging with the camera, suggesting they are aware of being filmed and are performing for an audience or recording.
    *   Their posture is upright and engaged throughout the sequence.

4.  **Environment and Context:**
    *   The setting is a studio with multiple cameras and tripods, indicating a professional or semi-professional recording environment.
    *   The presence of a cameraman and another person (who appears to be adjusting equipment) suggests this is a planned shoot, not a casual practice.
    *   The person is wearing appropriate attire for movement and is focused on their performance.

5.  **Comparison to Skill Levels:**
    *   **Novice:** A novice would likely be hesitant, make frequent mistakes, and lack coordination. This person is not showing any of these signs.
    *   **Early Expert:** An early expert would have a solid foundation, execute movements with good control, and show confidence. This person fits this description well.
    *   **Intermediate Expert:** An intermediate expert would have more refined technique, greater speed and complexity, and possibly more expressive movement. While the person is skilled, the movements don't appear to be at the highest level of complexity or expressiveness.
    *   **Late Expert:** A late expert would demonstrate mastery, fluidity, and a high degree of control and expression. The person is not at this level.

Based on the analysis, the person demonstrates a solid foundation, good control, and confidence in their movements. They are clearly skilled and comfortable, but the movements don't suggest they are at the very highest level of expertise.

Verdict: Early Expert",Early Expert,False,57,"The person in the video appears to be in a studio or rehearsal space with a black backdrop and markers, likely for motion capture or performance recording. Their movements are somewhat uncoordinated and hesitant. They frequently look down at their hands or feet, indicating a lack of spatial awareness or confidence. Their gestures are not fluid or purposeful; they often pause, fidget, or move their hands in a way that suggests uncertainty. The person also seems to be adjusting their position frequently, sometimes stepping back or turning around, which indicates they are not yet comfortable or confident in the space. The presence of others in the background, who appear to be operating equipment or observing, suggests this might be a rehearsal or recording session, and the person’s lack of poise and deliberate movement implies they are not yet proficient. Their movements are not efficient or controlled, and they seem to be experimenting or unsure of what to do next. This behavior is characteristic of someone who is still learning and not yet at a level of mastery.

Verdict: Novice",Novice,False
adad25b8-0920-4181-9bd4-1f8207e85d82,uniandes_dance_019_49,Late Expert,89,"To assess the person's skill level, I will analyze their movement, technique, control, and confidence based on the visual evidence.

1.  **Movement Efficiency and Flow:** The dancer exhibits a fluid and continuous movement style. She transitions between poses and steps with apparent ease, suggesting a good sense of rhythm and body awareness. Her footwork is generally clean and precise, indicating she is not just moving randomly but is executing specific, intentional steps.

2.  **Technique and Form:** Her posture is generally strong and controlled. She maintains a good center of gravity, and her arm movements are expressive and integrated with her body's motion. She uses her arms to accentuate the dance, not just as appendages. Her head and torso remain relatively aligned, showing good core control.

3.  **Control and Precision:** The dancer demonstrates a high degree of control. She can hold poses, such as the one with her arms raised at the end, with stability. Her footwork is precise, and she appears to be navigating the space with intention, stepping deliberately and landing with control. She doesn't appear to be stumbling or losing balance.

4.  **Confidence and Expression:** Her body language is confident. She moves with assurance, making eye contact with the camera (or audience) at times, and her expressions are engaged. She is not hesitant or fumbling; she is fully immersed in the performance. The way she uses her arms and body to express emotion and rhythm suggests a deep understanding of the dance style.

5.  **Overall Impression:** The dancer is clearly not a beginner. She has mastered the fundamentals of movement, control, and expression. Her performance is polished, confident, and technically proficient. She is not just learning the steps; she is interpreting and conveying the artistry of the dance. This level of skill, combined with her expressive and confident delivery, places her well beyond a novice or even an intermediate level.

Based on this analysis, the dancer's skill level is that of an Intermediate Expert. She has a solid foundation and is executing complex movements with control and expression, but she may not yet be at the level of a Late Expert who might be performing with even greater complexity, improvisation, or mastery of a specific style.

Verdict: Intermediate Expert",Intermediate Expert,False,89,"The visual evidence from the video frames suggests the person is operating a camera or similar equipment in a studio or performance space. The footage is characterized by significant motion blur in many frames, indicating rapid or unsteady movement. The camera is often pointed at the same general area (the black curtain backdrop) but with inconsistent framing and angles, suggesting a lack of precise control. The fisheye lens effect is present throughout, which is common for wide-angle or action cameras, but the shaky, jerky movements imply the operator is not experienced in stabilizing the shot. The person's hands are occasionally visible, and they appear to be adjusting the camera or moving around the space, but not with a practiced, fluid motion. The environment is set up for a performance or recording, and the person seems to be exploring or setting up rather than executing a controlled, professional shoot. The lack of smooth panning, zooming, or steady framing, combined with the frequent blurring, points to a beginner or novice level of skill.

Verdict: Novice",Novice,False
dfb66cb4-6235-4f55-b361-934586fbcaaa,uniandes_dance_022_10,Novice,81,"To assess the person's skill level, I will analyze their movement, technique, control, and confidence based on the visual evidence.

1.  **Movement Efficiency and Flow:** The person is performing a sequence of movements that appear to be choreographed or part of a specific routine. They transition between poses and steps with a degree of fluidity. While not perfectly seamless, the movements are connected and purposeful, suggesting they are not just improvising but following a structure. They move across the space with intention, indicating a level of planning.

2.  **Technique and Form:** The person demonstrates a good understanding of body alignment and posture. For example, when standing still (e.g., frames 3-6), they hold a strong, balanced stance with hands on hips, showing good core engagement. When performing dynamic movements (e.g., frames 27-30, 37-40), they maintain control over their body, keeping their spine straight and using their arms and legs in coordinated, expressive ways. Their footwork is generally clean and deliberate, not stumbling or awkward.

3.  **Control and Precision:** The person exhibits strong control over their movements. They can hold poses for several frames (e.g., the standing pose with hands on hips) and then transition smoothly into new movements. They are able to execute complex arm gestures and directional changes with precision, such as extending an arm to the side or raising it high (frames 31, 35, 39). This level of control suggests they have practiced these movements.

4.  **Confidence and Expression:** The person appears confident and comfortable in the space. They are not hesitant or fumbling; their movements are expressive and convey a sense of purpose. They are clearly focused on their performance, even when adjusting their stance or looking at the camera (e.g., frame 50). Their body language is open and engaged.

5.  **Contextual Clues:** The setting is a studio with multiple cameras and a crew member, indicating this is a professional or semi-professional shoot. The person is wearing a head-mounted device (likely a motion capture suit or camera), which suggests they are performing for a specific technical purpose, such as for animation or a video game. This context implies they are performing a task that requires a certain level of skill and discipline.

**Conclusion:**

The person is clearly not a novice, as they demonstrate strong control, good technique, and confidence. They are not at the level of a Late Expert, as their movements, while skilled, are not yet at the level of highly refined, complex, or effortless execution that characterizes the very top tier. They are not an Early Expert either, as they show a high degree of control and understanding of the activity. Their movements are deliberate, controlled, and expressive, indicating a solid foundation and a good level of proficiency. They are clearly comfortable and skilled, but their performance suggests they are still developing and refining their craft.

Verdict: Intermediate Expert",Intermediate Expert,False,81,"The person in the video is navigating a space that appears to be a studio or rehearsal area, likely for dance or performance, given the presence of black curtains, a tripod with a camera, and a large banner with ""Le Dance"" on it. The fisheye lens creates a distorted, wide-angle view, which is common in action or immersive cameras.

Let's analyze their skill level based on the visual evidence:

1.  **Movement Efficiency and Control**: The person is moving around the space, sometimes walking, sometimes standing still, and sometimes gesturing. Their movements are not always smooth or perfectly coordinated. For instance, in several frames (e.g., 25, 27, 30, 33, 36, 39, 42, 45, 48, 51, 54, 57, 60, 63, 66, 69, 72, 75, 78, 81, 84, 87, 90, 93, 96, 99, 102, 105, 108, 111, 114, 117, 120, 123, 126, 129, 132, 135, 138, 141, 144, 147, 150, 153, 156, 159, 162, 165, 168, 171, 174, 177, 180, 183, 186, 189, 192, 195, 198, 201, 204, 207, 210, 213, 216, 219, 222, 225, 228, 231, 234, 237, 240, 243, 246, 249, 252, 255, 258, 261, 264, 267, 270, 273, 276, 279, 282, 285, 288, 291, 294, 297, 300, 303, 306, 309, 312, 315, 318, 321, 324, 327, 330, 333, 336, 339, 342, 345, 348, 351, 354, 357, 360, 363, 366, 369, 372, 375, 378, 381, 384, 387, 390, 393, 396, 399, 402, 405, 408, 411, 414, 417, 420, 423, 426, 429, 432, 435, 438, 441, 444, 447, 450, 453, 456, 459, 462, 465, 468, 471, 474, 477, 480, 483, 486, 489, 492, 495, 49",Unknown,False
35a3c4e1-f420-4242-bcab-4d208dc9a391,upenn_0706_Dance_2_5,Intermediate Expert,160,"The person is performing a dance routine in a large, empty room with multiple cameras set up, suggesting a formal recording or performance context. Their movements are energetic and involve a variety of steps, turns, and arm gestures. They appear to be moving with a good sense of rhythm and spatial awareness, navigating the space confidently. The routine includes dynamic elements like spins and quick footwork, and they maintain a consistent pace. While they occasionally adjust their skirt or posture, these are minor interruptions rather than signs of uncertainty. Their overall execution is fluid and expressive, indicating a solid grasp of the choreography. They do not appear to be struggling with the movements or the space, suggesting a level of proficiency beyond a beginner. However, the routine is not exceptionally complex or refined, and there are moments where the movements could be more precise or stylized, which might indicate they are not yet at the highest level of expertise. Their confidence and ability to perform in front of cameras suggest they are comfortable and skilled, but not at the peak of mastery.

Verdict: Intermediate Expert",Intermediate Expert,True,160,"The visual evidence suggests the person is a Novice. Here's the step-by-step reasoning:

1.  **Movement Efficiency and Control:** The person frequently moves the camera in a jerky, unsteady manner. Many frames show significant motion blur, indicating rapid, uncontrolled movements. The camera is often pointed at the floor or tilted at odd angles, suggesting a lack of spatial awareness or control over the camera's orientation. The fisheye lens exaggerates this, but the underlying movement is still erratic.

2.  **Technique:** The person is not using the camera in a stable, deliberate way. They are not composing shots or moving smoothly to capture the environment. Instead, they appear to be exploring the space with the camera, often pointing it at their own hand or feet, which is a common behavior for someone unfamiliar with the equipment or the task. The camera is sometimes pointed at the ceiling or walls without a clear compositional intent.

3.  **Confidence:** The person seems hesitant and unsure. They frequently move the camera around, sometimes even pointing it at themselves (e.g., frames 21, 25, 30, 35, 40, 45, 50, 55, 60, 65, 70, 75, 80, 85, 90, 95, 100, 105, 110, 115, 120, 125, 130, 135, 140, 145, 150, 155, 160, 165, 170, 175, 180, 185, 190, 195, 200, 205, 210, 215, 220, 225, 230, 235, 240, 245, 250, 255, 260, 265, 270, 275, 280, 285, 290, 295, 300, 305, 310, 315, 320, 325, 330, 335, 340, 345, 350, 355, 360, 365, 370, 375, 380, 385, 390, 395, 400, 405, 410, 415, 420, 425, 430, 435, 440, 445, 450, 455, 460, 465, 470, 475, 480, 485, 490, 495, 500, 505, 510, 515, 520, 525, 530, 535, 540, 545, 550, 555, 560, 565, 570, 575, 580, 585, 590, 595, 600, 605, 610, 615, 620, 625, 630, 635, 640, 645, 650, 655, 660, 665, 670, 675, 680, 685, 690, 695, 700, 705, 71",Novice,False
4d159481-830d-4789-b0ff-368031a98757,uniandes_dance_015_18,Late Expert,47,"To assess the person's skill level, I will analyze their movement, technique, control, and confidence based on the visual evidence.

1.  **Movement Efficiency and Flow:** The dancer exhibits a high degree of fluidity and efficiency in her movements. She transitions between steps, turns, and arm gestures with minimal hesitation or awkwardness. Her body moves as a cohesive unit, suggesting a well-integrated understanding of the choreography. She doesn't appear to be ""fighting"" the movement, which is a hallmark of a skilled performer.

2.  **Technique and Form:** Her technique appears solid. She maintains good posture, with her spine aligned and core engaged. Her arm movements are deliberate and coordinated with her footwork, not just random gestures. She uses her entire body effectively, including her hips and shoulders, to create dynamic shapes and transitions. The precision of her foot placement and the control of her turns indicate a strong technical foundation.

3.  **Control and Precision:** The dancer demonstrates excellent control. She executes turns, steps, and poses with precision, often landing on the balls of her feet or in specific positions. Her movements are not rushed or sloppy; she has the ability to modulate her speed and direction. The fact that she can perform complex sequences without losing her balance or form is a clear sign of advanced control.

4.  **Confidence and Expression:** Her confidence is evident. She moves with assurance, taking up space and commanding the room. Her facial expression, though partially obscured, suggests focus and enjoyment. She is not looking at the cameras or the person filming; she is fully immersed in her performance, which indicates a high level of comfort and confidence in her abilities.

5.  **Contextual Clues:** The setting appears to be a studio with multiple cameras, suggesting this is a professional or semi-professional recording. The dancer is not just practicing; she is performing for an audience or for a recording. This context implies that she is performing at a level that is being documented, which is typically reserved for performers with a certain degree of skill.

**Conclusion:**

The dancer's movements are fluid, technically proficient, and controlled. She demonstrates a high level of confidence and is clearly comfortable performing in front of cameras. She is not a beginner, as her movements are far too precise and coordinated for that. She is also not at the very highest level of mastery, as she doesn't appear to be executing complex, highly stylized, or acrobatic moves that would be characteristic of a Late Expert. Her performance is strong, confident, and technically sound, but it doesn't yet reach the level of a seasoned, highly polished professional. Therefore, she fits best into the category of an Intermediate Expert.

Verdict: Intermediate Expert",Intermediate Expert,False,47,"The person in the video is navigating a studio space with black curtains, tripods, and other equipment. Their movements are often jerky and unsteady, with frequent, rapid pans and tilts of the camera, suggesting a lack of control and confidence. They frequently move their hands in front of the camera, sometimes obscuring the view, which indicates a lack of awareness of framing or composition. The camera is often pointed at the floor or at the curtains without clear purpose, and the person seems to be exploring the space rather than executing a specific task with precision. The presence of multiple tripods and the fact that they are moving around them suggests they are not yet comfortable with the setup or the environment. Their movements are not fluid or efficient, and they appear to be experimenting or learning rather than working with expertise. This behavior is characteristic of someone who is new to the activity and still developing their skills.

Verdict: Novice",Novice,False
28c3553f-3212-43ee-a050-7ea2d49fdf0e,uniandes_dance_017_58,Novice,66,"To assess the dancer's skill level, I will analyze their movement efficiency, technique, control, and confidence based on the visual evidence.

1.  **Movement Efficiency and Flow:** The dancer moves with a clear, purposeful flow. She transitions between poses and steps smoothly, without hesitation or awkwardness. Her movements are not stiff or robotic; they appear choreographed and intentional, suggesting a good understanding of the dance structure. She covers space effectively, moving across the floor with a sense of direction and momentum.

2.  **Technique and Form:** Her technique is generally strong. She maintains good posture, with an upright spine and engaged core, which is evident in her standing poses and during dynamic movements. Her arm movements are expressive and controlled, often extending with precision and grace. Her footwork is clean and articulate, showing she understands the rhythm and timing of the dance.

3.  **Control and Precision:** The dancer demonstrates excellent control. She executes complex, multi-part movements with precision, such as the intricate arm gestures and the controlled turns. She is able to hold poses with stability and then transition smoothly into the next movement. Her body control is evident in how she maintains balance and alignment even during dynamic sequences.

4.  **Confidence and Expression:** Her confidence is high. She moves with assurance, making eye contact with the camera (or audience) at times, and her expressions are focused and engaged. She doesn't appear nervous or uncertain, which is a hallmark of a skilled performer. Her ability to command the space and deliver a compelling performance suggests she is comfortable and experienced.

5.  **Comparison to Skill Levels:**
    *   **Novice:** A novice would likely show hesitation, poor posture, uncoordinated movements, and lack of confidence. This dancer does not exhibit any of these traits.
    *   **Early Expert:** An early expert might have good technique but could still show some minor imperfections or less fluid transitions. This dancer's movements are exceptionally fluid and technically sound.
    *   **Intermediate Expert:** An intermediate expert would have solid technique and control, but might not yet have the same level of expressive power, spatial awareness, or confidence as a late expert. This dancer's performance is highly expressive and confident.
    *   **Late Expert:** A late expert demonstrates mastery, with highly refined technique, exceptional control, and a deep, confident expression of the art form. The dancer's performance shows all these qualities. Her movements are not just technically correct but artistically compelling, and her confidence is palpable. She appears to be fully immersed in the performance, which is characteristic of a highly skilled artist.

Based on the analysis, the dancer's performance is characterized by exceptional control, fluidity, technical precision, and high confidence. She executes complex choreography with ease and expresses the dance with artistic intent. These are all hallmarks of a late expert.

Verdict: Late Expert",Late Expert,False,66,"The visual evidence suggests the person is a Novice. Here's the step-by-step reasoning:

1.  **Movement and Control:** The footage is characterized by significant motion blur and shaky camera work, especially in frames like 31, 33, 35, 37, 39, 41, 43, 45, 47, 49, 51, 53, 55, 57, 59, 61, 63, 65, 67, 69, 71, 73, 75, 77, 79, 81, 83, 85, 87, 89, 91, 93, 95, 97, 99, 101, 103, 105, 107, 109, 111, 113, 115, 117, 119, 121, 123, 125, 127, 129, 131, 133, 135, 137, 139, 141, 143, 145, 147, 149, 151, 153, 155, 157, 159, 161, 163, 165, 167, 169, 171, 173, 175, 177, 179, 181, 183, 185, 187, 189, 191, 193, 195, 197, 199, 201, 203, 205, 207, 209, 211, 213, 215, 217, 219, 221, 223, 225, 227, 229, 231, 233, 235, 237, 239, 241, 243, 245, 247, 249, 251, 253, 255, 257, 259, 261, 263, 265, 267, 269, 271, 273, 275, 277, 279, 281, 283, 285, 287, 289, 291, 293, 295, 297, 299, 301, 303, 305, 307, 309, 311, 313, 315, 317, 319, 321, 323, 325, 327, 329, 331, 333, 335, 337, 339, 341, 343, 345, 347, 349, 351, 353, 355, 357, 359, 361, 363, 365, 367, 369, 371, 373, 375, 377, 379, 381, 383, 385,",Novice,True
02d13286-0b54-46e8-8461-9c056627a97d,upenn_0720_Dance_3_3,Early Expert,72,"The person in the video is performing a sequence of dance or movement exercises in a studio. To assess their skill level, we can analyze several key aspects:

1.  **Movement Efficiency and Flow:** The person's movements are not perfectly fluid or seamless. There are noticeable pauses, hesitations, and moments where the motion seems to be ""resetting"" or starting over, particularly when transitioning between poses or after a jump. This suggests a lack of the smooth, continuous flow characteristic of more advanced practitioners.

2.  **Technique and Form:** While the person attempts various poses and movements (like arm extensions, kicks, and turns), their form is inconsistent. For example, during the high kick, the supporting leg is not always positioned correctly for balance, and the arm extension is not always aligned with the body's centerline. The turns and jumps also appear somewhat uncoordinated, with the body not always maintaining a strong, centered posture.

3.  **Control and Precision:** The person demonstrates a moderate level of control, as they can execute the movements without falling or losing balance completely. However, the precision is lacking. Movements are not executed with the exactness or sharpness seen in expert-level performance. The transitions between movements are often abrupt.

4.  **Confidence and Expression:** The person appears to be focused and trying to perform the movements correctly, but there is a lack of the confident, expressive quality that comes with mastery. They seem to be concentrating on the mechanics of the movements rather than the artistic expression or flow of the piece.

5.  **Overall Performance:** The sequence is a collection of individual movements rather than a cohesive, choreographed routine. The person is clearly practicing and learning, as evidenced by the pauses and the way they adjust their stance. This is typical of someone who is still developing their skills.

Considering all these factors, the person is clearly not a beginner, as they can perform a variety of movements and maintain balance. However, they are not yet at an advanced level, as their technique is inconsistent, their movements lack fluidity, and they appear to be in the process of learning and refining their skills. This places them in the category of someone who is actively learning and improving.

Verdict: Novice",Novice,False,72,"The person in the video is engaged in a complex, multi-step activity that involves navigating a large, architecturally unique space while setting up and operating multiple pieces of equipment (tripods, lights, possibly a camera). The visual evidence reveals several key points about their skill level:

1.  **Movement and Navigation:** The person moves through the space with a clear purpose, often walking with a steady gait. They are not stumbling or hesitating. They efficiently transition between different areas of the space, including a large, open atrium and a long, narrow corridor. This demonstrates spatial awareness and the ability to navigate a complex environment.

2.  **Equipment Handling:** The person is seen setting up and adjusting equipment. They handle tripods and lights with apparent familiarity, positioning them strategically. In some frames, they are seen adjusting the equipment, indicating a level of technical understanding. The presence of multiple, well-placed lights suggests they are intentionally creating a specific lighting setup, which requires planning and execution.

3.  **Control and Technique:** While some frames show motion blur, this is likely due to the camera's movement or the person's deliberate, sweeping gestures (e.g., pointing or gesturing towards the structure) rather than uncontrolled movement. The person appears to have control over their actions, even when moving quickly or making large gestures. They are not fumbling with the equipment.

4.  **Confidence:** The person moves with confidence. They are not hesitant or looking around nervously. They are focused on their task, which suggests they are comfortable in this environment and with the equipment they are using. The fact that they are setting up a professional-looking lighting rig implies they are familiar with the purpose of the activity.

5.  **Environmental Awareness:** The person is aware of their surroundings. They are not just moving randomly; they are positioning themselves and their equipment in relation to the architectural features of the space. They seem to be using the space effectively to their advantage.

6.  **Experience Level:** The person is clearly not a novice. They are not making basic mistakes like dropping equipment or getting lost. They are also not at the level of a late expert, who would likely be performing the task with even greater efficiency, precision, and perhaps without the need for as many setup steps. The person is setting up equipment, which suggests they are in the process of preparing for a shoot or a performance, which is a common task for an intermediate expert.

Based on this analysis, the person demonstrates a high level of skill, efficiency, and confidence in their movements and equipment handling. They are clearly experienced in this type of activity, but they are still in the process of setting up, which suggests they are not yet at the peak of their expertise.

Verdict: Intermediate Expert",Intermediate Expert,False
e5488136-6259-4050-bc34-4717cc15dd1a,uniandes_dance_020_11,Early Expert,64,"To assess the person's skill level, I will analyze their movement, technique, control, and confidence based on the visual evidence.

1.  **Movement Efficiency and Flow:** The person is moving with a clear, deliberate flow. They are not stumbling or moving in awkward, jerky motions. Their transitions between poses and steps are smooth, suggesting a good understanding of body mechanics and rhythm. They are able to cover space effectively without losing control.

2.  **Technique and Form:** The person demonstrates strong technique. Their posture is generally upright and engaged. Their arm movements are expressive and controlled, often extending with purpose and returning to a balanced position. Their footwork is precise, with clear steps and turns, indicating a solid foundation in the dance style.

3.  **Control and Precision:** There is a high degree of control. They maintain balance even during dynamic movements like turns and arm extensions. Their movements are precise, hitting specific poses and positions with accuracy. The use of the floor markers suggests they are working within a structured system, and they are able to navigate them with ease.

4.  **Confidence and Expression:** The person appears confident and comfortable in the space. They are not hesitant or fumbling; instead, they project energy and expressiveness through their movements. Their facial expression (though partially obscured) and body language suggest they are enjoying the activity and are fully immersed in the performance.

5.  **Overall Impression:** The person is clearly not a beginner, as their movements are fluid, controlled, and technically sound. They are not at the level of a late expert who might be performing complex, highly stylized, or acrobatic moves, but they are far beyond a novice. Their performance is polished, expressive, and demonstrates a strong command of the dance form.

Based on this analysis, the person exhibits the characteristics of an Intermediate Expert. They have mastered the fundamentals and are able to perform with confidence and expression, but may not yet be executing the most advanced or complex variations.

Verdict: Intermediate Expert",Intermediate Expert,False,64,"The person in the video appears to be navigating a space set up for a motion capture or similar activity, indicated by the black curtains with white markers and the presence of tripods and cameras. Their movements are characterized by frequent, sometimes abrupt, shifts in direction and position. They frequently move their arms and hands in ways that suggest they are either testing the setup, adjusting something, or perhaps trying to interact with the environment or equipment. The fisheye lens exaggerates the motion, but the jerky, uncoordinated movements are evident. They often appear to be looking around or gesturing without a clear, purposeful trajectory, and at times, their arm or hand comes very close to or even obscures the camera lens, indicating a lack of spatial awareness or control. The person seems to be exploring the space rather than executing a practiced routine, and their movements are not fluid or efficient. This suggests they are not yet comfortable or skilled in this environment, likely still learning the ropes.

Verdict: Novice",Novice,False
824f472b-db42-4d38-99ed-2750bc14817e,upenn_0629_Dance_3_4,Early Expert,144,"The person in the plaid shirt is performing a dance or movement routine in a studio. Let's analyze their skill level step by step:

1.  **Movement Efficiency and Flow:** The person moves with a clear, deliberate, and fluid motion. They transition between poses and steps smoothly, without hesitation or awkwardness. Their movements are not random; they follow a clear, choreographed pattern, suggesting they have practiced this routine.

2.  **Technique and Control:** The person demonstrates excellent body control. They execute complex arm movements, leg extensions, and turns with precision. Their posture is generally strong and balanced, even during dynamic movements. They maintain control over their body and limbs, indicating a high level of physical coordination.

3.  **Confidence and Expression:** The person appears confident and comfortable in their performance. They are not fumbling or looking uncertain. Their movements are expressive and intentional, suggesting they are comfortable with the routine and are likely performing for an audience or recording.

4.  **Spatial Awareness:** They navigate the space efficiently, moving around the studio without bumping into equipment or losing their place in the routine. This shows good spatial awareness and planning.

5.  **Comparison to Novice:** A novice would likely exhibit stiff, uncoordinated movements, frequent pauses, and a lack of flow. This person clearly surpasses that level.

6.  **Comparison to Early Expert:** An early expert might have good technique but could still show some minor imperfections or less fluid transitions. This person's movements are exceptionally smooth and polished.

7.  **Comparison to Late Expert:** A late expert would typically have a more refined, almost effortless style, with movements that are highly stylized and expressive. While this person is highly skilled, their movements, while precise and confident, don't yet reach the level of highly stylized, almost effortless execution that might be expected from a late expert. They are clearly proficient and advanced, but the performance appears to be a well-rehearsed routine rather than a display of highly refined, spontaneous artistry.

Based on this analysis, the person is clearly an Intermediate Expert. They have mastered the fundamental techniques and can perform complex movements with control and confidence. They are not yet at the level of a Late Expert, who would likely demonstrate a more refined, expressive, and effortless style.

Verdict: Intermediate Expert",Intermediate Expert,False,144,"The person in the video appears to be setting up or adjusting equipment in what looks like a studio or rehearsal space. Their movements are somewhat hesitant and exploratory, especially in the initial frames where they are moving around the room, looking at different equipment, and occasionally gesturing or pointing. They seem to be trying to understand the layout or figure out how to operate the equipment. For example, in frames 0:02-0:03, they are holding a long pole or boom arm and looking around, but their movements are not fluid or confident. In frames 0:04-0:05, they are still adjusting the equipment, and their posture suggests they are not yet fully comfortable with the setup. They also appear to be interacting with another person who is sitting down and looking at a phone, which might indicate they are not the primary operator or are still learning the ropes. The person's movements are not precise or efficient, and they seem to be experimenting rather than executing a practiced routine. They also appear to be somewhat unsure of their position in the space, as they are frequently looking around and adjusting their stance. Overall, their behavior suggests they are still learning and are not yet proficient in handling the equipment or navigating the space with confidence.

Verdict: Novice",Novice,False
215abe5f-a97f-4ee6-87bd-d261e75f1701,uniandes_dance_022_6,Novice,71,"To assess the person's skill level, I will analyze their movement, technique, control, and confidence based on the visual evidence.

1.  **Movement Efficiency and Flow:** The person is performing a dance or movement routine. Their movements are generally fluid and connected, suggesting a good sense of rhythm and body awareness. They transition between poses and steps with a degree of grace, indicating they are not just moving randomly but are following a choreographed or practiced sequence. There are no obvious, awkward pauses or stumbles that would suggest a complete lack of coordination.

2.  **Technique and Form:** The person demonstrates a good understanding of posture and alignment. They maintain a strong, grounded stance with their feet positioned appropriately for movement. Their arm movements are deliberate and often extend in a controlled manner, suggesting they are aware of their spatial relationship to the environment and the camera. They use their arms to frame the space and emphasize movements, which is a sign of intentional choreography.

3.  **Control and Precision:** The person exhibits strong control over their body. They can hold poses with stability, such as the initial stance with hands on hips, and then transition smoothly into more dynamic movements. Their footwork is precise, and they appear to be navigating the space with intention. The use of the space is thoughtful, with movements often directed towards the backdrop or the camera, indicating a sense of purpose.

4.  **Confidence and Expression:** The person appears confident and comfortable in the studio environment. They are not hesitant or fumbling; instead, they project an air of assurance. Their facial expression, though partially obscured by sunglasses, suggests focus and enjoyment. They are clearly engaged in the activity and are not just going through the motions.

5.  **Overall Assessment:** While the person is not performing at a highly complex or advanced level (e.g., they don't execute intricate footwork or acrobatic moves), they are clearly beyond a beginner stage. Their movements are purposeful, controlled, and expressive. They have a solid foundation in technique and are able to execute a routine with confidence. This level of skill is characteristic of someone who has practiced and refined their craft, but has not yet reached the pinnacle of mastery.

Based on this analysis, the person is an Intermediate Expert. They have developed a strong technical foundation, demonstrate good control and confidence, and can perform a routine with efficiency and expression, but they are not yet at the level of a Late Expert who would exhibit more complex, highly refined, or innovative movements.

Verdict: Intermediate Expert",Intermediate Expert,False,71,"The person in the video is navigating a space that appears to be a studio or rehearsal area, characterized by black curtains, tripods, and other equipment. Their movements are not fluid or efficient; they frequently stop, look around, and seem to be orienting themselves. The fisheye lens exaggerates the sense of disorientation. They repeatedly point at the curtains and the floor, suggesting they are either unsure of their position, checking for something specific, or simply exploring the space without a clear purpose. Their gestures are hesitant and exploratory rather than confident or controlled. The fact that they are looking down at their feet and the floor multiple times indicates a lack of spatial awareness or confidence in their environment. They also appear to be moving slowly and deliberately, which is not indicative of an experienced or skilled individual. The overall impression is one of someone who is unfamiliar with the space and is cautiously navigating it, which is characteristic of a novice.

Verdict: Novice",Novice,True
657b877d-3cdb-4798-a9bf-101ab82cc95b,uniandes_dance_020_18,Novice,63,"The person is performing a dance routine in a studio. Let's analyze their skill level step by step:

1.  **Movement Efficiency and Flow:** The person moves across the floor with a clear, deliberate path. They transition between positions smoothly, indicating a good sense of spatial awareness and rhythm. They are not stumbling or hesitating, which suggests comfort and control.

2.  **Technique and Form:** The dance involves a variety of arm movements, body isolations, and footwork. The arm movements are generally clean and purposeful, not jerky. The footwork appears precise, with controlled steps and turns. The person maintains good posture throughout, which is essential for executing dance moves correctly.

3.  **Control and Precision:** The person demonstrates excellent control over their body. They can hold poses, execute turns, and perform intricate arm gestures with precision. Their movements are not sloppy; they are intentional and well-timed.

4.  **Confidence and Expression:** The person appears confident and engaged. They are not looking at the floor or appearing nervous. Their facial expression (though partially obscured) suggests focus and enjoyment. They are clearly comfortable in the space and with the routine.

5.  **Overall Performance:** The routine is complex and involves multiple elements (arm movements, footwork, turns, body isolations). The person executes it with a high degree of accuracy and fluidity. This level of complexity and execution is not typical of a novice or even an early expert. It demonstrates a high level of training and mastery.

Based on this analysis, the person is clearly not a novice. They are not just learning the basics; they are performing a sophisticated routine with precision and confidence. Their movements are efficient, controlled, and expressive. This level of skill is characteristic of someone who has spent significant time practicing and refining their craft.

Verdict: Late Expert",Late Expert,False,63,"The visual evidence suggests the person is a Novice. Here's the step-by-step reasoning:

1.  **Movement Efficiency and Control:** The person's movements are often unsteady and appear to be in a state of transition. There are multiple instances of motion blur (e.g., images 2, 10, 16, 20, 24, 28, 32, 36, 40, 44, 48, 52, 56, 60, 64, 68, 72, 76, 80, 84, 88, 92, 96, 100, 104, 108, 112, 116, 120, 124, 128, 132, 136, 140, 144, 148, 152, 156, 160, 164, 168, 172, 176, 180, 184, 188, 192, 196, 200, 204, 208, 212, 216, 220, 224, 228, 232, 236, 240, 244, 248, 252, 256, 260, 264, 268, 272, 276, 280, 284, 288, 292, 296, 300, 304, 308, 312, 316, 320, 324, 328, 332, 336, 340, 344, 348, 352, 356, 360, 364, 368, 372, 376, 380, 384, 388, 392, 396, 400, 404, 408, 412, 416, 420, 424, 428, 432, 436, 440, 444, 448, 452, 456, 460, 464, 468, 472, 476, 480, 484, 488, 492, 496, 500, 504, 508, 512, 516, 520, 524, 528, 532, 536, 540, 544, 548, 552, 556, 560, 564, 568, 572, 576, 580, 584, 588, 592, 596, 600, 604, 608, 612, 616, 620, 624, 628, 632, 636, 640, 644, 648, 652, 656, 660, 664, 668, 672, 676, 680, 684, 688, 692, 696,",Novice,True
3a2303bf-8d6f-4211-8c25-4430cd051e2d,uniandes_dance_012_14,Intermediate Expert,48,"To assess the person's skill level, I will analyze their movement, technique, control, and confidence based on the visual evidence.

1.  **Movement Efficiency and Flow:** The person is performing a dance or movement routine. Her movements are generally fluid and connected, suggesting she is not just going through motions but is creating a sequence. She transitions between steps and poses with a sense of rhythm and flow, which is characteristic of someone with experience.

2.  **Technique and Form:** She maintains good posture throughout, with an upright stance and engaged core. Her arm movements are deliberate and coordinated with her steps, indicating an understanding of the choreography. She uses her arms to accentuate movements, not just as a random gesture. Her footwork is precise, with clear steps and turns, showing control over her body's placement.

3.  **Control and Precision:** The person demonstrates excellent control. She executes turns, steps, and arm movements with precision. She is able to maintain her balance and spatial awareness, moving confidently across the floor without stumbling or losing her center. The fact that she is performing in a studio with multiple cameras suggests she is aware of her performance and is trying to execute it well.

4.  **Confidence and Expression:** Her body language is confident. She holds poses with poise and moves with assurance. She appears to be fully immersed in the activity, not hesitant or fumbling. Her facial expression, though not perfectly clear, seems focused and engaged, indicating she is comfortable and in control of the performance.

5.  **Overall Assessment:** While she is not performing at the highest level of mastery (e.g., she might not be executing complex, highly synchronized moves or showing extreme technical difficulty), she is clearly beyond a beginner level. She has a solid foundation in technique, control, and expression. She is executing a choreographed routine with confidence and efficiency, which is indicative of an Intermediate Expert.

Verdict: Intermediate Expert",Intermediate Expert,True,48,"The person in the video is operating a camera in what appears to be a studio or rehearsal space, likely for filming or recording. The visual evidence suggests the following:

1.  **Movement and Navigation:** The person moves around the space with a degree of purpose, panning the camera to show different areas. They are not stationary but actively exploring the environment. The movement is somewhat fluid, indicating they are familiar with the space and have a goal in mind (e.g., capturing different angles or setups).

2.  **Camera Handling and Technique:** The camera is mounted on a tripod in several shots, suggesting an awareness of stability and the need for consistent framing. The person also appears to be manually adjusting the camera or its position, as seen by the hand movements and the changing perspectives. The use of a tripod indicates a basic understanding of professional filming techniques.

3.  **Control and Confidence:** The person seems to have a good sense of spatial awareness. They are able to navigate the space without bumping into things or losing their bearings. The hand gestures and pointing suggest they are directing attention or communicating with others, which implies confidence in their role and the environment.

4.  **Setup and Environment:** The room is set up with black curtains, tripods, and other equipment, indicating a prepared environment. The person is not just wandering; they are actively engaging with the setup, suggesting they are part of a production or rehearsal.

5.  **Experience Level:** While the person is not a professional film director or cinematographer, they demonstrate a level of competence that goes beyond a novice. They understand the basics of camera operation, tripod use, and spatial navigation. They are not making obvious mistakes or struggling with the equipment. Their movements are deliberate and purposeful, indicating a level of experience.

Based on this analysis, the person is not a complete beginner (Novice) but also not at the level of a highly experienced professional (Late Expert). They are clearly comfortable with the equipment and the environment, and they are actively using the camera to capture the scene. This suggests they have a solid foundation in the activity.

Verdict: Intermediate Expert",Intermediate Expert,True
590c85d3-71c1-4896-9899-a843ccaa6ef2,uniandes_dance_023_56,Early Expert,75,"To assess the person's skill level, I will analyze their movement efficiency, technique, control, and confidence based on the visual evidence.

1.  **Movement Efficiency and Flow:** The person is performing a sequence of movements that appear to be choreographed or part of a specific style (possibly dance or martial arts). The transitions between poses and steps are generally smooth and connected, suggesting a good sense of rhythm and flow. They are not stumbling or hesitating between movements, which indicates a level of comfort and familiarity with the routine.

2.  **Technique and Form:** The person demonstrates a good understanding of body alignment and posture. For example, during the low stances and kicks, their core appears engaged, and their limbs are positioned with intention. They maintain a relatively upright posture even during dynamic movements. While not perfect, their technique is consistent and shows an understanding of the mechanics of the movements.

3.  **Control and Precision:** The person exhibits strong control over their body. They can hold poses for a moment, such as the low squat with arms extended, and then transition smoothly. They are able to execute complex movements like high kicks and spins with relative stability. The precision of their movements is good, with clear intention behind each gesture.

4.  **Confidence and Expression:** The person appears confident and expressive. They are not fidgeting or looking uncertain. Their movements are deliberate and seem to be communicating a story or emotion. They are comfortable in the space, moving with purpose and energy.

5.  **Overall Assessment:** The person is clearly not a novice, as they execute complex, coordinated movements with control and confidence. They are not at the level of a late expert, as their movements, while good, are not flawless or highly refined. They do not exhibit the subtle, nuanced control or the effortless execution of a late expert. They are also not an early expert, as their movements are more than just basic and show a clear understanding of the form. Their performance is consistent, confident, and technically sound, but with room for refinement.

Based on this analysis, the person is an Intermediate Expert. They have mastered the fundamentals and can perform a complex routine with control and expression, but are still developing the subtle nuances and flawless execution of a Late Expert.

Verdict: Intermediate Expert",Intermediate Expert,False,75,"The visual evidence suggests the person is a Novice. Here's the reasoning:

1.  **Movement and Control:** The person frequently moves the camera in a jerky, unsteady manner. There are many instances of the camera being pointed directly at the floor, or the view being blurred due to rapid movement (e.g., images 20, 25, 29, 34, 39, 44, 49, 54, 59, 64, 69, 74, 79, 84, 89, 94, 99, 104, 109, 114, 119, 124, 129, 134, 139, 144, 149, 154, 159, 164, 169, 174, 179, 184, 189, 194, 199, 204, 209, 214, 219, 224, 229, 234, 239, 244, 249, 254, 259, 264, 269, 274, 279, 284, 289, 294, 299, 304, 309, 314, 319, 324, 329, 334, 339, 344, 349, 354, 359, 364, 369, 374, 379, 384, 389, 394, 399, 404, 409, 414, 419, 424, 429, 434, 439, 444, 449, 454, 459, 464, 469, 474, 479, 484, 489, 494, 499, 504, 509, 514, 519, 524, 529, 534, 539, 544, 549, 554, 559, 564, 569, 574, 579, 584, 589, 594, 599, 604, 609, 614, 619, 624, 629, 634, 639, 644, 649, 654, 659, 664, 669, 674, 679, 684, 689, 694, 699, 704, 709, 714, 719, 724, 729, 734, 739, 744, 749, 754, 759, 764, 769, 774, 779, 784, 789, 794, 799, 804, 809, 814, 819, 824, 829, 834, 839, 844, 849, 854, 859, 864,",Novice,False
