clip_id,take_folder,ground_truth,answer,predicted,correct
b40e861f-60a7-4b55-8757-41a6af4e62e8,upenn_0730_Dance_1_7,Intermediate Expert,"Observations: The person is performing a standard golf swing. They start by setting up their stance with their feet shoulder-width apart, knees slightly bent, and hands positioned ahead of the ball. During the takeaway, they maintain a relatively straight lead arm. At the top of the backswing, there is a moderate amount of rotation in the torso. Throughout the downswing and follow-through, they maintain a stable spine angle and complete the motion by turning their hips toward the target, ending with the club over their shoulder.

Errors: There are a few noticeable technical flaws. First, the wrist hinge is inconsistent, which affects the path and face angle of the club. Second, the weight transfer is somewhat incomplete, as the lead foot does not fully bear the weight during the follow-through, which can lead to a loss of power and accuracy. Lastly, there is a slight ""casting"" motion at the start of the downswing, where the wrists unhinge too early, indicating a lack of lag in the swing sequence.

Skill Level: Intermediate Expert",Intermediate Expert,True
4e468597-ba96-40c7-977b-7736a4a3bd73,uniandes_dance_017_3,Novice,"Observations: The individual is practicing choreography in a studio setting, utilizing hand gestures and rhythmic body movements. They frequently check their positioning relative to floor markers and the camera framing. The movement involves arm extensions, head turns to track progress or verify space, and steps to transition between different areas of the performance space. The style appears to be contemporary or hip-hop influenced, focusing on precision and spatial awareness.

Errors: There is a lack of fluidity and confidence in the transitions; the individual pauses frequently to re-orient themselves or consult the camera setup. The arm movements lack full extension and ""pop,"" appearing somewhat hesitant rather than deliberate. There is significant visual distraction caused by the constant self-correction and checking of the surrounding environment, which prevents a cohesive execution of the routine.

Skill Level: Novice",Novice,True
7d810b75-87a9-4b95-86d0-c970ae6d03a5,uniandes_dance_023_26,Late Expert,"Observations: The person is performing a series of turns and spins in what appears to be a dance studio. They utilize their arms for balance, keeping them engaged while executing the rotations. The footwork involves transitions from parallel or turned-out positions, focusing on maintaining a central axis during the spin. The dancer shows awareness of their spotting technique, attempting to maintain focus as they rotate. They frequently adjust their stance to realign with the center of the room.

Errors: The primary error is a lack of consistent core engagement, leading to a slight ""wobble"" or loss of balance upon landing the turns. The spotting technique is inconsistent; at times, the head is late to return to the focal point, causing the dizziness and slight instability seen after the rotations. The arm positions are somewhat fluid but occasionally break the aesthetic line, indicating a need for more tension and control in the extremities to stabilize the upper body during high-speed rotation.

Skill Level: Intermediate Expert",Intermediate Expert,False
6da46fdf-32e1-4f44-a903-ab609f0d750c,uniandes_dance_008_51,Intermediate Expert,"Observations: The performer is practicing rope dart technique, utilizing a first-person perspective (likely a head-mounted camera). The session focuses on basic circular swings, ""orbiting"" (spinning the dart around the body), and transition maneuvers. The performer demonstrates a rhythmic control of the rope's tension, maintaining consistent circular arcs while moving around the room. The body stance is generally athletic, with a slightly crouched posture to maintain balance while swinging, and the hands are kept active to guide the rope's momentum.

Errors: There is a notable lack of fluidity in the transitions between different types of swings. The performer experiences several ""dead spots"" where the rope loses momentum, causing the dart to sag or tangle slightly (specifically visible in the middle of the sequence). There are also issues with body tracking; the performer frequently loses alignment with the center of the rope's rotation, resulting in inconsistent circular planes. Additionally, the recovery movements when the dart deviates from its path are somewhat jerky rather than smooth corrections.

Skill Level: Intermediate Expert",Intermediate Expert,True
92ee422b-2245-4efa-b300-0c5dc2744043,uniandes_dance_022_3,Novice,"Observations: The person is performing a camera scan or environment survey. They hold a 360-degree camera, extending their arm to capture the room's layout, including the black backdrop, the tripod setup, and the people sitting in the waiting area. They walk around the center of the room in a circular motion, keeping the camera relatively steady, and occasionally point the device toward specific features or lighting setups in the studio.

Errors: The movement is slightly jittery, common with handheld 360-degree footage. The transition between focusing on the studio backdrop and the group of people is somewhat abrupt, lacking the smooth panning technique used by professional videographers. There is no clear, rhythmic pace, and the camera height varies as the person walks, which could lead to disorienting footage for the viewer.

Skill Level: Novice",Novice,True
6cce39fb-95c0-44b3-bddd-b20cd271f6b6,upenn_0629_Dance_3_6,Early Expert,"Observations: The practitioner is performing a classic sleight-of-hand coin vanish (French Drop). They hold the coin between the thumb and fingers of their left hand, then use their right hand to ""take"" the coin by inserting their thumb between the coin and the fingers, simulating a grab. The left hand then drops naturally to the side while the right hand moves away, concealing the coin in the left hand (finger palm). The practitioner repeats this action multiple times, occasionally showing the hands empty or repeating the drop motion.

Errors: The primary error is the ""flash"" of the coin; in several iterations, the coin is visible in the left hand as it drops to the side, or the finger palm is not deep enough, leading to unnatural hand tension. The ""take"" motion lacks consistency in timing; the transition from the left hand to the right hand is often rushed, making the hand movements appear jerky rather than fluid. There is also a lack of ""eye follow""—the practitioner fails to track the path of the ""taken"" coin with their gaze, which is essential to sell the illusion.

Skill Level: Novice",Novice,False
ed917883-c69b-4f94-83bd-1c7f583b4331,uniandes_dance_015_22,Late Expert,"Observations: The person is executing a series of spins and movements in a room, demonstrating basic coordination. Their body position is generally upright, but their center of gravity is somewhat unstable during the rotations. The person uses their arms to maintain balance and momentum, frequently snapping their head to maintain focus, though the overall technique lacks fluidity and professional control. Their footwork is tentative, showing a lack of confidence in executing sharp pivots.

Errors: The primary error is a lack of proper spotting technique, leading to noticeable dizziness and imbalance after rotations. Additionally, the arm movements are erratic and not fully synchronized with the lower body, causing a loss of momentum. The posture is slightly hunched, preventing a clean vertical axis, and the foot placement is inconsistent, which affects the smoothness of the turns.

Skill Level: Novice",Novice,False
8aa071f1-fcea-4bf4-9a0a-e885a32da656,uniandes_dance_016_43,Novice,"Observations: The subject is practicing a dance or rhythmic movement routine in a studio space. The movement consists of circular rotations, stepping, and arm extensions, often involving orienting the body toward different sides of the room. The individual moves around a central point (marked by floor markers) and uses hand gestures to navigate or cue the performance. They switch focus between the group sitting at the side and the space in front of the black backdrop.

Errors: The movement lacks fluid transition between the different phases of the routine, showing frequent hesitations and moments of ""resetting."" The subject struggles with spatial awareness regarding their orientation; there is a lack of crispness in the stops and turns, and the coordination between the lower body (steps) and upper body (arm gestures) is disjointed. Several times, the subject looks confused about the intended direction, leading to choppy movement.

Skill Level: Novice",Novice,True
71e8d768-1bd4-4f21-91bd-da53bfe29279,uniandes_dance_022_11,Novice,"Observations: The person is practicing basic salsa footwork, specifically focusing on the basic step (forward and backward) and some transitions. They maintain a slightly bent knee posture. Their movements are rhythmic but show a high degree of stiffness in the torso and limited hip movement, which is essential for fluid Latin dance. They rely on visual cues from the surroundings and frequently pause to re-orient.

Errors: 
1. **Weight Transfer**: The weight distribution is inconsistent; the person tends to ""step"" rather than ""roll"" through the foot, which makes the movement appear flat-footed. 
2. **Posture**: There is excessive tension in the shoulders and a lack of core engagement, causing the upper body to remain rigid instead of counterbalancing the steps. 
3. **Synchronization**: The timing is slightly off-beat, indicating a struggle to internalize the rhythm of the music while focusing on the technical footwork.
4. **Arm Movement**: The hand/arm gestures are disconnected from the body's center of gravity and feel forced rather than natural extensions of the movement.

Skill Level: Novice",Novice,True
88ec5df5-24f4-48d4-8452-ad4c12103a0a,uniandes_dance_013_7,Early Expert,"Observations: The person is performing a series of turns and spins, likely practicing for a dance or theatrical performance. They use their arms to initiate and control the momentum of their rotations. The body positioning remains relatively upright, with the arms held in various positions during the turns—sometimes extended, sometimes tucked. They are focusing on maintaining balance and control while moving through the space, specifically rotating towards the black curtain background.

Errors: The primary errors include inconsistent arm placement, which impacts the fluidity and speed of the turns. The core engagement seems intermittent, as evidenced by slight wobbles or loss of center during the exit of some spins. There is also a lack of consistent ""spotting"" (focusing the eyes on a fixed point), which leads to some dizziness and a slight loss of directional accuracy at the end of the movements. The footwork is sometimes heavy, indicating a need for better weight distribution and transition between steps.

Skill Level: Intermediate Expert",Intermediate Expert,False
b8afa573-2f0f-4b77-b4b3-5fbb7197dd1f,uniandes_dance_008_11,Late Expert,"Observations: The user is in a dance studio setting, performing basic arm movements and simple hand gestures while wearing what appears to be a tracking device or wrist-worn sensor. The user spends a significant amount of time adjusting their position, checking the camera, or preparing for a recording. The movements include basic reaching, pointing, and clapping, mostly focused on coordinating with the environment rather than a fluid or complex choreographic sequence.

Errors: The performance lacks flow and intentionality. The user is primarily distracted by the setup process, leading to inconsistent rhythm and lack of bodily engagement. There is no clear technical execution or complex movement patterns; the ""dance"" consists of disjointed gestures that are reactive to the studio setup rather than integrated into a performance.

Skill Level: Novice",Novice,False
50e6c59b-737e-447c-984c-fde5cd3e5e80,uniandes_dance_023_51,Early Expert,"Observations: The performer is practicing freestyle football skills, specifically focusing on various juggling patterns, stall techniques, and transitions. The camera uses a fish-eye perspective, capturing the performer from a first-person viewpoint. Throughout the video, the user attempts multiple tricks, including neck stalls, flick-ups, and alternating foot juggling. The movement involves constant adjustment of the ball's trajectory and a mix of creative ""combos"" (sequences of tricks).

Errors: The performer shows inconsistency in controlling the ball's height and trajectory, leading to frequent drops or the need to reset the ball. The rhythm of the juggling is broken by these frequent errors, indicating a lack of full mastery over the specific transitions being attempted. Additionally, there are instances where the ball slips off the body during stall attempts due to slight inaccuracies in body positioning or timing.

Skill Level: Intermediate Expert",Intermediate Expert,False
7c8dc8cc-c863-4082-a011-ba385306537a,uniandes_dance_024_3,Novice,"Observations: The person is performing a dance sequence, primarily focusing on hip-hop or commercial choreography involving fluid arm movements, chest isolations, and rhythmic footwork. They maintain a generally good posture, keeping a slightly bent knee stance to remain grounded. Their arm movements are reasonably synchronized with the music, and they utilize their upper body well to create shapes. They exhibit a good understanding of rhythmic timing, attempting to hit the beats of the music with precision in their hand and shoulder gestures.

Errors: There are noticeable issues with weight transitions, making some of the steps appear slightly heavy or hesitant rather than light and effortless. The fluidity of the transitions between arm movements is occasionally interrupted by tension in the shoulders, which limits the range of motion and makes the movement look a bit stiff. Furthermore, the arm extensions lack consistent sharpness, with some poses appearing slightly collapsed or incomplete. The gaze is somewhat focused on the ground or internal, which reduces the confidence of the performance projection.

Skill Level: Intermediate Expert",Intermediate Expert,False
c198cb21-159d-4a1f-b395-976f44c24166,uniandes_dance_017_4,Novice,"Observations: The person is executing a series of dance movements in a studio setting, captured with a fisheye lens. The movements are primarily centered around arm extensions, rhythmic hand gestures, and orientation shifts within the space. They demonstrate an awareness of musical timing, transitioning between positions while maintaining a fluid, albeit somewhat casual, physical engagement. The person moves through the dance space, occasionally looking toward the camera or the instructor/other people present. The technique involves a mix of contemporary-style flow and improvisational movement, with a focus on expressiveness rather than rigid technical precision.

Errors: The movement lacks consistency in tension and clarity of lines. The transitions between the arm extensions and torso shifts are occasionally rushed, leading to slight imbalances or loss of center. There is a lack of full extension in the limbs, and the coordination between the upper body and the lower body sometimes appears disconnected, suggesting the choreography is either being learned or is being performed without full commitment to the required physical intensity.

Skill Level: Intermediate Expert",Intermediate Expert,False
be44efc7-77ac-43ff-906b-3d49387ce118,uniandes_dance_022_17,Late Expert,"Observations: The person is performing a choreographed dance routine, characterized by a mix of contemporary and lyrical movements. Their body positioning demonstrates a commitment to fluidity, using expansive arm gestures, floor work, and rotational movements to navigate the space. Their posture is generally upright with engaged core muscles during turns, and they display a conscious effort to maintain rhythmic synchronicity with the underlying track. Throughout the routine, there is a clear intent to convey emotional expression through deliberate reaches and extensions.

Errors: The performance contains minor technical inconsistencies, primarily in the transitions between floor movements and upright choreography, which occasionally result in slight stability losses. The hand and finger articulation is sometimes inconsistent, lacking the consistent tension required for a perfectly polished aesthetic. Additionally, there are brief moments where the dancer's grounding during weight shifts could be more definitive, occasionally leading to a slight lack of sharpness in the terminal points of their arm extensions.

Skill Level: Intermediate Expert",Intermediate Expert,False
dc26e79e-f38f-4711-a212-6a7de087d8ac,uniandes_dance_017_6,Novice,"Observations: The individual is performing a series of hip-hop/commercial-style dance movements, focusing on upper body isolation and fluid hand styling. Throughout the sequence, the person maintains a crouched or grounded stance, using the floor space to pivot and transition between different directions. Their technique emphasizes ""waving"" and ""tutting"" elements, involving rhythmic hand movements synchronized with the music. They transition between being front-facing and side-facing, using their arms to create frame-like shapes around their body and the surrounding environment.

Errors: The primary issue is a lack of fluidity and sharp definition in the isolations. When transitioning between the hand-based ""tutting"" patterns and the body turns, there is a visible hesitation that breaks the momentum of the movement. Furthermore, the core stability is inconsistent; the weight shifts are sometimes heavy or slightly off-balance, which affects the crispness of the directional changes. The hand movements, while creative in concept, lack the required precision in the angles (the ""lines"" of the shapes are often soft or rounded rather than sharply defined).

Skill Level: Intermediate Expert",Intermediate Expert,False
1f5b9ba5-a7c0-496d-b164-444251f45d25,uniandes_dance_002_3,Late Expert,"Observations: The person is performing a standard spin, commonly known as a spot turn or basic turn, often practiced in ballroom or social dance settings. The individual begins by establishing a starting position, then initiates the rotation by stepping onto one foot and pivoting, while keeping their arms relatively close to the torso for balance. Throughout the turn, they appear to be focusing on maintaining a consistent center of gravity. The speed of the turn is controlled and deliberate.

Errors: There are a few noticeable issues with the technique. First, the person exhibits a lack of a clear ""spotting"" technique; their head does not whip around sharply, which leads to a slight loss of balance and a somewhat ""wobbly"" finish to the rotation. Second, the posture is slightly hunched, suggesting a lack of core engagement or upward lift, which makes the movement appear heavier than it should be. Third, the arm placement is inconsistent, lacking the purposeful frame that would typically accompany such a turn, resulting in a somewhat disconnected upper body movement.

Skill Level: Novice",Novice,False
be64949d-750d-4272-a561-a6c7c2d5a6b9,uniandes_dance_002_13,Early Expert,"Observations: The individual is using a fisheye camera to film a 360-degree sweep of a studio environment. They maintain a relatively steady arm extension while rotating their body to capture the room, including the black backdrop, the lighting fixtures, and the people standing in the corner. The movement is rhythmic but lacks the professional, smooth stabilization typical of advanced videography, as evidenced by the slight shakes and varying rotation speeds.

Errors: The primary error is the lack of fluid, constant-velocity panning. The rotation is slightly jerky, and there are small pauses in the movement that prevent a seamless transition between frames. Additionally, the camera angle is held at a consistent height but wobbles slightly due to the lack of a gimbal or professional stabilization technique. The framing is functional but does not account for the extreme distortion of the fisheye lens, which could have been minimized by adjusting the tilt to keep the horizon more centered.

Skill Level: Intermediate Expert",Intermediate Expert,False
0c162693-cd79-4d37-9dd9-d1a6a5c653a3,uniandes_dance_020_28,Novice,"Observations: The individual is a dancer practicing in a studio setting. Throughout the video, they are repeatedly moving in and out of the frame while executing various hip-hop or commercial dance sequences. Their movements are characterized by sharp, isolated motions, rhythmic weight shifts, and fluid transitions between floor work and standing positions. They maintain a crouched, grounded center of gravity typical of urban dance styles.

Errors: There is a lack of fluidity in some of the transitions, particularly when moving between the floor and standing, suggesting the weight distribution is not fully optimized. In some segments, the limb extensions are slightly truncated, losing the full line intended for the choreography. The precision in the timing of the ""hits"" (locking movements) occasionally fluctuates, indicating that they are still internalizing the specific rhythm of the tracks being used.

Skill Level: Intermediate Expert",Intermediate Expert,False
94b7d4d2-0ddc-47d2-a88e-71193c2315cc,upenn_0629_Dance_2_2,Early Expert,"Observations: The person in the light-colored shirt is demonstrating a camera lighting setup. He starts by explaining the placement of a lighting stand, gesturing with his hands to indicate positioning, and then walks to the staircase to adjust equipment. He moves with a purposeful, deliberate pace, utilizing hand gestures (specifically pointing and open-palm motions) to communicate his intentions regarding the visual composition. He maintains a good awareness of the room's layout, efficiently moving between the central floor space and the peripheral equipment stations.

Errors: There are minor hesitations in his movement as he navigates the clutter of tripods and light stands, indicating he is not fully internalized with the specific arrangement of the gear in this workspace. At times, he blocks the line of sight for the camera by walking directly in front of the setup. His hand gestures, while expressive, are slightly imprecise in defining specific spatial boundaries, which could lead to minor misinterpretations of intended light placement.

Skill Level: Intermediate Expert",Intermediate Expert,False
8aef970a-22d8-4f21-94de-9737be02abd1,uniandes_dance_016_46,Novice,"Observations: The individual is performing basic dance steps while navigating the studio. They focus on shifting weight from foot to foot while transitioning between positions in the room. The movement is relatively simple, primarily walking to adjust position or changing posture to face the camera or the background banner. Their stance is somewhat casual and unrefined, lacking the fluidity or technical precision expected in a choreographed dance sequence.

Errors: There is a lack of engagement in the core and postural alignment. Their footsteps are heavy and lack the lightness required for proper dance technique. They appear distracted by the environment, looking at the camera or the surroundings rather than maintaining focus on their form or rhythm. There is no clear execution of technical dance steps (such as proper turnout, extension, or controlled transitions), and the movement lacks a sense of intentionality or flow.

Skill Level: Novice",Novice,True
4db61f0f-e35b-4ad8-bc3a-8d4a02094c19,uniandes_dance_019_7,Intermediate Expert,"Observations: The person is executing a series of dance movements, primarily focusing on arm extensions, fluid transitions, and a specific ""walking"" pattern. They frequently use their hands to trace the space around them, occasionally incorporating a spinning or pivoting motion while attempting to stay oriented toward the camera. The movement appears to be a rehearsal or a choreographed sequence involving reaching and rhythmic body shifts.

Errors: There is a notable lack of stability in the core and center of gravity during the turns. The arm movements are somewhat disconnected from the body, lacking the necessary tension (extension) to make the lines look sharp. The ""walking"" transitions are heavy, lacking the light, precise footwork required for the style. There is also frequent hesitation between movements, suggesting the choreography has not been fully internalized or automated.

Skill Level: Novice",Novice,False
a79d5151-c4f8-4b6e-9084-c563b317c4e8,uniandes_dance_021_29,Intermediate Expert,"Observations: The individual is practicing a dance routine in a studio setting, likely preparing for a performance. Their body position is generally upright, utilizing a fluid, contemporary style of movement. They employ arm extensions, sweeping motions, and rhythmic weight shifts to navigate the space. Their technique involves frequent pivots and turns, moving between different focal points in the room while maintaining a consistent engagement with the choreography. The person frequently uses their arms to frame their movements and uses the floor markers as a guide for their positioning.

Errors: Throughout the performance, there are several instances of slight instability during turns, indicated by minor wobbling and loss of center. Their arm movements, while expressive, occasionally lack precision in the terminal points of the gestures, causing the lines to appear somewhat ""soft"" rather than sharp. Additionally, their footwork appears slightly hesitant at times, leading to a lack of complete fluidity when transitioning between complex patterns. There is also a noticeable lack of head synchronization during the faster turns, which disrupts the continuity of the performance.

Skill Level: Intermediate Expert",Intermediate Expert,True
0d1c01f6-74c9-45b4-8ccd-8c64eb39a2f5,uniandes_dance_008_50,Intermediate Expert,"Observations: The person is performing a choreographed dance routine, likely a K-pop dance cover, in a studio setting. The perspective is from an overhead or wide-angle camera. The routine involves a mix of footwork, rhythmic arm movements, full-body pivots, and coordinated gestures. The dancer maintains a low center of gravity during transitions, uses their arms to accentuate the beats, and rotates their body to face different walls throughout the sequence. The execution includes a specific sequence of stepping on marked spots on the floor and transitioning through various poses.

Errors: There are noticeable imprecisions in timing and flow. Several transitions between movements appear slightly disjointed, with a lack of ""fluidity"" that indicates a full grasp of the choreographic transitions is still developing. There is a slight hesitation or ""reset"" period between sequences rather than a continuous, seamless flow of motion. Additionally, the extremity control (specifically in the hand gestures) lacks the sharpness and exactness seen in professional execution, suggesting that the muscle memory for this specific routine is not yet fully ingrained.

Skill Level: Intermediate Expert",Intermediate Expert,True
53d819a4-f540-44ed-8dcd-2260112fc54c,uniandes_dance_021_19,Intermediate Expert,"Observations: The person is performing a hip-hop dance routine, likely a choreography involving multiple position shifts around a studio. They use a broad range of motion, incorporating rhythmic footwork, arm gestures, and levels. Their body weight is generally well-distributed when executing turns and transitions between different areas of the room. They demonstrate an understanding of musicality, attempting to synchronize movements with the beat, and maintain a consistent flow between sequences.

Errors: There is a lack of precision in the ""sharpness"" or ""pop"" of certain movements; some transitions appear slightly fluid when they would benefit from more deliberate stops or accents. Their balance occasionally wavers during quick directional changes, suggesting a slight disconnect between their core stability and limb extension. Additionally, their facial expression and head movement are somewhat inconsistent, sometimes lagging behind the intensity of the lower-body movements.

Skill Level: Intermediate Expert",Intermediate Expert,True
fdaecdd1-2ef5-44d6-bc6c-26ff4a21c3d6,uniandes_dance_008_13,Late Expert,"Observations: The person is performing a martial arts kata or movement drill. They maintain a wide, low stance throughout the movements, utilizing sharp, rhythmic transitions. Their arms are extended with deliberate tension, and they incorporate rapid head turns to focus their gaze at the completion of each sequence. They frequently pivot or step between positions while keeping their core engaged.

Errors: The primary error is a lack of fluidity and ""snap"" in the techniques; the movements appear somewhat mechanical and unrefined, lacking the explosive power associated with advanced practice. Additionally, their footwork is slightly hesitant, leading to minor instability during the transitions, and their center of gravity shifts too much, which compromises the balance required for executing high-impact strikes.

Skill Level: Intermediate Expert",Intermediate Expert,False
27b3c35b-8799-4294-b4ff-dc33f52e0220,uniandes_dance_024_8,Novice,"Observations: The performer is practicing a dance routine in a studio setting. They appear to be performing a series of short, repetitive sequences, likely for a dance cover or instructional video, given the presence of a camera on a tripod and the use of the room as a recording space. Throughout the video, the individual transitions between various positions—seated, standing, and moving—often checking the camera or adjusting their position. When dancing, the movements involve basic rhythmic steps, weight shifts, and some arm gestures typical of modern or urban dance choreography. They frequently use their hand to signal or mark the start of segments for the camera.

Errors: The movement lacks fluidity and precision. There is a noticeable lack of tension in the upper body, resulting in ""lazy"" arm movements and unfocused hand positioning. The transitions between steps are hesitant, suggesting that the choreography is not fully internalized or that the performer is preoccupied with the technical aspects of filming (constantly checking the monitor/camera). There is inconsistent posture and a lack of clear extension, which makes the performance feel more like a rehearsal or a mark-through rather than a polished execution.

Skill Level: Novice",Novice,True
9235aa5a-d273-4932-be5f-b74ac82f5bcc,uniandes_dance_007_7,Intermediate Expert,"Observations: The individual is practicing a dynamic, repetitive flow movement, primarily focusing on spinning, pivoting, and arm-swinging sequences. They perform a series of quick rotations (360-degree pivots) combined with intentional arm movements that cross the torso and extend outward. The movement involves frequent changes in direction and focal point, suggesting a rhythmic exercise or a choreographed dance-like routine. The person keeps a relatively low center of gravity when spinning to maintain balance and uses quick, snappy arm motions.

Errors: Throughout the video, the individual demonstrates occasional instability, particularly during the rapid pivot turns where they struggle to maintain a perfectly vertical axis. Some of the arm extensions lack the fluidity and precision required for this style of movement, appearing slightly jerky or uncoordinated at times. Their transitions between sequences are occasionally sluggish or lack sufficient tension, causing a loss of momentum. Additionally, the footwork is sometimes hesitant during tighter spins, showing a lack of consistent, grounded contact with the floor.

Skill Level: Intermediate Expert",Intermediate Expert,True
97fff617-93c7-4d83-a13e-1ff5ab6fc79d,uniandes_dance_021_12,Late Expert,"Observations: The individual is performing a choreographed dance sequence in what appears to be a studio setting. Their movement involves rapid, rhythmic arm gestures, coordinated with dynamic spins and rotations. They maintain a relatively low center of gravity, with bent knees, allowing for agile footwork and quick weight transfers. Their hand movements are precise, often featuring sharp, staccato snaps, which are well-synchronized with the tempo of the (unheard) music. The transition between floor movements and upright dancing is fluid, demonstrating good core strength and spatial awareness.

Errors: The primary error is a lack of fluidity during the transition between the rapid spins and the sharp arm gestures; there is a momentary ""stutter"" in momentum as they reset for the next phrase. Additionally, when changing orientation, the foot placement is occasionally slightly heavy, which reduces the gracefulness of the turn. The arm angles during the snapping sequences are inconsistent, occasionally failing to lock at the desired shoulder-height position, which creates a slightly less unified visual line.

Skill Level: Intermediate Expert",Intermediate Expert,False
6af8d123-939a-410a-9d29-72687bd4dac5,uniandes_dance_013_15,Late Expert,"Observations: The individual is practicing a dance routine in a studio setting, utilizing a mix of arm movements, isolations, and rhythmic steps. They use rhythmic hand gestures, including hand waves, pointing, and fluid arm extensions that follow the tempo of the music. Their body posture is generally relaxed, with a focus on maintaining flow and coordination between their footwork and upper body motion. They are also scanning their environment and adjusting their positioning relative to the cameras and equipment in the room.

Errors: There are some imprecisions in the fluidity of the transitions; the performer occasionally pauses or hitches between segments, suggesting they are still processing the choreography mentally. The arm extensions lack full tension at the extremities, leading to a slightly ""loose"" appearance in the lines. Additionally, there are brief moments of hesitation or gaze-shifting toward the surroundings, which slightly breaks their focus and continuity of movement.

Skill Level: Intermediate Expert",Intermediate Expert,False
8fdcfd22-239e-44b9-90a7-f29588cb7d82,uniandes_dance_012_24,Intermediate Expert,"Observations: The individual is performing a series of hand-tracking or gesture-based exercises in a studio environment. They maintain a relatively stable stance while moving their arms and hands in front of the camera, likely testing sensor calibration or range of motion. Their movements are generally rhythmic, involving rhythmic waves and hand extensions to engage with the tracking system. They shift their focus between the camera feed/tracking area and the equipment setup to verify the efficacy of their movements.

Errors: There is a lack of fluidity and consistency in the hand-tracking movements. The individual pauses frequently to check the setup, suggesting they are struggling to maintain a constant tracking signal or are unsure of the required gesture parameters. Their arm movements are somewhat erratic, lacking the precision and controlled tempo required for professional-level calibration or performance, indicating difficulty in maintaining the ""sweet spot"" for the sensor.

Skill Level: Novice",Novice,False
5286fd37-f72e-42c5-bb9e-e09811887981,uniandes_dance_020_27,Novice,"Observations: The dancer is performing a series of hip-hop/commercial-style movements in a studio setting. They exhibit a consistent rhythm and attempt to integrate a ""groove"" into their body, focusing on weight shifts and torso isolations. The dancer uses a variety of footwork patterns and reaches, frequently alternating between different directions in the space. Their arms follow the beat, often using a ""pushing"" motion, and they maintain a relatively low center of gravity to keep the movement grounded.

Errors: There are noticeable issues with timing and control. The dancer frequently struggles with ""sharpness""; the movements often appear slightly mushy or unfinished, lacking the necessary snap at the peak of the motion. There is a lack of full extension in some of the arm reaches, which makes the movement appear smaller and less dynamic. Additionally, there is a lack of consistent core engagement, resulting in slightly shaky transitions when changing directions, and the head/neck placement feels disconnected from the body's momentum during the turns.

Skill Level: Intermediate Expert",Intermediate Expert,False
7992ceca-a566-4679-b116-6fc0b811b70f,upenn_0720_Dance_4_5,Early Expert,"Observations: The individual demonstrates a specialized, albeit unusual, movement pattern that combines elements of a static, grounded stance with controlled, sweeping arm gestures and deliberate rotational pivots. For the majority of the video, the person maintains a centered base, engaging in ""fanning"" motions with their arms while transitioning between two distinct lighting rigs. They demonstrate an understanding of spatial awareness and sequence, moving systematically from one camera setup to the other. Their body alignment remains upright, with focused gaze directed toward the camera equipment, indicating a task-oriented approach.

Errors: There is a notable lack of fluid, athletic transition between positions; the person exhibits a somewhat rigid posture during movement, appearing slightly mechanical rather than organic. The transitions between the lighting equipment and the camera setups are punctuated by moments of hesitation, suggesting an improvised or trial-and-error approach to the filming process. The person also displays repetitive, jerky hand movements that suggest an inconsistent rhythm in their interaction with the environment.

Skill Level: Intermediate Expert",Intermediate Expert,False
c5c271ee-08ad-4dd8-ac8c-417f830db685,uniandes_dance_019_20,Intermediate Expert,"Observations: The person is performing a hand-based movement exercise or dance rehearsal. They are standing in front of a black backdrop with white markings, likely used for motion capture or tracking. The person extends their hand toward the camera, making gestures, movements, and rotations of the wrist and fingers. They frequently check the camera/mirror to align their movements with the tracking markers on the backdrop. The camera position is stationary, creating a fisheye perspective, while the subject focuses on precise hand placements and spatial awareness relative to the screen.

Errors: There is a lack of fluidity in the hand transitions; the movements appear somewhat mechanical and hesitant as the person adjusts to the tracking field. There is also a lack of overall body engagement, as the focus is heavily isolated on the hand and wrist, leading to slight stiffness in the arm and shoulder. The subject spends a noticeable amount of time looking at the camera/screen to verify their positioning rather than maintaining a consistent, natural flow, which disrupts the rhythm of the performance.

Skill Level: Novice",Novice,False
26ca925c-845d-4419-ae37-93f28cb415e8,uniandes_dance_016_8,Early Expert,"Observations: The person is performing a hip-hop freestyle routine while being filmed from a low, fisheye perspective. Their movement consists of isolated pops, fluid waves, and rhythmic steps that transition between various spots in the studio. They make frequent use of arm extensions and shoulder rolls to accentuate the beat. They utilize space effectively, moving laterally and pivoting to engage with different areas of the room, often gesturing toward the camera or the surrounding space to maintain performance energy.

Errors: There are slight inconsistencies in the timing during the faster sequences; a few of the movements appear to ""lag"" slightly behind the musical count. Some transitions between freestyle moves are slightly hesitant, lacking the seamless flow that defines high-level mastery. Additionally, their posture dips slightly during faster, more complex footwork, which results in a loss of core stability and a momentary reduction in the crispness of their hits.

Skill Level: Intermediate Expert",Intermediate Expert,False
e10d385c-3b3f-4cc4-8e2d-2c5e7d986f42,uniandes_dance_020_34,Late Expert,"Observations: The individual is practicing a series of dance movements in a studio setting. The movement begins with a focus on lateral transitions, using a low-to-mid stance with knees bent to maintain a grounded center of gravity. There is a clear effort to incorporate head and shoulder isolations while shifting weight between the feet. The arms are used to frame the torso, with a focus on fluid transitions when changing directions. The person frequently glances at the floor markers to align their spatial placement within the designated performance area.

Errors: There is a notable inconsistency in the synchronization between the upper and lower body; while the legs are grounded, the arm movements sometimes appear detached from the rhythm of the footwork. The posture shows slight instability during the pivots, leading to a loss of poise momentarily. Additionally, there is a visible hesitation in the execution of the turns, resulting in ""stuttering"" transitions rather than fluid, continuous rotation.

Skill Level: Intermediate Expert",Intermediate Expert,False
24b8af0b-b50e-4ddb-8421-a23dab506580,uniandes_dance_013_22,Late Expert,"Observations: The individual is performing a series of turns and spins in a studio space. They are wearing a wristband and using their arms to generate momentum and stabilize their body during the rotational movements. The movement involves quick, repetitive pivots, with the person occasionally pointing or gesturing while moving. The perspective is from a head-mounted camera, showing the rapid panning of the room as they spin.

Errors: There is a lack of ""spotting"" (focusing eyes on a fixed point during turns), which causes the footage to be very shaky and prevents the individual from maintaining balance effectively. Their core engagement appears inconsistent, leading to slight wobbling at the end of rotations. The arm movements are sometimes erratic and do not always synchronize perfectly with the pivot timing, which disrupts the fluidity and kinetic chain of the turns.

Skill Level: Novice",Novice,False
04f0854f-7a61-4902-a5ea-cf9b9ff2785f,upenn_0706_Dance_4_3,Early Expert,"Observations: The person is performing a standard 360-degree camera tripod setup procedure, commonly used in professional virtual tour or video production. They are methodically orbiting the tripod, ensuring they remain out of the camera's field of view by keeping their body low or behind the tripod's blind spots. The person uses their hand to gesture, likely indicating the path of travel or checking camera coverage. They maintain a consistent pace, moving in small, controlled steps to avoid rapid panning or motion blur during the capture process.

Errors: Throughout the video, the camera operator is frequently visible in the peripheral vision or reflections. While the ""fish-eye"" or wide-angle lens makes it difficult to stay completely hidden, the operator occasionally moves too close to the tripod, which would result in stitching errors or ""ghosting"" in the final 360 output. Additionally, the camera tilt is inconsistent, and there are moments where they move too quickly, which can cause frame blur in lower-light conditions like this interior room.

Skill Level: Intermediate Expert",Intermediate Expert,False
7e4cdc23-31d4-4449-b6a1-1100985cfcb1,uniandes_dance_012_19,Intermediate Expert,"Observations: The individual is performing a series of hand-movement gestures, likely practicing for a presentation, acting, or a rhythmic coordination exercise. They are positioned in front of a setup of black curtains, often waving or signaling with their hands, and occasionally shifting their posture. The movements involve reaching, swaying, and hand signaling toward the camera.

Errors: The movements lack flow and precision. The timing of the gestures appears disjointed from any consistent rhythm or narrative. There is an issue with body orientation, as the performer frequently loses center, and the hand motions are somewhat stiff, lacking the fluid control seen in more advanced practitioners. Additionally, the individual appears to be adjusting their position frequently rather than maintaining a stable base, which detracts from the professional quality of the performance.

Skill Level: Novice",Novice,False
6d348ad5-d8f5-47f3-93c4-c2252910d310,uniandes_dance_002_24,Early Expert,"Observations: The person is standing in the center of the room, executing a series of coordinated hand and arm movements, likely following a structured choreography or sequence. Their movements involve fluid motions, rhythmic gestures, and shifts in body orientation. They occasionally point toward the room's features or adjust their body to face different walls. They are wearing wearable sensors on their wrists, indicating this may be part of a motion-capture or interactive technology session. Their posture remains relatively upright with a controlled center of gravity throughout the movements.

Errors: There is a lack of sharpness and deliberate ""locking"" at the end of specific gestures. Some transitions between arm movements appear slightly hesitant or loose, suggesting a lack of muscle memory or full internalization of the sequence. The synchronization between the hand gestures and the lower body/torso shifts is inconsistent, leading to moments where the flow of movement feels somewhat disjointed rather than continuous.

Skill Level: Intermediate Expert",Intermediate Expert,False
98ca3100-848b-4267-be0b-3c53c301cd96,uniandes_dance_020_22,Novice,"Observations: The person is performing a hip-hop/urban dance routine, primarily focusing on fluid upper-body isolations, waves, and arm transitions. They demonstrate consistent rhythmic movement with the music. Their body position is generally centered, using a slightly low center of gravity to maintain balance during the transitions. The arm movements are deliberate, showing a clear intention to execute popping/locking techniques.

Errors: There are noticeable imprecisions in the crispness of the pops; some movements appear slightly ""soft"" or blurry, lacking the sharp muscular contraction needed for high-level popping. The timing on certain quick transitions is slightly off-beat, particularly when transitioning between lower-body and upper-body focus. Additionally, the fluid waves lack full extension in the elbows and wrists, which limits the visual impact of the motion.

Skill Level: Intermediate Expert",Intermediate Expert,False
ad71e6d3-b828-4dbf-8853-18f5fcc59768,uniandes_dance_019_6,Intermediate Expert,"Observations: The video shows a person performing a short, rapid contemporary or expressive dance routine, characterized by fluid, wave-like movements and sharp arm extensions. The dancer executes a series of arm rolls, hand isolations, and torso undulations that suggest a focus on fluidity and control. The body position is dynamic, transitioning between grounded postures and extended, reach-based movements. The technique relies heavily on the ""flow"" of movement starting from the core and radiating through the extremities, utilizing rapid hand gestures to accent the musical rhythm.

Errors: There are some imprecisions in the ""framing"" of the movements; while the upper body is expressive, the lower body remains relatively static, which limits the overall visual impact of the choreography. The hand movements, while quick, occasionally appear slightly tentative, lacking the full ""pop"" or sustained tension required for absolute technical precision. There is also a lack of full-body engagement in some of the sequences, where the hips and legs do not fully echo the intensity of the arm and hand lines, resulting in a slight imbalance in the performance energy.

Skill Level: Intermediate Expert",Intermediate Expert,True
03d2dc5b-24fa-4190-8392-587fbdf31785,upenn_0720_Dance_3_7,Early Expert,"Observations: The person is standing in a large lobby and is filming with a 360-degree camera on a tripod. Throughout the video, they move around the tripod to adjust settings or capture different angles. Their posture is casual; they frequently check their phone while interacting with the equipment. They walk back and forth across the space, periodically stopping to make minor adjustments to the camera's orientation or position, sometimes using their hand to shield the lens or check focus. They maintain a relaxed, somewhat informal stance, not demonstrating any specialized cinematography techniques beyond basic tripod setup and framing adjustments.

Errors: The primary errors include poor camera awareness and framing control. The subject repeatedly steps directly in front of the camera, obscuring the shot, and walks within the 360-degree field of view during the recording, which is a significant mistake when aiming for clean footage. The movements are erratic and lack the deliberate, steady pacing required for professional scene capture. There is no evidence of using a remote trigger, forcing the operator to enter the scene repeatedly.

Skill Level: Novice",Novice,False
be4e32c4-1537-44bc-9f66-5d61098c08dd,uniandes_dance_024_7,Novice,"Observations: The individual is a hand-filming videographer, likely at a dance studio, using a circular fisheye lens. The camera movement is erratic, characterized by frequent, rapid panning (spinning) across the room between the dance floor, the backdrop, and the seating area. The operator is not performing dance movements but is actively documenting the environment, checking the frame, and adjusting to the movement of others in the space.

Errors: The primary error is the extreme instability of the camera work. The rapid spinning motions make the footage difficult to track, suggesting a lack of steadycam usage or professional stabilization technique. The perspective is frequently lost, and the constant panning prevents the audience from establishing a coherent view of the subject or the environment.

Skill Level: Novice",Novice,True
7ab10395-024c-4fe4-994d-c7f57a42b354,upenn_0727_Partner_Dance_2_1_4,Late Expert,"Observations: The individual is performing a casual, unstructured dance in a social, informal setting. They utilize free-form movements, including rhythmic swaying, occasional spins, improvised hand and arm gestures, and simple footwork. Much of the interaction involves ""partner"" dancing with the camera operator, characterized by holding hands, spinning, and moving in tandem. The focus is on expressiveness and maintaining rhythm with the music rather than adherence to a specific dance discipline.

Errors: There is a lack of technical form or standardized dance vocabulary. The movements are inconsistent, lacking a defined center of gravity, controlled posture, or precise foot placement. The coordination between the arms and lower body is loose, often resulting in unpolished transitions. These are not technical ""errors"" in the context of freestyle social dancing, but they indicate a lack of formal training or proficiency in structured dance styles.

Skill Level: Novice",Novice,False
e0ee6d25-73ea-4301-900d-c40a4d1e82dc,upenn_0720_Dance_3_11,Early Expert,"Observations: The person is performing a camera setup in a large, dimly lit lobby. They start by walking towards the center of the room to adjust or move a tripod. Their body mechanics are functional but somewhat informal; they walk with a relaxed, slightly slouching posture. When interacting with the equipment, they use a standard gripping technique to adjust the tripod legs and camera orientation, leaning over to check the viewfinder or settings. Their movements are deliberate but lack the fluidity or mechanical efficiency of someone who has mastered professional camera setup workflows.

Errors: There are several minor imprecisions in their technique. The individual exhibits unnecessary, repetitive pacing and seems slightly indecisive about the specific placement of the equipment. They walk back and forth multiple times, suggesting a lack of a pre-planned spatial strategy for the tripod positioning. Furthermore, their posture when adjusting the camera is somewhat hunched, which can lead to instability if they are not careful, rather than utilizing a more grounded, balanced stance to ensure the tripod remains level.

Skill Level: Novice",Novice,False
a34204b4-1ebb-4cec-a338-f4e543669820,uniandes_dance_012_25,Intermediate Expert,"Observations: The individual is practicing a dance or choreographic routine in a studio space. They are performing several turns (pivots and rotations) while moving through the floor space, utilizing arm gestures and leg extensions to transition between spots marked on the floor. The movement involves weight shifts and maintaining a specific orientation relative to the camera tripods set up around the room.

Errors: The movement lacks fluidity and controlled momentum, particularly during the turns, where the individual shows slight instability and hesitance. The transitions between the floor markings are disconnected, indicating a struggle to link the movements into a cohesive sequence. The arm movements appear unrefined and lack the sharp articulation required for technical precision, often appearing as ""marking"" the choreography rather than executing it with full intention. Furthermore, there is a noticeable lack of core engagement, leading to a shaky finish on rotations.

Skill Level: Novice",Novice,False
3f508ce8-ba11-49d3-848c-ccd8c8b52c3d,upenn_0730_Dance_2_5,Late Expert,"Observations: The person is performing a standard ""pirouette"" or turn exercise, often seen in dance training. They start with a preparatory stance (tendu or open fourth position), execute a plie, and then rise onto the balls of the feet (relevé) while bringing the working leg into a passe/retiré position. They maintain a focus point (spotting) to keep their head in a relatively stable position during the rotation. Throughout the video, they practice multiple iterations of this, focusing on the transition from the prep into the turn.

Errors: There are several technical issues consistent with early development. First, the balance is unstable; the person often leans off-center or ""breaks"" at the hips, causing them to step out of the turn immediately rather than holding the relevé. Second, the ""spotting"" technique is inconsistent; the head movement is somewhat erratic, which disrupts the body's center of gravity. Third, the working leg (retiré) does not consistently reach the correct height or stay fully turned out, often sliding down the standing leg. Finally, they lack the necessary core engagement to maintain the vertical axis required for a clean, sustained rotation.

Skill Level: Novice",Novice,False
6b3a51f3-973e-44de-b300-ed1c25bc82d3,uniandes_dance_008_8,Late Expert,"Observations: The individual in the video is practicing a technique involving rapid, repetitive hand and wrist movements, often associated with finger tutting or a specialized form of light-show/flow art. The performer keeps their torso relatively stable while extending their arms into the frame. They use rhythmic, sharp movements to articulate their fingers and hands, frequently changing positions to follow a beat or internal tempo. The performer's gaze is often directed toward the camera or the action, and they demonstrate a decent grasp of isolations and transitions.

Errors: The performance suffers from a lack of fluidity and occasionally ""muddy"" transitions between shapes. There are instances where the finger positioning is imprecise, leading to a loss of the intended geometric effect. The pace is inconsistent; the performer tends to rush certain sequences, resulting in blurred hand shapes that lack the crispness required for high-level tutting or flow work. Additionally, the arm framing is inconsistent, causing the performance to feel off-center at times.

Skill Level: Intermediate Expert",Intermediate Expert,False
5c4e796b-cb0b-4a72-b7ed-ad0dcc6aec1c,uniandes_dance_019_58,Late Expert,"Observations: The individual is performing a dance sequence, utilizing a fisheye-lens POV perspective. The movement involves a mix of footwork, torso rotations, and arm extensions that follow the rhythm of the music. They transition between different zones of the studio, moving from the area with black partitions to a backdrop labeled ""Lê Danza."" The technique relies heavily on improvisational floor movement and dynamic changes in orientation to frame the camera.

Errors: There are noticeable lapses in core stability, leading to ""shaky"" transitions during rapid changes in direction. The fluidity of the transitions is occasionally interrupted by slight hesitations where the dancer appears to be recalibrating their pathing or camera framing. There is also an inconsistent use of floor space, with some movements feeling cramped against the partitions rather than fully utilizing the studio's open area.

Skill Level: Intermediate Expert",Intermediate Expert,False
b0f9aa8b-0632-44a1-a6ab-8d698208169c,uniandes_dance_011_29,Late Expert,"Observations: The person is performing a standard ballet-style pirouette preparation and execution. They start in a proper fourth position, utilizing a focused spotting technique for their head. The arms are held in a solid first position throughout the turn. The body remains upright with a vertical alignment, and they utilize a ""plié"" to generate the necessary momentum for the rotation.

Errors: There is a notable lack of stability in the supporting leg, causing the person to lose their balance upon landing. The arms drop slightly and lose their firm first position halfway through the rotation, which compromises the center of gravity. Additionally, the spotting is slightly inconsistent in speed, which results in a slight ""wobble"" in the upper torso during the second turn.

Skill Level: Intermediate Expert",Intermediate Expert,False
95bcacb6-e524-4aa8-91f3-22b12898779d,uniandes_dance_016_45,Novice,"Observations: The person is performing a hip-hop/urban dance routine, primarily focusing on upper-body isolations and hand gestures. They utilize arm waves, chest pops, and intricate finger movements (tutt-like structures). Throughout the performance, the dancer maintains a consistent level and utilizes clear, crisp transitions between movements. They emphasize rhythm and musicality, reacting to specific beats in the music with sharp arm extensions.

Errors: There is a lack of fluidity in the transition from the center-stage position back to the recording device. While the isolations are precise, some of the lower-body movements lack complete engagement or grounding, which slightly diminishes the overall power of the performance. The arm movements are occasionally slightly rushed, causing the dancer to lose a fraction of the musical sync on the transitions.

Skill Level: Intermediate Expert",Intermediate Expert,False
841d97d5-8a6b-4221-adea-5fa1aa3e9707,uniandes_dance_011_43,Early Expert,"Observations: The practitioner is wearing tracking markers on their wrists and is performing a series of dance or movement sequences in a studio setting. They utilize full-body movements, including arm extensions, turns, and rhythmic footwork. The camera follows their perspective, showing them facing a black curtain backdrop and occasionally rotating to observe the rest of the room. The movements are choreographed, involving specific arm gestures (reaching and pushing) and synchronized body rotations.

Errors: Throughout the sequence, the person's transitions between movements appear slightly stiff, particularly during the pivots and arm extensions. There is a lack of fluidity and ""polish"" in the execution of the arm movements—the timing is a bit off-beat at points, and the extension in the arms is not fully sharp or controlled, leading to a somewhat loose appearance in the extremities. The footwork also occasionally lacks the precision required for high-level technical execution, as there is some minor instability when balancing during the rotations.

Skill Level: Intermediate Expert",Intermediate Expert,False
5b5a6017-4b2e-4529-a348-84bc64d1d3c3,upenn_0727_Partner_Dance_2_2_4,Early Expert,"Observations: The individual is practicing basic ballroom dance steps, likely a variant of a dance hold (close position) and simple walking patterns/turns. Their body position is characterized by a relaxed, slightly hunched posture, lacking a strong, engaged core or frame. When leading, their arm movements are somewhat jerky, and the connection (hold) is inconsistent, fluctuating between a loose hand-to-hand hold and an occasional embrace. They demonstrate decent timing with the rhythmic movement but are not fully synchronized with the partner's weight changes.

Errors: The primary errors include a lack of consistent ""frame,"" which is essential for leading and following. Their weight distribution is flat-footed, missing the subtle shift onto the balls of the feet necessary for fluid movement. There is excessive use of the arms to force the partner's movement rather than using core rotation and body weight. Additionally, their footwork is slightly unrefined, lacking the smooth glide or clean step patterns typical of structured partner dancing.

Skill Level: Novice",Novice,False
b0f43b31-88d6-4173-bc98-543c8f8d938d,uniandes_dance_016_44,Novice,"Observations: The person stands facing a black backdrop, beginning with a brief period of orientation and hand gesturing to assess the space and camera framing. They perform a series of movements that appear to be part of a dance or performance sequence. They use a mix of arm extensions, fluid wrist movements, and occasional shifts in weight, likely practicing for a motion capture or recording session. Their movements are deliberate, and they periodically adjust their stance to align with the camera's view of the backdrop, which is marked with tape.

Errors: The primary errors stem from a lack of fluidity and hesitation during transitions between dance steps. The person frequently breaks focus to check their own position within the frame, which disrupts the rhythm of the performance. There is also inconsistency in the range of motion during the arm extensions, suggesting they are still in the process of internalizing the choreography rather than performing it as a seamless, rehearsed routine.

Skill Level: Novice",Novice,True
6e4400c5-0bd9-454f-97d4-4fe35fe31682,uniandes_dance_022_9,Novice,"Observations: The individual performs a series of movements that appear to be part of an audition or a dance rehearsal process. The person moves through different designated spots on the floor, marked by circular stickers. Their technique involves walking between positions, gesturing with their hands, and aligning themselves with the spatial constraints of the room (the black partitions and the backdrop). They occasionally look toward the camera/audience setup, suggesting they are adjusting their positioning for a recording or a performance evaluation. The movement is functional and directed rather than highly stylized or technical dance performance, focused primarily on spatial orientation.

Errors: The movement is characterized by hesitation and frequent checking of floor markers, indicating a lack of comfort or familiarity with the routine or space. There is a lack of fluidity and confidence in the transitions; the individual exhibits some instability when moving between spots, suggesting they are still processing the choreography rather than executing it with muscle memory. The posture is somewhat tentative, lacking the full body extension or command of space expected in professional-level performances.

Skill Level: Novice",Novice,True
1e31765b-d0e0-4317-a361-2e81613a5c61,uniandes_dance_021_20,Intermediate Expert,"Observations: The individual is performing tap dance movements, specifically focusing on basic steps like shuffles, ball changes, and rhythmic footwork. The camera perspective is first-person, showing the dancer's legs and feet against a backdrop of a dance studio with black partitions and a ""Le Danza"" banner. The dancer utilizes a variety of weight shifts and rhythmic combinations, often transitioning between different floor markers. The posture is relatively upright, though the camera angle makes it difficult to assess spinal alignment perfectly. The rhythm is generally consistent with the auditory cues.

Errors: There are noticeable lapses in rhythmic precision, particularly during transitions between complex patterns where the tempo seems to drag slightly. The articulation of the ""brush"" or ""shuffle"" sounds lacks the crispness associated with a higher level of proficiency; at times, the sounds are muffled, suggesting an incomplete contact with the floor or imprecise weight distribution. Additionally, some ball changes exhibit instability, indicating a lack of core engagement or insufficient ankle strength to stabilize the landing.

Skill Level: Intermediate Expert",Intermediate Expert,True
3cffe89e-da73-4297-808a-d185d49959f1,uniandes_dance_022_48,Late Expert,"Observations: The dancer is performing a series of spinning transitions and arm gestures in a dance studio setting. The movement involves rotating the torso and using the arms to frame the space and emphasize the transitions between different sections of the setup. They frequently utilize a sweeping arm motion to navigate or ""clear"" the space, maintaining a consistent rhythmic focus throughout the exercise.

Errors: The primary issue is a lack of fluidity and core engagement; the weight shifts appear heavy, causing the dancer to lose stability periodically, particularly during the faster rotations. There is also a lack of precision in the arm placements, where the extension of the limbs lacks the tension needed for a polished look. Some of the turns are slightly off-axis, leading to a visible lack of control at the end of the rotation.

Skill Level: Novice",Novice,False
f1415a2f-c967-450e-bc9a-53a49abdd5e5,uniandes_dance_008_38,Late Expert,"Observations: The person is practicing an acrobatic movement, specifically a butterfly kick (or a variant of a jump spin). They approach the center of the room, perform a setup with a slight lean, launch into a horizontal jump while extending one leg, and attempt a 360-degree rotation in the air. The arms are used to generate momentum and maintain balance, and the landing involves stabilizing the weight on their feet. The person performs this move multiple times throughout the video.

Errors: There is a lack of sufficient height and explosive power in the initial jump, which causes the rotation to feel somewhat rushed or forced. The landing is often unbalanced, with the person stumbling or needing to take extra steps to regain composure. The extension of the kicking leg is inconsistent in terms of height and form, showing a lack of full extension or control in the air. Furthermore, the head position is sometimes inconsistent, leading to a loss of focus and balance during the execution.

Skill Level: Intermediate Expert",Intermediate Expert,False
3a327064-721f-4571-a510-29de32f82342,uniandes_dance_013_8,Early Expert,"Observations: The individual is practicing a dance or choreographed movement, frequently using their arms and hands to gesture while moving around the room. They walk between marked positions on the floor, occasionally stopping to adjust their stance or perform specific arm motions. The movements involve a combination of walking patterns, shifting weight, and rhythmic arm swings, often punctuated by glances toward the mirrored wall or the surroundings. They use wristbands, likely to provide visual contrast for motion tracking or dance precision.

Errors: The performer shows inconsistency in the fluidity of their transitions. There is a noticeable lack of deliberate posture, with the upper body often appearing slightly slouchy or disconnected from the lower body movements. During the walking sequences, the weight distribution is sometimes uneven, leading to minor imbalances that break the continuity of the choreography. The hand gestures lack sharp finish points, appearing somewhat tentative or ""soft"" rather than crisp and intentional.

Skill Level: Intermediate Expert",Intermediate Expert,False
f809a447-5414-4539-8bfd-2f6baa32dc1c,uniandes_dance_021_53,Early Expert,"Observations: The person is performing a variety of dance movements, frequently using their arms and hands to gesture across the space. The choreography involves shifting between different facing directions, rotating the torso, and utilizing arm extensions, swipes, and framing motions. The dancer maintains a low, grounded posture at times, incorporating fluid upper-body transitions and deliberate hand placements. The movement quality is experimental and performance-oriented, focusing on expressive gestures and spatial orientation within the dance studio.

Errors: There is a lack of fluidity in the transitions between some arm movements, making them appear somewhat hesitant or stiff. The synchronization between the hand gestures and the lower body lacks complete cohesion, leading to a slightly fragmented aesthetic. Additionally, some reaches and extensions are not fully committed, causing a loss of tension and line. Some movements, particularly during rapid direction changes, lack the necessary balance and control to make them appear sharp and deliberate.

Skill Level: Intermediate Expert",Intermediate Expert,False
a20971f0-7778-436f-a3de-ffbc64d59b06,uniandes_dance_017_5,Novice,"Observations: The person is performing a freestyle dance routine in a studio with a wide-angle (fisheye) lens. The movement consists of varied upper-body gestures, including fluid hand and arm articulations, combined with rhythmic footwork, pivots, and some abrupt transitions between different levels. They make frequent use of the space, moving around the camera and changing focus points. The technique relies heavily on isolations, wavy movements, and syncopated rhythmic hits that align with the (inferred) music.

Errors: There are occasional inconsistencies in the fluidity of transitions between arm isolations and footwork. Some movements appear slightly rushed when changing direction or resetting, leading to a minor loss of balance or stability in the flow of the routine. The person also spends a portion of the time adjusting their stance or orientation, which creates momentary breaks in the otherwise continuous performance.

Skill Level: Intermediate Expert",Intermediate Expert,False
6eba8ef2-4d47-4d63-a864-e4dc64f8231b,uniandes_dance_021_5,Late Expert,"Observations: The dancer is performing a series of hip-hop or street dance movements, incorporating elements of krumping or freestyle flow. They utilize a fisheye perspective, frequently moving the camera to emphasize rapid directional changes. Their body position varies from upright, energetic poses to rhythmic swaying. The technique involves a mix of isolations and sharp, sudden transitions. The dancer uses hand gestures to punctuate the beat and interacts with the space by moving around black partition screens.

Errors: The performance lacks consistency in posture; there is significant ""upper body collapse"" during rapid transitions, which compromises the clarity of the movements. The coordination between the upper and lower body is occasionally disjointed, particularly during the transition between the floor-level movements and the standing sequences. There is also an over-reliance on shaky, erratic camera movement to mask the lack of precision in footwork, making it difficult to discern the technicality of the steps.

Skill Level: Intermediate Expert",Intermediate Expert,False
0f2b6d29-7921-402f-9a5b-59dd9a15f515,uniandes_dance_012_28,Late Expert,"Observations: The person is recording a video using a wide-angle camera setup in an indoor studio space. They are demonstrating how to orient the camera by physically pointing at a ceiling-mounted rig and scanning the environment. They move around the room to show the various setups, including tripods, black partitions, and seating areas. Their movements are purposeful, intended to frame the space for a multi-camera production or filming setup, and they use their arm to point out specific equipment (like the overhead camera) to the viewer.

Errors: The camera work is somewhat erratic, characteristic of a handheld 360 or wide-angle action camera, which makes the footage feel disjointed and occasionally disorienting. There is a lack of smooth transitions between the different sections of the room. The individual's movements are functional rather than professional or polished, lacking the steadiness required for a high-quality ""walkthrough"" video.

Skill Level: Novice",Novice,False
88f21f26-5c09-485c-9e63-a096acf58336,uniandes_dance_016_12,Early Expert,"Observations: The individual, captured via a fisheye lens, is filming themselves or demonstrating setup in a studio environment. Their body position is fluid but lacks the deliberate, controlled framing characteristic of a professional videographer. Throughout the video, they move rapidly between different areas of the room, using quick panning motions to show the equipment, the black backdrop, and the people seated off to the side. Their hand gestures are used to point at setup components, and they frequently rotate their torso to capture different angles of the room.

Errors: The movement is characterized by excessive shakiness and rapid, disorienting pans. There is a lack of stability in the shot, as the camerawork is jerky and lacks smooth transitions between the key subjects (the backdrop and the crew). The framing is often centered poorly, and the erratic pacing prevents a clear or professional documentation of the studio space. The camera operator frequently loses focus on the intended subject due to overly wide and fast rotation.

Skill Level: Novice",Novice,False
3abfad56-574e-41ad-abb1-6a002c69a5c7,uniandes_dance_024_17,Early Expert,"Observations: The video features a person (presumably a dance instructor or choreographer) standing in front of a dark curtain backdrop. The person is filmed from a first-person or subjective camera perspective, frequently gesturing toward a group of dancers or the studio setup. Their movements are communicative and instructional, using hand signals to cue choreography or direct the flow of the rehearsal. They appear comfortable in the space, frequently moving to adjust lighting or camera positioning while interacting with the group.

Errors: As the video shows the instructor's perspective rather than a formal dance performance, specific technical dance errors are not applicable. However, there is a lack of fluid motion or distinct choreographic sequences; the movement is primarily utilitarian and navigational within the studio environment. The camera work is somewhat erratic due to the fisheye lens and constant movement, which obscures a clear analysis of sustained technique.

Skill Level: Intermediate Expert",Intermediate Expert,False
cbc710de-4393-470d-91bd-f6af9f09f7c4,uniandes_dance_022_7,Novice,"Observations: The individual is practicing a dance routine in a studio setting. Their body position is generally upright with a focus on rhythmic movement, involving footwork and arm gestures consistent with a contemporary or urban dance style. They are moving across the space, utilizing the room's layout, and attempting to synchronize their upper and lower body movements with the rhythm.

Errors: There is a notable lack of fluidity in the transition between steps, suggesting a disconnect between the choreography's intended flow and their execution. The arm movements are occasionally stiff or lack the necessary tension to make the gestures appear intentional and sharp. Additionally, their center of gravity fluctuates inconsistently, leading to some instability in the turns and directional shifts, which affects the overall impact of the performance.

Skill Level: Novice",Novice,True
24437400-1478-4239-8f4d-788d88568a9e,uniandes_dance_021_23,Intermediate Expert,"Observations: The dancer is performing a series of improvised movements and rhythmic gestures in a studio setting. They use a wide variety of body isolations, fluid arm waves, and directional shifts. The technique shows a good understanding of spatial awareness and transitions between stationary poses and fluid motion. The dancer emphasizes sharp stops (hitting beats) and consistent engagement with the rhythm of the unseen music, using their hands and torso to frame their movements.

Errors: Throughout the improvisation, there are moments where the footwork appears slightly ungrounded, leading to minor imbalances during rapid directional changes. The transitions between certain movements lack complete fluidity, resulting in slight ""jarring"" pauses. Additionally, the arm movements, while expressive, occasionally lack the full extension required for clean lines, and there is a lack of consistent core tension which prevents some of the more complex isolations from appearing perfectly crisp.

Skill Level: Intermediate Expert",Intermediate Expert,True
d351ce4f-6cd3-45f3-8514-77c1eb3adffa,uniandes_dance_011_16,Intermediate Expert,"Observations: The person is performing a standard ballet-style step-turn sequence in a practice studio. They begin by standing on a floor marker, initiating a walk or preparation step forward, followed by a pivot turn (chaîné-style) to rotate their body toward the rear/side of the room. Their arms are kept somewhat relaxed but generally at the sides or in a low first position. The camera is head-mounted, capturing the footwork and floor markers as they navigate from one marker to another. The movement is rhythmic but lacks the extension and fluidity associated with professional training.

Errors: There is a lack of ""spotting"" (keeping the head oriented while the body turns), which causes the footage to lose focus and creates a disoriented rotation. The arms are not actively engaged in the movement, leading to a loss of momentum and balance. The steps are somewhat heavy, lacking the light, lifted quality required for turns. The transition between the walking steps and the pivot is not seamless, leading to a staccato rhythm rather than a fluid rotation.

Skill Level: Novice",Novice,False
ee8eed89-5348-4a6a-8eb3-f9fc80fad1ea,uniandes_dance_019_18,Intermediate Expert,"Observations: The individual is practicing a dance or performance sequence. They stand facing a black-clothed partition, often extending their right arm to point, gesture, or mark specific cues in front of the camera. The movement is rhythmic and repetitive, involving small shifts in weight, hand gestures, and occasional turns or glances toward the audience/camera set up to the left. The person maintains a consistent center point, frequently returning to the same spot after small movements.

Errors: The movement lacks fluidity and precision in the arms; the hand gestures appear hesitant and somewhat disconnected from the overall body flow. There is a lack of full-body engagement, as the core and lower body remain largely static while the focus is primarily on arm placement. The timing appears slightly off-tempo relative to the mental rhythm being followed, and there is visible inconsistency in the height and angle of the arm extensions.

Skill Level: Novice",Novice,False
1e5e4324-4624-468a-9ec0-679f4be6da72,uniandes_dance_017_36,Early Expert,"Observations: The person is performing a solo dance routine in a studio setting. Their body position primarily involves a series of rhythmic arm movements and hand gestures, emphasizing fluidity and isolation of the upper body. They utilize a mix of circular motions, sharp extensions, and controlled retraction. Their stance is somewhat grounded, with their center of gravity shifting slightly to accommodate the flow of the movements. They are performing for a small audience/camera crew and demonstrate good spatial awareness of their environment.

Errors: There is a lack of full-body engagement; while the arm movements are clear, the transition between movements is occasionally slightly stiff, lacking the fluid connection between the torso and the limbs. The movements are somewhat repetitive and could benefit from more dynamic contrast in speed and intensity. Additionally, there are minor inconsistencies in the ""reach"" and completion of the hand gestures, suggesting a slight lack of precision in the final extension of the fingers.

Skill Level: Intermediate Expert",Intermediate Expert,False
96f28cc0-fa8c-4502-afff-092aee3a875b,uniandes_dance_012_22,Intermediate Expert,"Observations: The individual is performing a seated dance sequence, primarily focusing on hand, arm, and upper torso movements. They are seated in a chair and execute a series of rhythmic hand gestures, waves, and pops in synchronization with the music. Their focus is on fluid transitions between the upper body movements, utilizing a steady, controlled pace.

Errors: Throughout the performance, the timing of the arm extensions occasionally lags slightly behind the beat. There is also a lack of full extension in certain arm movements, which causes the choreography to look somewhat contained rather than expressive. Additionally, the hand styling is occasionally inconsistent, with some fingers appearing tense rather than fluid.

Skill Level: Intermediate Expert",Intermediate Expert,True
a49424bb-676f-471c-8152-6a0b1b5bb6e6,uniandes_dance_012_29,Late Expert,"Observations: The person is performing a camera calibration process for a 360-degree setup. They are standing in a central space and rotating the camera (or moving around it) while panning the view to capture different angles of the room, including the floor markers and the black curtain backdrop. The movement involves rotating their body to survey the area, pointing at various tripods and markers to ensure coverage. They frequently return to a neutral standing posture between movements to orient the camera's perspective.

Errors: The movement is somewhat erratic and lacks a systematic, rhythmic scanning pattern. There is a noticeable ""wobble"" in the camera orientation, likely due to handheld operation without a stabilizer or gimbal. The person hesitates, frequently changing the direction of the pan, which would make the post-processing or stitching of the footage more difficult. The framing is inconsistent, often shifting abruptly from the floor to the ceiling, which disrupts the continuity of the visual data.

Skill Level: Novice",Novice,False
09d78f26-514a-43c2-a55e-d9b17d5e1a32,upenn_0706_Dance_1_7,Early Expert,"Observations: The individual is practicing a spinning technique, specifically focusing on building momentum and body alignment while holding a pole for balance. Throughout the video, they perform multiple sets of spins, focusing on their pivot points, arm positioning, and gaze. They are working in a large room with two other individuals observing and filming the process. The person uses the pole to maintain stability while shifting their weight and rotating, gradually increasing the duration and speed of the spins. They intermittently stop to check their progress, adjust their stance, and listen to feedback from the others.

Errors: The primary errors include inconsistent footwork, where the pivot is occasionally staggered rather than smooth, and a lack of complete core engagement, which causes them to slightly lose balance during the completion of the rotation. Their arm placement is often rigid, which restricts the fluidity of the spin, and there is visible head lag, meaning they are not spotting effectively to maintain orientation during the rapid turn.

Skill Level: Novice",Novice,False
989d5e04-bb58-4db9-9d58-9639adc4cd43,upenn_0730_Dance_1_4,Intermediate Expert,"Observations: The user is holding a 3D scanner and moving around a room to capture its layout. They keep the scanner at a relatively constant height, walking steadily around the furniture and equipment. Throughout the video, they maintain a focus on specific objects (like the whiteboard, desks, and chairs) while moving in a generally circular or perimeter-based path to gather data. Their hand and arm movements are fairly controlled, and they periodically use their free hand to signal or adjust their position.

Errors: The primary error is the inconsistency in scanning speed and camera stability. At times, the user moves a bit too quickly, which could lead to motion blur in a scan. Additionally, they sometimes cross their own path or linger on non-essential areas while neglecting to fully close the loop on certain geometric features, which can lead to alignment issues in the final 3D model. There is also a lack of systematic, overlapping coverage in some of the corner areas, which could result in ""holes"" in the point cloud.

Skill Level: Intermediate Expert",Intermediate Expert,True
62d2aac8-8afb-4193-830f-8d156bedf232,upenn_0720_Dance_3_13,Early Expert,"Observations: The person is performing a standard photogrammetry workflow, likely setting up or adjusting equipment. They move between a camera mounted on a tripod and a separate light source on a stand. Their body position is functional, typically involving bending at the waist and knees to adjust tripod knobs or check framing. They maintain a relatively stable base but move around the central space frequently to align the light or the camera position. When handling the light stand, they use both hands to ensure stability and precise placement.

Errors: The movement is somewhat inefficient due to the frequent walking back and forth between the tripod and the light stand. The person appears to be performing manual adjustments, which leads to some shakiness and lack of precision in light placement. There is unnecessary backtracking, and the fluidity of the setup process is interrupted by the manual trial-and-error nature of adjusting the light-to-subject angle.

Skill Level: Intermediate Expert",Intermediate Expert,False
f6890d9d-d0c3-43c8-9400-6cff7cc17801,uniandes_dance_007_4,Intermediate Expert,"Observations: The person is performing a standard breakdancing routine, primarily featuring top rock and footwork transitions. Their body position is kept low to the ground with a strong center of gravity. They utilize the floor space effectively, starting with basic steps and transitioning into ground-based maneuvers. The arms are used for balance and dynamic flair, often following the flow of the footwork. The technique relies on controlled weight distribution, using their arms to pivot during transitions between standing and floor-based movements.

Errors: There is a notable lack of fluidity in the transitions between the footwork and the stand-up sections. The individual struggles with maintaining consistent momentum, leading to pauses where they ""reset"" their position rather than flowing naturally. Additionally, the foot placement is occasionally imprecise, lacking the sharpness and ""pop"" associated with more advanced iterations of these moves. They also appear somewhat hesitant during the transition phase, which impacts the overall rhythmic synchronization.

Skill Level: Novice",Novice,False
f60ab291-aa57-4e41-bbbe-e9ab817f3246,uniandes_dance_012_33,Late Expert,"Observations: The person is performing a camera calibration or spatial tracking setup, likely for 3D capture or motion analysis. Throughout the video, they move around a studio space, holding a camera and interacting with tripod-mounted devices. Their posture is functional; they move with purpose, scanning the area, adjusting tripods, and checking sightlines. The technique involves deliberate, methodical movements to ensure all markers and spatial reference points are covered. They frequently check the camera's perspective to ensure the framing is correct.

Errors: The movement is slightly disjointed, characterized by frequent changes in direction and pauses to reposition the camera. There is a lack of fluidity in navigating the space, with multiple moments where the person appears to re-verify the same areas, suggesting a lack of a strictly optimized, pre-planned workflow. The hand movements to check angles are functional but lack the economy of motion one would expect from a seasoned professional.

Skill Level: Intermediate Expert",Intermediate Expert,False
49bb4a74-17a2-4375-9073-2beb29c76137,upenn_0706_Dance_2_2,Intermediate Expert,"Observations: The individual is utilizing a 360-degree camera mounted on a tripod to record the space, likely creating a virtual tour or panoramic sequence. Their primary technique involves systematically moving the tripod to different locations within the room to capture various angles and coverage points. They use hand gestures to direct the other person in the scene, and later, they move their own equipment (a lighting boom stand) to adjust the environment. Their body position is generally upright and purposeful, showing an understanding of spatial awareness and the need to stay out of the camera's field of view as much as possible while transitioning between setups.

Errors: The individual frequently moves into the frame's peripheral vision while adjusting the equipment or directing the scene, which could lead to unwanted motion blur or visibility in the final stitch. There is a lack of fluid, rhythmic movement, with some pauses appearing hesitant as they verify the placement of the tripods. Additionally, they sometimes walk directly in front of active cameras, which creates potential ""blind spots"" or messy transitions in the stitching process for 360-degree footage.

Skill Level: Intermediate Expert",Intermediate Expert,True
479f94a8-acb9-4157-b6bd-4f2a2a6cf3c9,uniandes_dance_020_61,Early Expert,"Observations: The video features a dancer performing a routine in a studio, utilizing a floor-level, wide-angle perspective. The dancer exhibits a focus on floor work, including rolls and transitions between standing and ground-based movements. They employ fluid arm movements and coordinate their body weight to shift across the wooden floor. The technique emphasizes rhythmic integration, with the dancer timing their movements to the pacing of the choreography. They frequently incorporate circular movements and transitions that require core stabilization and spatial awareness.

Errors: Throughout the performance, there are instances where the dancer’s transitions between levels (standing to floor and vice versa) lack complete fluidity, leading to occasional moments of instability. There is some minor hesitation in the rhythm during rapid direction changes, suggesting a lack of full automation in the choreography. Additionally, the arm extensions sometimes lack the necessary tension or precision in the fingertips during complex sequences, making the line of the movement appear slightly soft or disconnected at the extremities.

Skill Level: Intermediate Expert",Intermediate Expert,False
dd258fcf-873f-4fcd-b2d3-04525159b68a,uniandes_dance_022_5,Novice,"Observations: The person is performing a standard ballet warm-up or technique sequence (likely an *adagio* or *développé* exercise). They are executing movements such as *port de bras*, *relevé*, and *développé devant* and *à la seconde*. Their arms move with a degree of fluidity consistent with classical training, and they demonstrate an attempt at maintaining turnout and core engagement throughout the extensions.

Errors: There are noticeable issues with the consistency of the turnout, particularly during the *développé à la seconde*, where the hip rises, causing the working leg to lose its optimal line. The balance during the *relevé* is slightly shaky, suggesting a lack of full core stabilization or ""pulling up."" Additionally, there is a lack of full extension through the feet and ankles during the peak of the movements (not fully pointing the toes at the maximum height of the extension). The transitions between positions are slightly hurried, preventing a crisp, finished look for each pose.

Skill Level: Intermediate Expert",Intermediate Expert,False
603787e2-be4b-4b24-9632-34921013623f,uniandes_dance_021_17,Intermediate Expert,"Observations: The individual is practicing freestyle football in a studio setting. They engage in various movements, primarily focusing on ball control and juggling. They utilize their feet, knees, and occasionally head to maintain the ball's elevation. The person alternates between static juggling (keeping the ball near their feet) and slightly more dynamic movements, such as tapping the ball with the side of their foot and attempting to transition into different flick-ups. They occasionally use their hands to retrieve or reset the ball when it drops or moves out of the immediate vicinity. The body posture is slightly forward-leaning with bent knees to maintain a low center of gravity.

Errors: The primary error is a lack of consistent control, evidenced by the frequent drops of the ball. The individual struggles with ""soft touch"" technique, as the ball often bounces too high or at irregular angles, forcing them to move their body to track the ball rather than guiding it. There is a lack of fluidity in transition movements (e.g., transitioning from a juggling rhythm into a trick). The foot placement is occasionally stiff, causing the ball to strike the foot rather than being cushioned by it, which limits the ability to sustain long juggling sequences.

Skill Level: Novice",Novice,False
fad811da-e457-4d2a-8cf4-c3a09c11a41a,uniandes_dance_019_15,Intermediate Expert,"Observations: The individual is practicing choreography in a studio setting, moving between a plain white wall area and a section covered with black curtains. Throughout the video, they perform various dance movements including turns, arm extensions, jumps, and transitions that require weight shifts. The performer uses their arms to frame movements and engages in rhythmic footwork while moving across the floor. They frequently check their progress, pivot, and adjust their position relative to the camera and the studio space.

Errors: There are noticeable lapses in balance and coordination during the transition movements, specifically during the jumps and turns where the center of gravity shifts inconsistently. The arms sometimes lack tension at the extension points, leading to a ""floppy"" appearance in the lines. Additionally, the footwork lacks sharpness; the transition between the floor spots is hesitant, and there is a lack of fluidity when transitioning from the stationary poses to the dynamic movements, resulting in a somewhat disconnected flow of the sequence.

Skill Level: Intermediate Expert",Intermediate Expert,True
0eadf1dd-55c6-4cd1-8b2d-5b132fcb5016,uniandes_dance_022_27,Late Expert,"Observations: The person is executing a dance routine in a studio setting. They perform various movements involving arm sweeps, torso rotations, and rhythmic steps, transitioning between different positions in the room. They appear to be practicing choreographed sequences, often using their arms to lead movements and occasionally looking toward the camera or mirrors to check their form or timing.

Errors: The performance shows a lack of consistent flow and precision. Transitions between movements are often hesitant or slightly jerky, suggesting a need for better core control and fluidity. The arm movements sometimes lack full extension or intentional placement, and there are moments where the footwork feels slightly misaligned with the intended rhythm of the music. Additionally, the gaze is occasionally unfocused, and the person appears to be mentally processing the next step rather than moving with full confidence.

Skill Level: Novice",Novice,False
9d950899-e619-4399-867c-70871cc0d679,uniandes_dance_024_4,Novice,"Observations: The individual is recording themselves in a dance studio setting using a fisheye lens. They perform a series of turns, pivots, and fluid weight transfers across the room, transitioning between facing the black backdrop and the branded ""Lê Dança"" banner. Their movement involves a significant amount of torso rotation, arm extensions that frame their path of travel, and rapid changes in direction, characteristic of a dance warmup or choreography run-through. They demonstrate good core engagement, maintaining a center of gravity that allows for quick transitions between floor markers.

Errors: There is a notable lack of stability during some of the quicker pivots; the dancer loses balance slightly, requiring a corrective step. Their arm movements, while expressive, occasionally lack precision in the finishing lines—specifically, the extensions aren't fully locked out or intentional at the terminal points of the gestures. There is also inconsistent tension in the upper back during the rotation segments, causing the head to trail slightly behind the body's momentum.

Skill Level: Intermediate Expert",Intermediate Expert,False
7e4d7d4f-abfb-4e89-87e0-7f86e27ada86,uniandes_dance_008_44,Intermediate Expert,"Observations: The practitioner is performing a rope dart routine in a studio space with audience members present. The technique involves a mix of basic overhead and side-to-side swings, transitioning into small, controlled ""wraps"" and rhythmic flow sequences. The stance is relatively static, focusing on arm and wrist articulation to control the orbit of the dart. The practitioner maintains a rhythmic pace, using the rope to maintain centrifugal force while incorporating body movements to navigate the rope's path around their frame.

Errors: The primary error is a lack of fluidity in the transitions, particularly when moving between planes; there is occasional hesitation that causes the rope to lose optimal tension. There is also a noticeable lack of complex footwork or body engagement, which limits the dynamic range of the performance. The control over the dart's arc is inconsistent, with some oscillations being tighter or wider than intended, suggesting incomplete mastery of the kinetic chain between the wrist and the rope.

Skill Level: Intermediate Expert",Intermediate Expert,True
d5d3590f-44e7-4305-b612-ff055b0e688a,uniandes_dance_024_2,Novice,"Observations: The person is operating a camera (likely a 360-degree or fisheye action camera) while moving through a studio space. They are maneuvering around black partitions and tripods. Their movement is functional and exploratory rather than performative. They use their hand to gesture or stabilize the view, and they move with a steady, walking gait while filming the environment. They maintain a consistent awareness of the camera's orientation relative to the room's layout.

Errors: There are no significant performance errors as the task appears to be filming a space or setting up a scene rather than dancing or executing a specific physical skill. The camera handling is slightly shaky during quick pivots, and there is some lack of smooth panning, which leads to motion blur and brief disorientation in the perspective.

Skill Level: Novice",Novice,True
cd81519b-13c1-437e-b357-8ec99ae9c757,uniandes_dance_011_33,Late Expert,"Observations: The subject is performing a specific dance routine or practice sequence while being recorded. They maintain a wide stance, frequently pivoting on the balls of their feet and utilizing foot markers (green circular floor stickers) as guides. The arm movements are rhythmic and coordinated with the lower body, involving consistent shifts in orientation to face different parts of the room (e.g., facing the curtained wall, then turning to face the camera/other room area). The weight distribution appears centered, with smooth, fluid transitions between steps.

Errors: There are minor hesitations in the footwork during transition phases, specifically when the subject is pivoting between directions. At times, the synchronicity between the arm gestures and the foot movement falters slightly, suggesting a slight lack of complete muscle memory for the specific sequence being performed. They also show some instability in the center of gravity during the quicker pivots.

Skill Level: Intermediate Expert",Intermediate Expert,False
adad25b8-0920-4181-9bd4-1f8207e85d82,uniandes_dance_019_49,Late Expert,"Observations: The dancer is performing a series of hip-hop influenced movements, focusing on arm isolations, hand gestures, and body rolls. The performance is characterized by a ""fish-eye"" perspective, which distorts the spatial awareness. The dancer repeatedly moves through the frame, using their hands to signal transitions, incorporating chest isolations and rhythmic arm waves. There is a frequent use of ""locking"" style hand movements and fluid transitions into spins or directional shifts.

Errors: There is a notable lack of stability in the center of gravity; the dancer's footwork appears slightly ungrounded during faster turns, leading to balance corrections. Several arm movements lack full extension, causing a ""muddled"" appearance rather than sharp, distinct lines. The timing between the fluid torso movements and the staccato arm gestures is occasionally desynchronized, particularly during the quicker transitions. The lack of consistent posture makes some of the complex isolation sequences appear sluggish.

Skill Level: Intermediate Expert",Intermediate Expert,False
dfb66cb4-6235-4f55-b361-934586fbcaaa,uniandes_dance_022_10,Novice,"Observations: The person is executing a contemporary dance routine with a focus on fluid, expressive upper-body movements and controlled shifts in weight. Their posture is generally upright, with a slight forward lean during transitions. The technique involves a series of spins, arm extensions, and grounded footwork that emphasizes rhythm and spatial awareness within the small performance space. The camera angle (fisheye) distorts the lines slightly, but the dancer maintains good alignment of the limbs and core throughout the sequence.

Errors: There are some inconsistencies in the fluidity of the transition between the floor-work and the standing rotations, leading to minor moments of instability in the landing of their turns. Additionally, the arm movements, while expressive, lack a consistent degree of extension, occasionally appearing slightly truncated. The weight distribution during some lateral shifts is slightly off-center, causing a momentary loss of balance.

Skill Level: Intermediate Expert",Intermediate Expert,False
35a3c4e1-f420-4242-bcab-4d208dc9a391,upenn_0706_Dance_2_5,Intermediate Expert,"Observations: The person is performing a camera calibration or spatial tracking procedure, likely for 3D mapping or AR application. They are using a spherical 360-degree camera mounted on a monopod or extended pole. The technique involves walking in a deliberate, measured pattern around the room, keeping the camera stable at arm's length or held aloft, and occasionally rotating their wrist or the pole to ensure full spherical coverage of the environment. The camera is held in front of them, and they move slowly to prevent motion blur in the 360 images.

Errors: Throughout the recording, the movement is occasionally shaky, particularly during the transition phases between scanning spots. The individual often tilts the camera rapidly, which can cause stitching errors in 360-degree footage. There are points where the user enters the frame directly, which is problematic for creating a clean ""empty room"" scan, and their pace is inconsistent, which might lead to uneven lighting or sensor exposure issues between frames.

Skill Level: Intermediate Expert",Intermediate Expert,True
4d159481-830d-4789-b0ff-368031a98757,uniandes_dance_015_18,Late Expert,"Observations: The person is performing a variation of dance or freestyle movement, frequently utilizing rapid hand and arm gestures combined with rhythmic turns and spatial awareness of the room. They maintain a wide stance, using their torso to initiate rotations and keeping their arms fluid but deliberate. The movement pattern is consistent with ""tutting"" or street-style freestyle, focusing on clean lines and sharp transitions.

Errors: Throughout the movement, there is occasional instability in the core, causing slight wobbling during turns. The transitions between the complex hand shapes are sometimes rushed, leading to a loss of tension in the fingers and wrists. There is also a lack of full extension in the upper extremities during some of the reach sequences, which disrupts the continuity of the visual ""lines"" they are attempting to create.

Skill Level: Intermediate Expert",Intermediate Expert,False
28c3553f-3212-43ee-a050-7ea2d49fdf0e,uniandes_dance_017_58,Novice,"Observations: The person is standing in a studio setting, repeatedly interacting with a large black backdrop. They reach out with their right arm, making contact with the fabric at different heights and positions, seemingly testing or adjusting the material. Their body posture is upright, and they alternate their focus between the curtain and the surrounding studio environment. The camera movement is erratic, likely handheld and using a wide-angle lens, which makes it difficult to ascertain a specific ""skill"" in terms of a practiced movement or performance art.

Errors: The movement lacks a clear purpose or fluid execution; it appears hesitant and exploratory rather than part of a refined technique or established choreography. There is no demonstration of athletic or artistic grace, as the actions are essentially functional adjustments.

Skill Level: Novice",Novice,True
02d13286-0b54-46e8-8461-9c056627a97d,upenn_0720_Dance_3_3,Early Expert,"Observations: The individual is performing a series of turns and camera rotations in a dimly lit, large hall. They are barefoot and wearing shorts, moving with a fluid, somewhat practiced gait. They use their arms and fingers to point or frame shots, indicating a conscious effort to capture specific angles or positions for a production setup (likely related to the tripods present). Their movement is characterized by constant, deliberate pivoting around the camera stations.

Errors: The primary error is the lack of smooth stabilization during transition movements. While the person knows where they need to go, their camera handling (likely head-mounted or a handheld 360 unit) exhibits significant ""wobble"" and erratic pan speeds during turns. There is also a lack of consistent focus on environmental hazards, evidenced by occasionally tripping or stumbling slightly due to being distracted by the equipment placement.

Skill Level: Intermediate Expert",Intermediate Expert,False
e5488136-6259-4050-bc34-4717cc15dd1a,uniandes_dance_020_11,Early Expert,"Observations: The dancer is performing contemporary movement sequences in a studio, characterized by frequent changes in orientation and floor pathways. They utilize floor work, circular travel patterns, and expressive arm movements. The technique involves a mix of grounded weight transfers and sweeping gestures. The dancer consistently re-orients their body towards different areas of the room, often starting sequences from a standing position and dropping to the floor or moving laterally across the space.

Errors: There is a notable lack of clarity in the transitional phases between movements, causing the flow to feel slightly erratic. The dancer’s center of gravity shifts inconsistently during turns, leading to a loss of balance and some shaky footwork in the faster transitions. There is also a lack of extension in the fingertips and extremities during the sweeping arm motions, which diminishes the overall lines of the choreography.

Skill Level: Intermediate Expert",Intermediate Expert,False
824f472b-db42-4d38-99ed-2750bc14817e,upenn_0629_Dance_3_4,Early Expert,"Observations: The individual is practicing violin technique, specifically focusing on holding the bow and making bowing motions in a practice space. They are wearing casual clothing and moving around the room while holding the bow. Their body posture is somewhat hunched, and they appear to be reviewing or demonstrating bowing paths without the instrument present.

Errors: The primary error is the lack of a violin, which makes it impossible to correctly assess contact points or string crossing accuracy. The individual's posture is inconsistent, with a tense shoulder and elevated elbow position during the bow stroke. There is also an over-emphasis on the wrist movement without the resistance of the string, leading to an exaggerated, ""floppy"" wrist motion that would likely result in poor tone production if a violin were present.

Skill Level: Novice",Novice,False
215abe5f-a97f-4ee6-87bd-d261e75f1701,uniandes_dance_022_6,Novice,"Observations: The individual performs a series of dance movements characterized by rhythmic, percussive footwork and arm coordination. Their posture remains relatively upright, and they maintain a consistent level of engagement with the music. The movements involve weight shifts between the feet, accompanied by expressive arm gestures that match the tempo. They frequently look toward the camera/mirror to monitor their performance, indicating a focus on spatial orientation and self-correction.

Errors: There is a lack of fluidity and sharp definition in the transitions between the movements. The individual struggles with maintaining perfect balance during some of the quicker footwork shifts, leading to slight, uncontrolled wobbles. The timing is occasionally off, as the movements do not consistently land exactly on the downbeat of the music. Additionally, the arm extensions lack consistent tension and precision, making them appear somewhat hesitant rather than deliberate.

Skill Level: Intermediate Expert",Intermediate Expert,False
657b877d-3cdb-4798-a9bf-101ab82cc95b,uniandes_dance_020_18,Novice,"Observations: The dancer is performing a series of hip-hop-influenced movements, primarily focusing on isolations, rhythmic steps, and fluid body transitions in a studio setting. The dancer uses their arms and torso to create sharp hits and smooth waves, often transitioning between standing positions and levels close to the floor. The footwork involves rhythmic weight shifts and directional changes around the floor markers.

Errors: There is a notable lack of crispness in the isolations; the transitions between movements are sometimes blurred, indicating a slight lack of muscular control. The dancer loses some balance during faster directional changes, resulting in slight wobbles in their stance. The synchronization between the upper body hits and lower body movement is inconsistent throughout the session, and there is visible hesitation during complex sequences, suggesting they are still processing the choreography rather than executing it instinctively.

Skill Level: Intermediate Expert",Intermediate Expert,False
3a2303bf-8d6f-4211-8c25-4430cd051e2d,uniandes_dance_012_14,Intermediate Expert,"Observations: The individual is performing a series of hand movements that resemble basic sign language or gesture-based exercises. They are keeping their arms relatively low, often below shoulder height, and focusing primarily on finger articulation and rhythmic hand motions. The movements are repetitive and systematic, typical of someone practicing a specific set of manual communication signs or coordination drills. Their body remains generally stationary throughout the sequence, maintaining a consistent posture facing the camera setup.

Errors: The primary error is a lack of fluid transition between the different hand shapes, indicating they are still processing the movements mentally rather than relying on muscle memory. Additionally, the positioning of the hands is somewhat inconsistent; at times, the fingers are not fully extended or articulated clearly, which could lead to ambiguity in the intended signs. There is also a slight lack of tension in the wrist, causing the gestures to appear soft or tentative rather than sharp and precise.

Skill Level: Novice",Novice,False
590c85d3-71c1-4896-9899-a843ccaa6ef2,uniandes_dance_023_56,Early Expert,"Observations: The practitioner is performing a series of turns and spins in a studio setting. Their body position is upright with a relatively centered core. The footwork involves pivoting on the balls of the feet to generate rotation. They maintain a consistent base of support throughout the transitions, moving between different areas of the room. The arms are used for momentum and to help maintain balance during the rotational movements, though they are often held somewhat loosely.

Errors: There is a notable lack of ""spotting"" (focusing the eyes on a fixed point), which leads to significant instability and dizziness in the performer, causing them to drift or lose their center of gravity after completing turns. The transitions between spins are somewhat choppy, lacking the fluid momentum needed to link the movements seamlessly. Additionally, the arm placement is inconsistent and doesn't always contribute to a controlled spin, leading to slight wobbling at the finish of each rotation.

Skill Level: Novice",Novice,False
