clip_id,take_folder,ground_truth,answer,predicted,correct
b40e861f-60a7-4b55-8757-41a6af4e62e8,upenn_0730_Dance_1_7,Intermediate Expert,"The subject in this video appears to be demonstrating a series of calibration or testing maneuvers in a motion capture environment. Based on the provided footage, here is the assessment:

### **Skill Level: Novice**

**Reasoning:**

*   **Body Alignment:** The subject demonstrates significant inconsistency in their posture. When performing hand-tracking or positioning gestures (e.g., from 01:05 to 01:30), the shoulder position is frequently rounded or slumped, and the alignment between the gaze and the target is disconnected. There is a lack of ""core engagement,"" which is typically necessary for precise spatial coordination.
*   **Movement Fluency:** The movements are jerky and lack the fluid, controlled transitions expected of an expert. There is an observable ""hesitation"" at the beginning of each gesture, and the arm extensions lack deliberate follow-through. The subject seems to be ""checking"" their own movements rather than performing them with internalized muscle memory.
*   **Technical Precision:** The subject’s execution of the tracking gestures is inconsistent. In the segment starting at 01:05, the hand position frequently drifts out of the optimal viewing plane for the cameras, suggesting a lack of awareness regarding the ""capture volume"" boundaries. Furthermore, the subject’s gaze wanders, indicating they are not fully synchronized with the specific technical requirements of the motion capture task.

**Overall Summary:** While the subject is able to follow the procedural steps of the task, they lack the refined control and spatial awareness that characterize an expert in movement-based technical work. The performance is functional but clearly unrefined, fitting the ""Novice"" profile.",Novice,False
4e468597-ba96-40c7-977b-7736a4a3bd73,uniandes_dance_017_3,Novice,"This evaluation focuses on the individual captured in the video performing movements in a studio setting.

### **Skill Level: Novice**

**Reasoning:**

*   **Body Alignment:** The subject exhibits significant instability, particularly in the lower body and core. The stance is often narrow and the center of gravity is not well-maintained, leading to ""wobbling"" during transitions. When attempting to initiate movement, the shoulders are often rigid, lacking the necessary fluidity that connects the torso to the lower body.
*   **Movement Fluency:** The execution is hesitant. There is a lack of ""connective tissue"" between individual moves; rather than a continuous flow of kinetic energy, the movements appear as a series of segmented, stop-and-start actions. Transitions—specifically the weight transfers—are not crisp, and there is a noticeable lag in rhythm.
*   **Technical Precision:** The subject struggles with the spatial awareness required for the specific choreography. There is a lack of clear articulation in the feet and hands; movements are broad and somewhat unrefined, lacking the purposeful direction or ""point"" that defines more experienced performers. The arm gestures are often tentative, indicating a lack of comfort with the technical requirements of the routine.
*   **Overall Assessment:** The individual is clearly in the early stages of learning the routine. They are focused more on ""what comes next"" rather than the quality of the execution itself. While there is enthusiasm, they have not yet developed the muscle memory or internal sense of rhythm needed to achieve stylistic nuance. With continued repetition, focusing on foundational stability and slower, more deliberate practice of transitions, the subject will likely progress rapidly.",Novice,True
7d810b75-87a9-4b95-86d0-c970ae6d03a5,uniandes_dance_023_26,Late Expert,"This video appears to be a recording of a person using a camera, likely setting up or calibrating a filming environment in a dance studio, rather than a performance or technical demonstration of a specific dance style.

### Assessment of Technique
*   **Body Alignment:** Not applicable. The subject is interacting with the camera and workspace rather than performing movement sequences.
*   **Movement Fluency:** The subject displays natural motor control, but there is no evidence of dance-specific movement fluency (e.g., transition between steps, fluidity of limbs).
*   **Technical Precision:** The subject shows good spatial awareness regarding the layout of the studio and the positioning of the equipment.

### Skill Level: N/A (Non-Performer)
**Reasoning:** Based on the provided video, the subject is acting as a videographer or studio technician. The footage shows them walking around, checking camera angles, pointing at framing markers on the floor, and adjusting the studio environment. Because no dance technique is performed, it is impossible to evaluate their skill level in dance.

**Recommendation:** To receive a coaching evaluation on dance technique, please upload a video of the subject performing a routine, specific exercises (e.g., center work, barre, or choreography), or a set of technical drills.",Unknown,False
6da46fdf-32e1-4f44-a903-ab609f0d750c,uniandes_dance_008_51,Intermediate Expert,"Based on the footage provided, here is an evaluation of the individual’s skill level in poi spinning:

### **Skill Level: Novice**

**Reasoning:**

*   **Body Alignment and Posture:** The user demonstrates significant instability in their posture. A key indicator is the frequent loss of balance and the erratic shifting of weight between the feet. The camera movement—resulting from the user spinning around and staggering—suggests a lack of ""grounding,"" which is essential for controlling the momentum of the poi.
*   **Movement Fluency:** The transitions between movements are ""jerky"" and lack the continuous, circular momentum that defines high-level poi spinning. The user appears to be struggling to keep the poi path consistent, often resulting in ""stalls"" or collisions with their own body/arms, which breaks the flow of the performance.
*   **Technical Precision:** There is a notable lack of plane control. In poi, maintaining a clean, flat plane (either wall plane or wheel plane) is the foundational requirement. The user’s poi often veer off-axis, leading to tangled lines and uneven arcs. The constant re-adjusting and the need to reset the rhythm indicate that the user has not yet internalized the timing and movement patterns required for intermediate maneuvers.
*   **Spatial Awareness:** The user frequently seems to be ""chasing"" the poi rather than controlling them. While they attempt to incorporate some basic body movement and turns, these are currently detracting from their technical execution rather than enhancing it, suggesting they are in the early stages of learning to coordinate limb movement with the weight of the props.

**Summary for Improvement:**
The user is at a stage where they should focus heavily on **plane control** and **timing**. They would benefit from practicing basic weaves and spins in a static standing position before attempting to incorporate footwork or turns. Stabilizing their core and keeping their arms at a consistent distance from the body will significantly improve their technical precision.",Novice,False
92ee422b-2245-4efa-b300-0c5dc2744043,uniandes_dance_022_3,Novice,"Based on the video provided, the person demonstrating the exercise is at an **Early Expert** skill level.

### Evaluation of Technique

**1. Body Alignment:**
The individual displays strong body awareness. Throughout the movement, they maintain a stable core and purposeful posture. Their ability to transition between positions while keeping their center of gravity controlled suggests a well-trained foundation. The alignment remains consistent even as they rotate to different areas of the room, showing a good understanding of spatial orientation.

**2. Movement Fluency:**
The transition between the various tasks is fluid and efficient. There is very little ""dead time"" in the movement sequences; each motion leads naturally into the next. They demonstrate a high degree of comfort with the workspace, moving with a rhythmic quality that is characteristic of someone who has moved past the hesitant, analytical stage of learning and into a more automated, fluid stage.

**3. Technical Precision:**
The person shows high technical precision in their interactions with the environment and the equipment. Their hand movements and positioning relative to the backdrop and the camera are deliberate and accurate. They demonstrate the ""early expert"" ability to focus on the task objective (setting up or navigating the shoot) without needing to consciously micromanage every single limb movement, indicating that the technique has been internalized.

### Reasoning
*   **Novice:** This would look like fragmented, slow, or uncoordinated movement.
*   **Early Expert:** The individual exhibits high fluency and control, though they may still be in the process of refining fine-tuned nuances or complex improvisations. Their movements are purposeful and efficient.
*   **Intermediate/Late Expert:** This level would involve even greater economy of motion, more subtle micro-adjustments, and a flawless, almost instinctive level of execution under varied conditions.

The subject demonstrates a high level of confidence and operational competence, which justifies the ""Early Expert"" classification.",Late Expert,False
6cce39fb-95c0-44b3-bddd-b20cd271f6b6,upenn_0629_Dance_3_6,Early Expert,"The individual in the video is practicing a rhythmic movement sequence, likely a form of dance, martial arts, or stage performance training.

### **Skill Level: Novice**

**Reasoning:**

*   **Body Alignment:** The practitioner shows a lack of core engagement and consistent postural stability. When moving through transitions, the shoulders and hips do not always align with the direction of travel, leading to a ""floppy"" appearance in the upper body. The stance is often narrow and unstable, which disrupts balance during arm movements.
*   **Movement Fluency:** There is a notable lack of ""flow"" between movements. The transitions appear segmented rather than fluid, indicating that the individual is likely thinking about the individual steps rather than the kinetic chain of the full sequence. The pauses between movements are rigid, suggesting a lack of muscle memory or internalized rhythm.
*   **Technical Precision:** While the practitioner understands the spatial requirements and the general intent of the movements (as evidenced by them repeatedly practicing the same segments), the execution is unrefined. Arm movements lack definition—often extending with ""dead"" energy—and the footwork is hesitant. There is a lack of clear articulation in the hand and finger movements, which are often essential for high-level technical precision in these types of activities.
*   **Overall Assessment:** The repetition of specific segments indicates that the individual is in the ""cognitive phase"" of motor learning. They are still actively processing how to execute the technique, rather than executing it with the effortless efficiency seen in an Intermediate or Expert level performer. They are capable of performing the basics but lack the refinement, muscular control, and dynamic range that characterize more advanced levels.",Novice,False
ed917883-c69b-4f94-83bd-1c7f583b4331,uniandes_dance_015_22,Late Expert,"Based on the video provided, here is an evaluation of the individual’s performance:

### **Skill Level: Novice**

**Reasoning:**
*   **Body Alignment:** The performer lacks consistent posture and control over their center of gravity. There is noticeable instability in the core, causing the movements to appear somewhat uncoordinated. The transitions between positions are segmented rather than fluid, indicating a lack of developed muscle memory.
*   **Movement Fluency:** The movement lacks ""flow"" or continuity. The performer often pauses or hesitates between actions, which breaks the kinetic chain. The arm and hand gestures are largely unrefined and lack the deliberate quality required to convey a specific dance or performance style.
*   **Technical Precision:** The technical execution is underdeveloped. The movements appear to be experimental or hesitant, showing a need for greater focus on sharp, intentional lines and spatial awareness. The performer spends a significant portion of the clip checking their surroundings or resetting, which suggests they are not yet comfortable enough with the routine to perform it with automaticity.

**Recommendation:**
To progress from novice to an intermediate level, the individual should focus on **drilling basic movement transitions** to bridge the gaps between actions. Emphasizing core engagement will provide the stability necessary for sharper, more controlled movements. Additionally, practicing in front of a mirror (rather than checking the room) will help improve spatial awareness and consistency in alignment.",Novice,False
8aa071f1-fcea-4bf4-9a0a-e885a32da656,uniandes_dance_016_43,Novice,"This evaluation analyzes the performance in the video from a coaching perspective, focusing on the individual engaging in movement (the person moving throughout the studio).

### **Skill Level: Novice**

**Reasoning:**

*   **Body Alignment:** The subject displays significant instability in their core and extremities. During the movement segments, the center of gravity is not well-maintained; there is a lack of ""stacking"" in the spine, and the shoulders often collapse or lose engagement. This indicates a foundational weakness in controlling posture during dynamic transitions.
*   **Movement Fluency:** The movement is disjointed and reactive rather than proactive. There is an absence of *kinesthetic flow*—the transitions between points are abrupt, and there is a noticeable lack of momentum management. The person struggles with spatial awareness, often looking down at the floor (the tracking markers) to orient themselves, which breaks the continuity of the movement sequence.
*   **Technical Precision:** The technique lacks the intentionality required for higher levels of mastery. The hand gestures and arm pathways appear somewhat aimless, lacking the ""finished lines"" or intentional tension that characterizes expert performance. The movements are executed with a ""reaching"" quality that suggests the person is thinking about the mechanics of the steps individually rather than executing them as a cohesive, practiced motion.
*   **Contextual Factors:** The person seems more focused on the environmental setup (adjusting the tripod, checking the markers on the floor) than on the quality of their physical execution. While this suggests they are likely the coordinator or student of the process, their actual physical performance indicates they are at the beginning stages of training.

**Coaching Recommendations:**
To progress, the individual should focus on:
1.  **Core Engagement:** Strengthening the midsection to create a solid base, which will allow for more stable transitions.
2.  **Visual Framing:** Encouraging the subject to keep their head and eyes lifted rather than looking at the floor, which will drastically improve their overall posture and balance.
3.  **Pattern Repetition:** Focus on slower, controlled reps of the specific movement phrases to build ""muscle memory,"" ensuring that the end-points of their movements (the ""lines"") are clearly defined before attempting them at speed.",Novice,True
71e8d768-1bd4-4f21-91bd-da53bfe29279,uniandes_dance_022_11,Novice,"Based on the video provided, here is an evaluation of the individual’s performance:

### **Skill Level: Novice**

**Reasoning:**

*   **Body Alignment:** Throughout the movement, there is a lack of engagement in the core and lower body. The posture appears loose and unanchored, particularly in the transitions where the hips and shoulders are not consistently aligned to support the intended movement. There is a frequent tendency to let the upper body collapse or drift during weight transfers, indicating a lack of control over the body’s center of gravity.
*   **Movement Fluency:** The movement is fragmented. There are clear ""start-and-stop"" points where the dancer pauses to re-orient or find their balance rather than flowing through the motion. The transitions between different directional shifts or camera-facing poses lack a cohesive, singular quality of movement. The limbs often move independently of the torso, creating a disjointed aesthetic.
*   **Technical Precision:** The technical execution lacks the refinement seen in an expert. For instance, the hand movements are hesitant and lack clear spatial intent. The footwork appears tentative, and there is a noticeable instability in the base of support. The lack of ""finish"" on the movements (the extensions are soft, and the retraction is abrupt) points to a stage of training where the individual is still focusing on remembering the sequence rather than refining the execution.

**Coach’s Note:**
The performer is clearly in the process of learning the choreography. The focus for improvement should be on **grounding the movement**—ensuring that every shift is supported by the legs rather than just the upper body—and **extending through the extremities** to ensure movements look deliberate and polished rather than tentative. Consistent practice with a focus on internalizing the rhythm will help move this from a sequence of actions into a cohesive performance.",Novice,True
88ec5df5-24f4-48d4-8452-ad4c12103a0a,uniandes_dance_013_7,Early Expert,"Based on the provided video, the subject is at an **Early Expert** skill level.

**Reasoning:**

*   **Movement Fluency:** The subject demonstrates a high level of comfort with space awareness. The rotational movements (pirouettes/turns) are executed with consistent spotting techniques, showing an intuitive understanding of angular momentum and balance. The transitions between different directional movements are fluid and lack the hesitation often seen in novices.
*   **Body Alignment:** The subject maintains a strong center of gravity throughout the movements. Their posture remains upright, and they exhibit ""long"" lines in their extensions, showing deliberate engagement of the core and limbs. The arm carriage is purposeful and coordinated with the lower body, indicating they are past the stage of focusing solely on footwork.
*   **Technical Precision:** The subject shows clear command over specific movement vocabulary. They are able to sustain balance during challenging transitions and demonstrate precise placement of limbs during directional changes. The use of specific ""markers"" on the floor suggests a high level of discipline and attention to spatial accuracy, which is characteristic of someone who is well beyond a novice phase and is refining the finer points of their technique.

**Areas for further refinement:**
While the technique is refined, there are minor micro-adjustments in the shoulders and head position during the most complex turning sequences that indicate they are still honing their stability at maximum velocity. Moving toward ""Intermediate Expert"" will involve further smoothing out these slight tension points to achieve total effortless control.",Intermediate Expert,False
b8afa573-2f0f-4b77-b4b3-5fbb7197dd1f,uniandes_dance_008_11,Late Expert,"The person in the video is at a **Novice** skill level.

**Reasoning:**

*   **Body Alignment:** The subject’s body alignment is poor throughout the video. Their movements are erratic and lack the grounded, stable posture expected of more experienced performers. There is a frequent lack of control in the core and extremities, leading to disorganized physical presentation.
*   **Movement Fluency:** The movement is highly fragmented. Transitions between actions (such as waving, checking the wrist, or moving across the space) are jerky rather than fluid. There is little sense of flow or continuity; instead, the subject appears to be performing disjointed, impulsive gestures.
*   **Technical Precision:** There is a noticeable lack of technical intentionality. The hand gestures are imprecise, and the footwork—captured in short, rapid bursts—appears uncoordinated. The subject struggles to maintain a consistent rhythm or specific technique, suggesting they are still in the very early stages of learning how to manage their body mechanics in this type of environment.

Overall, the lack of spatial awareness and the inability to maintain consistent, purposeful motion indicate that the individual has not yet developed the foundational control necessary to progress beyond the novice stage.",Novice,False
50e6c59b-737e-447c-984c-fde5cd3e5e80,uniandes_dance_023_51,Early Expert,"Based on the footage provided, I would classify this person as a **Novice**.

Here is an analysis of their technique based on your requested criteria:

### **Body Alignment**
The performer lacks consistent core engagement. Throughout the movement, there is a noticeable ""slump"" in the posture, particularly in the shoulders and upper back. Proper body alignment in dance requires a stacked pelvis and engaged core; here, the weight appears unevenly distributed, which limits the stability needed for more complex transitions.

### **Movement Fluency**
The movement is quite fragmented. The transition between the static positions and the motions lacks ""flow."" Rather than a continuous transfer of energy through the limbs, the movements stop and start abruptly. This suggests a lack of control over the inertia of their own body, causing the arms to appear somewhat disconnected from the torso during the reaches and gestures.

### **Technical Precision**
There is a significant lack of tension (or ""muscle memory"") in the extremities. For instance, the hand gestures appear soft and lack the deliberate shape or ""intent"" that characterizes more experienced dancers. The footwork is minimal and lacks the refined placement required for cleaner execution. Furthermore, the performer seems to be ""marking"" the moves rather than fully committing to the extensions.

### **Skill Level Reasoning**
*   **Novice:** The individual shows a basic understanding of the sequence but lacks the technical polish and internal strength to make the movements look effortless or intentional. The pauses and the hesitations in the camera work (fidgeting with the equipment/framing) also indicate that the performer is still in the early stages of integrating movement with spatial awareness.
*   **Future Development:** To move toward an ""Early Expert"" level, the performer should focus on **isolations** (moving one part of the body independently of others) and **core strengthening** to create a more stable center. Developing ""line""—the aesthetic shape of the body from head to toe—would also immediately improve the visual impact of their performance.",Early Expert,True
7c8dc8cc-c863-4082-a011-ba385306537a,uniandes_dance_024_3,Novice,"The provided footage is a first-person (fisheye/action camera) recording of a dancer navigating a performance space during an instructional or practice session. Because the camera is mounted on the individual, it is difficult to evaluate their full-body alignment or complex technical execution (e.g., footwork, turn technique). However, based on the visible movement patterns and the context of the session, here is the evaluation:

### Skill Level: Intermediate Expert

**Reasoning:**

*   **Movement Fluency:** The individual demonstrates a high level of comfort and spatial awareness within the environment. Their transitions between different parts of the studio—navigating around tripods, light stands, and seating—are smooth and indicate a dancer who is well-accustomed to moving in a professional or semi-professional rehearsal setting.
*   **Body Alignment & Control:** While the first-person perspective masks specific postural details, the steadiness of the camera during movement suggests a ""dancer’s core""—the ability to travel through space while keeping the upper torso relatively stable and controlled, which is a hallmark of trained movement.
*   **Technical Precision:** The individual appears to be engaging in ""blocking"" or ""rehearsal sequencing."" They move with a clear intention, moving toward specific focal points in the room to check sightlines, lighting, or stage presence. The deliberate nature of their movement suggests they are not just ""dancing,"" but managing the technical requirements of a performance or a film shoot.
*   **Contextual Competence:** The ability to effectively ""map"" the floor while simultaneously interacting with the space (adjusting to the black-out curtains and lighting positions) reflects the experience of an **Intermediate Expert**. A novice would likely be more preoccupied with the physical navigation of the room, whereas this individual treats the space as an extension of their performance area.

**Recommendation for further assessment:**
To reach the ""Late Expert"" level, it would be necessary to view this individual from an external vantage point. This would allow for an analysis of their weight distribution, articulation of the lower extremities, and the dynamic range of their movement, which currently remains hidden by the limitations of the body-mounted camera.",Intermediate Expert,False
c198cb21-159d-4a1f-b395-976f44c24166,uniandes_dance_017_4,Novice,"Based on the footage provided, here is an evaluation of the individual’s performance:

### **Skill Level: Novice**

**Reasoning:**

*   **Body Alignment:** Throughout the movement, there is a lack of engagement in the core and lower body. The posture appears ""loose,"" and there is an absence of the tension required to maintain clean lines, especially during limb extensions and transitions. The weight transfer is hesitant, which disrupts the vertical alignment necessary for complex movement.
*   **Movement Fluency:** The execution is quite staccato and interrupted by periods of hesitation. There is a lack of cohesive ""flow"" connecting one movement to the next; the performer appears to be thinking through each individual step rather than allowing the motion to unfold as a continuous, rhythmic phrase. The transitions between different orientations in the room are disjointed.
*   **Technical Precision:** There is a noticeable lack of deliberate hand placement and arm positioning. Many gestures are ""soft"" or unfinished, lacking the crispness or intentional extension required at a higher level. The footwork is imprecise, and the performer struggles to maintain a consistent center of gravity while navigating the space.

**Coach’s Note:**
The performer shows potential in their enthusiasm and spatial awareness but is clearly in the early stages of building their technical foundation. To progress, the focus should shift toward **isometric strength**—learning how to hold the body in specific, stable positions—and **repetitive drilling** of transitions to turn individual movements into a single, fluid sequence. Currently, the movements are largely improvisational without the requisite underlying technical control to execute them with authority.",Novice,True
be44efc7-77ac-43ff-906b-3d49387ce118,uniandes_dance_022_17,Late Expert,"The person in the video is at an **Intermediate Expert** skill level.

### **Reasoning:**

*   **Body Alignment:** The performer shows a strong grasp of center and core stability, which is essential for transitions between movements. Even with the fisheye lens distorting the perspective, the verticality of the spine and the placement of the shoulders over the hips during static moments indicate a high level of postural awareness.
*   **Movement Fluency:** The transitions—particularly the rotation and arm extensions—are fluid and connected. There is a ""breath"" in the movement, meaning the performer is not moving from pose to pose, but rather letting the momentum of one movement carry into the next. This indicates a solid foundation in contemporary dance or a related movement discipline.
*   **Technical Precision:** The arm placement (port de bras) is deliberate and articulate. The performer displays good control over the extremities, demonstrating an understanding of how to extend a line to its full length. The way they navigate the small, enclosed space while maintaining the ""integrity"" of their movement shows high spatial awareness—a hallmark of an experienced dancer.
*   **Areas for Potential Refinement:** While the skill is high, there are moments where the footwork or grounding could be more punctuated to match the intensity of the upper body. Occasionally, the transition speed fluctuates, which might be a stylistic choice, but could be tightened for even greater precision.

Overall, the control, confidence, and musicality displayed during these segments suggest someone who has moved well past the novice stage and possesses the technical facility of an intermediate-to-advanced dancer.",Intermediate Expert,False
dc26e79e-f38f-4711-a212-6a7de087d8ac,uniandes_dance_017_6,Novice,"This individual demonstrates an **Intermediate Expert** skill level in their dance technique.

### Reasoning:

**1. Technical Precision & Control:**
The dancer shows a clear understanding of isolations and weight distribution. Their movements are deliberate and controlled, particularly in the hand and arm pathways. They display strong proprioception, navigating the space with consistent markers (the floor decals) while maintaining consistent form. The transitions between stationary poses and fluid motion are sharp, which is a hallmark of someone who has moved past the novice stage.

**2. Movement Fluency:**
The choreography incorporates ""ticking"" or ""strobing"" techniques that require excellent muscular control to stop motion abruptly without losing momentum. The fluid transitions (such as the wave-like arm motions) demonstrate good range of motion and an understanding of how to sequence movement through the joints. The rhythm is well-maintained even when the camera angle or movement speed shifts.

**3. Body Alignment:**
The dancer keeps their center of gravity low and stable, which is essential for this style of dance. Their core engagement is visible during the more dynamic, quick-twitch movements, preventing any unwanted wobbling or loss of balance. They maintain a consistent frame, keeping their shoulders squared appropriately for the style and avoiding the ""loose"" or ""unfocused"" posture often seen in beginners.

**4. Areas for Growth (Why not Late Expert?):**
While the technical execution is strong, a ""Late Expert"" would likely display a higher degree of musical nuance—responding to the micro-rhythms of the track with greater complexity—and perhaps a more dynamic use of the entire floor space. The dancer currently performs within a somewhat constrained ""comfort zone"" near the center. Elevating their performance to the next level would involve expanding their creative expression, utilizing more levels (floor work combined with standing), and showing more varied dynamics (shifting from very soft to very hard textures with more contrast).

**Conclusion:**
This is a polished, technically proficient dancer who has clearly spent significant hours mastering the mechanics of their craft. They possess the necessary foundation to begin focusing on higher-level stylistic ""flavor"" and performative complexity.",Late Expert,False
1f5b9ba5-a7c0-496d-b164-444251f45d25,uniandes_dance_002_3,Late Expert,"This individual is at an **Intermediate Expert** skill level.

### Reasoning:

**1. Body Alignment:**
The subject demonstrates good postural control, maintaining a stable base throughout the movement sequence. The alignment of the spine and hips is consistent, which is crucial for efficient power transfer. The subject shows a clear understanding of maintaining a neutral torso, preventing unnecessary swaying during weight shifts.

**2. Movement Fluency:**
There is a high degree of fluid, purposeful movement. The transition between different positions is smooth rather than segmented, suggesting that the motor patterns are well-ingrained. The individual avoids ""dead spots"" in their motion, keeping the momentum active even when switching directions or resetting.

**3. Technical Precision:**
The subject displays excellent command over the spatial requirements of the movement. There is clear intent behind the positioning of the hands and limbs, indicating an advanced level of proprioception. Their ability to execute movements with consistent timing while maintaining technical integrity under camera observation demonstrates a refined level of training. 

**Why they are not a ""Late Expert"":**
While the movement is highly proficient, there is a slight lack of extreme explosive power or nuanced micro-adjustments in the extremities that one would typically associate with elite, high-level performance. However, they are well beyond the ""Early Expert"" phase, as the execution is consistent, composed, and lacks the hesitation or corrective adjustments common at lower stages.",Late Expert,True
be64949d-750d-4272-a561-a6c7c2d5a6b9,uniandes_dance_002_13,Early Expert,"This evaluation is based on the provided video, which depicts a person navigating a space using a 360-degree camera rig.

### **Skill Level: Intermediate Expert**

**Reasoning:**

*   **Body Alignment and Spatial Awareness:** The user demonstrates an ""Intermediate Expert"" level of spatial awareness. They maintain a consistent, stable posture while operating the camera, which is critical for minimizing motion artifacts in 360-degree content. Their movements are deliberate and controlled, suggesting a high level of comfort with the specialized equipment.
*   **Movement Fluency:** The individual moves smoothly through the environment. There is a clear understanding of the need for steady, non-jerky motions to keep the stitching process clean for the camera. Their transitions (such as turning to reveal the other individuals) are executed with a fluid, fluid rotational movement that minimizes disorientation for the viewer.
*   **Technical Precision:** The user is highly methodical. They have clearly pre-planned the ""reveals""—using their hand to frame the shot or guide the viewer's attention toward the subjects behind them. The deliberate placement of their hand in the frame acts as a secondary stabilization or framing tool, showing a sophisticated understanding of how to compose shots in an omnidirectional format.
*   **Why not Late Expert?** While the technical execution is strong, there is a lack of advanced cinematic choreography (e.g., more complex tracking shots or varied height levels) that would define a ""Late Expert"" level. However, their ability to remain composed while managing a somewhat unwieldy rig and interacting with the environment confirms they are well beyond the novice stage.

**Summary:** The person is technically proficient and comfortable with the equipment, showing a strong grasp of the constraints of 360-degree filming. They successfully balance physical stability with effective environmental storytelling.",Intermediate Expert,False
0c162693-cd79-4d37-9dd9-d1a6a5c653a3,uniandes_dance_020_28,Novice,"This video captures a dancer engaged in a sequence of fluid movements in what appears to be a studio or rehearsal space. Based on the footage provided, here is an evaluation of their technique and skill level.

### Skill Level: Intermediate Expert

**Reasoning:**

*   **Body Alignment:** The dancer demonstrates a solid foundational understanding of posture and core engagement. Throughout the transitions, their spine remains active, and there is a noticeable awareness of their center of gravity, which is essential for maintaining control during directional changes and floor work.
*   **Movement Fluency:** This is the dancer’s strongest asset. Their movements are connected and organic, showing a good grasp of ""flow""—the ability to move from one position to the next without disjointed stops. They exhibit a nice sense of release in the upper body, which complements the rhythmic nature of the choreography.
*   **Technical Precision:** There is clear evidence of refined technique, particularly in the way they handle transitions between standing and level changes. However, there are minor moments where the precision of foot placement or reach could be slightly more deliberate to fully maximize the aesthetic lines. They have mastered the ""big picture"" of the movement, but the ""micro-adjustments"" (the final 5% of extension and stabilization) are still in the process of being fully polished.
*   **Coach's Note:** As an ""Intermediate Expert,"" this dancer has moved well beyond the basics and is now focusing on the nuances of performance. To push toward ""Late Expert"" status, they should focus on sharpening their peripheral awareness—ensuring that the tips of their fingers and toes are as intentional as their core movements. Adding a bit more dynamic contrast (varying the speed and weight of their movements) would also help elevate their performance from technically sound to truly captivating.",Intermediate Expert,False
94b7d4d2-0ddc-47d2-a88e-71193c2315cc,upenn_0629_Dance_2_2,Early Expert,"Based on the footage provided, I would classify the individuals’ skill level as **Novice**.

### Reasoning

**1. Body Alignment and Awareness:**
The primary indicators of novice-level production skills are the lack of spatial management and the awkwardness in handling equipment. The individuals are performing a ""walk-through"" or setup phase, but they appear to be unsure of their own positioning relative to the cameras and lighting. Their movements are hesitant and often lack a clear, singular purpose, suggesting they are still learning the basic flow of a set.

**2. Movement Fluency:**
The movement within the frame is erratic and lacks the fluid, deliberate choreography typical of an expert set-up process. When interacting with the equipment (such as the lighting stand and the camera setup), there is a lack of economy of motion. They spend a significant amount of time ""fiddling"" with the setup, shifting positions, and checking the devices, which indicates that the workflow has not yet been internalized into a standardized, efficient routine.

**3. Technical Precision:**
The ""fish-eye"" perspective highlights the cluttered nature of the room. A more experienced crew would demonstrate better cable management, clear ""lanes"" for movement, and a more structured approach to lighting adjustments. The individuals seem to be experimenting with the position of the equipment rather than executing a pre-planned lighting or staging scheme. Their communication is sparse and lacks the shorthand and rapid coordination of a seasoned production team.

**4. Overall Execution:**
While they are clearly attempting to set up a professional-looking scene (using softboxes, tripods, and staging areas), the way they navigate the space shows they are in the early learning phase. They are still in the process of discovering how the gear functions and how it interacts with the physical limitations of the room.

**Summary:**
The subjects are in the early stages of mastering technical set-ups. They possess the necessary gear but lack the operational fluency and structural discipline that characterize the ""Expert"" tiers of production work.",Novice,False
8aef970a-22d8-4f21-94de-9737be02abd1,uniandes_dance_016_46,Novice,"Based on the video provided, I would classify this person as an **Intermediate Expert**.

### Reasoning:

**1. Body Alignment and Technical Precision:**
The individual displays strong core engagement and a clear understanding of spatial awareness. Their movements, particularly in transition, show a deliberate focus on maintaining vertical alignment (shoulders over hips) even while shifting weight rapidly. There is a refined sense of control, especially when navigating the studio space; they don't just ""move,"" but rather place their weight intentionally, which is a hallmark of someone who has moved past the novice stage.

**2. Movement Fluency:**
The transition between different areas of the room is fluid. They demonstrate ""dance-ready"" posture even when simply walking or adjusting the camera equipment. The way they interact with the space—keeping limbs controlled and avoiding erratic, shaky movements—suggests they have internalized the mechanics of movement. Their hand gestures and the way they orient their body toward the lens/subject indicate a high level of comfort with physical performance and instruction.

**3. Why ""Intermediate Expert"" and not higher:**
*   **Intermediate Expert:** They clearly understand how to present themselves and execute technical movements with efficiency. There is a ""professional"" quality to their awareness of the camera and their surrounding environment.
*   **Limitations:** To reach ""Late Expert"" or master level, I would need to see more complex, high-intensity sequences or specific choreography where the fatigue factor tests their alignment. At this stage, they are clearly skilled and capable of teaching or performing at a high level, but the video is mostly functional/observational rather than a full demonstration of peak technical difficulty.

**Summary:** 
The subject exhibits a strong foundation of professional studio movement, excellent spatial control, and a fluid, confident physical presence. They are definitely an advanced practitioner comfortable in a creative/teaching environment.",Late Expert,False
4db61f0f-e35b-4ad8-bc3a-8d4a02094c19,uniandes_dance_019_7,Intermediate Expert,"The provided footage shows a group of students in a dance or performance rehearsal space, capturing various individuals performing short sequences or transitions. Based on the observed movement patterns, I would categorize the general skill level of the individuals as **Novice**.

### Reasoning:

**1. Body Alignment and Posture:**
The performers display significant instability in their core and extremities. There is a frequent lack of ""lengthening"" through the spine, and when transitioning between floor work or standing positions, the alignment of the shoulders over the hips is often compromised. The weight distribution appears tentative rather than grounded, which is a hallmark of early-stage training.

**2. Movement Fluency:**
The transitions between movements lack the necessary momentum to appear fluid. There is an observable ""stop-and-start"" quality to the choreography; the dancers are clearly focusing on the *steps* rather than the *connection* between them. The phrasing is fragmented, and there is a noticeable lack of initiation from the center of the body, causing the limbs to move independently rather than as a cohesive unit.

**3. Technical Precision:**
*   **Footwork/Spatial Awareness:** There is hesitation in the footwork, with some shuffling and lack of clean floor contact.
*   **Gestural Quality:** The arm movements (often visible as reaching or framing) lack intention and extension. The fingers and wrists are often ""dead"" or tense rather than articulated, suggesting the dancers are not yet fully in control of their spatial presence.
*   **Technical Execution:** The turns and shifts of weight are shaky. The lack of spotting during turns and the uneven rhythm indicate that the dancers have not yet internalized the technical requirements of the movements.

**Conclusion:**
While the students are clearly engaged in a structured learning environment, they are currently in the phase of ""mechanically acquiring"" movement rather than ""performing"" it. They are mastering the basic coordination required to execute the choreography, but they have not yet reached the level of efficiency, weight management, or artistic expression that defines an Intermediate Expert.",Intermediate Expert,True
a79d5151-c4f8-4b6e-9084-c563b317c4e8,uniandes_dance_021_29,Intermediate Expert,"Here is an evaluation of the performance in the video:

### **Skill Level: Intermediate Expert**

**Reasoning:**
The subject displays a high degree of confidence and familiarity with movement. Their performance is characterized by an ""Intermediate Expert"" level for several reasons:

*   **Movement Fluency:** There is a clear transition of weight and a high level of physical coordination. The performer effectively utilizes the space and maintains momentum between different movement phases, showing an intuitive understanding of the ""flow"" required for this specific style of dance.
*   **Body Alignment:** Throughout the turns and transitions, the performer maintains strong core engagement. They show good spatial awareness, consistently returning to center and aligning their limbs with precision. Their posture remains stable even during faster rotational movements, which suggests significant training.
*   **Technical Precision:** The hand movements, limb extensions, and footwork patterns demonstrate a refined technical vocabulary. The transitions between the floor-level work and standing sequences are executed with minimal hesitation or loss of balance. They show the control of an experienced dancer who is comfortable with high-tempo choreography.

**Areas for Continued Growth:**
While the technical execution is strong, achieving a ""Late Expert"" status would involve further refining the ""micro-moments""—the subtle articulation of the fingers and the sharpness of the final positions (the ""freeze"" or ""hit"" in the movement). At times, there is a slight lack of full tension in the extremities compared to the fluidity of the torso, but overall, this is a very capable and polished performance.",Intermediate Expert,True
0d1c01f6-74c9-45b4-8ccd-8c64eb39a2f5,uniandes_dance_008_50,Intermediate Expert,"Based on the video provided, here is an evaluation of the individual’s performance:

### **Skill Level: Novice**

**Reasoning:**

*   **Body Alignment and Control:** The subject displays significant instability throughout the sequence. The camera perspective (a wide-angle, body-mounted view) captures significant ""sway"" and a lack of center-of-gravity management. When transitioning between the floor markers, the posture is fragmented, and there is a noticeable lack of tension in the core, leading to wobbly movements rather than fluid, controlled motions.
*   **Movement Fluency:** The transitions are disjointed. The subject hesitates between steps, and the hand gestures (waving and reaching) feel reactive rather than purposeful. A more experienced performer would maintain a constant ""line of energy"" even when stationary; here, the movement stops and starts abruptly, indicating a lack of kinetic flow.
*   **Technical Precision:** There is a distinct lack of spatial awareness regarding the floor markers. The footwork is imprecise; the subject does not approach or utilize the markers with the intentionality expected of an intermediate or expert dancer/performer. The rapid, shaky camera movements further suggest a struggle to maintain a stable, repeatable technical base.
*   **Overall Impression:** The subject appears to be practicing or perhaps filming a test run. The movements lack the ""economy of motion""—every action, from turning to arm extensions, is accompanied by unnecessary secondary motions (bouncing, unbalanced weight shifts). This is characteristic of a novice still developing the body awareness required to execute complex movements with professional poise.

**Suggestions for Improvement:**
To progress, the subject should focus on ""grounding"" the movements by strengthening the core and practicing slow-motion transitions to build muscle memory, ensuring that every movement starts from a stable base rather than from the extremities.",Novice,False
53d819a4-f540-44ed-8dcd-2260112fc54c,uniandes_dance_021_19,Intermediate Expert,"Based on the video provided, here is an evaluation of the individual’s performance:

### **Skill Level: Intermediate Expert**

### **Reasoning:**

*   **Movement Fluency:** The subject demonstrates a high level of physical coordination and flow. The transitions between different points in the space (navigating the marked dance area) are smooth, deliberate, and controlled. There is a clear understanding of spatial awareness, which is a hallmark of someone who has moved past the ""novice"" stage and is comfortable with choreographic execution.
*   **Body Alignment:** The subject maintains good core engagement throughout the session. Their posture remains consistent even when moving at varying speeds, and they show a strong ability to reset their center of gravity after changes in direction or posture. The limbs are used intentionally rather than passively, indicating a refined control over body mechanics.
*   **Technical Precision:** The subject shows great attention to detail. They move with purpose, hitting specific marks on the floor accurately and adjusting their positioning to match the space and lighting constraints. The way they interact with their environment—adjusting for the filming setup and spatial layout—shows an ""expert"" mindset, as they are not just performing but are consciously managing their body in relation to the technical requirements of the space.
*   **Areas for Growth:** While the foundational technique is strong, to move toward a ""Late Expert"" level, the subject could focus on more extreme variations in dynamics (contrasting soft, fluid movements with sharper, more explosive transitions). At their current stage, they are technically sound and highly capable, performing at a level that suggests professional training or extensive practice.

**Summary:** The subject is clearly an **Intermediate Expert**. Their movement is polished, their spatial awareness is highly developed, and they display the consistency and control expected of a seasoned dancer or performer.",Intermediate Expert,True
fdaecdd1-2ef5-44d6-bc6c-26ff4a21c3d6,uniandes_dance_008_13,Late Expert,"### **Technical Evaluation**

**Skill Level:** Novice

**Reasoning:**
The subject is practicing basic camera framing and spatial orientation within a studio environment, but their technique shows several characteristics of a novice in video production/filming:

*   **Movement Fluency:** The movement is inconsistent and jittery. The panning is erratic, jumping between subjects and background elements without smooth transitions. The rapid, jerky movements suggest a lack of control over the camera apparatus (likely a handheld 360 or action camera).
*   **Body Alignment:** While this is a first-person perspective, the ""body"" of the cameraman (indicated by the presence of limbs in the frame) appears disoriented. They frequently lose their center of gravity, causing the frame to tilt and lose the horizon line. There is no evidence of a ""filmmaker's stance"" (feet planted, core engaged) to stabilize the footage.
*   **Technical Precision:** 
    *   **Framing:** The subject fails to maintain consistent head-room or rule-of-thirds composition. They often over-rotate, showing the empty ceiling or floor rather than the intended subjects.
    *   **Subject Focus:** The camera drifts away from the people seated at the start and end of the clip, suggesting the subject is struggling to multitask between moving through the space and framing the shot correctly.
    *   **Lack of Purpose:** The ""flailing"" movements—specifically the arm movements captured in the frame—indicate a distraction or lack of focus on the technical task of recording, which is a hallmark of someone still learning the basics of equipment handling.

**Summary:** 
The subject lacks the fluidity and intentionality required for a professional level. They are currently in the ""exploration"" phase of operating the camera, prioritizing movement through the space over maintaining stable, high-quality capture.",Novice,False
27b3c35b-8799-4294-b4ff-dc33f52e0220,uniandes_dance_024_8,Novice,"The individual in the video is performing a ""c-walk"" (or ""crip walk"") variation, utilizing a mix of basic V-step and heel-toe movements.

### **Skill Level: Novice**

**Reasoning:**

*   **Body Alignment & Posture:** The performer demonstrates significant stiffness in the upper body. The shoulders and torso are not integrated into the rhythm; instead, the movement is isolated entirely to the lower body, which is a common trait of a beginner. There is also a lack of vertical ""bounce"" or fluidity in the knees, which keeps the movement looking mechanical rather than rhythmic.
*   **Movement Fluency:** The transitions between steps are hesitant. There is a visible lack of continuity between the heel-toe footwork and the directional shifts. The performer pauses slightly between sequences to reset their balance, indicating that they have not yet internalized the muscle memory required for seamless execution.
*   **Technical Precision:** While the performer clearly understands the basic mechanics of the step (the pattern is correct), the precision is lacking. The feet often drag slightly or fail to hit the floor with the crisp, punctuated ""snap"" that characterizes a more advanced c-walk. Furthermore, the arm movements are largely reactionary—serving as balance aids rather than intentional styling—which further highlights a lack of overall command over the technique.

**Recommendation:** To progress toward Intermediate, the performer should focus on two areas: 
1. **Rhythmic bounce:** Work on incorporating a rhythmic, consistent knee bend that drives the steps, moving away from a flat-footed approach.
2. **Core/Upper body integration:** Learning to relax the upper body while keeping the core engaged will allow for the fluid, effortless aesthetic required in street dance.",Novice,True
9235aa5a-d273-4932-be5f-b74ac82f5bcc,uniandes_dance_007_7,Intermediate Expert,"This video displays a person practicing solo training exercises often used in freestyle football or rhythmic movement coordination. To evaluate their performance, let's break down the technical aspects:

### **Technical Evaluation**

*   **Body Alignment:** Throughout the movement, the individual maintains a relatively stable posture. However, the upper body occasionally exhibits excessive swaying when performing specific turns or direction shifts. Proper alignment requires a more engaged core to act as an anchor during rapid transitions.
*   **Movement Fluency:** There is a noticeable ""hitch"" in the rhythm. The movements are somewhat mechanical rather than fluid. The transitions between different footwork patterns are not seamless, suggesting that the user is still thinking through the steps rather than performing them by muscle memory.
*   **Technical Precision:** The footwork is accurate in terms of placement (hitting the circular markers), but the weight distribution lacks the control seen in high-level performers. There is a sense of hesitation before executing the movements, particularly when shifting balance.

### **Skill Level: Novice**

**Reasoning:**
1.  **Hesitation:** The performer spends a significant amount of time assessing the space and the markers before each burst of movement. This is a hallmark of a beginner who has not yet internalized the patterns.
2.  **Lack of Kinetic Flow:** The movements are segmented. An expert would demonstrate ""chaining,"" where one movement naturally flows into the next without a pause. In this video, each action is followed by a reset or a brief stop.
3.  **Mechanical Execution:** The individual is focused on the *correctness* of the position rather than the *expression* or efficiency of the movement. While they are hitting the target areas accurately, the efficiency of their motion indicates they are in the early stages of building foundational coordination.

**Recommendation:** To progress to the Intermediate level, the performer should focus on ""drills over duration""—performing the same sequence multiple times without stopping to reset, aiming to remove the micro-pauses between movements. Increasing core engagement will also help stabilize the upper body and reduce the slight ""wobble"" during turns.",Novice,False
97fff617-93c7-4d83-a13e-1ff5ab6fc79d,uniandes_dance_021_12,Late Expert,"### Technical Evaluation

**Skill Level: Intermediate Expert**

**Reasoning:**
The dancer demonstrates a solid foundation in movement and spatial awareness, consistent with an Intermediate Expert level. Here is a breakdown of their technique:

*   **Body Alignment:** The dancer maintains excellent control over their core, which is essential for the rapid directional changes and complex isolations observed throughout the clip. Their posture remains consistent even during fast-paced movements, indicating a well-developed proprioceptive sense.
*   **Movement Fluency:** There is a high level of fluidity in the transition between poses. The dancer handles the ""fish-eye"" perspective challenges (which can distort one’s sense of spatial orientation) by maintaining a steady flow. Their weight distribution is purposeful, allowing for smooth, continuous movement that doesn't feel disjointed.
*   **Technical Precision:** The dancer shows strong attention to detail. Their arm placements and limb extensions are crisp and intentional. In sequences requiring rapid rotation or directional changes, they exhibit clear ""spotting"" and control, ensuring that their lines remain clean. The fluidity of the transitions between the blacked-out stage areas and the open floor shows a high level of comfort with the choreography.

**Areas for Continued Growth:**
To reach the ""Late Expert"" level, the dancer could focus on:
*   **Micro-expressions and Textural Dynamics:** While their technical execution is precise, further refining the ""texture"" of their movements—playing more heavily with acceleration and deceleration within a single phrase—would add another layer of sophistication.
*   **Engagement with the Space:** At times, the rapid movement around the room is purely functional. A late expert would likely demonstrate even more deliberate ""interaction"" with the physical barriers (the black panels) to integrate them more seamlessly into the performance aesthetic.

Overall, this is a very capable performer with strong technical discipline.",Intermediate Expert,False
6af8d123-939a-410a-9d29-72687bd4dac5,uniandes_dance_013_15,Late Expert,"This individual appears to be at a **Novice** skill level.

**Reasoning:**

*   **Body Alignment:** The subject demonstrates poor posture, frequently hunching over or leaning rather than maintaining a neutral, grounded spine. The movements are disconnected; there is no clear engagement of the core or chain reaction of movement through the body, which is a hallmark of more advanced practitioners.
*   **Movement Fluency:** The movement is fragmented and lacks continuity. Rather than moving with ""flow"" or intent, the subject appears to be searching for the next position or performing actions that feel rehearsed in isolation rather than integrated into a cohesive sequence. There is a lack of fluidity in the weight transitions.
*   **Technical Precision:** While the subject attempts to demonstrate specific, controlled hand and arm gestures, the execution is imprecise. The movements lack ""crispness""—the start and stop points are blurred, indicating a lack of muscular control and proprioceptive awareness. The spatial awareness is also limited; they seem unsure of how to utilize the space effectively, frequently defaulting to erratic, small adjustments.
*   **Overall Assessment:** The lack of coordination between the upper and lower body, combined with the hesitant and unrefined nature of the movements, classifies this as a novice level. The performer is currently focused on the mechanics of the movement (the ""what"") rather than the execution, quality, or efficiency of the movement (the ""how"").",Novice,False
8fdcfd22-239e-44b9-90a7-f29588cb7d82,uniandes_dance_012_24,Intermediate Expert,"The individual in the video is performing basic camera-facing movements and spatial adjustments. Based on the provided footage, here is an evaluation of their performance:

### **Skill Level: Novice**

### **Reasoning:**
*   **Body Alignment:** The subject’s movements lack the controlled posture associated with professional performance. They appear to be ""finding their space"" rather than maintaining a consistent, core-engaged alignment. The arm movements are disjointed and serve more as gestures to coordinate the camera/personnel than as intentional, precise technical actions.
*   **Movement Fluency:** The fluidity is limited; the transitions between positions are hesitant and reactive rather than proactive. The body is frequently turned away or tilted in ways that suggest a lack of awareness of how their current orientation translates to the camera frame.
*   **Technical Precision:** There is an evident lack of familiarity with professional studio blocking or performance protocols. The subject is ""fidgeting"" and making erratic arm movements that are inconsistent with a rehearsed or practiced routine. The interaction with the space is exploratory rather than executed with the deliberate, efficient motor control expected of an expert.
*   **Overall Impression:** The subject appears to be a beginner or a non-performer tasked with setting up a shot or conducting a preliminary test rather than an experienced performer. They are navigating the environment with the uncertainty characteristic of a novice who has not yet internalized the spatial constraints of the camera.",Novice,False
5286fd37-f72e-42c5-bb9e-e09811887981,uniandes_dance_020_27,Novice,"This individual is an **Early Expert**.

### Analysis

*   **Body Alignment:** The subject demonstrates a solid understanding of center-of-gravity management. When moving across the space, their torso remains relatively stable even during dynamic changes in direction. There is minimal ""wasted"" movement in the shoulders, which is a hallmark of someone who has moved past the novice stage and understands how to contain energy.
*   **Movement Fluency:** The transitions between the various marks on the floor are clean. The subject displays good spatial awareness, accurately hitting their spots with consistent timing. The fluidity of their movement suggests a strong command of footwork mechanics, though there is still slight tension in the upper body during higher-velocity transitions that distinguishes them from a ""Late Expert"" who would appear completely effortless.
*   **Technical Precision:** The subject’s ability to move precisely from one point to another while maintaining form indicates a high level of technical competency. Their weight shifts are deliberate and calculated, showing that they are not just moving randomly but are executing a specific choreography or technical drill.

### Reasoning for ""Early Expert"" Classification:
The subject shows excellent control over their mechanics and a clear internal map of the dance space. They are beyond the ""novice"" stage because they do not struggle with the basic coordination of limb movement and balance. They have not yet achieved the ""Late Expert"" status because the movement still carries minor signs of conscious effort—a slight lack of total muscular release and subtle hesitations in flow that disappear at the highest level of mastery. They are at the stage where they have mastered the technique, and the next step is polishing the aesthetic nuance and seamlessness of the performance.",Late Expert,False
7992ceca-a566-4679-b116-6fc0b811b70f,upenn_0720_Dance_4_5,Early Expert,"This person demonstrates an **Intermediate Expert** level in their technical workflow and execution.

### Reasoning:

**1. Body Alignment & Spatial Awareness (High):**
The individual displays excellent spatial awareness, which is critical when navigating an environment with tripods and lighting rigs in low-light conditions. They maintain a stable center of gravity, particularly when performing the ""check"" move where they briefly look down at their own hands and feet to verify their position relative to the camera rigs. This indicates a high level of proprioceptive control and confidence in their physical workspace.

**2. Movement Fluency (Intermediate):**
The movement is deliberate and efficient. They do not waste energy or make extraneous steps, which is characteristic of someone who understands the ""path of least resistance"" in a technical setup. However, there is a slight lack of total fluid grace in their transitions between stations (the brief hesitation when re-orienting to the tripod). An ""expert"" might display slightly more kinetic fluidity, but their current movement pattern is very purposeful.

**3. Technical Precision (Expert):**
This is where the user excels. The precision in handling the equipment—specifically the way they manage the ring light, adjust the camera rig, and check the calibration—is highly efficient. Their ability to move in a wide, controlled arc to avoid knocking over equipment, while maintaining focus on the task, shows a mastery of procedural execution. They understand the technical requirements of the environment, confirming alignment and status before moving to the next sequence.

**Conclusion:**
While not a ""Late Expert"" (who might perform these movements with near-robotic, effortless speed), the individual is clearly well-versed in technical production workflows. They are past the ""Novice"" stage of being clumsy or distracted by the environment, demonstrating a high degree of competence and reliability in a professional, technical setting.",Late Expert,False
c5c271ee-08ad-4dd8-ac8c-417f830db685,uniandes_dance_019_20,Intermediate Expert,"Based on the provided video, the subject is at an **Intermediate Expert** skill level.

### Reasoning:

**1. Body Alignment:**
The subject demonstrates a solid understanding of proper body alignment. Their posture is stable, and their core is engaged throughout the exercise. They maintain a consistent center of gravity, which allows them to transition between poses with minimal loss of balance. The shoulder placement and spinal alignment suggest a disciplined training background.

**2. Movement Fluency:**
The subject’s movements are fluid and transition well between sequences. There is a noticeable ""connectedness"" in their motion; they do not appear to be moving in choppy or disjointed segments, but rather through a continuous flow. The transitions in and out of the ""pose"" show a mature awareness of tempo and rhythmic control.

**3. Technical Precision:**
Technically, the subject shows high proficiency. They hit their marks clearly and maintain focus throughout the repetitions. Their hand placement is intentional, and the execution of specific technical requirements (the way they engage with the space and the camera) shows they have practiced these movements until they are ingrained.

**Why not ""Late Expert""?**
While the technical execution is strong and disciplined, there are minor micro-adjustments in their footing and slight hesitations in the transitions that suggest they are still refining their ""internal rhythm."" A Late Expert would likely display more ""effortless"" mastery, where the movement looks almost mechanical in its perfection.

**Summary:**
This individual has moved past the stage of learning ""how"" to do the movements (Novice) and is now focused on the consistency and quality of performance. They show the hallmarks of someone who has a deep understanding of their body’s mechanics and is now operating at a high level of technical competency.",Late Expert,False
26ca925c-845d-4419-ae37-93f28cb415e8,uniandes_dance_016_8,Early Expert,"### Skill Level: Novice

**Reasoning:**
The individual in the video is currently in the early stages of learning, likely acclimating to dance or performance movement. Their skill level is categorized as **Novice** based on the following observations:

*   **Body Alignment:** Throughout the sequence, the body lacks a strong, grounded center. The movements are somewhat hesitant, and there is a lack of engagement through the core, which is essential for maintaining stability and control during transitions.
*   **Movement Fluency:** The transitions between movements are ""choppy"" and lack cohesion. There is a noticeable disconnect between the upper and lower body; the movements appear as individual, isolated actions rather than a fluid, continuous flow. The individual struggles to maintain rhythm or sustained energy between sequences.
*   **Technical Precision:** There is a lack of definition in the arms and hand placements, which often appear loose rather than intentional. While they are clearly attempting to follow or execute specific patterns, the execution lacks the ""crispness"" and deliberate muscle engagement that characterizes more experienced dancers. They appear to be struggling to coordinate their limb movements with their spatial awareness.

**Recommendation for Improvement:**
To progress, the individual should focus on:
1.  **Core Engagement:** Developing a stronger core to anchor movements.
2.  **Slow-Motion Practice:** Practicing movements in slow motion to ensure every transition is deliberate and precise before increasing speed.
3.  **Refining Extremities:** Focusing on the ""finish"" of every movement—ensuring hands and feet are held in specific, controlled positions rather than letting them drift.",Novice,False
e10d385c-3b3f-4cc4-8e2d-2c5e7d986f42,uniandes_dance_020_34,Late Expert,"This assessment is based on the provided video, which depicts a rehearsal/prep environment for a dance studio. 

### **Skill Level Assessment: Novice**

**Reasoning:**

*   **Body Alignment and Technical Precision:** The video primarily captures the user navigating the studio space, adjusting lighting/camera gear, and interacting with other individuals. While there is a brief moment where the user walks through the space, there is no formal dance performance or choreographed movement to evaluate in terms of technical skill (e.g., footwork, posture, core engagement, or rhythmic execution). The movements observed are functional and casual rather than technical.
*   **Movement Fluency:** The user moves with typical, everyday coordination. The ""fluidity"" observed is natural human movement rather than the controlled, intentional fluidity expected of an experienced dancer.
*   **Environmental Context:** The video serves as a ""behind the scenes"" or setup sequence. Because the participant is occupied with equipment (cameras, backdrops, and lighting) rather than engaging in a dance sequence, it is impossible to evaluate their actual dancing ability. 
*   **Classification:** Because the individual is in a professional instructional environment (a dance studio) but is strictly performing administrative or setup tasks, they are classified as a **Novice** in the context of this specific performance capture. There is no evidence of dance technique, training, or application of dance principles in the frames provided.

**Note:** If you intended to show a dance sequence, please upload a video where the individual is performing choreography. This would allow for a detailed breakdown of their posture, timing, and technical mastery.",Novice,False
24b8af0b-b50e-4ddb-8421-a23dab506580,uniandes_dance_013_22,Late Expert,"This individual is demonstrating a **Novice** skill level.

**Reasoning:**

*   **Body Alignment:** The subject displays significant instability throughout the sequence. Their stance is frequently narrow or hesitant, and there is a lack of ""grounding."" When they attempt to move or pivot, their weight is often unevenly distributed, causing them to wobble. They are not consistently maintaining a stable core or a center of gravity that would support precise, controlled motion.
*   **Movement Fluency:** The movements are disjointed and lack fluidity. Transitions between poses or directional changes are abrupt, jerky, and lack the necessary momentum or intentionality. There is no evidence of ""flow""—the seamless connection of movements—as the subject appears to be thinking about each individual gesture rather than executing them as a cohesive series.
*   **Technical Precision:** The hand and arm gestures, which are central to this performance, lack definition and sharpness. The angles are inconsistent, and there is a lack of ""lock-out"" or endpoint definition in the movements (the gestures feel incomplete or ""soft""). The spatial awareness is also limited; they seem to struggle with keeping their movements within the defined ""frame"" or intentional space, resulting in erratic arm placement.
*   **Overall Impression:** The subject is likely in the early stages of learning this choreography or skill set. They are currently focused on *what* the next movement is rather than *how* it is executed. They lack the muscle memory and spatial control that define the intermediate or expert levels, where motion becomes second nature and the focus shifts to aesthetic quality and precision.",Intermediate Expert,False
04f0854f-7a61-4902-a5ea-cf9b9ff2785f,upenn_0706_Dance_4_3,Early Expert,"This individual appears to be at a **Novice** skill level regarding their technical movement and spatial awareness.

### Reasoning:

*   **Movement Fluency:** The individual exhibits significant ""hesitation"" and ""stuttering"" in their movement patterns. Rather than moving with a continuous, fluid flow, the motion is characterized by abrupt starts and stops, shaky panning, and erratic changes in direction. This lack of smoothness suggests they are still processing the mechanics of the movement rather than performing them with subconscious ease.
*   **Body Alignment & Posture:** Throughout the video, the user’s arm and body posture appear tense. The frequent shots of their own arms and hands indicate a lack of awareness of their spatial boundaries. Instead of maintaining a neutral, stable base from which to pivot, they lose their center of gravity, causing the camera to drift and tilt uncontrollably.
*   **Technical Precision:** The technique is largely unrefined. They are struggling to maintain a consistent eye level or focal point, which results in a ""dizzying"" effect for the viewer. There is a lack of intention behind the camera work; the constant shifting and unintentional self-filming (the arms/hands) indicate that they haven't mastered the ""gaze"" or the ""frame"" yet.
*   **Lack of Control:** An expert would be able to isolate their movement from their upper torso to maintain stability. This individual, however, moves their entire body in a reactive manner, leading to the ""fish-eye"" distortion being exacerbated by the unstable path they are traversing.

**Conclusion:** The jerky transitions, lack of spatial awareness, and inability to maintain a stable, purposeful framing identify this as the work of someone in the early stages of learning, consistent with a **Novice** level.",Novice,False
7e4cdc23-31d4-4449-b6a1-1100985cfcb1,uniandes_dance_012_19,Intermediate Expert,"Based on the footage provided, I would categorize this performer's skill level as **Novice**.

Here is an analysis of their performance based on the requested criteria:

### **Body Alignment**
The performer lacks consistent core engagement and spinal alignment. When transitioning between poses or movements, the posture appears ""soft"" or collapsed, particularly in the shoulders and rib cage. There is a noticeable lack of vertical stacking, which is essential for controlled movement. The lack of tension in the extremities suggests a disconnect between the center of the body and the limbs.

### **Movement Fluency**
The movement is segmented and hesitant rather than fluid. There is an absence of *leia* (or flow) between the movements; instead of transitions being seamless, they are ""stopped"" at each position. The rhythmic timing is inconsistent, with the performer struggling to maintain a steady tempo, which breaks the continuity of the dance.

### **Technical Precision**
The technical execution is underdeveloped:
*   **Footwork:** Lacks the grounding or deliberate weight transfer required for more advanced levels.
*   **Hand/Arm Coordination:** The movements of the arms often feel disconnected from the torso, appearing decorative rather than integrated into the full-body expression.
*   **Space Awareness:** While the performer is conscious of the space, they do not yet demonstrate the ability to ""own"" the space with purposeful, decisive movement.

### **Reasoning for Skill Level**
The performer is clearly in the early stages of training. They are focused on the mechanics of the steps (the ""what"") rather than the artistic integration or the refinement of the movement (the ""how""). The hesitation in their motion and the lack of full-body coordination are hallmarks of a **Novice** level, where the brain is still heavily processing the choreography, leaving little room for dynamic quality or nuanced expression. 

**Recommendation:** Focus on ""isolations"" to gain better control of the torso and work on slow-tempo drills to ensure that every transition from one position to the next is deliberate and stable before attempting to increase speed.",Novice,False
6d348ad5-d8f5-47f3-93c4-c2252910d310,uniandes_dance_002_24,Early Expert,"This person appears to be at a **Novice** skill level.

**Reasoning:**

*   **Body Alignment and Stability:** Throughout the video, the user displays inconsistent balance. When turning or pivoting, their center of gravity is not well-controlled, leading to noticeable ""wobbling"" or off-balance moments. The posture is often hunched rather than athletic and grounded, which is a hallmark of a beginner still learning to stabilize their core.
*   **Movement Fluency:** The movements are disconnected and lack the fluid, rhythmic transition seen in more advanced practitioners. There is a sense of ""stop-and-start"" to their actions—they pause to orient themselves before moving again, rather than chaining movements together into a cohesive sequence.
*   **Technical Precision:** The hand and arm movements (which appear to be gestures or signals related to the camera tracking setup) lack refinement. The reaches are imprecise, and there is a lack of intention behind the positioning of the hands. The user also struggles with spatial awareness, often needing to look around to re-orient themselves in the room rather than moving with muscle memory.
*   **Overall Execution:** The individual seems to be learning the technical requirements of the environment (the tracking markers and camera setup) rather than focusing on the refinement of the movement itself. They are focused on performing the necessary ""steps"" to calibrate or navigate the space, but they have not yet integrated these movements into an efficient or practiced physical pattern.",Novice,False
98ca3100-848b-4267-be0b-3c53c301cd96,uniandes_dance_020_22,Novice,"The person in the video is at an **Intermediate Expert** skill level.

### **Technical Analysis:**

*   **Body Alignment:** The dancer demonstrates a strong foundation in alignment. They maintain a stable center of gravity, which is evident in their ability to execute rhythmic shifts without losing their vertical axis. Their posture remains consistent even when performing rapid directional changes.
*   **Movement Fluency:** There is a noticeable level of sophistication in their transition work. They connect movements smoothly, showing an understanding of how to use momentum to carry from one phrase into the next without ""dead air"" or jerky pauses. The flow is continuous, which suggests they have internalized the choreography to the point where they are focused on musicality rather than just rote memorization.
*   **Technical Precision:** The dancer shows clean execution of footwork and arm placement. Their movements are deliberate and controlled, showing good spatial awareness of their environment (the marked spots on the floor). They hit their marks accurately and maintain a high standard of form throughout, even during the more complex sequences.

### **Reasoning for Skill Level:**
The designation of **Intermediate Expert** is based on the dancer's ability to balance technical accuracy with a confident, rhythmic expression. They are beyond the ""Novice"" stage because they are not simply executing steps—they are inhabiting the space and maintaining control over complex kinetic chains. They are not yet at the ""Late Expert"" level because, while the technique is strong, there could be more nuanced expansion in the extremities (fingertips, full extension of the legs) and a slightly deeper level of dynamic variation in their performance to fully command the stage presence typical of a master-level dancer. 

Overall, this is a very capable performer with a solid command of their craft.",Late Expert,False
ad71e6d3-b828-4dbf-8853-18f5fcc59768,uniandes_dance_019_6,Intermediate Expert,"Based on the provided video, this individual is at the **Novice** skill level.

**Reasoning:**

*   **Body Alignment:** Throughout the performance, the dancer lacks a strong, grounded core. There is a frequent lack of tension in the limbs, particularly in the arms, which appear ""soft"" rather than articulated. Shoulders are often hunched, and the posture lacks the vertical alignment required for clean execution of movements.
*   **Movement Fluency:** The transitions between movements are hesitant and disconnected. The dancer struggles to create a seamless flow between poses, often resulting in a ""stop-and-start"" quality rather than a continuous, fluid motion. They appear to be concentrating heavily on recalling the choreography, which inhibits the ability to perform with confidence and musicality.
*   **Technical Precision:** Footwork lacks stability, and the range of motion is limited. There is a notable lack of explosive power in the movements—the gestures are performed at a consistent, low-energy level rather than showing dynamic shifts between slow/controlled and fast/sharp movements. The dancer also demonstrates difficulty with rhythm, occasionally falling behind or rushing the tempo of the music.

To advance, the dancer should focus on:
1.  **Core engagement:** Developing the strength to hold the body frame through transitions.
2.  **Arm articulation:** Focusing on finishing each movement fully rather than letting the arms collapse or hang.
3.  **Dynamic contrast:** Practicing how to hit accents and pauses clearly to improve the overall professionalism and ""look"" of the routine.",Novice,False
03d2dc5b-24fa-4190-8392-587fbdf31785,upenn_0720_Dance_3_7,Early Expert,"The individual in the video is attempting to set up a 360-degree camera on a tripod for a recording session. Based on their movements and the technical requirements of the task, I would classify their skill level as **Novice**.

### Reasoning:

*   **Movement Fluency (Lack of Efficiency):** The participant displays significant hesitation and aimless movement. Instead of a systematic workflow, they frequently pace back and forth across the atrium, repeatedly stopping to check their phone or fiddle with the camera setup. This ""start-stop"" behavior suggests a lack of familiarity with a structured production workflow.
*   **Body Alignment and Spatial Awareness:** The person appears to be struggling with the camera's field of view. By walking directly in front of the lens multiple times while it is active, they inadvertently place themselves into the frame (or the ""nadir"" of the 360-degree capture). A more experienced technician would remain behind the camera's focal point or move in a trajectory that minimizes their presence in the final capture area.
*   **Technical Precision (Setup Efficiency):** There is a lack of technical confidence in the leveling and placement of the equipment. They spend several minutes repeatedly adjusting the tripod position rather than securing it once. Furthermore, the handling of the equipment is somewhat jittery; an expert would handle the camera and tripod with steady, deliberate movements to avoid jarring the sensors or misaligning the rig.
*   **Workflow Management:** In a professional (Expert) context, one would conduct a ""test shot"" quickly, move to a designated out-of-frame location, and trigger the recording remotely or via a timer. The subject in this video remains the focal point of the setup process rather than the operator of the technology, indicating that they are still in the learning phase of operating this specific hardware.

In summary, while the participant is successfully navigating the space, their inability to plan their pathing relative to the 360-degree camera's range and the repetitive, unoptimized nature of their movements identify them as a novice practitioner.",Novice,False
be4e32c4-1537-44bc-9f66-5d61098c08dd,uniandes_dance_024_7,Novice,"Based on the video provided, here is my assessment of the individual's skill level:

### **Skill Level: Novice**

**Reasoning:**

*   **Body Alignment:** The subject displays significant instability throughout the movements. There is a lack of ""core engagement,"" resulting in a collapse through the midsection during transitions. Alignment in the standing positions is inconsistent, with the weight frequently shifting unevenly between the legs, leading to a loss of center.
*   **Movement Fluency:** The transitions between poses and movements are choppy and lack a sense of continuity. The movement is largely reactive rather than deliberate; the individual appears to be ""thinking"" through each step rather than executing them as a cohesive flow. There is a notable lack of spatial awareness and connection between the limbs.
*   **Technical Precision:** The arm and leg placements are imprecise, lacking the extension and finish required for intermediate technique. Movements are somewhat truncated, suggesting a lack of familiarity with the specific pathways or the conditioning to sustain the necessary muscle engagement to fully articulate each move.
*   **Performance Observations:** The video shows a lot of non-performative movement (checking the camera, adjusting the space, walking between positions), which is common for someone still in the early stages of learning. The technical execution in the performance segments lacks the ""finish"" or ""line"" that defines more experienced dancers.

**Summary:** 
The subject is in the early stages of training. They are currently focused on learning the mechanics of individual movements but have not yet developed the muscular coordination, fluidity, or refined body control that characterizes an intermediate or expert-level practitioner. Continued practice on core stability and repetitive drilling of clean movement pathways will significantly improve their form.",Novice,True
7ab10395-024c-4fe4-994d-c7f57a42b354,upenn_0727_Partner_Dance_2_1_4,Late Expert,"Based on the provided video, here is an evaluation of the individual’s dancing:

### **Skill Level: Novice**

**Reasoning:**

*   **Body Alignment and Posture:** The dancer exhibits a lack of core engagement, which is essential for maintaining a strong center of gravity. Her posture is somewhat collapsed or ""loose,"" leading to a lack of controlled lines throughout her arms and torso. This prevents the movements from looking intentional or grounded.
*   **Movement Fluency:** The transitions between movements lack the necessary ""connective tissue"" that defines fluent dancing. Her footwork is sporadic and often disconnected from her upper body, suggesting she is thinking about individual steps rather than moving through the musical phrasing. The flow is frequently interrupted by pauses or hesitations.
*   **Technical Precision:** 
    *   **Weight Transfer:** There is inconsistency in her weight distribution. She frequently loses balance or stability, particularly when attempting turns or lateral shifts, which indicates a lack of fundamental weight-transfer mechanics.
    *   **Extremity Control:** Her arms and hands are largely unengaged and lack ""finish."" In technical dance, the movement should extend through the fingertips; here, the arms often appear limp or are used primarily for balance rather than aesthetic shaping.
    *   **Rhythmic Accuracy:** While she is attempting to move in time, she often falls slightly ahead or behind the beat, suggesting a need for better internal rhythm awareness.

**Summary for Improvement:**
To progress, the dancer should focus on strengthening her core to improve stability, which will allow for more purposeful arm movements. Practicing consistent weight shifts (shifting fully onto one foot before moving to the next) will significantly improve her balance and fluidity. Additionally, focusing on extending movements fully until the very end will help her achieve better precision and visual presence.",Novice,False
e0ee6d25-73ea-4301-900d-c40a4d1e82dc,upenn_0720_Dance_3_11,Early Expert,"The individual in the video is operating as a **Novice** in the context of professional videography/cinematography production workflows.

### Reasoning:

*   **Movement Fluency & Purpose:** The camera operator’s movements appear aimless and erratic. Instead of intentional, smooth, or motivated camera work, the operator is seen repeatedly walking back and forth, fiddling with the camera's perspective, and failing to establish a stable or narratively coherent shot. There is no clear ""choreography"" to the movement.
*   **Technical Precision (Equipment Handling):** The constant physical interaction with the camera and tripod indicates a lack of confidence in the setup. A skilled operator would perform the necessary adjustments (focus, framing, exposure) efficiently and then step away or execute a controlled movement. The repeated stopping, starting, and re-framing suggest the user is ""figuring it out"" in real-time rather than executing a pre-planned technical shot.
*   **Body Alignment & Ergonomics:** The way the operator handles the tripod and camera shows a lack of optimized technique. For example, when checking the camera, the body posture is hunched or distracted by the device itself rather than maintaining an awareness of the scene’s framing and composition.
*   **Workflow Efficiency:** A higher-level expert would likely have a checklist or a routine for ""blocking"" a shot. The repeated, jerky pans and the failure to lock down the shot—coupled with the camera being hand-held for significant portions of the recording—highlights a novice approach to capturing professional-looking footage. 

**Summary:** While they have the basic equipment, the lack of spatial awareness, inability to maintain steady, purposeful shots, and the redundant, trial-and-error nature of their movements identify them as a beginner learning the ropes of set management and camera operation.",Novice,False
a34204b4-1ebb-4cec-a338-f4e543669820,uniandes_dance_012_25,Intermediate Expert,"Based on the footage provided, I would classify this individual's skill level as **Novice**.

### Reasoning:

*   **Body Alignment and Posture:** Throughout the video, the individual appears to be struggling with consistent spatial orientation. The erratic camera movements—often pointing toward the ceiling or floor—indicate a lack of focus on maintaining a stable, centered frame. Their physical presence in the room is disorganized; they are constantly pacing and looking around without a clear objective or controlled movement pattern.
*   **Movement Fluency:** The movement is highly disjointed. Instead of controlled, intentional actions, the individual exhibits ""jittery"" motions. The camera work, which is tied to their physical movement, lacks the smoothness associated with an expert who understands how to navigate a space while recording. The transitions between different parts of the room are abrupt and lack purpose.
*   **Technical Precision:** There is a clear lack of technical setup or execution. For an expert, filming in a space with backdrops and lighting rigs would involve systematic framing, checking lighting angles, and deliberate positioning. The individual here seems to be ""fiddling"" with the environment—moving around the tripod, gesturing toward the black screen, and spinning—without demonstrating a coherent technical process.
*   **Conclusion:** The behavior lacks the ""economy of motion"" seen in higher-level performers or videographers. An expert would move with intent and efficiency; a novice often exhibits this type of aimless, high-frequency activity as they become distracted or overwhelmed by the environment.",Novice,False
3f508ce8-ba11-49d3-848c-ccd8c8b52c3d,upenn_0730_Dance_2_5,Late Expert,"The subject is performing a series of ballet-inspired floor and standing exercises, including port de bras and basic movement patterns.

**Skill Level: Novice**

**Reasoning:**
*   **Body Alignment:** The subject demonstrates poor core engagement and postural control. When standing, there is a lack of sustained turnout, and the shoulders remain tense rather than dropped and open. During floor work, the spine appears rounded, indicating a lack of the ""lengthening"" required for proper ballet technique.
*   **Movement Fluency:** The transitions between movements are hesitant and lack ""flow."" The arm movements (port de bras) are stiff and lack the necessary coordination with the breath, making the movements appear disjointed rather than organic. There is a frequent lack of follow-through in the extremities, particularly in the hands and feet.
*   **Technical Precision:** While the subject clearly understands the general shape of the movements, the technical nuances are missing. For example, during footwork or leg extensions, the point of the foot is inconsistent, and there is a lack of clear articulation through the metatarsals. The spatial awareness is also limited; the movements are somewhat unrefined and lack the crispness associated with higher-level training.

**Summary for Improvement:**
To progress, the subject should focus on ""centering""—maintaining an upright, elongated torso while moving the limbs. Dedicated practice on isolating arm and leg movements will help improve the clunky transitions. Prioritizing the articulation of the feet and working on maintaining a consistent turnout from the hip joints (rather than just the feet) will greatly enhance technical precision.",Novice,False
6b3a51f3-973e-44de-b300-ed1c25bc82d3,uniandes_dance_008_8,Late Expert,"This assessment focuses on the individual filming and navigating the space with the 360-degree camera.

### **Skill Level: Novice**

**Reasoning:**

*   **Body Alignment and Spatial Awareness:** The operator lacks professional stability in their movement. Throughout the footage, the horizon line is frequently tilted, and the camera placement often leads to obscured sightlines (e.g., the camera being blocked by the operator’s own arm or the surrounding equipment). This suggests a lack of familiarity with 360-degree shooting protocols, where camera positioning is paramount to avoid unwanted obstructions.
*   **Movement Fluency:** The movement is characterized by erratic panning and rapid, jerky shifts in direction. There is a lack of ""purpose"" in the camera’s path; instead of smooth, sweeping cinematic movements, the operator rotates the camera in a way that feels reactive and unpracticed. The frequent ""wobbling"" of the view indicates a lack of fluid body control while moving through the workspace.
*   **Technical Precision:** 
    *   **Frame Control:** In 360-degree photography/videography, the operator must consciously stay out of the stitch lines or minimize their own presence in the frame. Here, the operator’s hand and arm are constantly entering the foreground, which disrupts the immersion and creates visual clutter.
    *   **Shot Composition:** The transitions between the initial group setting and the solo walkthrough of the ""blackout"" studio are disorganized. There is no clear technical intent behind the camera moves; the operator seems to be exploring the space rather than recording it for a specific viewing purpose.
    *   **Calibration/Stability:** The camera is handheld during the walkthrough rather than mounted on a stabilizer (like a monopod or steadycam), which is standard practice for professional 360 content to ensure the viewer doesn't experience motion sickness.

**Summary:** 
The operator is clearly experimenting with the technology rather than utilizing it with professional intent. Their movements are unrefined, the camera stabilization is poor, and the constant appearance of their own limbs within the 360 field of view characterizes a beginner’s struggle to manage the unique constraints of this format.",Novice,False
5c4e796b-cb0b-4a72-b7ed-ad0dcc6aec1c,uniandes_dance_019_58,Late Expert,"Based on the video provided, here is an evaluation of the individual’s performance:

### **Skill Level: Novice**

**Reasoning:**

*   **Body Alignment:** The performer shows a lack of consistent core engagement. Throughout the movement, there is a tendency to ""collapse"" at the midsection, particularly during transitions and turns, which breaks the line of the body. Alignment is often compromised by looking down or at the ground rather than maintaining a focus point, which impacts posture and verticality.
*   **Movement Fluency:** The transitions between movements are ""choppy."" There is a clear hesitation between steps, suggesting that the choreography is not yet internalized. The movement lacks ""flow"" or connective tissue between the beats; it appears more like a sequence of individual poses rather than a fluid string of actions.
*   **Technical Precision:** There is a lack of sharpness and controlled execution. Specifically, the weight transfers are unstable, often leading to a slight wobbling or loss of balance upon landing. The arm movements (port de bras or general gesture) appear soft and lack intentionality, indicating that the dancer is still focusing primarily on remembering the steps rather than the quality of the movement.
*   **Observational Context:** The video quality, which is filmed from a first-person perspective (likely a rehearsal or self-recording) combined with the performer's frequent pauses to observe or reset, further characterizes this as a learning phase. 

**Recommendation:** To move toward an Intermediate level, the performer should focus on ""finding their center""—engaging the core to stabilize the torso—and working on the transitions *between* the main moves to ensure the movement does not stop when the music is still playing. Focusing on eye line and keeping the head up will also significantly improve overall body alignment.",Novice,False
b0f9aa8b-0632-44a1-a6ab-8d698208169c,uniandes_dance_011_29,Late Expert,"Based on the provided video, the subject’s skill level is **Novice**.

### Reasoning:

**1. Body Alignment and Posture:**
The subject demonstrates a lack of foundational control. Their posture is generally rigid, and they struggle with maintaining a grounded, balanced stance. There is a noticeable disconnect between the upper and lower body; when the arms move, the torso and hips remain static, preventing the ""full-body"" engagement necessary for fluid movement.

**2. Movement Fluency:**
The movement lacks cohesion and rhythm. The transitions between gestures appear jerky and tentative rather than intentional or expressive. There is a frequent ""stop-start"" quality to their motions, indicating that they are consciously thinking about each movement step-by-step rather than internalizing the movement pattern. The lack of flow prevents them from achieving the dynamic energy typical of a more experienced dancer.

**3. Technical Precision:**
The execution of the specific arm and hand movements is inconsistent. The range of motion is limited, and the subject fails to utilize the full space effectively. Their spatial awareness is somewhat compromised, as evidenced by the erratic pacing and the lack of confidence in orienting their body toward the room or the audience.

**Summary:**
While the subject is attempting the movements, they are currently in the ""cognitive"" phase of learning. They are focusing heavily on executing the mechanics of the arms without yet integrating the core, weight shifts, or stylistic nuances that define higher proficiency. To progress, they would need to work on softening their joints, smoothing out transitions, and syncing their movements with a consistent tempo.",Novice,False
95bcacb6-e524-4aa8-91f3-22b12898779d,uniandes_dance_016_45,Novice,"The individual in the video demonstrates **Novice** level skill.

### Reasoning:

*   **Body Alignment:** Throughout the movement, there is a significant lack of core engagement and spinal control. The posture is unstable, and the limbs often appear disconnected from the center of gravity. The stance lacks the grounding required for controlled movement, leading to wobbling.
*   **Movement Fluency:** The execution is hesitant and fragmented. Transitions between positions are not seamless; there are visible ""stops"" and adjustments that disrupt the flow of the movement. There is a lack of fluidity, and the performer appears to be focusing more on remembering the sequence than on the quality of the motion itself.
*   **Technical Precision:** The movements lack definition. The arm gestures (specifically the hand and finger placement) are imprecise and lack the deliberate tension or extension required for professional execution. The spatial awareness is also lacking, as the performer does not utilize the defined boundaries of the dance floor effectively, leading to hesitant placement.

**Summary:** The performer is likely in the early stages of training. While they are attempting to follow a sequence, they lack the foundational muscle control, kinetic awareness, and refined technique that characterize intermediate or expert performers. Focus on core conditioning and practicing basic isolations would greatly improve their precision and fluency.",Intermediate Expert,False
841d97d5-8a6b-4221-adea-5fa1aa3e9707,uniandes_dance_011_43,Early Expert,"This video appears to show an individual performing a technical sequence, likely involving a martial art or a dance-based movement form, possibly for motion capture. 

### Skill Level: **Intermediate Expert**

**Reasoning:**

*   **Technical Precision:** The individual displays a solid understanding of the required sequences. The transitions between positions are deliberate and show good control. There is clear evidence of memorized choreography executed with specific attention to hand and foot placement.
*   **Movement Fluency:** The movement is relatively fluid, though there are moments of hesitation during the transitions. The practitioner maintains a good pace, but the ""flow"" is occasionally interrupted, suggesting they are still in the process of internalizing the sequences to the point of complete automaticity.
*   **Body Alignment:** The practitioner shows good awareness of their center of gravity and spatial orientation. Their limb extensions are largely purposeful, and they maintain a relatively stable posture during turns and shifts. However, in the faster transitions, there is a slight lack of total core rigidity, which indicates they are not yet at the ""Late Expert"" level where every movement is perfectly efficient and devoid of secondary adjustments.
*   **Contextual Mastery:** The use of what appears to be tracking equipment (wristbands, floor markers) and the deliberate nature of the movements suggests they are performing for a specific technical requirement. They handle the spatial constraints of the room well, demonstrating an advanced level of coordination required for this type of performance.

**Recommendation:** To reach the ""Late Expert"" level, the individual should focus on smoothing out the micro-hesitations between movements. Strengthening core engagement during rapid directional changes would also sharpen the visual crispness of their performance.",Intermediate Expert,False
5b5a6017-4b2e-4529-a348-84bc64d1d3c3,upenn_0727_Partner_Dance_2_2_4,Early Expert,"### **Skill Level: Novice**

The individual in the video is dancing at a **Novice** level. While there is a clear interest in the activity and a willingness to move, the performance lacks the technical foundations and fluidity required for higher levels of proficiency.

### **Reasoning**

**1. Body Alignment:**
*   **Postural Collapse:** Throughout the dance, the performer lacks a stable, centered core. There is a tendency to slouch, and their posture is inconsistent, particularly during transitions or when attempting partner work.
*   **Balance Issues:** The dancer struggles with weight distribution, often appearing ""heavy"" in their movements. There are moments of instability where they lose their center of gravity, causing them to shuffle or overcompensate with their arms to maintain balance.

**2. Movement Fluency:**
*   **Fragmentation:** The movements are jerky and disconnected. Instead of a smooth flow between positions or steps, the dancer moves in distinct, separate motions, giving the performance a ""stop-and-start"" quality.
*   **Lack of Momentum:** There is very little utilization of rotational force or kinetic energy. They often come to a full stop between steps, which breaks the rhythm of the music (implied) and prevents the development of sustained flow.
*   **Partner Coordination:** When engaging in what appears to be a partner dance, the lead/follow connection is tenuous. They rely heavily on pulling or grabbing the partner rather than utilizing a frame, which indicates a fundamental lack of understanding regarding tension and compression in partner dancing.

**3. Technical Precision:**
*   **Footwork:** The footwork is imprecise. There is no evidence of controlled transitions, clean weight changes, or purposeful foot placement. They often seem to be ""walking"" through the dance rather than executing specific technical steps.
*   **Lack of Intent:** Many of the arm gestures and turns are executed without clear spatial intent. The hands and arms are often held awkwardly, serving as a balance aid rather than a stylistic or functional extension of the movement.
*   **Self-Consciousness:** The constant adjustments (fixing hair, glasses) and the lack of engagement with the space or the music suggest that the dancer is still preoccupied with ""getting through the moves"" rather than performing or internalizing the technique.

**Summary:**
The dancer is currently in the ""conscious effort"" phase of learning. To progress to an Intermediate level, they would need to focus on core strengthening to stabilize their posture, mastering consistent weight changes to improve balance, and practicing specific, repeatable movement patterns to replace the current lack of structural precision.",Novice,False
b0f43b31-88d6-4173-bc98-543c8f8d938d,uniandes_dance_016_44,Novice,"This evaluation assesses the individual's performance in the provided footage.

### **Skill Level: Novice**

**Reasoning:**
The subject’s performance is clearly in the beginning stages of development. Several factors contribute to this classification:

*   **Body Alignment:** The subject lacks consistent control over their postural alignment. Their movements often appear disconnected, with the core not fully engaged to stabilize the upper and lower body. When shifting weight or extending limbs, the alignment breaks, suggesting a lack of muscle memory and control required for higher-level performance.
*   **Movement Fluency:** The transitions between movements are ""choppy"" and lack cohesion. There is a noticeable hesitance or lack of confidence in the fluidity of the movement pattern. Rather than the movement flowing naturally from one point to the next, it appears mechanical, with visible pauses or adjustments being made mid-motion to regain balance or correct direction.
*   **Technical Precision:** The technical execution is imprecise. The spatial awareness—specifically regarding where limbs should end or how they should travel through space—is inconsistent. The subject struggles to maintain the specific shapes or trajectories intended by the movement, which is a hallmark of a novice who is still learning the mechanics rather than executing them with polish.
*   **Engagement/Context:** While the subject is attentive to the task, the performance lacks the nuances (such as weight distribution, dynamic contrast, or refined tension) that separate a beginner from an intermediate performer.

**Recommendation:** To move toward an intermediate level, the subject should focus on ""slow-motion"" drills to isolate core stability during transitions and work on developing consistent muscle memory to smooth out the jagged edges of their movement phrases.",Novice,True
6e4400c5-0bd9-454f-97d4-4fe35fe31682,uniandes_dance_022_9,Novice,"Based on the video provided, here is an evaluation of the individual’s performance:

### **Skill Level: Novice**

**Reasoning:**

*   **Body Alignment:** The subject exhibits significant instability in their core and base. During the transitions and movements, the torso often appears disconnected from the lower body, and there is a lack of ""stacking"" (alignment of head, shoulders, and hips). The gait is hesitant, suggesting that the subject is preoccupied with the mechanics of the movement rather than internalizing the structural alignment.
*   **Movement Fluency:** The movement lacks a smooth, continuous flow. There are noticeable ""stop-and-start"" patterns, particularly when navigating the space and transitioning between positions. The weight transfers are choppy, and there is a lack of kinetic linking—the energy does not seem to pass efficiently through the body from one movement to the next.
*   **Technical Precision:** The execution of the specific technical requirements is inconsistent. The footwork lacks deliberate placement, leading to moments where the balance is compromised. The arm and hand gestures are largely functional rather than refined, lacking the crispness or intentionality found in higher-level performers.
*   **Overall Performance:** The subject appears to be in the ""cognitive phase"" of learning, where they are still mentally processing the sequence of steps and the layout of the space. While they are attentive and following the necessary path, they have yet to achieve the subconscious fluidity or the refined control that characterizes an expert level. They are currently focusing on ""getting it right"" rather than ""getting it fluid.""

**Summary:** The individual shows clear intent and understanding of the spatial requirements, but the lack of integrated body tension and fluid transitions places them firmly in the **Novice** category. Further development of core stabilization and repetition to create ""muscle memory"" would be the next logical steps for progression.",Novice,True
1e31765b-d0e0-4317-a361-2e81613a5c61,uniandes_dance_021_20,Intermediate Expert,"Based on the video provided, here is an evaluation of the individual’s skill level and performance.

### **Skill Level: Intermediate Expert**

### **Reasoning:**

**1. Body Alignment and Control:**
The individual demonstrates a solid understanding of body mechanics, particularly in their posture and core engagement. Throughout the sequence, they maintain a stable center of gravity even when transitioning between different foot positions. Their alignment is consistent, showing an ability to keep the head, shoulders, and hips stacked during pivots and floor work, which is a hallmark of someone who has moved past the foundational ""novice"" stage.

**2. Movement Fluency:**
The fluency of movement is quite high. There is a noticeable ""connectedness"" in their transitions; they don't move in isolated, disjointed bursts. The arm movements and gestures appear deliberate and intentional rather than purely reactive. The fluidity suggests they are comfortable enough with the choreography or technical requirements to focus on the aesthetic quality of the movement rather than just ""getting the steps right.""

**3. Technical Precision:**
The individual exhibits good technical precision, particularly regarding foot placement and space management. You can see them navigating the floor markers with ease, showing they have high spatial awareness within the environment. Their small adjustments—flicks of the wrist, subtle shifts in weight, and the timing of their turns—show a level of refinement. 

**Why not ""Late Expert""?**
While the movement is fluid and precise, there is still a slight lack of ""dynamic variance."" A Late Expert would typically display more explosive power in certain movements or more extreme depth in their range of motion. The current performance is very clean and efficient, but it feels like it is operating within a controlled, safe zone. They are likely at the stage where they have mastered the mechanics and are now in the process of adding individual flair, stage presence, and deeper interpretative nuance.

**Summary:** 
This person is an **Intermediate Expert**. They have surpassed the stage of needing to think consciously about basic footwork and balance. They have developed a strong technical foundation and the ability to link movements together into a cohesive, fluid performance. Continued progress will come from working on the dynamic range and the ""finishing touches"" that differentiate a high-level technical performer from a professional-grade artist.",Intermediate Expert,True
3cffe89e-da73-4297-808a-d185d49959f1,uniandes_dance_022_48,Late Expert,"Based on the provided video, the subject’s skill level is **Novice**.

### Reasoning:

**1. Body Alignment and Posture:**
The subject demonstrates a lack of foundational control over their body alignment. Throughout the video, the torso appears loose and lacks the necessary engagement of the core muscles required for controlled dance movement. The shoulders are often rounded, and there is a lack of ""grounding"" in the stance, which is essential for maintaining balance and projection.

**2. Movement Fluency:**
The transitions between positions are choppy and lack the seamless ""flow"" that characterizes more experienced dancers. The movements are disjointed—specifically, the arm gestures are frantic rather than deliberate. There is a visible hesitation or lack of momentum, as if the performer is thinking through the sequence step-by-step rather than internalizing the movement into a continuous, fluid expression.

**3. Technical Precision:**
Technically, the performance lacks crispness. The extremities (fingers/hands) are not fully extended or articulated with purpose, often appearing ""soft"" or ""wilting."" The movements lack spatial awareness; the arm reaches are inconsistent in their trajectory, and there is little evidence of the refined muscle memory required for higher-level performance. The movement is largely reactionary and lacks the specific dynamic control (varying speeds and tension) found in even intermediate-level practitioners.

**Conclusion:**
The performer shows an interest in movement and performance but is currently in the early stages of development. To progress, they should focus on core strengthening to improve stability, drill basic movement pathways to build muscle memory (eliminating the ""searching"" quality in their arms), and work on maintaining consistent tension throughout the limbs to improve the visual aesthetic of their performance.",Intermediate Expert,False
f1415a2f-c967-450e-bc9a-53a49abdd5e5,uniandes_dance_008_38,Late Expert,"This analysis evaluates the dancer's movement based on the provided video, focusing on the specific dance routine performed.

### Skill Level: **Novice**

### Reasoning:

**1. Body Alignment:**
The dancer struggles significantly with maintaining a consistent center of gravity. Throughout the routine, there is a visible lack of core engagement, causing the torso to tilt or collapse during transitions. The posture appears tentative rather than grounded, which is a hallmark of a beginner still trying to coordinate limb movement with the trunk.

**2. Movement Fluency:**
The transition between movements is disjointed. Instead of ""linking"" steps together into a continuous flow, the dancer performs moves as individual, isolated actions. There is a ""stop-and-start"" quality to the choreography; the dancer pauses to process the next move, which breaks the kinetic energy of the routine. Additionally, their footwork lacks lightness, indicating they are not yet comfortable with weight shifts and balance.

**3. Technical Precision:**
*   **Arm Placement:** The arm movements are imprecise, lacking the full extension and intended ""finish"" required for choreography. The hand and wrist actions are somewhat ""dead,"" meaning they don't follow through to the fingertips, which diminishes the aesthetic impact.
*   **Spatial Awareness:** While the dancer is generally aware of the camera and their surroundings, they struggle to keep their movements tight within a frame. The gestures feel broad and unrefined, lacking the sharpness (the ""pop"") needed for this specific style of dance.
*   **Timing:** There is a slight struggle to stay perfectly on the musical beat. The dancer often rushes the rhythm or falls slightly behind, suggesting that the muscle memory for this specific routine hasn't been fully solidified yet.

**Coach’s Note:**
The dancer clearly understands the sequence of the choreography, which shows they are practicing, but they are currently in the ""learning the steps"" phase rather than the ""performing the movement"" phase. To reach the next level, the dancer should focus on **drilling transitions** to improve flow and **engaging the core** during floor work to stabilize their alignment. Slowing down the practice to emphasize full extension will help fix the technical precision issues.",Novice,False
3a327064-721f-4571-a510-29de32f82342,uniandes_dance_013_8,Early Expert,"Based on the provided video, the subject's skill level is **Novice**.

### Reasoning:

**1. Body Alignment and Balance:**
*   Throughout the sequence, the subject displays inconsistent grounding. While moving between the floor markers, their center of gravity shifts erratically, leading to a lack of stability. A more experienced mover would maintain a ""stacked"" posture (shoulders over hips) to facilitate quicker transitions.
*   The arm movements are loose and lack the purposeful tension required for high-level technical performance. There is a lack of engagement through the core, which causes the torso to collapse slightly during directional changes.

**2. Movement Fluency:**
*   The transitions between positions are segmented and lack fluidity. The subject pauses noticeably before and after moving to each marker, indicating a ""thinking"" phase for each step rather than an internalized, reactive movement pattern.
*   The movements lack ""economy of motion."" The arm swings are overly broad and somewhat erratic, which would waste energy in a high-intensity environment.

**3. Technical Precision:**
*   The precision of the footwork on the floor markers is underdeveloped. Often, the foot does not land squarely in the center of the marker, suggesting a lack of proprioceptive awareness and control over stride length.
*   The subject exhibits ""telegraphing"" movements—using large preparatory wind-ups with the arms before initiating a change in direction or position. An expert would execute these transitions with tighter, more efficient motor patterns.

**Conclusion:**
The subject is clearly in the early stages of learning these movement patterns. They are focusing on the *location* of the markers rather than the *quality* of the motion. With more repetition, they need to focus on core stabilization and smoothing out the transitions to advance toward an Intermediate level.",Intermediate Expert,False
f809a447-5414-4539-8bfd-2f6baa32dc1c,uniandes_dance_021_53,Early Expert,"This individual demonstrates an **Intermediate Expert** skill level in their dance movement.

### Assessment of Technique:

**1. Body Alignment:**
The dancer shows a strong understanding of spatial awareness and postural control. Even through the distorted fisheye lens, one can observe controlled core engagement and fluid weight distribution. The posture remains stable during directional transitions, and the lines maintained during arm extensions (e.g., at 0:23 and 0:53) suggest a well-trained foundation in body placement.

**2. Movement Fluency:**
The transition between different planes and movement directions is smooth. The dancer displays a ""rounded"" quality in their execution, meaning they effectively bridge the gaps between poses with purposeful, continuous energy. There is no ""stuttering"" or abrupt mechanical movement; rather, the choreography flows naturally across the floor.

**3. Technical Precision:**
The dancer exhibits high technical proficiency. Their gestures are sharp where required (e.g., the rhythmic movements throughout the clip) and soft when transitioning. The timing is consistent, and the usage of the extremities—specifically the articulation of the hands and fingers—adds a layer of sophistication and performance polish that distinguishes them from a novice.

### Reasoning for Classification:
*   **Why not Novice?** A novice typically lacks the muscular isolation and fluid, deliberate connectivity between movements seen here. The dancer is clearly in control of their center of gravity even when navigating the visual constraints of the camera angle.
*   **Why not Late Expert?** While the movement is highly skilled, ""Late Expert"" usually implies a level of extreme, almost effortless nuance in complex textures, floor work, or high-level technical variations that aren't fully showcased in this short, stylized clip. 

**Summary:** The dancer displays a sophisticated grasp of choreography and execution, maintaining a high level of composure and technical consistency throughout the sequence. They are clearly well-versed in the discipline and show the maturity of an experienced dancer.",Late Expert,False
a20971f0-7778-436f-a3de-ffbc64d59b06,uniandes_dance_017_5,Novice,"Based on the video provided, here is an evaluation of the individual’s dance technique:

### **Skill Level: Intermediate Expert**

### **Reasoning:**

*   **Body Alignment and Control:** The dancer demonstrates a solid grasp of core stability and spatial awareness. The movements are intentional, with consistent posture that indicates significant training. They maintain their center of gravity well during transitions and changes in direction, which is characteristic of someone who has moved past the novice stage and into a more refined technical phase.
*   **Movement Fluency:** The individual exhibits high fluidity in their upper body and arm movements. Transitions between different postures are generally seamless, showing a natural ""flow"" rather than disjointed or robotic movements. The ability to coordinate arm gestures with shifts in body orientation while filming (or navigating the space) suggests a high level of comfort and experience.
*   **Technical Precision:** The precision of their gestures—specifically the hand and wrist articulation—shows that the dancer understands the importance of ""lines"" and ""texture"" in performance. They are not merely going through the motions; they are clearly emphasizing beats and rhythmic nuances in the music. The intentional pacing of their movements against the beat highlights a refined performance quality.
*   **Consistency:** The dancer shows an ""Intermediate Expert"" level rather than ""Late Expert"" because, while the technique is strong, there is still room for more explosive power in the lower body and further optimization of the transitions between complex moves. They clearly have a strong foundation and a sophisticated understanding of choreography, but there is still space to push for greater dynamic contrast in their execution.

Overall, the dancer displays a high degree of confidence and technical competence, making them a very capable performer with a strong sense of rhythm and stage presence.",Intermediate Expert,False
6eba8ef2-4d47-4d63-a864-e4dc64f8231b,uniandes_dance_021_5,Late Expert,"The provided video shows a sequence of fragmented, rapid handheld camera movements (frequent whipping/panning) in a studio setting, rather than a continuous performance or dance routine. Based on the limited visual evidence available, here is the evaluation:

### **Skill Level: Novice**

**Reasoning:**

*   **Absence of Technical Foundation:** Because the footage is primarily captured by a handheld, fish-eye lens moving chaotically rather than a subject performing, there is no evidence of dance technique, body alignment, or rhythmic execution. The subject is behind the lens, not in front of it.
*   **Lack of Movement Fluency:** The movement presented is entirely jerky and erratic. It lacks the control, transition-smoothness, and intentionality required for even an entry-level expert (novice-intermediate) dancer. A dancer typically demonstrates ""fluency"" through sustained posture, weight shifts, and controlled transitions, none of which are present here.
*   **Technical Precision:** In dance, technical precision refers to the accuracy of movement (e.g., foot placement, joint alignment, clean lines). In the context of this footage, the camera operator is failing to provide a stable, meaningful frame for observation, which suggests a lack of understanding of how to capture or present body mechanics effectively. 
*   **Contextual Limitation:** The ""movement"" observed is the shaking of the camera itself. Since the camera work is unrefined and inconsistent, and no actual dancing is being performed, the skill level in a movement-based context cannot be rated higher than Novice.

**Recommendation:** To receive a proper critique, record the subject in a stable frame, wearing appropriate clothing to show body lines, and perform a continuous routine at a consistent speed. This will allow for an assessment of your actual technical precision and alignment.",Novice,False
0f2b6d29-7921-402f-9a5b-59dd9a15f515,uniandes_dance_012_28,Late Expert,"This person appears to be a **Novice**.

### Reasoning:

*   **Body Alignment:** The subject’s posture is characterized by significant instability. Their center of gravity is not well-maintained, leading to noticeable swaying and an inability to remain grounded. They seem to lack the core engagement necessary to hold a steady, balanced frame.
*   **Movement Fluency:** The movements are disjointed and hesitant. There is a clear lack of ""kinetic chain"" flow—the transitions between their actions are not smooth, often interrupted by over-corrections or pauses that break the rhythm of the exercise.
*   **Technical Precision:** While they are following basic directional cues, they lack control over the fine details. Their arm and leg placement is inconsistent, and they struggle to hit the marks or maintain the intended form throughout the duration of the movement.

**Summary:** The individual is currently in the early stages of learning, demonstrating a need for foundational work on core stability and repetitive practice to smooth out the mechanics of their movement. They are focused more on the ""what"" of the movement than the ""how,"" which is characteristic of the novice level.",Novice,False
88f21f26-5c09-485c-9e63-a096acf58336,uniandes_dance_016_12,Early Expert,"Based on the provided video, the subject’s skill level is **Novice**.

### Reasoning:

**1. Body Alignment and Posture:**
The subject demonstrates significant issues with core engagement and spinal alignment. When attempting movements (such as the pivot or the walk-through), there is a noticeable lack of vertical stacking. The posture is often hunched, and the transitions between poses lack the deliberate ""checkpoints"" required for high-level movement. The center of gravity is inconsistent, leading to a swaying motion rather than a grounded, controlled presence.

**2. Movement Fluency:**
The fluency of the movement is fragmented. There is a lack of ""linking"" between transitions; each motion feels like a separate, mechanical event rather than a continuous flow of kinetic energy. The transitions, particularly when navigating the space, appear hesitant and lack the fluid, rhythmic quality expected of a more experienced practitioner. The camera work, which is tied to their movement, highlights the instability in their gait.

**3. Technical Precision:**
There is a clear absence of foundational discipline. In technical movement, precision is defined by the economy of motion—performing only what is necessary to achieve the desired effect. The subject’s movements are currently over-extended and lacking in intentionality. The arm placements and footwork lack the sharpness and ""finish"" required to communicate confidence. The tendency to look down at their own feet or the floor during movement is a hallmark of a novice, as it indicates a lack of spatial awareness and internal proprioception.

**Conclusion:**
While the subject is comfortable exploring the space and attempting to coordinate their movement with the environment, they lack the foundational structural integrity and refined control necessary for a higher classification. They are currently in the developmental phase where they are still learning how to manage their body weight and maintain a consistent center of balance throughout their transitions.",Novice,False
3abfad56-574e-41ad-abb1-6a002c69a5c7,uniandes_dance_024_17,Early Expert,"This video appears to be a rehearsal or a test shoot in a studio rather than a performance of a specific technical discipline (like dance or gymnastics). Because there is no structured movement, choreography, or athletic execution to evaluate, it is impossible to assess the person's technical skill level.

Here is the breakdown of why this classification cannot be determined:

*   **Absence of Technical Criteria:** The person is primarily moving the camera, gesturing to the room, and walking. There is no demonstration of athletic ability, poise, alignment, or dynamic control.
*   **Body Alignment:** The subject is largely off-camera or operating from a first-person perspective. The few times the person is visible, they are simply walking or gesturing casually.
*   **Movement Fluency:** The movement shown is utilitarian (walking to adjust equipment or checking the frame) rather than performative.
*   **Technical Precision:** There are no specific movements, steps, or maneuvers to evaluate for precision.

**Conclusion:** 
The video does not contain sufficient content to judge physical or technical skill. Based on the footage provided, the user is acting as a **camera operator or stage technician** rather than a performer. If you have footage of the subject performing a specific routine or skill, please provide that, and I will be happy to offer a detailed evaluation.",Unknown,False
cbc710de-4393-470d-91bd-f6af9f09f7c4,uniandes_dance_022_7,Novice,"The person in the video is at a **Novice** skill level.

**Reasoning:**

*   **Body Alignment:** The performer shows a lack of core engagement and awareness of vertical alignment. The shoulders and hips are not consistently squared or stabilized, leading to a ""floppy"" appearance during movements. The stance is often wide, which compromises the ability to transition smoothly between positions.
*   **Movement Fluency:** The movement is fragmented and lacks the necessary flow or ""legato"" quality expected in more advanced dance. There is significant hesitation between sequences, and the transitions appear forced rather than natural. The performer relies on stopping the motion entirely before starting the next, which breaks the continuity of the choreography.
*   **Technical Precision:** The technical execution is underdeveloped. Footwork is imprecise—often flat-footed or lacking the necessary articulation of the ankle and toes. There is a lack of clear definition in the limbs, specifically regarding arm extensions and muscle engagement; the arms often appear limp or disconnected from the movement of the torso.

**Summary:** 
While the performer is attempting to execute the choreography, they lack the foundational control and muscle memory required for higher-level performance. The movements lack ""finish"" (the clean, intentional ending of a motion) and the performer struggles to maintain a consistent rhythm throughout the sequence. Focus on strengthening the core and developing fluid transitions between isolated movements would be the most effective way to progress.",Novice,True
24437400-1478-4239-8f4d-788d88568a9e,uniandes_dance_021_23,Intermediate Expert,"Based on the video provided, I would categorize this person's skill level as **Intermediate Expert**.

Here is an analysis of their performance based on the requested criteria:

### **Body Alignment**
The dancer shows a strong understanding of core engagement and vertical alignment. When transitioning between the different ""zones"" or markers on the floor, their posture remains consistent and controlled. There is little wasted movement in their torso, which indicates good stability and central strength. The use of the fisheye lens makes subtle alignment issues harder to detect, but the overall carriage of the body suggests a disciplined technical background.

### **Movement Fluency**
This is perhaps the dancer's strongest area. They exhibit excellent ""flow"" between the static movements and the dynamic transitions. The way they utilize their hands and arms during the sequences shows an intentionality that bridges the gap between purely mechanical movement and artistic expression. The transitions are fluid, with minimal hesitation, indicating that the choreography or movement patterns are deeply internalized.

### **Technical Precision**
The precision here is high, particularly in how they navigate the limited space and the markers on the floor. They hit their positions consistently with reliable foot placement. Their movements are rhythmic and follow the beat with high accuracy. While there are moments where the speed of the movement slightly compromises the extreme detail of the hand extensions, the overall execution of the technical components is very clean.

### **Reasoning for ""Intermediate Expert"" Rating**
*   **Why not Novice?** A novice would lack this level of spatial awareness and rhythmic control. The fluidity in the transitions and the ability to maintain a consistent energy level throughout the routine are hallmarks of someone who has moved well past the foundational stage.
*   **Why not Late Expert?** While the performance is very strong, a ""Late Expert"" rating would require even higher levels of nuanced micro-movements, more complex variations in weight distribution, and a more sophisticated manipulation of time (staccato vs. legato) within the movement patterns. The dancer is currently executing the choreography accurately and confidently, but has room to add more individual ""flavor"" or deeper interpretative qualities to their performance.

**Summary:** You are witnessing a well-trained dancer who handles their movement vocabulary with confidence and precision. They are clearly comfortable in their own skin and possess a high degree of body control.",Late Expert,False
d351ce4f-6cd3-45f3-8514-77c1eb3adffa,uniandes_dance_011_16,Intermediate Expert,"The individual in the video is performing a fundamental ballroom/Latin dance exercise (likely Cha-cha or Rumba basic steps/weight transfers).

### Skill Level: **Novice**

**Reasoning:**

*   **Body Alignment:** The person lacks a strong, stable ""center."" There is a visible lack of tension in the core, which causes the upper body to compensate for the weight shifts rather than staying balanced over the center of gravity. The shoulders remain relatively static, failing to articulate with the hip movement, which is essential for higher-level execution.
*   **Movement Fluency:** The movement is fragmented. There is a ""stop-and-start"" quality to the transitions, where the weight shift occurs first and the movement of the legs follows, rather than a continuous, fluid flow. This indicates the person is still mentally processing each individual step rather than executing a cohesive phrase of movement.
*   **Technical Precision:** The footwork is hesitant. While the individual is clearly trying to follow the floor markers (the footprint stickers), there is a lack of ""grounding."" The weight transfers do not fully commit to the supporting leg, leading to a shaky stance. The arms, while kept in a general position, feel disconnected from the torso and lack the intentional framing required for dance.
*   **Overall Observation:** The performance is characteristic of a beginner still developing the necessary coordination between weight distribution and rhythm. They are focused on the mechanics of *where* to step rather than the technique of *how* to step (e.g., foot articulation, ankle stability, and hip action). 

**Recommendation for progress:** The dancer should focus on ""grounding"" the foot strikes and engaging the core to ensure that the arm movements are powered by rotation in the torso rather than just moving the limbs independently. Working on continuous weight transfer exercises without stopping will help improve fluency.",Novice,False
ee8eed89-5348-4a6a-8eb3-f9fc80fad1ea,uniandes_dance_019_18,Intermediate Expert,"Based on the video provided, the skill level of the person performing is **Novice**.

Here is the reasoning behind this assessment:

**1. Body Alignment & Stance:**
The performer lacks a foundational ""center."" Their movements are fragmented, and their weight distribution often seems unstable, leading to a slouching posture during static moments. There is a lack of engagement in the core, which causes the upper and lower body to appear disconnected rather than acting as a cohesive unit.

**2. Movement Fluency:**
The transition between poses and steps lacks the ""flow"" characteristic of an intermediate or expert dancer. The movements are somewhat mechanical, suggesting that the performer is focusing heavily on executing the next step rather than feeling the movement. There is a noticeable lack of momentum or rhythmic continuity, as the performer frequently pauses or recalibrates their position between sequences.

**3. Technical Precision:**
The execution of the choreography is inconsistent. Several movements lack the extension or sharp ""finish"" required for technical proficiency. The hand and arm movements appear tentative, often lacking the intentionality that distinguishes a more experienced performer. The focus appears to be on memorizing the order of movements rather than mastering the quality or ""texture"" of each action.

**Summary:**
As a **Novice**, the performer is at the stage where they are learning to coordinate their body with a set routine. While they clearly have the desire to perform, they have not yet developed the muscular control, spatial awareness, or rhythmic maturity needed to move beyond the early stages of training. Increased focus on core strength, repetitive drilling of transitions for smoothness, and attention to detail in limb extension would help move them toward an intermediate level.",Intermediate Expert,True
1e5e4324-4624-468a-9ec0-679f4be6da72,uniandes_dance_017_36,Early Expert,"This individual demonstrates a skill level of **Novice**.

### Evaluation:

**1. Body Alignment:**
The subject’s alignment during the movement sequences is inconsistent. There is a lack of engagement in the core, which leads to instability, particularly when transitioning between poses. Their shoulders are often rounded, and their vertical axis—essential for fluid movement—is frequently broken or leaning, suggesting a lack of awareness regarding body placement in space.

**2. Movement Fluency:**
The transitions between the various choreographed points are jerky and lack ""connective tissue."" Instead of flowing from one position to the next, the movements appear as a series of disconnected, static poses. There is significant hesitation, and the arm movements are robotic rather than integrated with the torso. This suggests the choreography has not yet been internalized through repetition.

**3. Technical Precision:**
The execution of the specific markers/footwork shows a lack of technical precision. The subject is focused on finding their place on the floor (looking down or gesturing to confirm positioning) rather than executing the movement with confidence. The hand placements are imprecise, and the extensions lack the ""finish"" or ""line"" required at higher skill levels.

### Reasoning for ""Novice"" Classification:
The subject is in the ""cognitive"" stage of motor learning. They are clearly focused on *where* to go rather than *how* to move. The constant checking of positioning and the disjointed nature of the limbs indicate that the foundational patterns have not been mastered yet. The lack of tension control—specifically in the wrists and fingers—and the absence of rhythmic connection to the space are hallmarks of a novice trainee who is still memorizing basic steps rather than performing them with technical competence.",Novice,False
96f28cc0-fa8c-4502-afff-092aee3a875b,uniandes_dance_012_22,Intermediate Expert,"The provided video footage is extremely difficult to evaluate for technical precision because it is captured using a heavy fisheye lens, which causes severe spatial distortion and extreme warping of the dancer’s form. Additionally, the camera is constantly in motion, panning and shaking, which prevents a stable baseline for analyzing body alignment or movement mechanics.

Given the available evidence, here is the assessment:

### **Skill Level: Novice / Early Intermediate**

**Reasoning:**

1.  **Lack of Technical Precision:** Due to the severe lens distortion and rapid, erratic camera movement, it is impossible to accurately assess joint angles, center of gravity, or postural alignment. However, the movements that are visible—primarily hand and arm gestures—appear somewhat uncoordinated and lack the sharp, deliberate lines typical of an experienced performer.
2.  **Movement Fluency:** The transitions between movements are not seamless. The dancer appears to be struggling with timing or rhythm, leading to ""clunky"" execution rather than the fluid, continuous motion expected of an expert. There is a sense of hesitation in the choreography that is common in early stages of learning.
3.  **Spatial Awareness:** While the dancer occupies the space, they do not demonstrate the ""command of space"" associated with higher levels of expertise. The performance lacks the necessary physical engagement—such as strong core engagement or deliberate weight transfers—required for a more advanced rating.
4.  **Limitations of Footage:** Because the camera is moving almost as much as the performer, the ""dance"" is constantly being reframed. An expert would typically maintain a consistent posture regardless of where the camera is; here, the technique seems to be impacted by the environment, suggesting a lack of the ""internalized"" muscle memory that characterizes an advanced level.

**Conclusion:**
This performer is likely in the early stages of their training. They demonstrate an ability to follow a sequence of movements, but they have not yet achieved the technical refinement, control, or fluid economy of motion seen in expert dancers. To provide a more accurate evaluation, I would need a stable, high-angle, non-fisheye recording that captures the dancer's full body throughout the entirety of the routine.",Intermediate Expert,True
a49424bb-676f-471c-8152-6a0b1b5bb6e6,uniandes_dance_012_29,Late Expert,"The person in the video displays an **Early Expert** skill level.

### Reasoning:

**1. Body Alignment:**
The individual exhibits a strong sense of spatial awareness and body control. Their posture is stable throughout the movement, maintaining a balanced center of gravity even when navigating the room and engaging with the camera. The deliberate, controlled movements suggest an internal understanding of how their limbs and torso work together to achieve a specific technical goal.

**2. Movement Fluency:**
The transitions between different positions are fluid and purposeful. They move with an efficient use of energy, avoiding unnecessary or jerky motions. There is a clear ""rhythm"" to their actions—they pause with intent, survey the space, and perform corrective movements that are smooth rather than reactive. This indicates a high level of proprioception, common in individuals who have moved past the novice stage and into a phase where the technical process is internalized.

**3. Technical Precision:**
The individual demonstrates high attention to detail, which is a hallmark of an expert in a production setting. They are not merely ""moving around the room""; they are carefully calibrating the camera angles, assessing the lighting, and managing the environmental setup (like the black screens and backgrounds) with high fidelity. The precision in their hand gestures and the way they frame the scene shows they are operating with a clear mental blueprint of the desired final output.

**Conclusion:**
While they are not yet at the level of a ""Late Expert""—which would imply near-subconscious automation and the ability to troubleshoot complex issues under extreme pressure—they have clearly mastered the fundamentals. Their workflow is structured, their physical control is consistent, and they demonstrate the focused, intentional approach characteristic of an **Early Expert**.",Late Expert,True
09d78f26-514a-43c2-a55e-d9b17d5e1a32,upenn_0706_Dance_1_7,Early Expert,"This footage captures a participant engaging in a casual, improvisational movement exercise or warmup, likely within a studio or rehearsal space.

### Skill Level: Novice

**Reasoning:**

*   **Body Alignment:** The participant displays a lack of structured engagement with their core and extremities. There is no evidence of ""line"" or directional energy through the limbs; the movements appear soft and unformed, lacking the specific muscular activation associated with advanced movement disciplines.
*   **Movement Fluency:** The transitions between movements are hesitant. There is a lack of ""flow"" or continuity; the person stops frequently, seems to be looking for a next movement, or is simply reacting to the immediate environment rather than executing a developed movement vocabulary.
*   **Technical Precision:** There is no discernable technique being demonstrated. The movements are highly informal—mostly gesturing, swaying, and walking. They lack the control, weight distribution, and deliberate spatial awareness seen in even an ""early expert"" level.
*   **Context:** The setting (filming in a room with friends) and the nature of the activity (non-specific body exploration) suggest this is a social, recreational, or very early introductory exploration of movement rather than a technical practice.

**Conclusion:**
While the participant is physically mobile, they are not exhibiting any identifiable technical skills or formal movement training. This is best categorized as **Novice**, as the activity appears to be casual exploration without the focus, discipline, or refined technique of an expert-level practitioner.",Novice,False
989d5e04-bb58-4db9-9d58-9639adc4cd43,upenn_0730_Dance_1_4,Intermediate Expert,"Based on the provided video, the user’s skill level is **Novice**.

### Reasoning:

**1. Body Alignment & Movement Fluency:**
The user exhibits a lack of fluid, controlled movement. Their gait while moving around the room is somewhat hesitant and lacks the natural, grounded posture seen in someone with higher expertise. The ""movements"" performed while interacting with the space—such as checking the camera or moving toward the workspace—appear uncoordinated and lack the intentionality of a seasoned professional.

**2. Technical Precision:**
*   **Spatial Awareness:** There is a notable lack of efficiency in how the user navigates the room. They appear to be performing a series of disjointed tasks rather than a cohesive routine or procedure.
*   **Interaction with Equipment:** The user's interaction with the equipment (adjusting the camera, checking the workspace) lacks the finesse and efficiency that define an expert. Movements are tentative and appear to be performed with a ""trial and error"" approach rather than practiced, muscle-memory-driven technical actions.
*   **Task Continuity:** The process is heavily segmented. The user stops, starts, shifts, and pauses, suggesting they are still in the learning phase of understanding the workspace or the specific equipment setup.

**Conclusion:**
The user demonstrates the characteristics of a **Novice**—they are currently figuring out the workflow and spatial parameters of the room rather than operating with the seamless, precise efficiency of an expert. Their movements are not yet integrated or automated, which is the hallmark of a more advanced skill level.",Novice,False
62d2aac8-8afb-4193-830f-8d156bedf232,upenn_0720_Dance_3_13,Early Expert,"The individual in the video is operating at the **Novice** skill level.

**Reasoning:**

*   **Movement Fluency:** The movement patterns are erratic and lack intentionality. The frequent stops, pauses, and disoriented ""walking"" suggest a lack of familiarity with the specific workflow or equipment being used. There is no clear, rhythmic sequence of actions; instead, the movements are reactive and jerky.
*   **Technical Precision:** The setup and adjustments of the tripod and lighting equipment are inefficient. The person struggles with basic positioning, often retreating or adjusting unnecessarily, which disrupts the flow of the process. The way they handle the equipment suggests they are still in the learning phase of understanding the spatial requirements of their environment.
*   **Body Alignment:** The person frequently hunches or moves with a lack of core engagement, which is common in individuals who are not yet comfortable performing tasks under technical constraints. They appear to be ""figuring it out"" in real-time rather than executing a rehearsed or understood procedure.

**Summary:** The lack of streamlined, repeatable movements and the hesitant, trial-and-error nature of their interaction with the equipment are classic hallmarks of a novice who has not yet internalized the necessary technical mechanics.",Novice,False
f6890d9d-d0c3-43c8-9400-6cff7cc17801,uniandes_dance_007_4,Intermediate Expert,"### Skill Level: Novice

**Reasoning:**

Based on the provided video, the subject is clearly in the beginning stages of learning performance or dance movement. Here is a breakdown of the evaluation based on the requested criteria:

**1. Body Alignment:**
There is a noticeable lack of core engagement and postural stability. The subject’s movements appear somewhat loose, often losing balance or ""center"" during transitions. When turning or shifting weight, the alignment of the shoulders and hips is disconnected, leading to a ""ragdoll"" effect rather than controlled, kinetic movement.

**2. Movement Fluency:**
The transitions between sequences are hesitant. There is a lack of ""flow"" or continuity; the subject frequently stops or pauses to reset their position or adjust their orientation. The arm movements (notably the hand gestures toward the end) lack deliberate intention, appearing slightly erratic rather than fluid or rhythmic.

**3. Technical Precision:**
The execution of the intended actions is inconsistent. The footwork is imprecise, and the subject struggles to maintain a consistent spatial relationship with the room or the audience/camera. While they are attempting to follow a routine or sequence, the lack of control over limb extension and tempo suggests that the motor patterns have not yet been fully internalized.

**Summary for Development:**
To advance, the subject should focus on:
*   **Core Activation:** Maintaining a strong, stable center to improve balance during transitions.
*   **Spatial Awareness:** Working on consistent, purposeful movement through space rather than reacting to the environment.
*   **Tempo and Rhythm:** Practicing movements at a slower pace to ensure every transition is clean and deliberate before attempting to execute them with speed or ""flair.""",Novice,False
f60ab291-aa57-4e41-bbbe-e9ab817f3246,uniandes_dance_012_33,Late Expert,"This evaluation is based on the provided video, which depicts a person in a studio setting, likely preparing for or practicing camera/gear placement or spatial awareness.

### **Skill Level: Novice**

**Reasoning:**

*   **Body Alignment & Posture:** The individual displays a lack of ""purposeful"" movement. Their posture is casual and unstructured, frequently broken by hand-to-camera interactions (wiping the lens or adjusting the mount). There is no indication of athletic or technical choreography that would imply a higher level of training.
*   **Movement Fluency:** The movement is fragmented and inconsistent. The person moves through the space with a ""scouting"" gait—pausing, checking gear, walking back and forth, and repositioning items—rather than executing fluid, repeatable technical sequences. The spatial transitions are functional but not efficient or graceful.
*   **Technical Precision:** While the individual is clearly familiar with the equipment (tripods, backdrops, markers), the execution of their tasks is unrefined. They are manually adjusting components frequently, suggesting they are still in a ""trial-and-error"" phase of their craft. A ""Late Expert"" or ""Intermediate Expert"" would typically demonstrate a more streamlined workflow with minimal readjustments.
*   **Overall Context:** The behavior observed (fidgeting with camera equipment, walking in circles to check camera angles, adjusting gear placement) is characteristic of a beginner setting up a workspace. They appear to be learning how to interact with the environment rather than mastering a specific technical skill within that environment.

**Conclusion:**
The individual is currently at a **Novice** level in this context, as their interaction with the space is primarily exploratory and maintenance-focused rather than mastery-oriented. They are currently managing the setup rather than performing with high-level technical precision.",Novice,False
49bb4a74-17a2-4375-9073-2beb29c76137,upenn_0706_Dance_2_2,Intermediate Expert,"Based on the video provided, I would classify the individual's skill level as **Novice**.

Here is an analysis of their technique based on your criteria:

### **Body Alignment and Technical Precision**
The subject demonstrates a fundamental lack of awareness regarding camera-oriented performance. The ""technique"" being critiqued appears to be a basic walkthrough or setup for a 360-degree filming environment. Throughout the footage:
*   **Lack of Spatial Anchoring:** The subject moves erratically through the room, often obscuring their own face or losing focus on the center of the frame.
*   **Inconsistent Posture:** There is no ""ready position"" or core engagement. When they finally stop to interact with the other individuals in the room, their stance is casual, slouching, and lacks the intentionality required for a professional setup or performance.
*   **Camera Interaction:** The person holding the camera is clearly struggling with the stabilization of the fish-eye lens. They frequently pan too quickly, creating motion blur, and lack the steady-hand precision expected of an intermediate or expert videographer.

### **Movement Fluency**
*   **Fragmented Flow:** The movement is punctuated by frequent, jerky stops and starts. An expert would navigate the space in a fluid, purposeful manner, choreographing their path to ensure the ""stitched"" footage of the 360-degree environment is clean and unobstructed. 
*   **Inefficient Pathing:** The subject walks back and forth without a clear tactical objective, often circling the tripod stands in a way that suggests they are unsure of where they need to be to avoid disrupting the sightlines of the other cameras.

### **Reasoning for Skill Level**
The classification of **Novice** is driven by the lack of technical control. While the subject is likely performing a simple task (setting up or testing equipment), the execution lacks the ""economy of motion"" seen in experts. They do not demonstrate the ability to maintain a consistent frame or manage the camera's orientation with deliberate speed. The frequent need to reorient and the lack of fluid, controlled movement are hallmark characteristics of someone who is still learning to navigate the constraints and requirements of a technical, multi-camera environment.",Intermediate Expert,True
479f94a8-acb9-4157-b6bd-4f2a2a6cf3c9,uniandes_dance_020_61,Early Expert,"Based on the footage provided, I would classify this person as a **Novice**.

Here is an analysis of their technique based on your requested focus areas:

### 1. Body Alignment
The dancer demonstrates a lack of consistent core engagement and spinal awareness. In the floor work sequences (notably around 00:18 and 00:51), the transitions are heavy and lack the controlled ""center"" necessary to maintain a line. The alignment of the shoulders relative to the hips is frequently disconnected, which is common in early-stage dancers who are still learning how to stack their skeletal structure to support movement.

### 2. Movement Fluency
The movement lacks ""flow"" or continuity. The dancer appears to be moving in fragmented, stop-and-start bursts rather than integrated phrases. There is significant stiffness in the transitions—particularly when moving from standing to floor work and back—suggesting that the dancer is focusing on the individual ""pieces"" of the movement rather than the kinetic energy connecting them. The momentum is often interrupted by hesitation.

### 3. Technical Precision
While the dancer shows intent to execute specific shapes, the precision is lacking. 
* **Placement:** The hand gestures and arm extensions are loose; the fingers lack ""active"" energy (the ends of the limbs appear ""dead"" rather than extended).
* **Execution:** Many of the movements involve high-impact landings or abrupt changes in direction that lack the technical buffering (plie/softening of the joints) expected of an expert. The ""frenetic"" quality of the movement indicates that the dancer may be struggling to control their balance while performing these specific patterns.

### Reasoning
The dancer is currently in the ""acquiring"" phase of movement. They are clearly working on a specific piece of choreography, but they are prioritizing ""getting the moves done"" over the technical quality of the execution. There is an over-reliance on the arms for momentum rather than engaging the core. 

**Recommendation:** To move toward an Intermediate level, this dancer should focus on:
* **Breath and Connection:** Working on how the breath initiates movement to smooth out the transitions.
* **Active Limbs:** Concentrating on energy extending through the fingertips and toes to create sharper, more intentional lines.
* **Level Transitions:** Practicing the transition from floor to stand with a focus on ""rolling"" through the spine rather than collapsing to the floor.",Intermediate Expert,False
dd258fcf-873f-4fcd-b2d3-04525159b68a,uniandes_dance_022_5,Novice,"The person in the video is at an **Intermediate Expert** skill level.

### Evaluation of Technique:

*   **Body Alignment:** The subject demonstrates a solid understanding of proper body alignment, particularly in the distribution of weight and the engagement of the core. Their posture is stable, and they effectively utilize their center of gravity to pivot and change direction, which is essential for controlled movement.
*   **Movement Fluency:** The subject exhibits a high level of fluidity. Transitions between different movements are smooth and lack the ""jerky"" or hesitant quality seen in novices. There is a sense of continuity in their performance, indicating a mastery over the mechanics of their movements and a comfort with the space they are navigating.
*   **Technical Precision:** The subject shows intentionality in every movement. Their gestures are crisp, and their spatial awareness is excellent—they know exactly where to place their feet and hands to achieve the desired effect. The consistency throughout the session suggests they have moved past the phase of learning ""what"" to do and are now focused on ""how"" to refine the execution.

### Reasoning:
The classification of **Intermediate Expert** is based on the subject's ability to maintain a consistent rhythm while executing complex spatial transitions. While they show strong control and a high degree of confidence, there is still slight room for further refinement in the absolute maximum extension of certain movements and the peak intensity of their engagement. However, they are clearly beyond the ""Novice"" stage (which would lack the fluidity and consistent poise displayed here) and the ""Early Expert"" stage (as their execution shows a level of polish that suggests repetitive, high-level practice). They are functioning at a very competent level that bridges the gap between technical mastery and stylistic artistry.",Intermediate Expert,False
603787e2-be4b-4b24-9632-34921013623f,uniandes_dance_021_17,Intermediate Expert,"Based on the footage provided, here is an evaluation of the individual’s skill level:

### **Skill Level: Intermediate Expert**

**Reasoning:**

*   **Technical Precision:** The dancer demonstrates a solid grasp of foundational hip-hop and urban dance vocabulary. The execution of isolations and weight transfers is deliberate. The ""trapping"" or ""locking"" moments are clear, indicating a strong understanding of timing and musicality. Their movements are not erratic; they exhibit control over how they hit specific accents in the music.
*   **Body Alignment:** The subject maintains a consistent ""grounded"" center of gravity, which is essential for this style. When transitioning through movements, they maintain a stable core, which prevents the upper body from swaying unnecessarily during rapid changes in direction. Their posture is attentive, and the use of the space is intentional.
*   **Movement Fluency:** This is the dancer's strongest area. They demonstrate ""texture"" in their movement—varying the tension in their muscles to make the dance feel dynamic rather than robotic. The transitions between the floorwork/footwork and the upright, gestural movements are smooth, showing good proprioception and spatial awareness.
*   **Areas for Growth:** While the dancer is highly capable, to reach the ""Late Expert"" level, they would need to display more ""full-body engagement."" At times, there is a slight disconnect between the lower body (which is very active) and the upper body expression. Adding more nuanced ""head-to-toe"" follow-through in the movements would elevate their performance.

**Summary:** The dancer is clearly experienced and comfortable in a studio environment. They have moved past the phase of simply memorizing choreography and have entered the phase of refining the performance quality and musical interpretation. They are firmly in the intermediate-expert tier.",Intermediate Expert,True
fad811da-e457-4d2a-8cf4-c3a09c11a41a,uniandes_dance_019_15,Intermediate Expert,"Based on the footage provided, here is an evaluation of the individual’s performance:

### **Skill Level: Novice**

**Reasoning:**

*   **Body Alignment:** The performer lacks consistent core engagement and postural control. There is a frequent ""break"" in the line between the torso and the lower body during transitions. In many sequences, the weight distribution appears uneven, leading to a lack of stability in the legs, which is critical for executing clean extensions and pivots.
*   **Movement Fluency:** The movement is disjointed rather than fluid. There is a noticeable ""stop-and-start"" quality where the transitions between different movements are not linked by continuous energy or momentum. This lack of fluidity makes the performance feel like a series of individual poses rather than a cohesive sequence of dance.
*   **Technical Precision:** While the performer shows enthusiasm, the technical execution is imprecise. Hand placement is often inconsistent, and arm movements lack the necessary sharpness and definition. There is a lack of ""finish"" on the movements (e.g., reaching fully through the fingertips or maintaining a firm structure in the arms), which is a hallmark of a beginner still learning to manage their limbs during choreography.
*   **Overall Engagement:** The performer seems somewhat hesitant, which is common at the novice level. They are likely concentrating heavily on remembering the choreography, which often takes attention away from body alignment and artistic expression. 

**Recommendation:** To progress to the next level, the performer should focus on ""slow-motion"" practice—executing the choreography at half speed to ensure that every transition point is hit with correct alignment and complete physical extension. Strengthening the core will also help in smoothing out the transitions and providing the stability needed for more complex movements.",Novice,False
0eadf1dd-55c6-4cd1-8b2d-5b132fcb5016,uniandes_dance_022_27,Late Expert,"Based on the provided video, the subject is a **Novice**.

**Reasoning:**

*   **Body Alignment:** The subject exhibits significant instability in their posture, particularly in the core and lower body. When executing movements, there is a lack of ""stacking""—the head, shoulders, and hips are often misaligned, leading to a loss of center during transitions. The weight distribution is inconsistent, causing them to ""wobble"" during stationary holds.
*   **Movement Fluency:** The transitions between positions are choppy rather than fluid. There is a noticeable disconnect between the upper and lower body; movements appear segmented and lack the necessary kinetic linking to create a continuous, rhythmic flow. The subject struggles to maintain momentum, frequently needing to reset or adjust after each movement sequence.
*   **Technical Precision:** While the subject attempts to follow the general shape of the movements, they lack control over the extremities. Hand and foot placements are imprecise, and there is a lack of deliberate ""finish"" to each movement. The subject appears to be focused on ""getting through"" the routine rather than executing the specific nuances of the technique, suggesting they are still in the early stages of building the foundational muscle memory required for this style.

In summary, the subject demonstrates enthusiasm and basic recall of the routine, but the lack of foundational stability and physical control categorizes them as a novice who would benefit from focused work on core strength, postural awareness, and slow-speed technical refinement.",Novice,False
9d950899-e619-4399-867c-70871cc0d679,uniandes_dance_024_4,Novice,"To evaluate this person's skill level, I have analyzed the provided footage of their dance practice.

### **Skill Level: Novice**

### **Reasoning:**

*   **Body Alignment:** Throughout the movement, the individual shows a lack of consistent core engagement and postural control. When transitioning between poses or moving across the floor, the center of gravity often shifts erratically. There is a noticeable disconnect between the head, shoulders, and hips, which prevents the ""clean lines"" required for higher-level performance.
*   **Movement Fluency:** The transitions between movements are ""staccato"" and hesitant. A more advanced dancer would exhibit a sense of *flow*, where one movement seamlessly initiates the next through weight transfer. This individual frequently stops at the end of each motion, indicating a focus on ""remembering the steps"" rather than executing a fluid routine.
*   **Technical Precision:** The footwork is imprecise. The weight shifts are not fully committed, leading to a lack of stability (seen in the slight wobbling during turns or stops). The arm movements lack extension and clarity; the fingers and limbs appear ""dead"" or tense rather than articulated, which suggests a lack of control over the finer details of the choreography.
*   **Overall Execution:** The individual spends much of the video navigating the space cautiously. While they know the general sequence of the choreography, the lack of musicality, spatial awareness, and muscle memory places them firmly in the **Novice** category. They appear to be in the ""cognitive stage"" of learning, where the primary focus is on performing the sequence rather than mastering the artistic or technical execution.

**Coach’s Suggestion:** To move to the next level, focus on drills that emphasize weight transfer and core stability. Practice the choreography at half-speed, ensuring every movement has a distinct beginning, middle, and end, and work on maintaining tension through the fingertips and toes to improve the overall ""finish"" of the lines.",Novice,True
7e4d7d4f-abfb-4e89-87e0-7f86e27ada86,uniandes_dance_008_44,Intermediate Expert,"Based on the video provided, here is an evaluation of the individual’s poi spinning technique:

### **Skill Level: Novice**

### **Reasoning:**

*   **Movement Fluency:** The practitioner is currently struggling to maintain a consistent rhythm. The poi rotation is intermittent, characterized by frequent hesitations, stalls, and ""plane breaks"" (where the poi exits the desired 2D space/plane). There is a lack of ""flow,"" as the movement is broken up by frequent stops rather than continuous, fluid circular motion.
*   **Body Alignment:** The practitioner displays a somewhat rigid stance. In advanced poi, the body should act as an anchor that allows the arms to move freely in different planes; here, the practitioner’s movements appear somewhat tense, which often leads to the poi hitting the body or becoming tangled in the tether. The posture is hunched, which restricts the range of motion necessary for cleaner, larger circles.
*   **Technical Precision:** 
    *   **Control:** The practitioner is clearly still in the process of building the ""muscle memory"" required for basic planes. 
    *   **Technique:** The transitions between movements are not yet smooth. There is evidence of ""fighting"" the poi rather than letting the momentum work for them.
    *   **Consistency:** The spinning is shaky, and the practitioner struggles to maintain a steady rotation speed. This is typical of a beginner who has not yet mastered the timing of the ""beats"" (the arc of the poi).

**Summary for Improvement:**
The individual has grasped the basic concept of swinging the poi, but they need to focus on **plane control**—maintaining the circular path of the poi in a consistent vertical or horizontal space. Practicing ""wall plane"" exercises (imagining you are spinning against a wall) and focusing on smooth, rhythmic arm movements will help transition from the current choppy performance to a more fluid, intermediate level.",Novice,False
d5d3590f-44e7-4305-b612-ff055b0e688a,uniandes_dance_024_2,Novice,"This video is a **novice-level** demonstration of basic camera handling and spatial orientation, rather than a performance of a specific movement art or technical discipline.

### **Technique Evaluation**

*   **Body Alignment:** The subject’s movements are hesitant and lack the deliberate, anchored posture required for advanced technical execution. When the individual moves through the space, their core engagement is absent, and the gait is unsteady. There is no indication of refined physical training or posture discipline.
*   **Movement Fluency:** The movement is disjointed. The transitions between different points in the room (turning, walking) are characterized by abrupt stops and starts rather than a fluid kinetic chain. The subject appears to be navigating the space experimentally rather than executing a choreographed or deliberate path.
*   **Technical Precision:** Because the ""technique"" being showcased is essentially just navigating a studio space, it is difficult to grade on traditional artistic or athletic standards. However, the lack of spatial awareness and the erratic nature of the camera movement indicate a lack of intentional control. The focus appears to be on documenting the environment rather than performing a task with specific technical parameters.

### **Skill Level: Novice**

**Reasoning:**
The subject is clearly at the beginning stages of spatial orientation in this specific environment. The movements are purely functional (getting from point A to point B) and lack the ""economy of motion"" that characterizes an expert. An expert would navigate a room with purposeful weight distribution, smooth eye lines, and a rhythm that suggests familiarity and control. The current footage reflects someone who is still adjusting to the equipment and the studio layout, prioritizing basic visibility over technical execution.",Novice,True
cd81519b-13c1-437e-b357-8ec99ae9c757,uniandes_dance_011_33,Late Expert,"The performer in this video is clearly an **Intermediate Expert**.

Here is an evaluation of their performance based on the requested criteria:

### **Body Alignment**
The performer demonstrates excellent proprioception and control of their center of gravity. Even when moving rapidly or performing sudden directional changes, their posture remains upright and balanced. Their transitions between footwork patterns are fluid, showing a clear understanding of how to manage weight distribution to facilitate quick movement.

### **Movement Fluency**
The movement quality is high, characterized by a smooth ""flow"" that suggests a strong foundation in foundational dance or movement arts. The shifts between stances—particularly the transitions where they move between the floor markers—are seamless. There is very little ""hitch"" or hesitation in their gait, which indicates a high level of comfort with the space and the choreography.

### **Technical Precision**
The performer displays high technical precision in their foot placement. They consistently hit the markers with intention and control, showing they are not just moving randomly but are executing specific, deliberate movements. Their arm movements are synchronized with their footwork, suggesting good coordination and a well-developed internal rhythm.

### **Reasoning for Skill Level: Intermediate Expert**
*   **Why not Novice?** A novice would likely struggle with spatial awareness, show instability when changing directions, and lack the rhythmic consistency seen here.
*   **Why not Early Expert?** While the performance is very clean, there is still room for further ""polishing"" of the transitions. An advanced expert might demonstrate more complex micro-adjustments or dynamic tension in the extremities to add stylistic flair.
*   **The Verdict:** The performer has clearly internalized the mechanics of the movement. They are no longer thinking about ""where to put their feet,"" but rather ""how to get there efficiently."" They show the confidence and fluid transitionary skills that define an **Intermediate Expert**.",Intermediate Expert,False
adad25b8-0920-4181-9bd4-1f8207e85d82,uniandes_dance_019_49,Late Expert,"This individual is performing at an **Intermediate Expert** skill level.

### Technical Breakdown:

*   **Body Alignment:** The dancer demonstrates excellent postural control, particularly in maintaining a stable core despite the rapid, multi-directional transitions. Their shoulders are consistently squared or intentionally angled, and there is a clear understanding of line, even when the arms are in fluid, high-velocity movement.
*   **Movement Fluency:** This is the dancer's greatest strength. They possess a high degree of control over ""texture""—meaning they can seamlessly switch between sharp, staccato movements and fluid, sustained transitions. The weight transfer is efficient, allowing for quick direction changes without losing momentum. The flow between the upper and lower body is well-integrated, which is a hallmark of someone who has moved past the novice stage.
*   **Technical Precision:** The hand and arm pathways are sharp and intentional. There is a strong sense of spatial awareness; the dancer understands how to utilize their extremities to punctuate the beat. Their isolations are clean, and they exhibit strong control over their ""stop-and-go"" dynamics, which requires significant muscular engagement.

### Reasoning for ""Intermediate Expert"" Rating:
The dancer has clearly mastered the fundamentals of body coordination and rhythm. They are not merely ""hitting the steps"" but are performing with musicality and intent. The confidence in their movement, coupled with the ability to maintain clean lines while executing complex, fast-paced choreography, elevates them above the ""Novice"" and ""Early Expert"" categories. They display a mature command of their craft, though they are still refining the absolute peak of nuance and ""signature"" style that would classify them as a ""Late Expert"" or professional performer.",Late Expert,True
dfb66cb4-6235-4f55-b361-934586fbcaaa,uniandes_dance_022_10,Novice,"The user appears to be a **Novice**.

**Reasoning:**
*   **Lack of Specific Athletic/Technical Focus:** The video shows the individual walking through a studio space, observing the room, and checking the camera setup, rather than performing a specific athletic skill, dance routine, or technical exercise. Without a performance to analyze, there is no evidence of the movement fluency or technical precision required to evaluate a skill level.
*   **General Movement:** The subject’s movements are purely utilitarian (walking, turning, checking equipment). While their posture is natural and functional, it does not demonstrate the refined motor patterns, body control, or specific aesthetic alignment typically associated with an expert in a dance or sports discipline.
*   **Contextual Clues:** The ""1Le Dance"" backdrop and the presence of filming equipment suggest this person is likely in the early stages of project development or practice. The lack of structured movement implies they are currently in the preparation phase rather than the execution phase of their discipline. 

To provide a more accurate evaluation, please record a video showcasing a specific movement, drill, or routine within the studio.",Novice,True
35a3c4e1-f420-4242-bcab-4d208dc9a391,upenn_0706_Dance_2_5,Intermediate Expert,"The video captures a person using a camera, likely a 360-degree rig, to film in a large, empty function hall. Based on the provided footage, here is an evaluation of their technical performance:

### **Skill Level: Novice**

**Reasoning:**

*   **Body Alignment and Stability:** The operator shows a lack of awareness regarding camera stability. The camera is frequently handheld while moving, resulting in ""rolling shutter"" distortion (the ""jello"" effect) and severe, disorienting camera shake. While operating 360-degree cameras often requires unique techniques to keep the operator out of frame, the constant erratic tilting and rapid panning prevent the footage from having a professional or steady aesthetic.
*   **Movement Fluency:** The movement is disjointed and jittery. A professional or even an early expert would typically use a consistent, smooth walking pace or mount the camera on a stabilized gimbal/dolly for this type of interior space mapping. Instead, the operator moves in short, sudden bursts, often punctuated by a hand entering the frame (a classic amateur mistake when holding a spherical camera).
*   **Technical Precision:** There is a lack of intention in the blocking of the shots. The camera is frequently pointed at the floor or swings past subjects too quickly to be usable. The operator appears to be ""vlogging"" their setup process rather than capturing a professional spatial recording. The frequent ""clapping"" or hand gestures (which are usually markers for audio/video syncing) suggest the operator knows *some* of the technical requirements of the gear but lacks the refined execution to perform them cleanly.
*   **Framing:** Because of the wide, fish-eye nature of the lens, precision in holding the camera level is paramount. The operator constantly tilts the horizon line, which is extremely jarring in a 360-degree environment, as it forces the viewer to constantly reorient their equilibrium.

**Conclusion:**
The operator shows a foundational understanding that the equipment needs to be positioned, but the lack of fluid, controlled movement and the persistent errors in camera handling (such as blocking the lens with their own body) categorize them as a **novice**. They are currently in the ""experimentation"" phase rather than the ""execution"" phase.",Novice,False
4d159481-830d-4789-b0ff-368031a98757,uniandes_dance_015_18,Late Expert,"Based on the footage provided, here is an evaluation of the individual’s performance:

### **Skill Level: Novice**

**Reasoning:**
*   **Body Alignment and Spatial Awareness:** The individual lacks the core engagement and postural control typically seen in higher-level performers. There is a tendency to ""break"" the center of gravity during movements, resulting in a lack of grounding. The alignment of the limbs during extensions appears disconnected, lacking the fluidity that comes from a full range of motion synchronized with the torso.
*   **Movement Fluency:** The transitions between positions are segmented and lack the necessary ""bridge"" movements to make the performance flow. The movement quality is reactive rather than proactive, meaning the performer is moving to hit a point rather than allowing the energy of the movement to continue through the limb. There is significant hesitation and ""thinking"" time visible in the hesitation of the arms and the lack of full-body integration.
*   **Technical Precision:** While the performer is attempting to demonstrate a specific routine, they lack the technical refinement in hand and arm placement. The fingers and wrists are often ""dead"" or tense, rather than expressive or controlled. In a performance context, the lack of tension control makes the movements look amateurish rather than intentional.
*   **Performance Energy:** The individual displays a lack of confidence in the space. They seem to be navigating the physical limitations of the room (the backdrop and tripods) rather than commanding the space as a performer. 

**Summary for Improvement:**
To progress, the individual should focus on **intentionality**. Every movement needs to originate from the core, not just the extremities. Practicing transitions—ensuring that the end of one movement is the preparation for the next—will significantly increase their fluidity. Finally, working on ""line extension"" (stretching to the very tips of the fingers) will immediately upgrade the visual impact of their performance.",Novice,False
28c3553f-3212-43ee-a050-7ea2d49fdf0e,uniandes_dance_017_58,Novice,"The individual in the video is performing movements that appear to be a mix of contemporary dance or basic floor work warm-ups. Based on the footage provided, here is an evaluation of their technique:

### **Skill Level: Novice**

**Reasoning:**

*   **Body Alignment and Control:** Throughout the video, the dancer’s core engagement is inconsistent. There is a lack of ""grounding,"" which is essential in both contemporary and modern dance. When moving through transitions, the shoulders are often hunched, and the spine lacks the articulation expected of someone at an intermediate or advanced level. The movements are somewhat hesitant, suggesting a lack of muscle memory and internalized spatial awareness.
*   **Movement Fluency:** The transitions between the various floor positions and standing movements are disjointed. ""Fluency"" implies a seamless connection of movement where energy flows through the limbs; here, there are frequent ""stopping points"" where the dancer pauses to re-orient themselves or adjust their balance. The movement lacks the dynamic quality—the interplay of tension and release—necessary for more advanced levels.
*   **Technical Precision:** The footwork and limb placement lack the refinement of an expert. For instance, in the moments where they are moving across the floor, the articulation of the feet and the use of the toes as an extension of the leg are absent. The arm movements appear largely functional (used for balance) rather than aesthetic or expressive extensions of the body's center. 
*   **Spatial Awareness:** While the dancer is successfully navigating the room, their movements don't fully utilize the space in a deliberate, artistic manner. The hesitation in the choreography suggests they are still in the learning phase, focusing on *what* the next move is rather than *how* to execute it with technical polish.

**Recommendation for Improvement:**
To progress, the dancer should focus on **""centering""**—initiating all movements from the core rather than the limbs. Increasing daily practice of basic floor work (rolls, leg extensions, and transitions) with an emphasis on keeping the shoulders dropped and the spine elongated will significantly improve their aesthetic and physical control. They would also benefit from focusing on ""follow-through"" in their movements to create a more fluid, professional appearance.",Novice,True
02d13286-0b54-46e8-8461-9c056627a97d,upenn_0720_Dance_3_3,Early Expert,"Based on the video provided, the subject’s skill level is **Novice**.

**Reasoning:**

*   **Body Alignment:** Throughout the movement sequences, the subject demonstrates poor postural control. Their center of gravity is inconsistent, and they lack the core engagement necessary for stable, controlled movement. Their transitions between positions are tentative and hesitant, suggesting they are still learning the fundamental mechanics of body placement rather than executing them with intent.
*   **Movement Fluency:** The footage shows a fragmented approach to movement. The transitions—such as pivoting to point at the overhead architectural features—are disjointed. There is a lack of ""flow"" or continuity; each movement appears as a separate, distinct action rather than a fluid sequence. The frequent pauses and the need for constant re-adjustment indicate a lack of muscle memory and kinetic awareness.
*   **Technical Precision:** The subject exhibits a low level of technical precision. Their gestures (pointing) are imprecise, and their footwork is unstable and uncoordinated. They seem to be operating without a clear internal model of where their body should be in relation to the environment. The focus appears to be on learning the setup rather than performing an athletic or artistic routine, which is characteristic of someone in the initial stages of skill acquisition.

In summary, the subject is at a **Novice** stage because they are clearly struggling with basic coordination, balance, and the spatial awareness required for fluid execution.",Novice,False
e5488136-6259-4050-bc34-4717cc15dd1a,uniandes_dance_020_11,Early Expert,"This individual is at the **Novice** skill level.

### Reasoning for Evaluation:

**1. Body Alignment:**
The performer lacks consistent core engagement and stability. Throughout the sequence, there is a visible lack of vertical alignment; the shoulders often hunch, and the posture appears ""soft,"" lacking the necessary tension required for technical dance execution. The placement of the hips and legs during transitions is imprecise, leading to a disconnected line from the torso through the limbs.

**2. Movement Fluency:**
The fluency is fragmented. The transitions between different positions are hesitant and lack ""follow-through."" Instead of using the full range of motion, the performer tends to stop abruptly before reaching the terminal point of each movement. There is also an inconsistent use of weight transfer, which makes the movement appear hesitant rather than fluid or intentional.

**3. Technical Precision:**
The execution of basic turns and arm extensions is underdeveloped. The arms lack a specific trajectory (or ""path of motion""), often appearing aimless or under-energized. The footwork is imprecise; there is little evidence of proper turnout or articulated toe-to-heel contact, which is foundational for maintaining balance. Furthermore, the head placement and gaze are erratic, which disrupts the continuity of the performance.

**4. Performance Context:**
The ""stop-and-start"" nature of the video suggests the performer is still in the phase of learning choreography or struggling with memory and rhythm. The lack of dynamic variety—performing every movement at the same intensity level—further characterizes the performance as that of a beginner who has not yet mastered the nuance of musicality or stage presence.

**Recommendation:**
To progress, the individual should focus on strengthening core stability to improve balance and work on ""finishing"" each arm and leg gesture completely before moving to the next sequence. Practicing slow, controlled movements to music will help develop the muscle memory necessary for smoother transitions.",Novice,False
824f472b-db42-4d38-99ed-2750bc14817e,upenn_0629_Dance_3_4,Early Expert,"Based on the provided video, the subject is a **Novice**.

**Reasoning:**

*   **Body Alignment:** Throughout the video, the individual struggles to maintain a consistent or disciplined posture. There is significant unnecessary shifting of weight, and their torso alignment is frequently interrupted by extraneous movements, indicating a lack of core stability and focus.
*   **Movement Fluency:** The movements are erratic and lack intentional flow. Instead of executing fluid, controlled actions, the subject exhibits hesitant, disjointed motions. The transitions between different positions are clumsy, and the lack of poise suggests they are still in the very early stages of mastering the mechanics of the activity.
*   **Technical Precision:** The subject demonstrates a fundamental lack of control over the equipment (the camera mount/pole). Rather than using precise, deliberate handling, the subject fiddles with the apparatus in a way that suggests they are not yet comfortable with the tool or the environment. There is no evidence of refined technique; the actions appear reactive and unpracticed rather than methodical.

In summary, the lack of control, poor posture, and unrefined handling of the equipment classify the individual as a novice.",Novice,False
215abe5f-a97f-4ee6-87bd-d261e75f1701,uniandes_dance_022_6,Novice,"The video depicts a person practicing performance-based movement (likely for a dance or theatrical routine) in a studio setting. Here is an evaluation of their performance based on the provided footage:

### Technical Evaluation

*   **Body Alignment:** The subject demonstrates a solid foundation. Their stance is stable, and their core engagement is evident throughout the transitions. They maintain good posture while executing directional changes, though there are moments of slight stiffness in the shoulders during the more rapid arm movements.
*   **Movement Fluency:** The transitions are largely fluid, with clear intention behind each step. However, the pacing is a bit uneven—there is a noticeable ""hesitation"" in the middle of the sequences as they mentally recalibrate for the next set of moves. The fluidity would be improved by connecting the end of one movement sequence more seamlessly into the start of the next.
*   **Technical Precision:** The subject shows high awareness of their spatial markers (the circular indicators on the floor). Their foot placement is deliberate and precise. The arm gestures are controlled and reach full extension, which shows a good understanding of spatial projection.

### Skill Level: Intermediate Expert

**Reasoning:**
The individual is beyond the ""Novice"" stage because they clearly understand spatial awareness and movement mechanics; they are not simply ""walking through"" the motions. They exhibit ""Early/Intermediate Expert"" qualities—specifically the ability to memorize a sequence and maintain a consistent rhythm while incorporating expressive, deliberate arm movements. 

They are not yet at the ""Late Expert"" stage, as they lack the absolute effortless quality of a seasoned professional; there are minor micro-adjustments in their feet and a slight reliance on visual confirmation of their markers that a fully polished, veteran performer would likely have integrated into muscle memory to the point of total invisibility. Their focus is clearly on technique and precision, which is a hallmark of an intermediate practitioner refining their craft.",Intermediate Expert,False
657b877d-3cdb-4798-a9bf-101ab82cc95b,uniandes_dance_020_18,Novice,"The person in the video demonstrates a level of **Intermediate Expert** skill in their dance practice.

### Evaluation of Technique

**Body Alignment:**
The dancer maintains a strong, grounded posture throughout the session. Their core engagement is consistent, which allows for stable transitions between the floor work and upright movements. The alignment remains vertical and centered, even when switching directions rapidly.

**Movement Fluency:**
This is a notable strength. The transitions between the various floor markers are seamless, showing an intuitive grasp of spatial navigation. The movement is fluid, and there is a clear understanding of momentum; the dancer utilizes weight shifts effectively to power their motion, ensuring that sequences do not feel disjointed or ""staccato"" unless intentionally performed that way.

**Technical Precision:**
The dancer exhibits high technical accuracy, particularly in their ability to maintain consistent movement patterns across the floor. They show a clear intent with each gesture. The hand placements and limb extensions are deliberate, suggesting muscle memory that has been refined through significant practice.

### Reasoning for Skill Level: Intermediate Expert
*   **Consistency:** The dancer does not hesitate; their movements are rhythmic and purposeful, which is a hallmark of someone beyond the novice stage.
*   **Spatial Awareness:** Their ability to move in a restricted space, navigating between markers and around tripods without breaking rhythm, shows a high level of situational awareness.
*   **Refinement:** While they demonstrate advanced control and fluidity, there is still room for further ""polishing"" of extreme-range transitions or more complex acrobatic transitions to reach a ""Late Expert"" level. At this stage, they are clearly capable of performing and drilling complex choreography with high reliability and aesthetic clarity.",Intermediate Expert,False
3a2303bf-8d6f-4211-8c25-4430cd051e2d,uniandes_dance_012_14,Intermediate Expert,"The video provided shows a person practicing dance movements in front of a mirrored wall. Based on the footage, I would classify the student as a **Novice**.

Here is an analysis of their technique based on your requested focus areas:

### 1. Body Alignment
*   **Postural Control:** There is a noticeable lack of core engagement, which affects the dancer's stability during shifts in weight. Their posture appears slightly hunched or tentative, suggesting they are focusing more on ""what comes next"" rather than maintaining a lengthened, aligned spine.
*   **Weight Distribution:** The dancer struggles to fully commit their weight to their transitions. They appear hesitant, which causes their center of gravity to remain stagnant or slightly off-balance, preventing them from achieving clean lines in their poses.

### 2. Movement Fluency
*   **Transitions:** The movement is fragmented. There is a ""stop-and-start"" quality where the dancer completes one motion, pauses to recalibrate, and then begins the next. This indicates that the choreography has not yet been internalized into ""muscle memory,"" preventing a continuous flow of kinetic energy.
*   **Dynamic Range:** The movements are largely uniform in intensity. To improve, the student needs to work on the ""textures"" of the movement—differentiating between sharp, staccato actions and smooth, sustained ones.

### 3. Technical Precision
*   **Clarity of Lines:** While the dancer is attempting specific shapes, the extremities (fingers, toes, and head alignment) lack intentionality. The arm movements are a bit ""loose,"" which reduces the visual impact of the choreography.
*   **Footwork:** There is visible hesitation in the footwork, leading to occasional loss of rhythm. Precision in dance requires hitting the mark exactly on the beat, and the current timing is slightly inconsistent.

### Overall Assessment (Novice)
The student is at the **Novice** stage because they are clearly in the phase of ""acquisition""—learning the sequence and the basic shapes. They are correctly identifying the rhythm and the general direction of the movements, but they have not yet developed the coordination or body awareness required to execute the moves with authority, fluidity, or polished technique.

**Recommendations for improvement:**
*   **Slow Down:** Practice the sequence at half-tempo. This allows the body to master the transition between moves without the pressure of time, which will significantly improve fluidity.
*   **Focus on Extremities:** Pay attention to where the energy ends. Ensure the fingers are active and the head is placed with intent at the end of every movement.
*   **Core Engagement:** Focus on pulling the belly button toward the spine during movements; this will help stabilize the torso and make the transitions look less ""shaky.""",Novice,False
590c85d3-71c1-4896-9899-a843ccaa6ef2,uniandes_dance_023_56,Early Expert,"This appears to be a 360-degree, first-person perspective video of a dancer practicing or filming transitions in a studio environment. 

### **Skill Level: Intermediate Expert**

**Reasoning:**

*   **Movement Fluency:** The dancer demonstrates a high level of comfort and spatial awareness within the environment. Their ability to navigate the room while managing a 360-degree camera suggests they are well-versed in the ""language"" of filming their own movement. Their transitions between different angles and spots in the room are deliberate and efficient, showing a mature understanding of how to compose a space.
*   **Technical Precision:** While we do not see a full, sustained performance sequence (as this appears to be a setup/rehearsal phase), the movements shown—such as footwork, changes in direction, and hand gestures—are controlled and intentional. They exhibit a ""dancer's posture,"" maintaining core engagement even when casually moving between recording spots. There is a lack of hesitation or aimless movement, which is a hallmark of someone who has internalized technical training.
*   **Body Alignment:** Even in casual movement, the dancer maintains a consistent center of gravity. Their weight transfers are smooth, and there is an evident fluidity in how they shift from one orientation to another.
*   **Why ""Intermediate Expert""?**
    *   **Novice:** Would likely exhibit erratic, uncoordinated movement or hesitation in spatial navigation.
    *   **Early Expert:** Would have solid technique but perhaps less refinement in artistic intent or nuanced expression during transitions.
    *   **Intermediate Expert:** Demonstrates the high-level multitasking required to perform, manage technical equipment, and maintain spatial composition simultaneously. They move with an ease that suggests years of repetition and professional training.
    *   **Late Expert/Professional:** Would be characterized by an even greater degree of complexity, dynamic control, and potentially more specific, stylized performance content.

In summary, the individual displays the confidence, fluidity, and technical foundation indicative of a dancer who has progressed well beyond basic training and is currently comfortable with advanced rehearsal and documentation practices.",Intermediate Expert,False
