clip_id,take_folder,ground_truth,exo_nframes,exo_answer,exo_predicted,exo_correct,ego_nframes,ego_answer,ego_predicted,ego_correct
0ec8c380-66df-414c-8ed1-a644c76539d1,uniandes_bouldering_022_12,Novice,0,ERROR,Unknown,False,0,ERROR,Unknown,False
586597cc-59c5-45d5-9596-0b6506d9c0ba,uniandes_bouldering_037_38,Late Expert,88,"The person in the video is engaged in indoor bouldering, a discipline that requires significant strength, technique, and confidence. Let's analyze their performance step by step:

1.  **Initial Approach and Setup:** The person begins by kneeling on the crash pad, which is a standard and safe posture for bouldering. They appear to be assessing the wall, likely planning their route. This shows awareness of safety and strategy.

2.  **Movement Efficiency and Technique:**
    *   They initiate the climb with a controlled, deliberate movement, reaching for holds with precision.
    *   Their body positioning is efficient. They use their legs to push up, keeping their center of gravity low and stable, which is a hallmark of good bouldering technique.
    *   They transition between holds smoothly, indicating good body awareness and coordination.

3.  **Control and Confidence:**
    *   The climber maintains a strong, controlled posture throughout the ascent. They do not appear to be struggling or hesitating.
    *   Their movements are fluid and confident, suggesting they are comfortable with the difficulty level of the route.
    *   They are able to maintain a strong grip and secure footholds, demonstrating good strength and control.

4.  **Climbing Style and Progression:**
    *   The climber progresses steadily up the wall, making efficient moves. They are not taking unnecessary steps or wasting energy.
    *   They are able to reach high holds with their arms, indicating good upper body strength and reach.
    *   Their descent is controlled and safe, showing confidence in their ability to manage the descent.

5.  **Overall Assessment:**
    *   The person demonstrates a high level of skill. They are not a beginner, as they are able to navigate a complex route with precision and control.
    *   They are not at the very top level of expertise, as they are not performing advanced techniques like dynamic moves or complex footwork, and they are not climbing at the highest difficulty level.
    *   Their movements are efficient, controlled, and confident, indicating a solid foundation in bouldering.

Based on this analysis, the person's skill level is best described as Intermediate Expert. They have mastered the fundamentals and are able to climb with efficiency and control, but they are not yet at the level of a Late Expert who would be tackling the most difficult routes with advanced techniques.

Verdict: Intermediate Expert",Intermediate Expert,False,88,"Based on the visual evidence provided in the sequence of images, we can analyze the climber's skill level by examining their movement, technique, control, and confidence.

1.  **Initial Assessment and Setup:** The video begins with the climber looking at the wall and pointing, suggesting they are planning their route. This is a common behavior for climbers of all levels, but the fact that they are actively choosing holds and planning a path indicates they are not a complete beginner.

2.  **Movement Efficiency and Technique:**
    *   The climber's movements are generally smooth and deliberate. They are not making frantic or overly cautious moves.
    *   They demonstrate good body positioning, using their legs to push up and their arms to reach, which is efficient and indicates a solid understanding of basic climbing mechanics.
    *   They are able to transition between holds with relative ease, suggesting they are comfortable with the wall's layout and the types of moves required.

3.  **Control and Confidence:**
    *   The climber maintains a steady grip on the holds, even when reaching for new ones. There is no visible hesitation or loss of balance.
    *   They appear confident in their ability to make the next move, even when reaching for holds that are further away. This is a key indicator of an intermediate or higher skill level.
    *   The climber is able to maintain a consistent pace and rhythm, which is a sign of experience and control.

4.  **Route Finding and Problem Solving:**
    *   The climber is not just climbing randomly; they are actively choosing their path. They seem to be following a specific route, which requires a good understanding of the wall's difficulty and the best way to navigate it.
    *   They are able to adapt their movements to the specific holds available, showing problem-solving skills.

5.  **Overall Performance:**
    *   The climber is able to complete a significant portion of the climb without falling or needing assistance.
    *   Their movements are efficient and controlled, indicating they are not a novice.
    *   They are able to maintain their focus and confidence throughout the climb, which is a sign of experience.

Based on this analysis, the climber demonstrates a good level of skill, with efficient movements, good technique, and confidence. They are not a beginner, but they are not yet at the level of a late expert who might be tackling more difficult routes or performing more complex moves. Their performance is consistent with someone who has been climbing for some time and has developed a solid foundation.

Verdict: Intermediate Expert",Intermediate Expert,False
9ceee09a-ab19-4463-baac-0ed48d21827e,uniandes_bouldering_024_44,Novice,24,"Let's analyze the person's climbing behavior step by step.

1.  **Initial Assessment and Planning:** The person stands at the base of the wall, looking up and assessing the route. This is a standard and necessary step for any climber, indicating they are not just charging in blindly. Their posture suggests they are thinking about their approach and the sequence of moves.

2.  **Movement Efficiency and Technique:**
    -   As they begin to climb, their movements appear deliberate and controlled. They don't seem to be flailing or making large, inefficient motions.
    -   They use their feet effectively, placing them on holds to maintain balance and generate power, which is a sign of good technique.
    -   Their body positioning, including their hips and core, appears engaged, which helps with stability and efficient movement.

3.  **Control and Confidence:**
    -   The person maintains a steady rhythm and doesn't appear to be struggling or losing their balance. This suggests good control.
    -   Their gaze is focused on the holds ahead, indicating confidence in their ability to execute the next move.
    -   They are able to transition smoothly between holds, suggesting they have a good sense of spatial awareness and body control.

4.  **Overall Performance:**
    -   The person is not a beginner, as they are able to plan, execute, and maintain a climb with relative ease.
    -   They are not at the level of a late expert, as they are not performing complex, dynamic moves or demonstrating the kind of fluid, powerful, and highly efficient movement that top climbers exhibit. Their movements are solid but not exceptionally fluid or powerful.
    -   They are not a novice, as they are clearly comfortable with the activity and are actively engaged in climbing.

Based on this analysis, the person demonstrates a solid understanding of the fundamentals of climbing, with good technique, control, and confidence. They are clearly beyond the beginner stage but have not yet reached the advanced levels of a late expert. Their performance is consistent with someone who has developed a good foundation and is likely in the process of refining their skills.

Verdict: Intermediate Expert",Intermediate Expert,False,24,"Based on the visual evidence provided across the sequence of images, we can analyze the climber's skill level by examining their movement, technique, and confidence.

1.  **Initial Assessment (Images 1-13):** The first several images show the climber from a first-person perspective, looking up at the wall. The climber is moving slowly and deliberately, often pausing to assess the next move. Their hands and feet are not yet engaged in active climbing; they are simply observing or preparing. This suggests they are not yet in the flow of the climb and are likely building confidence or planning their route.

2.  **Transition to Action (Images 14-16):** The climber begins to engage with the wall. In image 14, we see their hands reaching for holds. In image 15, their hands are clearly gripping holds, and their arms are extended, indicating they are actively climbing. The presence of a tattoo on the left arm (visible in image 16) is a detail that doesn't affect skill level but adds to the personal context.

3.  **Technique and Control (Images 17-20):** The most telling evidence is in images 17-20. The climber is shown with their arms fully extended, gripping holds with a strong, controlled grip. Their legs are also engaged, with feet placed on holds, indicating they are using their entire body for support and power. The way they position their hands and feet suggests they are using efficient, deliberate movements. They are not flailing or making large, uncontrolled motions. The tattoos on both arms are visible, but this is irrelevant to skill level.

4.  **Confidence and Flow (Images 21-25):** The climber continues to move up the wall with a steady, controlled pace. They are not hesitating or looking down frequently, which indicates a high level of confidence. Their movements are fluid and purposeful, suggesting they have a good understanding of the wall's layout and are executing their plan effectively.

5.  **Overall Impression:** The climber demonstrates a high degree of control, efficient movement, and confidence. They are not a beginner who is struggling or making frequent mistakes. They are not a late expert who is effortlessly scaling the wall with minimal effort, but they are clearly beyond the novice stage. Their technique is solid, and they are actively engaged in the climb, showing a good understanding of body positioning and route-finding.

Therefore, based on the visual evidence of controlled, efficient, and confident movement, the climber is an Intermediate Expert.

Verdict: Intermediate Expert",Intermediate Expert,False
08f0616c-d3c4-414c-a492-d8d157872915,uniandes_bouldering_035_53,Early Expert,8,"Let's analyze the visual evidence step by step to determine the climber's skill level.

1.  **The Climbing Wall and Environment:** The wall is a large, indoor, artificial climbing wall with numerous holds of various shapes, sizes, and colors. The floor is covered with thick, padded mats, which is standard for safety in indoor climbing gyms. This suggests a controlled, recreational environment.

2.  **The Climber's Movement and Technique:**
    -   The climber is positioned near the bottom of the wall, likely starting a route or taking a break.
    -   Their body is in a low, crouched position, with their head and shoulders near the ground. This posture is typical for someone who is either just beginning to climb, is resting, or is preparing to move.
    -   They are not actively engaged in a dynamic movement or reaching for holds high up on the wall. Their arms are down, and they appear to be stationary or in a very low stance.
    -   There is no visible evidence of advanced techniques such as dynamic moves, heel hooks, or efficient body positioning for high-level climbing.

3.  **The Context of the QR Code:**
    -   The first image shows a hand holding a phone with a QR code that says ""Take Separator."" This is likely a prompt for a climbing gym's app or system, perhaps to log a climb or access a specific route. The presence of this code suggests the person is using a modern, tech-integrated climbing facility.
    -   The fact that the person is holding the phone while the climber is on the wall (or very close to it) implies they might be taking a break, checking a route, or perhaps the climber is not yet ready to start or is finishing.

4.  **Assessing Skill Level:**
    -   **Novice:** A novice climber would likely be at the very bottom of the wall, possibly struggling to find footholds or using very basic techniques. They might be hesitant or lack confidence. While the climber is low, their posture doesn't necessarily indicate struggle or lack of confidence; it could be a resting position.
    -   **Early Expert:** An early expert would be able to climb higher and more efficiently, using better body positioning and technique. They would likely be more confident and move with more fluidity. The climber in the image does not appear to be demonstrating these characteristics.
    -   **Intermediate Expert:** This level involves climbing routes of moderate difficulty, using advanced techniques, and showing good control and efficiency. The climber in the image is not engaged in any such activity.
    -   **Late Expert:** A late expert would be climbing at a high level, with exceptional control, efficiency, and confidence. This is clearly not the case.

5.  **Conclusion:**
    The climber is positioned low on the wall, appears to be stationary or resting, and is not demonstrating any advanced techniques or confidence in their movement. This is consistent with someone who is either just starting out or taking a break. The most reasonable assessment is that they are a **Novice**.

Verdict: Novice",Novice,False,8,"To determine the person's skill level in bouldering, I will analyze the visual evidence across the images for indicators of movement efficiency, technique, control, and confidence.

1.  **Movement Efficiency and Technique:**
    -   The person is shown actively climbing, using a variety of holds (jugs, crimps, slopers, volumes) and moving their hands and feet with purpose.
    -   In image 5, the person is shown reaching for a hold with a clear, controlled motion, and their arm is positioned to maintain balance. The tattoo on the forearm is visible, but the movement itself appears deliberate.
    -   In image 6, the person is shown on a more complex route, with a wide variety of holds, suggesting they are navigating a challenging problem. The camera angle shows them reaching for a hold with a focused, efficient motion.
    -   The person is not shown making large, uncontrolled movements or falling. Their movements appear coordinated and purposeful.

2.  **Control and Balance:**
    -   In image 3 and 4, the person is shown with their feet positioned on the ground, suggesting they are either starting a climb or resting. Their posture is stable, and they are not leaning precariously.
    -   In image 5, the person is shown with one arm extended, reaching for a hold, while the other arm is positioned to maintain balance. This indicates good body awareness and control.
    -   The person is shown using their feet effectively to push off and maintain balance, which is a key indicator of intermediate to advanced skill.

3.  **Confidence:**
    -   The person is shown climbing on a wall with a variety of holds, including some that are more difficult (e.g., the small, rounded holds in image 6).
    -   The person is shown reaching for holds with confidence, without hesitation or visible fear.
    -   The person is shown in a variety of positions, including reaching for holds and balancing on the wall, which suggests they are comfortable and confident in their abilities.

4.  **Overall Assessment:**
    -   The person is not a novice, as they are shown using a variety of holds and moving with purpose.
    -   The person is not an early expert, as they are shown on a more complex route and using a variety of techniques.
    -   The person is not a late expert, as they are not shown on the most difficult routes or performing advanced techniques.
    -   The person is an intermediate expert, as they are shown using a variety of holds and techniques, moving with purpose and control, and showing confidence in their abilities.

Verdict: Intermediate Expert",Intermediate Expert,False
5f1dd7a9-18b5-400a-a3de-1c30f547235e,uniandes_bouldering_027_19,Early Expert,25,"Let's analyze the person's climbing performance step by step.

1.  **Initial Position and Movement:** The person starts in a seated position on the floor, reaching up to grab a hold. This is a common starting position for bouldering, especially for someone who is new to the activity or is taking a break. It suggests they are not yet comfortable with the dynamic movement required to get up the wall from a standing or crouching position.

2.  **Progression and Technique:** As they begin to climb, their movements appear somewhat uncoordinated. They are not using efficient body positioning or dynamic moves. Instead, they seem to be relying on a ""reach and grab"" motion, which is inefficient and not indicative of advanced technique. Their body is often not fully engaged, and they appear to be using their arms more than their legs for support.

3.  **Control and Confidence:** The person's movements lack control. They are not maintaining a stable body position, and their arms appear to be straining. This suggests a lack of confidence in their ability to manage their body weight and balance. They are not demonstrating the core strength or body tension needed for efficient climbing.

4.  **Outcome:** The person eventually falls to the ground, which is a common outcome for someone who is still learning the fundamentals of climbing. The fall is not a dramatic or dangerous one, but it indicates that they are not yet capable of completing a climb without falling.

5.  **Comparison to Skill Levels:**
    *   **Novice:** A novice climber is someone who is just starting out. They may not yet have the strength, technique, or confidence to climb efficiently. They often rely on basic movements and may fall frequently. The person in the image fits this description perfectly.
    *   **Early Expert:** An early expert climber would be able to climb with more efficiency and control, using their legs more effectively and maintaining a stable body position. They would be less likely to fall from a simple climb.
    *   **Intermediate Expert:** An intermediate expert would be able to climb with a high degree of efficiency and control, using advanced techniques such as dynamic moves and body positioning. They would be very confident and rarely fall.
    *   **Late Expert:** A late expert climber would be able to climb with exceptional efficiency and control, using advanced techniques and body positioning. They would be very confident and rarely fall.

Based on the visual evidence, the person is clearly a novice climber. Their movements are inefficient, their technique is basic, their control is lacking, and they lack confidence, as evidenced by their fall.

Verdict: Novice",Novice,False,25,"Based on the visual evidence across the sequence of images, we can analyze the climber's skill level by examining their movement, technique, and confidence.

1.  **Movement Efficiency and Technique:**
    *   The climber is consistently using their hands and feet to find holds, which is fundamental to climbing.
    *   In several frames (e.g., 1, 5, 12, 13, 14, 15, 16, 17, 18, 20, 21, 22, 23, 24), the climber is shown making deliberate, controlled movements, often reaching for the next hold with precision.
    *   The climber's body position is generally well-balanced, and they appear to be using their core and legs effectively to maintain stability and generate power, as seen in frames like 11, 19, and 21.
    *   The climber is not making frantic or uncontrolled movements; their actions are purposeful and efficient.

2.  **Control and Confidence:**
    *   The climber demonstrates a high degree of control. They are able to maintain their position on the wall even when reaching for distant holds (e.g., frame 18).
    *   Their confidence is evident in their ability to reach for holds that are not immediately adjacent, suggesting they are comfortable with the wall's layout and their own abilities.
    *   The climber is not shown hesitating or struggling to find a hold, which indicates a good level of comfort and familiarity with the activity.

3.  **Progression and Complexity:**
    *   The climber is able to navigate a complex wall with many different types of holds, indicating they are not just climbing for the sake of it but are actively engaging with the route.
    *   The climber's movements suggest they are planning their next move, which is a hallmark of an experienced climber.

4.  **Comparison to Skill Levels:**
    *   **Novice:** A novice would likely be struggling to find holds, would be hesitant, and would have poor body positioning. This climber is not showing any of these signs.
    *   **Early Expert:** An early expert would be very confident and efficient, but might still be learning to optimize their technique for specific holds or routes. The climber here shows a high level of efficiency and control.
    *   **Intermediate Expert:** An intermediate expert would be highly skilled, confident, and able to read the wall and plan routes. The climber's movements and control suggest they are at this level.
    *   **Late Expert:** A late expert would be able to climb very difficult routes with minimal effort and would likely be able to read the wall and plan routes with ease. While the climber is skilled, the images do not show them tackling a particularly difficult route or demonstrating the advanced problem-solving skills of a late expert.

**Conclusion:**
The climber demonstrates a high level of skill, control, and confidence. They move efficiently, use their body well, and are comfortable on the wall. While they are clearly not a beginner, the evidence does not strongly suggest they are at the very highest level of expertise. Their movements are precise and controlled, but they are not shown executing moves that would be considered advanced or highly complex. Therefore, they are best classified as an Intermediate Expert.

Verdict: Intermediate Expert",Intermediate Expert,False
baf283a8-4747-45f1-9c78-241003a8f1b5,uniandes_bouldering_034_56,Intermediate Expert,17,"Let's analyze the person's climbing performance step by step based on the visual evidence.

1.  **Initial Approach and Setup:** The person begins at the base of the wall, standing upright and looking up. This is a standard starting position for climbers, indicating they are assessing the route. They are not in a rushed or disoriented state.

2.  **Climbing Technique and Movement:**
    -   They begin to ascend, using their hands and feet to find holds. Their movements appear deliberate and controlled.
    -   As they climb higher, they transition from standing to a more dynamic, crouched position, which is necessary for reaching higher holds. This shows an understanding of body positioning for efficiency.
    -   They are not making large, uncontrolled swings or falling. Their movements are focused on placing their hands and feet accurately.

3.  **Progression and Challenge:**
    -   The person continues to climb, reaching for holds that are higher up the wall. This indicates they are not stopping at an easy section but are pushing themselves to climb further.
    -   They reach a point where they are fully extended, reaching for a hold, which suggests they are tackling a more difficult section of the route.

4.  **The Fall and Recovery:**
    -   The most telling moment is when the person falls. Instead of a simple, uncontrolled tumble, they appear to be falling in a controlled manner, possibly intentionally or as a result of a deliberate move.
    -   After falling, they land on their back and then roll onto their side, getting up without any visible injury or panic. This demonstrates excellent body control and a high level of confidence. They are not afraid to fall and are able to recover quickly and safely.

5.  **Overall Assessment:**
    -   The person is clearly not a beginner, as they are able to climb a significant portion of the wall and execute controlled movements.
    -   They are not a late expert, as they are not performing complex, advanced techniques like dynamic dynos or intricate footwork that would be expected from someone at that level.
    -   Their controlled fall and confident recovery suggest they are comfortable with the activity and have a good understanding of safety and technique.

Based on this analysis, the person's skill level is best described as Intermediate Expert. They have the technique, control, and confidence to climb a challenging route and handle falls safely, but they are not yet at the level of a late expert who would be tackling the most difficult routes with advanced techniques.

Verdict: Intermediate Expert",Intermediate Expert,True,17,"Based on the visual evidence provided across the 17 images, we can analyze the climber's skill level by examining their movement, technique, and confidence.

1.  **Initial Approach and Hand Placement (Images 1-3):** The climber begins by reaching for holds. The first image shows the wall, and the second shows the climber's hand reaching for a hold. The third image shows them placing their hand on a large, prominent yellow hold. This suggests they are starting from the bottom and are methodically placing their hands.

2.  **Progression and Technique (Images 4-10):** The climber progresses upward. In Image 4, they are using two hands to grip holds. In Image 5, they are clearly using a ""crimp"" hold (a small, rounded hold gripped with the fingertips) on the left and a ""pinch"" or ""juggy"" hold on the right. This indicates they are using specific, advanced techniques. In Image 6, they are using a ""juggy"" hold (a large, rounded hold) with their right hand and a ""crimp"" with their left, showing a balanced and efficient use of different hold types. In Image 7, they are moving to a new section, showing they are not stuck on one spot. In Image 8, they are using a ""crimp"" hold with their left hand and a ""juggy"" with their right, demonstrating good hand placement and body positioning. In Image 9, they are using a ""juggy"" hold with their right hand and a ""crimp"" with their left, again showing a balanced approach. In Image 10, they are using a ""crimp"" hold with their right hand and a ""juggy"" with their left, showing they are comfortable with different types of holds.

3.  **Advanced Technique and Control (Images 11-13):** The climber demonstrates advanced technique in Images 11-13. In Image 11, they are using a ""crimp"" hold with their right hand and a ""juggy"" with their left, showing they are comfortable with different types of holds. In Image 12, they are using a ""crimp"" hold with their right hand and a ""juggy"" with their left, showing they are comfortable with different types of holds. In Image 13, they are using a ""crimp"" hold with their right hand and a ""juggy"" with their left, showing they are comfortable with different types of holds.

4.  **Confidence and Movement Efficiency (Images 14-17):** The climber shows confidence by reaching for holds and moving efficiently. In Image 14, they are reaching for a hold with their right hand, showing they are confident in their ability to reach. In Image 15, they are reaching for a hold with their left hand, showing they are confident in their ability to reach. In Image 16, they are reaching for a hold with their right hand, showing they are confident in their ability to reach. In Image 17, they are reaching for a hold with their left hand, showing they are confident in their ability to reach.

Overall, the climber demonstrates a high level of skill. They are using advanced techniques such as crimps and juggy holds, they are moving efficiently, and they are confident in their ability to reach for holds. They are also able to maintain control of their body position and are able to use their legs to support their body weight. This level of skill is consistent with an Intermediate Expert.

Verdict: Intermediate Expert",Intermediate Expert,True
ea2d7015-0bf2-422c-b6ac-ebcf88fef619,uniandes_bouldering_025_13,Novice,33,"To assess the person's skill level in bouldering, we must analyze their movement, technique, control, and confidence as shown across the sequence of images.

1.  **Initial Approach and Planning:** The person begins by standing at the base of the wall, assessing the route. This is a fundamental skill for any climber, but it's especially critical for bouldering where the climb is short and the consequences of a fall are limited to the crash pad. Their posture and focus suggest they are thinking strategically about their path.

2.  **Movement Efficiency and Technique:**
    *   **Footwork:** As they begin to climb, their footwork appears deliberate and efficient. They use their feet to push off and create stable footholds, which is essential for generating power and maintaining balance. This is not the clumsy, tentative footwork of a beginner.
    *   **Hand Placement:** Their hand placements are precise and controlled. They are not just grabbing at holds; they are selecting specific, well-placed holds to create a secure grip and a clear path upward. This indicates a good understanding of body positioning and the mechanics of climbing.
    *   **Body Positioning:** The climber maintains a compact, efficient body position. They are not sprawling or wasting energy. Their hips are engaged, and they are using their core to stabilize their body, which is a hallmark of an experienced climber.

3.  **Control and Confidence:**
    *   **Control:** The climber demonstrates excellent control throughout the ascent. Even as they reach higher, their movements are smooth and controlled, not jerky or frantic. They are able to manage their momentum and adjust their body position with precision.
    *   **Confidence:** The most telling sign of skill is confidence. The climber is not hesitant or looking down. They are focused on the next hold, trusting their technique and their ability to manage the climb. This is evident in their posture and the fluidity of their movements.

4.  **Progression and Problem-Solving:**
    *   The climber successfully navigates the wall, reaching a significant height. They are not stuck or struggling to find a path. This indicates they are comfortable reading the wall and solving the climbing problem.
    *   Their ability to transition from the base to the top of the wall, even if they don't complete the entire route, shows a high level of competence.

5.  **Comparison to Skill Levels:**
    *   **Novice:** A novice would likely be hesitant, have poor footwork, and struggle to find holds. They would likely look down frequently and have less control.
    *   **Early Expert:** An early expert would have good technique and confidence, but might still be learning to read the wall and solve complex problems. They might be more focused on individual moves than the overall route.
    *   **Intermediate Expert:** An intermediate expert would have a high degree of control, efficiency, and confidence. They would be able to read the wall and solve problems with ease, and their movements would be fluid and precise.
    *   **Late Expert:** A late expert would have the same qualities as an intermediate expert, but with even greater fluidity, power, and the ability to tackle more difficult problems.

Based on the visual evidence, the person demonstrates excellent technique, control, and confidence. Their movements are efficient and fluid, and they are clearly comfortable with the activity. They are not a novice, and they are clearly beyond the level of an early expert. They are demonstrating the characteristics of an intermediate expert.

Verdict: Intermediate Expert",Intermediate Expert,False,33,"Based on the visual evidence provided across the sequence of images, we can analyze the climber's skill level by examining their movement, technique, and confidence.

1.  **Initial Approach and Setup:** The first few images show the climber's hands and feet on the wall, but the perspective is often from below or at an angle, making it difficult to assess full body positioning. However, the climber is clearly engaging with the wall, indicating they are not a complete beginner.

2.  **Movement Efficiency and Technique:**
    *   In images like #18, #19, and #20, the climber is shown holding onto holds with both hands and feet, suggesting they are actively climbing. The movements appear deliberate, but not necessarily fluid or highly efficient.
    *   In image #21, the climber is shown reaching for a hold with one hand while the other is still gripping, which is a common technique for climbers to maintain balance and find the next move. This indicates a level of planning and control.
    *   In image #22, the climber is shown reaching for a hold with one hand while the other is still gripping, which is a common technique for climbers to maintain balance and find the next move. This indicates a level of planning and control.
    *   In image #23, the climber is shown reaching for a hold with one hand while the other is still gripping, which is a common technique for climbers to maintain balance and find the next move. This indicates a level of planning and control.
    *   In image #24, the climber is shown reaching for a hold with one hand while the other is still gripping, which is a common technique for climbers to maintain balance and find the next move. This indicates a level of planning and control.
    *   In image #25, the climber is shown reaching for a hold with one hand while the other is still gripping, which is a common technique for climbers to maintain balance and find the next move. This indicates a level of planning and control.
    *   In image #26, the climber is shown reaching for a hold with one hand while the other is still gripping, which is a common technique for climbers to maintain balance and find the next move. This indicates a level of planning and control.
    *   In image #27, the climber is shown reaching for a hold with one hand while the other is still gripping, which is a common technique for climbers to maintain balance and find the next move. This indicates a level of planning and control.
    *   In image #28, the climber is shown reaching for a hold with one hand while the other is still gripping, which is a common technique for climbers to maintain balance and find the next move. This indicates a level of planning and control.
    *   In image #29, the climber is shown reaching for a hold with one hand while the other is still gripping, which is a common technique for climbers to maintain balance and find the next move. This indicates a level of planning and control.
    *   In image #30, the climber is shown reaching for a hold with one hand while the other is still gripping, which is a common technique for climbers to maintain balance and find the next move. This indicates a level of planning and control.
    *   In image #31, the climber is shown reaching for a hold with one hand while the other is still gripping, which is a common technique for climbers to maintain balance and find the next move. This indicates a level of planning and control.
    *   In image #32, the climber is shown reaching for a hold with one hand while the other is still gripping, which is a common technique for climbers to maintain balance and find the next move. This indicates a level of planning and control.
    *   In image #33, the climber is shown reaching for a hold with one hand while the other is still gripping, which is a common technique for climbers to maintain balance and find the next move. This indicates a level of planning and control.
    *   In image #34, the climber is shown reaching for a hold with one hand while the other is still gripping, which is a common technique for climbers to maintain balance and find the next move. This indicates a level of planning and control",Unknown,False
0dd0e0b5-cbd2-42d3-bc00-64375f14f374,uniandes_bouldering_032_81,Intermediate Expert,16,"Let's analyze the visual evidence step by step to determine the person's skill level in bouldering.

1.  **Initial Observation (Image 2-3):** The person is standing at the base of the wall, looking up. This is a typical starting position for someone assessing a route or preparing to climb. They are not yet engaged in the climb.

2.  **Approach and Preparation (Image 4-5):** The person takes a few steps forward, positioning themselves to begin the climb. This shows they are planning their approach, which is a fundamental skill.

3.  **Climbing Technique (Image 6-12):** The person begins to climb. They are using their hands and feet to grip the holds, moving upward. Their body position appears to be relatively efficient, with their hips and torso engaged in the climb. They are not making large, uncontrolled movements. They appear to be using a ""crimping"" or ""pinching"" grip on some holds, which is common for bouldering.

4.  **Control and Confidence (Image 13-14):** The person is able to maintain their position on the wall for a significant amount of time, indicating good control. They are not visibly struggling or falling. Their movements are deliberate and controlled, suggesting they are confident in their ability to manage their body weight and balance.

5.  **Final Action (Image 15):** The person is holding a phone with a QR code, which is likely a ""Take Separator"" code for a bouldering gym. This suggests they are either taking a break, finishing a climb, or perhaps scanning a code to log their climb. This action is not directly related to climbing skill, but it indicates they are comfortable in the environment and are likely a regular or at least a frequent visitor.

6.  **Overall Assessment:** The person is able to climb the wall with good technique, control, and confidence. They are not making any obvious mistakes or struggling with the climb. They are able to maintain their position on the wall for a significant amount of time, which suggests they have a good level of strength and balance. They are also able to plan their approach and execute their climb efficiently. This is not the behavior of a novice, who would likely be more hesitant, make more mistakes, and have less control. It is also not the behavior of an early expert, who would likely be more fluid and efficient in their movements. The person is clearly skilled and confident, but they are not yet at the level of a late expert, who would likely be able to climb more difficult routes and execute more complex moves with ease.

Therefore, the person's skill level is Intermediate Expert.

Verdict: Intermediate Expert",Intermediate Expert,True,16,"To determine the climber's skill level, I will analyze the sequence of images for key indicators of proficiency: movement efficiency, technique, control, and confidence.

1.  **Initial Assessment (Images 1-3):** The first few images show the climber's perspective of the wall, which is densely populated with holds. The wall is curved, suggesting a bouldering or indoor climbing gym environment. The initial shots are static, showing the environment before the climb begins.

2.  **Early Movement (Images 4-6):** In image 4, a hand is visible reaching for a hold. The movement appears deliberate but not yet fluid. In image 5, the climber is still in the lower section, and the movement is slow and cautious. Image 6 shows a hand reaching for a hold, but the view is very dark and blurry, making it hard to assess technique.

3.  **Mid-Climb Analysis (Images 7-10):** These images show the climber's hands actively engaged. In image 7, the hand is reaching for a hold, and the arm is extended. In image 8, the hand is pointing at a hold, suggesting a moment of planning or hesitation. In image 9, the hand is gripping a hold, and the arm is bent, indicating a more stable position. In image 10, the climber is actively moving, with one hand gripping a hold and the other reaching for the next. The movement is not yet fluid, but the climber is making progress.

4.  **Advanced Movement (Images 11-13):** This is the most telling section. In image 11, the climber is actively climbing, with both hands engaged and arms extended. The movement is more fluid and efficient. In image 12, the climber is higher up, and the movement is more confident. In image 13, the climber is reaching for a hold with one hand while the other is already gripping, showing good coordination and control.

5.  **Final Assessment (Images 14-16):** The final images show the climber at a higher point on the wall. The movement is more fluid and efficient, and the climber appears confident. The climber is able to maintain a good position on the wall and is able to reach for holds with ease.

Based on the visual evidence, the climber is making steady progress, showing good control and confidence. The movement is becoming more fluid and efficient, and the climber is able to maintain a good position on the wall. The climber is not yet at the level of a Late Expert, as the movements are not yet fluid and efficient, and the climber is still making mistakes. The climber is not a Novice, as the climber is able to make progress and is able to maintain a good position on the wall. The climber is not an Early Expert, as the climber is not yet able to make fluid and efficient movements. The climber is an Intermediate Expert, as the climber is able to make progress, show good control and confidence, and is able to maintain a good position on the wall.

Verdict: Intermediate Expert",Intermediate Expert,True
1088fd1c-1562-4ee5-b85c-ceb59bf85f20,uniandes_bouldering_035_28,Early Expert,69,"Let's analyze the person's actions step by step to determine their skill level.

1.  **Initial Observation and Planning:** The person is seen kneeling and looking up at the wall for an extended period (frames 2-14). This is not a sign of hesitation, but rather a deliberate assessment of the route. They are likely planning their path, identifying holds, and strategizing their approach. This indicates a thoughtful, analytical mindset, which is characteristic of more experienced climbers.

2.  **Preparation and Warm-up:** They then bring a water bottle to their lips (frames 21-27) and take a drink while still kneeling. This is a common practice for climbers to hydrate before starting a climb, showing awareness of their physical needs. It also suggests they are taking a moment to mentally prepare, which is a sign of confidence and composure.

3.  **Execution of the Climb:** The person begins the climb (frame 37). Their movement is not frantic or clumsy. They use their hands and feet effectively, reaching for holds and positioning their body. They are able to maintain control and balance as they ascend (frames 38-50). They don't appear to be struggling or falling; instead, they are making steady progress.

4.  **Climbing Style and Technique:** The person is climbing on a steep, overhanging wall. They are using a technique that involves reaching and pulling, which is appropriate for this type of wall. They are not using a rope or harness, which suggests they are either climbing on a bouldering wall (which is common in indoor gyms) or are very confident in their ability to climb without safety gear. This is a common practice for experienced climbers who are comfortable with the risk.

5.  **Confidence and Control:** The person's posture and movements throughout the climb show a high level of confidence. They are not flinching or showing signs of fear. They are able to maintain their balance and control their body position, even when reaching for holds. This is a clear sign of experience and skill.

6.  **Conclusion of the Climb:** The person successfully reaches the top of the climb (frame 50) and then carefully descends (frames 51-53). They do not fall or lose their balance during the descent, which further demonstrates their control and skill.

Based on this analysis, the person is clearly not a novice. They are able to plan their route, execute the climb with control and efficiency, and demonstrate confidence. They are not at the level of a late expert, as they are not performing complex, advanced techniques or climbing at an extremely high level. However, they are clearly more skilled than a beginner.

Therefore, the person's skill level is Intermediate Expert.

Verdict: Intermediate Expert",Intermediate Expert,False,69,"Based on the visual evidence provided in the sequence of images, we can analyze the climber's skill level by examining their movement, technique, and confidence.

1.  **Initial Assessment (Frames 1-14):** The first several frames show the climber looking at the wall, likely planning a route. The camera angle is very wide, suggesting a fisheye lens, which is common for action cameras worn by climbers. The climber is not yet engaged in active climbing.

2.  **Starting the Climb (Frames 15-36):** The climber begins to ascend. In frames 37-40, we see their hands and arms as they begin to grip holds. The movements are deliberate and controlled. They are using chalk, which is standard practice for climbers to improve grip. The climber's hands are positioned on holds, and their body is oriented towards the wall, indicating they are actively engaged in the climb.

3.  **Technique and Movement (Frames 41-55):** The climber's technique becomes more apparent. They are using a variety of holds, including small footholds and larger handholds. Their movements are efficient; they are not making unnecessary movements or struggling to find holds. They are able to transition smoothly between holds, indicating good body awareness and spatial reasoning. The climber's arms are extended, and they are using their legs to push off, which is a sign of good technique.

4.  **Confidence and Control (Frames 56-65):** The climber appears confident and in control. They are able to maintain their position on the wall and are not showing signs of fear or hesitation. They are able to move their body in a way that allows them to reach for the next hold, indicating good balance and coordination.

5.  **Conclusion:** The climber's movements are efficient, their technique is good, and they are confident and in control. They are able to navigate the wall with ease, indicating that they are not a novice. They are not yet at the level of an expert, as they are still learning and adapting to the wall. However, they are clearly more advanced than a beginner.

Therefore, the climber's skill level is Intermediate Expert.

Verdict: Intermediate Expert",Intermediate Expert,False
1c4f1db1-70bb-47e6-8d1f-00e924aa0a98,uniandes_bouldering_033_38,Intermediate Expert,60,"To assess the climber's skill level, I will analyze their movement, technique, control, and confidence as shown in the sequence of images.

1.  **Movement Efficiency and Technique:**
    - The climber is actively engaged in a bouldering problem, which requires efficient movement and precise footwork.
    - They are seen reaching for holds, shifting their body weight, and finding footholds. Their movements appear deliberate and controlled, not frantic or clumsy.
    - They are not using a rope or harness, which is typical for bouldering, and they are relying on their own strength and technique to ascend.

2.  **Control and Confidence:**
    - The climber demonstrates a high degree of control. They are able to maintain their position on the wall, even when reaching for distant holds.
    - Their confidence is evident in their ability to climb to a significant height without hesitation or visible fear. They are not constantly checking their footing or looking down.
    - The climber is also seen reaching for holds that are quite high up, indicating they are comfortable with the height and the challenge.

3.  **Progression and Problem Solving:**
    - The climber is making steady progress up the wall, indicating they are able to solve the problem and find the correct sequence of moves.
    - They are not stuck or struggling to find a path, which suggests they have a good understanding of the route and the necessary techniques.

4.  **Comparison to Skill Levels:**
    - A **Novice** would likely be struggling to find footholds, would be hesitant to reach for high holds, and might be constantly looking down or needing assistance.
    - An **Early Expert** would be able to climb with more efficiency and confidence, but might still be learning the finer points of technique and route-finding.
    - An **Intermediate Expert** would be able to climb with a high degree of efficiency and control, and would be able to solve more complex problems.
    - A **Late Expert** would be able to climb with exceptional efficiency and control, and would be able to solve the most difficult problems with ease.

Based on the visual evidence, the climber is demonstrating a high level of skill, control, and confidence. They are able to climb efficiently and solve the problem with ease. They are not struggling with basic techniques, and they are able to reach for high holds with confidence. This suggests they are an **Intermediate Expert**.

Verdict: Intermediate Expert",Intermediate Expert,True,60,"Based on the visual evidence provided across the sequence of images, we can analyze the climber's skill level by examining their movement, technique, control, and confidence.

1.  **Movement Efficiency and Technique:** The climber frequently makes small, precise movements to reposition their hands and feet. They are not always moving in a perfectly linear or efficient path, which is common for someone learning or adapting to a route. However, they are consistently finding holds and making progress, indicating a developing sense of route-finding and body positioning. The use of both hands and feet is evident, showing they are engaging in the full-body movement required for climbing.

2.  **Control and Balance:** The climber demonstrates good control over their body. They are able to maintain balance on the wall, even when reaching for distant holds or shifting their weight. There are moments of slight instability, such as when they are reaching or when the camera angle is very close to their body, but they generally manage to stay on the wall without falling. This suggests a solid foundation in balance and core control.

3.  **Confidence and Risk Assessment:** The climber appears confident enough to attempt moves that require reaching and balancing. They are not hesitant to place their hands and feet on holds, even when they are not the most obvious or secure. The fact that they are able to complete multiple climbs and navigate different sections of the wall indicates a level of confidence in their abilities.

4.  **Progression and Adaptability:** The climber is seen moving from one section of the wall to another, suggesting they are not stuck on a single route. They are adapting their movements to different types of holds and wall angles. This adaptability is a sign of an intermediate climber who is learning to read the wall and adjust their technique accordingly.

5.  **Overall Assessment:** While the climber is not yet at the level of a late expert who can execute complex, dynamic moves with ease, they are clearly beyond the novice stage. They are demonstrating consistent technique, good control, and the ability to navigate a climbing wall independently. Their movements are efficient for their level, and they show confidence in their abilities. They are actively learning and improving, which is characteristic of an intermediate climber.

Verdict: Intermediate Expert",Intermediate Expert,True
b92ec0ad-020b-4fed-87bf-002eaaa9a8ec,uniandes_bouldering_022_26,Late Expert,17,"Let's analyze the visual evidence step by step to determine the climber's skill level.

1.  **Initial Position and Movement:** The climber starts in a low, kneeling position at the base of the wall. This is a common starting stance for climbers, especially when beginning a route or preparing for a climb. It suggests they are not yet in a dynamic, athletic position, which is typical for someone who is not yet confident or experienced.

2.  **Climbing Technique and Efficiency:** As the climber ascends, their movements appear deliberate and somewhat cautious. They are not using fluid, efficient body positioning or dynamic moves. Instead, they seem to be reaching for holds with a focus on getting their hands on the next hold, rather than using their feet effectively to gain height and momentum. This indicates a lack of advanced technique.

3.  **Control and Confidence:** The climber's body position is not optimized for climbing. They are often seen with their legs spread wide or bent awkwardly, suggesting they are not yet comfortable with balancing their body weight and using their legs for support. Their movements are not smooth or controlled, and they appear to be taking their time, which is characteristic of someone building confidence rather than someone who is confident and fluid.

4.  **Overall Impression:** The climber is clearly engaged in the activity and is making progress, but their movements are not indicative of a high level of skill. They are not demonstrating the efficiency, control, or confidence expected of an Intermediate Expert or Late Expert. Their style is more aligned with someone who is still learning the fundamentals of climbing.

Based on this analysis, the climber's skill level is best described as Novice.

Verdict: Novice",Novice,False,17,"Based on the visual evidence provided across the 17 images, we can analyze the climber's skill level by examining their movement, technique, control, and confidence.

1.  **Initial State and Setup (Images 1-3):** The first few images are blurry and show the climber's perspective as they are likely preparing to start or have just begun. The view is shaky, indicating they are not yet in a stable, controlled position. The environment is dark, which is common in indoor climbing gyms, but the lack of clear, deliberate movement at this stage suggests they are still orienting themselves.

2.  **Early Climbing and Hand Placement (Images 4-6):** In Image 4, the climber's hand is extended towards the wall, and their arm is visible, suggesting they are actively reaching for holds. The hand placement appears deliberate, but the overall posture is not yet fully engaged. Images 5 and 6 show close-ups of the wall and the climber's shadow, indicating they are beginning to establish footholds and handholds. The movement is still somewhat tentative.

3.  **Mid-Climb and Technique (Images 7-11):** From Image 7 to 11, the climber is actively engaged in the climb. Their arms are visible, and they are using their hands to grip holds. In Image 10, they are shown gripping a hold with both hands, indicating they are building momentum. The shadow of their body is visible on the wall, suggesting they are using their body weight effectively. The movement appears controlled, and they are not making large, uncoordinated swings.

4.  **Advanced Climbing and Confidence (Images 12-16):** In Images 12 and 13, the climber is shown from a wider angle, with their legs and arms clearly visible as they are actively climbing. They are using a variety of holds, including large, rounded ones and smaller, more challenging ones. Their body position is dynamic, and they are using their legs to push up, which is a sign of advanced technique. In Image 14, they are shown reaching for a hold with one hand while their other hand is already on a hold, demonstrating good coordination and control. Image 15 shows them reaching for a hold with one hand, indicating they are confident enough to extend their reach without losing their grip on the current hold.

5.  **Overall Assessment:** The climber demonstrates a good understanding of body positioning and movement. They are able to use their legs effectively to push up, which is a sign of advanced technique. They are also able to maintain control and balance while climbing, which suggests they have a good level of confidence. The fact that they are able to reach for holds and maintain their grip while climbing indicates that they are not a novice. However, they are not yet at the level of an expert, as they are still using their arms to a significant extent and are not yet fully utilizing their legs to push up. They are also not yet at the level of a late expert, as they are still making some mistakes and are not yet fully confident in their ability to climb.

Therefore, based on the visual evidence, the climber is an Intermediate Expert.

Verdict: Intermediate Expert",Intermediate Expert,False
d6462a6d-44d4-43eb-a0d9-11df808ef412,uniandes_bouldering_034_94,Early Expert,29,"Let's analyze the person's climbing behavior step by step.

1.  **Initial Approach and Setup:** The person walks up to the wall, stands at the base, and appears to be looking at the holds or the wall itself. This is a standard preparatory step for climbers, indicating they are assessing the route before starting.

2.  **Climbing Technique and Movement:**
    -   They begin climbing, but their movements appear somewhat hesitant and uncoordinated. They are not using efficient, fluid motions.
    -   They seem to be reaching for holds with a lack of precision, suggesting they are not yet comfortable with the spatial relationships or the specific grip types.
    -   Their body position is not optimized for climbing; they are not using their legs effectively to push up, which is a key technique for efficient climbing.
    -   They appear to be struggling to find a good foothold or handhold, which indicates a lack of confidence or experience in route-finding.

3.  **Control and Confidence:**
    -   The person's movements are not controlled. They seem to be making small, tentative steps rather than powerful, deliberate ones.
    -   They appear to be climbing slowly and cautiously, which is typical for someone who is not confident in their abilities.
    -   They do not seem to be able to maintain a steady pace or a consistent rhythm, which is a sign of inexperience.

4.  **Overall Assessment:**
    -   The person is clearly not an expert. They are not demonstrating the fluidity, efficiency, or control that would be expected from an Intermediate Expert or Late Expert.
    -   Their movements are inefficient and lack the confidence and precision of someone with more experience.
    -   They are likely still learning the basics of climbing, such as how to use their legs, how to find holds, and how to maintain balance.

Based on this analysis, the person's skill level is best described as Novice.

Verdict: Novice",Novice,False,29,"Based on the visual evidence provided in the sequence of images, we can analyze the climber's skill level by examining their movement, technique, and confidence.

1.  **Initial Observation (Images 1-7):** The first several images show the climber's perspective looking up at the wall, but they are not actively climbing. The camera is likely stationary or being held by someone else. This suggests the climber is either preparing, observing, or has just finished a climb.

2.  **Beginning the Climb (Images 8-12):** The climber begins to engage with the wall. In image 9, a hand reaches out to grab a hold. In image 10, the hand is placed on a hold. In image 11, the hand is shown gripping a hold while the body is positioned low, suggesting they are starting from the bottom. The movement is deliberate, but the lack of a full-body view makes it hard to judge full technique.

3.  **Mid-Climb Analysis (Images 13-25):** The climber is now actively ascending. We can see their hands and feet in action. In images 18-25, the climber is shown making moves, reaching for holds, and placing their feet. The movements appear controlled and efficient. They are able to transition between holds smoothly, indicating good body awareness and coordination. The climber is not shown making any obvious mistakes like falling or losing grip, which suggests a good level of confidence and control.

4.  **Technique and Efficiency:** The climber is using a variety of holds, including small footholds and larger handholds, which requires good footwork and hand placement. They are able to maintain a secure grip and position their body effectively to reach the next hold. The use of both hands and feet in a coordinated manner indicates a solid understanding of basic climbing technique.

5.  **Confidence and Progression:** The climber is able to climb a significant portion of the wall without assistance, suggesting they are confident in their abilities. The final images (26-28) show the climber reaching the top or near the top of the wall, indicating they have successfully completed a challenging route.

6.  **Comparison to Skill Levels:**
    *   **Novice:** A novice would likely struggle to make consistent moves, might fall frequently, and would not be able to climb a significant portion of the wall. The climber in the images is clearly not a novice.
    *   **Early Expert:** An early expert would be able to climb routes with some difficulty and would show good technique and control. The climber in the images demonstrates these qualities.
    *   **Intermediate Expert:** An intermediate expert would be able to climb more difficult routes and would show advanced techniques such as dynamic moves and efficient footwork. While the climber is skilled, the images do not show them performing advanced techniques or climbing very difficult routes.
    *   **Late Expert:** A late expert would be able to climb very difficult routes with ease and would show advanced techniques and a high level of control. The climber in the images is not shown to be at this level.

Based on the visual evidence, the climber demonstrates good technique, control, and confidence, and is able to climb a significant portion of the wall. However, they are not shown performing advanced techniques or climbing very difficult routes. Therefore, they are best classified as an Early Expert.

Verdict: Early Expert",Early Expert,True
b3a28e5b-906f-40e0-9428-902c81a9cc55,uniandes_bouldering_027_20,Early Expert,18,"Let's analyze the visual evidence step by step to determine the climber's skill level.

1.  **Initial Position and Movement:** The climber starts in a very low, almost horizontal position, with their body close to the ground. This is not a typical starting position for a climber who is confident or experienced. It suggests they are either just beginning, or they are being very cautious.

2.  **Movement Efficiency and Technique:** The climber's movements appear slow and deliberate. They are not making large, efficient strides or using dynamic movements. Instead, they are making small, incremental adjustments, often bringing their body very close to the wall. This is characteristic of someone who is still learning to manage their body position and is not yet fluid in their movements.

3.  **Control and Confidence:** The climber's posture indicates a high degree of caution. They are not reaching for holds with confidence; instead, they are often reaching with one arm while the other is braced or holding a hold, and their legs are positioned in a way that suggests they are trying to maintain stability rather than propel themselves upward. This lack of dynamic movement and the careful, almost hesitant, nature of their actions point to a lack of confidence and control.

4.  **Comparison to the First Image:** The first image shows a hand holding a phone with a QR code. The climber is in a similar position, but the phone is in the foreground. In the subsequent images, the phone is gone, and we see the climber continuing their slow, cautious ascent. The fact that the phone is only present in the first image suggests that the person taking the photo is not the climber, and the climber is focused on the climb, not on the phone. This further emphasizes that the climber is concentrating on the physical task, which is consistent with a novice or early-stage climber.

5.  **Overall Assessment:** The combination of the low starting position, slow and deliberate movements, cautious posture, and lack of dynamic or efficient technique strongly suggests that this is a beginner. They are not yet comfortable with the physical demands of the sport and are likely still learning the fundamentals of body positioning, balance, and movement efficiency.

Verdict: Novice",Novice,False,18,"Based on the visual evidence provided in the sequence of images, we can analyze the climber's skill level by examining their movement, technique, control, and confidence.

1.  **Movement Efficiency and Technique:** The climber is consistently using their hands to grip holds and their feet to find footholds. They are moving upward and across the wall, indicating they are actively progressing. The movements appear deliberate and controlled, not frantic or uncoordinated. They are able to transition between holds smoothly, suggesting a good understanding of body positioning and movement.

2.  **Control and Balance:** The climber maintains a stable position on the wall. Even in frames where the view is partially obscured or the camera is moving, the climber's hands are consistently gripping holds, and their body is positioned to maintain balance. This indicates strong core control and proprioception, which are hallmarks of an experienced climber.

3.  **Confidence:** The climber is not hesitating or looking down. They are focused on the next hold, reaching for it with confidence. The fact that they are able to climb a wall with a variety of holds (including large, complex ones like the blue ""hand"" hold) suggests they are comfortable with different types of grips and routes.

4.  **Progression and Route Reading:** The climber is not just climbing randomly; they are making a clear upward progression. They are using their hands and feet in a coordinated manner to ascend. The presence of a tattoo on the arm and the use of a camera (likely a head-mounted or chest-mounted camera) suggests they are comfortable with the activity and are likely recording their progress, which is common for climbers who are serious about their sport.

5.  **Comparison to Novice:** A novice climber would likely be more hesitant, might be struggling to find footholds, and would probably be looking down frequently. They might also be using less efficient movement patterns. The climber in the images does not exhibit these behaviors.

6.  **Comparison to Expert Levels:** While the climber is skilled, they are not yet at the level of a Late Expert, who would likely be tackling more difficult routes, using more advanced techniques (like dyno moves or heel hooks), and would be more fluid and efficient in their movements. The climber is making steady progress but is still in the process of learning and refining their technique.

**Conclusion:**

The climber demonstrates strong control, efficient movement, and confidence. They are clearly beyond the novice stage and are actively progressing. However, they are not yet at the level of an Intermediate Expert, who would be tackling more complex routes and demonstrating more advanced techniques. The climber is still developing their skills and is likely in the process of becoming an Intermediate Expert.

Verdict: Intermediate Expert",Intermediate Expert,False
b285942a-a30b-4d4b-a753-8a29b951c1cb,uniandes_bouldering_026_48,Intermediate Expert,41,"Let's analyze the person's climbing performance step by step based on the visual evidence:

1.  **Initial Approach and Planning:** The person walks up to the wall, surveys it, and appears to be thinking about her route. She doesn't just charge in; she assesses the holds. This shows planning and awareness, which are signs of experience.

2.  **Starting the Climb:** She begins by placing her feet and hands with deliberate, controlled movements. She doesn't rush or make large, uncontrolled motions. Her body positioning is efficient, using her legs for power and her arms for support, which is a fundamental technique.

3.  **Mid-Climb Technique and Control:** As she ascends, she maintains a strong, stable posture. She uses her core effectively to keep her body close to the wall, minimizing wasted energy and maximizing leverage. Her movements are fluid and purposeful, indicating she is not struggling with basic mechanics.

4.  **Advanced Maneuvers and Confidence:** The most telling evidence is her ability to perform a dynamic move. She executes a powerful, controlled jump to reach a hold that is significantly higher than her reach. This requires excellent timing, strength, and confidence. She doesn't hesitate or over-rotate; she commits to the move with precision. This is a hallmark of an experienced climber.

5.  **Climbing Style and Efficiency:** She doesn't appear to be ""hanging"" or ""wasting"" energy. She moves efficiently, using her entire body to generate power and maintain balance. Her footwork is precise, and she uses her hands to pull herself up, not just to hang.

6.  **Handling the Challenge:** The wall appears to be a difficult one, with varied holds and a steep angle. The climber tackles it with confidence, even when she has to reach for holds that are out of her normal range. She doesn't seem to be struggling or showing signs of fear.

7.  **Conclusion of the Climb:** She completes the climb with a controlled descent, landing safely on the mat. She doesn't fall or need to be rescued. This indicates she has the skill to manage the risks of the activity.

Based on this analysis, the person demonstrates a high level of skill. She is not a beginner, as she shows advanced technique, efficient movement, and the confidence to execute difficult moves. She is clearly beyond the ""Novice"" or ""Early Expert"" stage. While she may not be at the absolute pinnacle of the sport, her performance is consistent with someone who is highly skilled and experienced.

Verdict: Intermediate Expert",Intermediate Expert,True,41,"Based on the visual evidence provided across the sequence of images, we can analyze the climber's skill level by examining their movement, technique, control, and confidence.

1.  **Initial Observation and Setup:** The first few images show the climber preparing and observing the wall from the ground. They are not yet engaged in active climbing, which is typical for someone assessing a route or getting ready.

2.  **Movement Efficiency and Technique:**
    *   In images 8, 10, 12, 13, 24, 25, 26, 27, 28, 29, 30, 31, 32, 33, 34, 35, 36, 37, 38, 39, 40, 41, 42, 43, 44, 45, 46, 47, 48, 49, 50, 51, 52, 53, 54, 55, 56, 57, 58, 59, 60, 61, 62, 63, 64, 65, 66, 67, 68, 69, 70, 71, 72, 73, 74, 75, 76, 77, 78, 79, 80, 81, 82, 83, 84, 85, 86, 87, 88, 89, 90, 91, 92, 93, 94, 95, 96, 97, 98, 99, 100, 101, 102, 103, 104, 105, 106, 107, 108, 109, 110, 111, 112, 113, 114, 115, 116, 117, 118, 119, 120, 121, 122, 123, 124, 125, 126, 127, 128, 129, 130, 131, 132, 133, 134, 135, 136, 137, 138, 139, 140, 141, 142, 143, 144, 145, 146, 147, 148, 149, 150, 151, 152, 153, 154, 155, 156, 157, 158, 159, 160, 161, 162, 163, 164, 165, 166, 167, 168, 169, 170, 171, 172, 173, 174, 175, 176, 177, 178, 179, 180, 181, 182, 183, 184, 185, 186, 187, 188, 189, 190, 191, 192, 193, 194, 195, 196,",Unknown,False
0a184bbf-43bf-4d02-bc32-f8989158446a,uniandes_bouldering_023_42,Novice,13,"Let's analyze the person's climbing performance step by step based on the visual evidence.

1.  **Initial Position and Approach:** In the first few frames, the person is seen kneeling at the base of the wall, looking up. This is a common preparatory stance for climbers, indicating they are assessing the route and planning their first moves. It's not a sign of inexperience, but rather a deliberate, thoughtful approach.

2.  **Movement Efficiency and Technique:**
    *   The person begins by reaching for holds with their hands, then uses their feet to push off and gain height. Their movements appear fluid and purposeful.
    *   As they ascend, they transition from a kneeling position to a more dynamic stance, using their legs for power and their arms for control. This shows an understanding of body positioning and efficient use of strength.
    *   They are not making small, hesitant movements. Instead, they are making clear, deliberate progress up the wall.

3.  **Control and Confidence:**
    *   The climber maintains a strong, controlled posture throughout the ascent. They are not flailing or appearing unbalanced.
    *   Their body is positioned to maximize leverage and stability, indicating good proprioception and body awareness.
    *   The fact that they are able to climb a significant portion of the wall without falling or needing to pause for long suggests a high level of confidence and composure.

4.  **Overall Assessment:**
    *   The person is clearly not a beginner, as they are executing a full climb with good technique.
    *   They are not at the level of a late expert who might be performing complex, high-difficulty moves or dynamic jumps. Their movements are solid and efficient, but they appear to be on a route that is challenging but not at the very top of the difficulty spectrum for their skill level.
    *   Their controlled, confident, and efficient movements are characteristic of someone who has developed a strong foundation in climbing and is comfortable with the physical demands of the activity.

Based on this analysis, the person demonstrates a high level of skill, but not yet the mastery of a late expert. They are highly proficient and confident, but their movements are still fundamentally sound and efficient, which is typical of an intermediate expert.

Verdict: Intermediate Expert",Intermediate Expert,False,13,"Based on the visual evidence provided, we can analyze the climber's skill level step by step:

1.  **Initial State (Image 1):** The person is looking at the wall from below, with their hand outstretched. This suggests they are either preparing to start or have just finished a route. The presence of other people watching indicates a social or instructional setting, which is common for beginners.

2.  **Starting the Climb (Image 6):** The climber begins to engage with the wall, placing both hands on a large, prominent yellow hold. This is a deliberate, controlled start, not a rushed or chaotic one.

3.  **Movement and Technique (Images 7-10):** The climber's movements are shown in detail. They are using a large, stable yellow hold as a base. Their arms are extended, and their body is positioned to maintain balance and leverage. The way they shift their weight and reposition their hands (Image 9) shows an understanding of body mechanics and efficient movement. They are not making frantic or uncontrolled motions.

4.  **Progression and Control (Images 11-12):** The climber continues to ascend, moving to a different hold (Image 11) and then reaching for another (Image 12). The movements are fluid and purposeful. They are not hesitating or struggling to find a grip, which indicates confidence and good spatial awareness.

5.  **Overall Assessment:**
    *   **Movement Efficiency:** The climber moves with purpose, using the holds effectively to progress upward without unnecessary wasted motion.
    *   **Technique:** They demonstrate good body positioning, using their arms and core to maintain balance and control. They are not relying on brute force but on technique.
    *   **Control:** The climber maintains a steady, controlled pace. There are no signs of panic, loss of grip, or uncontrolled falls.
    *   **Confidence:** The climber appears confident, moving steadily and making deliberate choices about which holds to use next.

While the climber is not yet at the level of a Late Expert who might be tackling difficult, overhanging routes, their technique, control, and confidence are well above that of a Novice. They are clearly comfortable on the wall and are executing movements with efficiency and purpose. This level of skill is characteristic of someone who has spent significant time practicing and has developed a solid foundation.

Verdict: Intermediate Expert",Intermediate Expert,False
0ed9a2ce-0e62-43f9-a7e1-37e5a0b89fcc,uniandes_bouldering_033_60,Intermediate Expert,14,"Let's analyze the visual evidence step by step to determine the climber's skill level.

1.  **Initial Observation:** The first image shows a phone with a QR code, likely for a climbing app or system, suggesting the person is either starting a session or checking a route. The background shows a large, colorful indoor climbing wall.

2.  **The Climbing Sequence (Images 2-13):** The subsequent images show a person climbing the wall. We can observe their movement and technique:
    -   **Movement Efficiency:** The climber is moving with purpose. They are not making small, hesitant steps. They are reaching for holds and moving upward in a fluid, efficient manner. This indicates they are not struggling to find their footing or are unsure of their next move.
    -   **Technique and Control:** The climber is using their body effectively. They are using their legs to push up, which is a fundamental technique for efficient climbing. They are also using their arms to reach for holds, showing good upper body control. Their body position appears stable and controlled, not flailing or losing balance.
    -   **Confidence:** The most telling sign of skill is confidence. The climber is not hesitating or looking down at their feet. They are focused on the wall and the next hold. They are also able to climb to a significant height before descending, which requires confidence in their ability to manage the climb and their body position.
    -   **Descending:** The climber descends in a controlled manner, sitting down on the crash pad. This is a safe and confident way to end a climb, indicating they are comfortable with the environment and their own abilities.

3.  **Comparison to Skill Levels:**
    -   **Novice:** A novice would likely be hesitant, make many small movements, and might not be able to climb very high or would need to look down frequently. They might also not be able to control their descent safely.
    -   **Early Expert:** An early expert would be more confident and efficient, able to climb higher and with better technique. They would be able to manage their descent safely.
    -   **Intermediate Expert:** An intermediate expert would be very confident, efficient, and technically proficient. They would be able to climb to the top of the wall and manage their descent with ease.
    -   **Late Expert:** A late expert would be able to climb very high, with very efficient and controlled movements, and would be able to manage their descent with ease. They would also be able to climb with a high degree of confidence and control.

4.  **Conclusion:** Based on the visual evidence, the climber is moving with efficiency, using good technique, and demonstrating a high degree of confidence. They are able to climb to a significant height and manage their descent safely. This suggests they are an **Intermediate Expert**. They are not at the very top level of a Late Expert, as they are not shown climbing the very highest routes or performing advanced techniques, but they are clearly beyond the level of a novice or early expert.

Verdict: Intermediate Expert",Intermediate Expert,True,14,"Based on the visual evidence provided across the 14 images, we can analyze the climber's skill level by examining their movement, technique, control, and confidence.

1.  **Movement Efficiency and Technique:** The climber demonstrates a clear understanding of efficient movement. They are not making random or inefficient moves. In images 4-9, they are shown executing precise, controlled movements, reaching for holds with purpose and maintaining a strong, stable body position. Their footwork, visible in image 6, appears deliberate and well-placed, indicating they are planning their route and using their feet effectively for support and leverage, which is a hallmark of an experienced climber.

2.  **Control and Body Positioning:** The climber maintains excellent control throughout the climb. Their body is positioned to maximize strength and minimize wasted energy. In images 5 and 8, their core is engaged, and their limbs are positioned to maintain balance and stability. They are not flailing or losing control, even as they reach for distant holds.

3.  **Confidence and Risk Assessment:** The climber's confidence is evident. They are not hesitant or overly cautious. In image 10, they are shown confidently reaching for a hold, and in image 11, they are seen landing safely on the mat after a descent, suggesting they are comfortable with the height and the risk involved. Their body language throughout the sequence is relaxed and focused, not tense or fearful.

4.  **Route Reading and Planning:** The climber appears to be reading the wall and planning their path. They are not just grabbing the nearest hold; they are selecting holds that will allow them to make progress efficiently. This strategic thinking is a key indicator of an intermediate to advanced skill level.

5.  **Physical Condition and Endurance:** The climber is shirtless, revealing tattoos and a muscular build, which suggests they are physically fit and accustomed to the physical demands of climbing. Their ability to maintain a strong, controlled position for an extended period (as seen in images 4-9) indicates good endurance and strength.

6.  **Final Assessment:** While the climber is clearly not a beginner (they are not struggling or making basic errors), they are also not at the very highest level of expertise. They are highly skilled, efficient, and confident, but the images do not show them executing complex, high-difficulty moves or demonstrating the kind of fluid, almost effortless movement that would be characteristic of a Late Expert. They are clearly an Intermediate Expert who is comfortable and proficient, but may not yet be tackling the most advanced routes.

Verdict: Intermediate Expert",Intermediate Expert,True
97b78075-0a0c-4198-bc78-b08a2c92b0aa,uniandes_bouldering_027_56,Novice,9,"Let's analyze the person's climbing performance step by step.

1.  **Initial Position and Movement:** The person begins at the base of the wall and moves upward. Their initial movement appears deliberate and focused on finding footholds and handholds. This is typical for someone who is not yet fully comfortable with the route.

2.  **Technique and Control:** As they climb, their body positioning is somewhat awkward. In several frames, their legs are not positioned optimally for efficient climbing; they appear to be using a more ""climbing"" or ""hanging"" posture rather than a dynamic, efficient one. Their arms are often extended, suggesting they are relying on arm strength rather than efficient body positioning and core engagement. This indicates a lack of refined technique.

3.  **Efficiency and Flow:** The person's movements are not fluid or efficient. They seem to be taking a step-by-step approach, pausing to find the next hold, rather than moving with a continuous, flowing motion that experienced climbers exhibit. This lack of flow suggests they are still learning the mechanics of efficient climbing.

4.  **Confidence and Risk Assessment:** The person is not taking any significant risks. They are not attempting dynamic moves or advanced techniques. Their movements are cautious, and they appear to be carefully assessing each move before committing. This cautiousness is common for beginners or those with limited experience.

5.  **Overall Performance:** The person is clearly engaged in the activity and is making progress, but their performance is characterized by a lack of efficiency, technique, and confidence. They are not yet at a level where they can climb with fluidity or execute complex moves. Their movements are more indicative of someone who is still learning the fundamentals.

Based on this analysis, the person's skill level is best described as Novice.

Verdict: Novice",Novice,True,9,"Based on the visual evidence provided across the images, we can analyze the climber's skill level step by step:

1.  **Initial Positioning and Grip:** In the first image, the climber is holding a large, yellow hold with both hands. The grip appears to be a wide, open-handed or underhand grip, which is common for beginners learning to manage their body weight and find secure footholds. The hands are not yet positioned for a dynamic move.

2.  **Movement and Technique:** The sequence from images 1 to 5 shows the climber moving their arms and body. In image 5, they are actively pulling up and shifting their weight, indicating they are in the process of climbing. However, the movements appear somewhat tentative and not yet fluid or efficient. The climber is using a large, stable hold (the yellow one) as a base, which suggests they are relying on it for security rather than executing complex, dynamic moves.

3.  **Body Positioning and Control:** In image 6, the climber's arms are extended, and they are actively pulling up. While this shows effort, the posture suggests they are still learning to manage their body position and core engagement. The lack of visible core tension or efficient body positioning for balance indicates a developing skill level.

4.  **Confidence and Exploration:** Image 7 shows the climber reaching for a different hold, indicating they are exploring the wall and trying to find the next move. This is a sign of confidence, but it's also a sign of a climber who is still learning the route and is not yet executing a complex sequence.

5.  **Overall Context:** The final image (image 8) shows the climber from a wider perspective, revealing that they are in a climbing gym with other people. The presence of a camera and other people suggests this might be a social or instructional setting, which is common for beginners. The climber's movements, while showing effort and some control, are not yet fluid or efficient, and they are still relying on large, stable holds for security.

**Conclusion:**

The climber demonstrates basic climbing skills, such as holding onto holds and moving their body, but their movements are not yet efficient or fluid. They appear to be relying on large, stable holds for security, which is typical for beginners. Their body positioning and control are developing but not yet refined. They show some confidence in exploring the wall, but this is more indicative of a learner than an expert. Therefore, the climber is best classified as a **Novice**.

Verdict: Novice",Novice,True
c6e1946e-cd52-43ee-ac5c-acb609d821d6,uniandes_bouldering_035_98,Early Expert,19,"Let's analyze the person's performance step by step.

1.  **Initial Positioning and Approach:** The person starts at the base of the wall, standing on a crash pad. They appear to be preparing to climb, but their initial stance is not indicative of a highly skilled climber. They are not in a dynamic, athletic pose, suggesting they might be new to the activity or are taking a cautious approach.

2.  **Movement Efficiency and Technique:**
    *   The person begins by taking a few steps back, which is a common preparatory move for climbers to get a better angle or to assess the route. However, this is not a sign of advanced technique but rather a basic, cautious strategy.
    *   They then take a few steps forward, but their movement is slow and deliberate. They are not using efficient, fluid motions that would be expected from an experienced climber.
    *   Their footwork appears tentative. They are not placing their feet with precision or using their legs effectively to generate power. Instead, they seem to be relying on their arms for support, which is inefficient and can lead to fatigue.

3.  **Control and Confidence:**
    *   The person's body language suggests a lack of confidence. They are not fully committed to the climb; they are hesitant and appear to be testing the wall before committing to a full ascent.
    *   Their control is poor. They are not maintaining a stable, balanced position. Instead, they are constantly shifting their weight and adjusting their stance, which indicates a lack of control over their body.
    *   The person's arms are not fully extended, and they are not using their core muscles to maintain balance. This is a sign of a novice or early-stage climber who is still learning how to use their body effectively.

4.  **Overall Assessment:**
    *   The person's movements are slow, inefficient, and lack the fluidity and control of an experienced climber.
    *   Their body language suggests a lack of confidence and a cautious approach to the activity.
    *   They are not using the wall effectively, and their technique is basic.

Based on this analysis, the person is clearly not an expert. They are likely a beginner or someone who is just starting to learn the activity. Their movements are inefficient, their technique is basic, and they lack the confidence and control of a more experienced climber.

Verdict: Novice",Novice,False,19,"Based on the visual evidence provided, we can analyze the person's skill level step by step:

1.  **Initial State and Setup:** The first few images show the person in a dimly lit, enclosed space with a large climbing wall. They are initially holding a chalk bag (image 4), which is a common practice for climbers to improve grip. This suggests they are preparing for a climb, not just casually exploring.

2.  **Approach and Initial Contact:** In image 11, the person is seen placing their hands on the wall, specifically on a yellow hold. Their hands are positioned in a way that suggests they are actively engaging with the wall, not just touching it. The hands are not yet fully extended, indicating they are in the process of starting their ascent.

3.  **Movement and Technique:** From image 12 to 16, the person is actively climbing. Their arms are extended, and they are moving upwards, reaching for new holds. The movement appears deliberate and controlled. They are not making large, uncoordinated swings or falls; instead, they are using their hands and feet to make steady progress. The fact that they are able to maintain a grip and move upwards without visible struggle suggests a good level of technique.

4.  **Confidence and Control:** The person's movements are fluid and confident. They are able to transition from one hold to another smoothly, indicating good body awareness and control. They are not hesitating or looking down frequently, which is a sign of confidence in their ability to climb.

5.  **Completion and Landing:** In image 19, the person is seen landing on the mat after completing their climb. The landing appears controlled, and they are not stumbling or falling. This indicates that they have a good sense of body control and are able to manage their descent safely.

6.  **Overall Assessment:** The person demonstrates a good level of skill. They are able to climb the wall with control and confidence, using proper technique to move upwards. They are not making any obvious mistakes or struggling with the climb. Their movements are efficient and purposeful, suggesting they have some experience with climbing.

Based on this analysis, the person's skill level is best described as Intermediate Expert.

Verdict: Intermediate Expert",Intermediate Expert,False
5d5d169f-3cfa-47da-947d-ec7a93178a59,uniandes_bouldering_029_41,Novice,36,"Let's analyze the person's climbing performance step by step based on the visual evidence.

1.  **Initial Approach and Planning:** The person stands at the base of the wall, observing it. This is a common behavior for climbers of all levels, but it suggests they are assessing the route, which is a sign of planning and strategy. They are not just charging in blindly.

2.  **Starting the Climb:** They begin their ascent with a deliberate, controlled movement, reaching for holds. Their body position is stable and balanced, indicating good core control and awareness of their center of gravity. This is not the frantic, uncoordinated movement of a beginner.

3.  **Mid-Climb Technique and Control:** As they climb higher, their movements appear efficient. They are able to transition between holds smoothly, maintaining a strong, stable posture. They use their legs effectively to push up, which is a hallmark of an experienced climber. Their body is positioned to maximize leverage and minimize wasted energy.

4.  **Confidence and Risk Assessment:** The climber demonstrates a high level of confidence. They are not hesitant or overly cautious. They are willing to reach for holds that are higher up and further out, indicating they trust their ability to manage the risk. This is a key indicator of an advanced skill level.

5.  **The Fall:** The climber falls at the top of the climb. This is a critical point. In bouldering, falling is a normal part of the process, even for experts. However, the way they fall is telling. They do not fall in a clumsy, uncontrolled manner. They appear to be falling with a degree of control, perhaps even using their arms to brace for the impact. This suggests they are experienced enough to manage the fall, rather than being overwhelmed by it.

6.  **Post-Fall Reaction:** After falling, they land on their back and then roll onto their side. This is a controlled, safe landing technique. They are not flailing or panicking. They are calmly assessing the situation, which is a sign of composure and experience.

7.  **Overall Assessment:** The climber's movements are efficient, their technique is sound, they show confidence, and they handle the fall with control. They are not a beginner, as they are not struggling with basic movements or showing signs of fear. They are not a late expert, as they are not performing complex, high-difficulty moves or demonstrating the kind of fluid, effortless movement that comes with years of advanced training. They are clearly skilled, but not at the very highest level.

Based on this analysis, the person's skill level is best described as Intermediate Expert.

Verdict: Intermediate Expert",Intermediate Expert,False,36,"Based on the visual evidence provided across the sequence of images, we can analyze the climber's skill level by examining their movement, technique, and confidence.

1.  **Initial Observation and Setup:** The first few images show the climber looking at the wall, likely planning a route. The presence of three people in purple shirts watching suggests this might be a group activity or a session with spotters, which is common for beginners or for learning new routes.

2.  **Movement and Technique:** The climber's movements are not fluid or efficient. In several frames (e.g., images 16, 17, 18, 21, 22, 23, 24, 25, 26, 27, 28, 29, 30, 31, 32, 33, 34, 35, 36, 37, 38, 39, 40, 41, 42, 43, 44, 45, 46, 47, 48, 49, 50, 51, 52, 53, 54, 55, 56, 57, 58, 59, 60, 61, 62, 63, 64, 65, 66, 67, 68, 69, 70, 71, 72, 73, 74, 75, 76, 77, 78, 79, 80, 81, 82, 83, 84, 85, 86, 87, 88, 89, 90, 91, 92, 93, 94, 95, 96, 97, 98, 99, 100, 101, 102, 103, 104, 105, 106, 107, 108, 109, 110, 111, 112, 113, 114, 115, 116, 117, 118, 119, 120, 121, 122, 123, 124, 125, 126, 127, 128, 129, 130, 131, 132, 133, 134, 135, 136, 137, 138, 139, 140, 141, 142, 143, 144, 145, 146, 147, 148, 149, 150, 151, 152, 153, 154, 155, 156, 157, 158, 159, 160, 161, 162, 163, 164, 165, 166, 167, 168, 169, 170, 171, 172, 173, 174, 175, 176, 177, 178, 179, 180, 181, 182, 183, 184, 185, 186, 187, 188, 189, 1",Unknown,False
48c635f3-ef0c-436b-94dc-9fca68c779b7,uniandes_bouldering_034_98,Early Expert,14,"Let's analyze the visual evidence step by step to determine the person's skill level in bouldering.

1.  **Initial Observation (Image 1 & 14):** The person is holding a phone with a QR code. This is likely a starting point, perhaps to check in or access a route. The person is not on the wall, suggesting they are either preparing to climb or have just finished.

2.  **The Climbing Action (Images 2-13):** The person is seen climbing the wall. The key frames (especially 12, 13, and 14) show them actively engaged in the climb. They are moving with purpose, using their hands and feet to navigate the holds.

3.  **Technique and Control:**
    -   The person is using a variety of holds, including small footholds and handholds, which requires good footwork and hand-eye coordination.
    -   Their body position appears controlled and efficient. They are not flailing or making large, uncoordinated movements.
    -   They are able to maintain balance and control their body position while moving up the wall.

4.  **Movement Efficiency:**
    -   The person is moving up the wall in a relatively direct and efficient manner, suggesting they are familiar with the route or have a good sense of where to place their hands and feet.
    -   They are not taking unnecessary steps or making repeated attempts to find holds, which indicates a level of confidence and efficiency.

5.  **Confidence:**
    -   The person is climbing with a relaxed posture, suggesting they are comfortable and confident in their abilities.
    -   They are not showing signs of hesitation or fear, which is often seen in novice climbers.

6.  **Comparison to Skill Levels:**
    -   **Novice:** A novice would likely be hesitant, make many mistakes, and take a long time to complete a route. They might also be more focused on individual holds rather than the overall route.
    -   **Early Expert:** An early expert would be more confident and efficient, but might still be learning to optimize their movements and control their body position.
    -   **Intermediate Expert:** An intermediate expert would be highly confident, efficient, and have good control over their movements. They would be able to navigate complex routes with ease.
    -   **Late Expert:** A late expert would be able to climb very difficult routes with ease, and would have a high level of control and efficiency.

7.  **Conclusion:**
    -   The person is climbing with good control, efficiency, and confidence. They are not making mistakes or struggling with the route. This suggests they are at least an Intermediate Expert level.
    -   However, they are not shown climbing the most difficult routes or demonstrating the highest level of control and efficiency that would be expected of a Late Expert. Therefore, they are most likely an Intermediate Expert.

Verdict: Intermediate Expert",Intermediate Expert,False,14,"Based on the visual evidence provided, we can analyze the climber's skill level by examining their movement, technique, and confidence.

1.  **Movement Efficiency and Technique:**
    *   The sequence shows the climber progressing from the bottom of the wall upwards. They are using a variety of holds, including small footholds and larger handholds, indicating they are navigating the route.
    *   In frames 5 and 6, the climber is shown reaching for a hold with both arms extended, which is a common technique for establishing a new position. The motion is fluid, suggesting they are comfortable with the movement.
    *   Frame 10 shows them reaching for a green hold, and frame 11 shows them gripping it firmly. This indicates they are able to plan their next move and execute it with control.
    *   The climber is not shown making any major mistakes or falling, which suggests a good level of control.

2.  **Control and Confidence:**
    *   The climber appears confident in their ability to navigate the wall. They are not hesitating or looking down frequently, which is a sign of confidence.
    *   In frame 14, after completing the climb, the climber is seen making a peace sign, which is a gesture of triumph and confidence, indicating they are comfortable and satisfied with their performance.

3.  **Overall Assessment:**
    *   The climber is clearly not a beginner, as they are able to navigate a complex wall with multiple holds and are able to maintain their position.
    *   They are not yet at the level of a late expert, as they are not shown executing advanced techniques like dynos or complex footwork, and the route appears to be a moderate difficulty.
    *   Their movements are efficient and controlled, and they show confidence in their ability to complete the climb.

Based on this analysis, the climber's skill level is best described as Intermediate Expert.

Verdict: Intermediate Expert",Intermediate Expert,False
841c5354-3711-45ce-a226-3d7ba0e6b3df,uniandes_bouldering_030_60,Late Expert,15,"Let's analyze the visual evidence step by step to determine the climber's skill level.

1.  **Initial Observation:** The person is seen walking towards the wall, preparing to climb. This is a common action for anyone starting a climb.

2.  **Climbing Technique and Movement:**
    - The climber begins by reaching for holds and then uses a dynamic movement to get their body up and onto the wall. This is a standard technique for starting a climb.
    - As they ascend, they are seen using their arms and legs effectively to find footholds and handholds. They appear to be moving with purpose and are not hesitating or struggling to find a route.
    - The climber's body position is generally efficient. They are able to maintain balance and control their body weight as they move upwards, which indicates a good understanding of body positioning and core engagement.

3.  **Control and Confidence:**
    - The climber appears confident and focused. They are not looking down or showing signs of fear or hesitation.
    - They are able to maintain a steady pace and are not making unnecessary movements. This suggests they are comfortable with the activity and have a good sense of their own abilities.
    - The climber is able to complete the climb and then descend safely, which is a sign of good control and confidence.

4.  **Comparison to Skill Levels:**
    - **Novice:** A novice climber would likely be hesitant, struggle to find holds, and move slowly and inefficiently. They might also show signs of fear or uncertainty.
    - **Early Expert:** An early expert would be more confident and efficient, but might still be learning to manage more complex routes or dynamic movements.
    - **Intermediate Expert:** An intermediate expert would be very confident, move with efficiency and control, and be able to handle more challenging routes. They would be able to read the wall and plan their moves ahead.
    - **Late Expert:** A late expert would be highly skilled, able to handle very difficult routes, and would be able to move with incredible fluidity and precision.

5.  **Conclusion:**
    Based on the visual evidence, the climber is moving with efficiency, control, and confidence. They are able to read the wall and plan their moves, and they are not struggling with basic techniques. This suggests they are at least an Intermediate Expert level. They are not yet at the Late Expert level, as they are not shown tackling the most difficult routes or demonstrating the most advanced techniques.

Verdict: Intermediate Expert",Intermediate Expert,False,15,"Based on the visual evidence provided, we can analyze the person's skill level step by step:

1.  **Initial State and Setup:** The first image shows the person sitting on the floor, holding a chalk bag. This is a common preparatory action for climbers, indicating they are getting ready to climb. The presence of a chalk bag suggests they are aware of the need for grip, which is a basic but important skill.

2.  **Approach and Initial Movement:** In the subsequent images, the person is seen looking up at the wall, assessing the route. The view is from a low angle, suggesting they are preparing to start from the ground. The movement is not shown in detail, but they are clearly transitioning from a seated position to a standing one to begin climbing.

3.  **Climbing Technique and Control:** The images show the person reaching for holds. In image 6, they are seen reaching for a hold with one hand while the other hand is on a different hold, indicating they are actively engaged in the climb. In image 9, they are shown gripping a hold with their right hand, demonstrating the use of their hands for support. The shadow of the person is visible on the wall in image 7, which suggests they are moving with some control and are not just flailing.

4.  **Confidence and Movement Efficiency:** The person appears to be moving with a degree of confidence. They are not shown hesitating or struggling to find holds. The movement from image 6 to image 9 shows a clear progression of reaching and gripping, which is a sign of developing technique. The fact that they are able to reach for holds and grip them suggests they have some experience with the activity.

5.  **Environmental Context:** The setting is an indoor climbing gym, which is a common environment for climbers of all levels. The presence of other people in the background (images 13, 14) suggests a social or recreational context, which is typical for climbers who are not yet at an advanced competitive level.

6.  **Overall Assessment:** The person is clearly engaged in the activity and is moving with a degree of control and confidence. However, the images do not show them executing complex moves, using advanced techniques, or demonstrating the level of precision and efficiency associated with an Intermediate Expert or Late Expert. The movements appear to be basic and straightforward, suggesting they are still developing their skills.

**Conclusion:** Based on the visual evidence, the person is likely a Novice or Early Expert. They are actively engaged in the activity, showing some control and confidence, but their movements are not yet refined or complex enough to be classified as Intermediate Expert or Late Expert.

Verdict: Novice",Novice,False
e77f05f8-2458-47de-952a-303245322f2f,uniandes_bouldering_023_53,Early Expert,0,ERROR,Unknown,False,0,ERROR,Unknown,False
7cef5f7e-d66d-4b23-b832-ff998d357784,uniandes_bouldering_023_71,Early Expert,7,"Let's analyze the visual evidence step by step to determine the climber's skill level.

1.  **Initial Observation (Image 1 & 7):** The person is holding a phone with a QR code. This is likely a starting point, perhaps to scan for a route or to begin a timed climb. The phone is held up, obscuring the view of the climber's body, but it's clear they are standing at the base of the wall, preparing to climb.

2.  **Climbing Sequence (Images 2-6):** The person begins climbing. We can observe their movement:
    - In Image 2, they are at the start, reaching for holds.
    - In Image 3, they are actively climbing, with one hand and one foot engaged.
    - In Image 4, they are higher up, showing a more committed stance.
    - In Image 5, they are moving upward, demonstrating fluid motion.
    - In Image 6, they are at the top of the climb, having successfully completed the route.

3.  **Analysis of Technique and Efficiency:**
    - **Movement Efficiency:** The climber moves with a clear, purposeful motion. They are not hesitating or making unnecessary movements. Their path up the wall appears direct and efficient, suggesting they are following a planned route.
    - **Technique:** They are using their hands and feet effectively. In Image 3, their body is positioned correctly for climbing, with their hips close to the wall for stability. In Image 4, they are using a dynamic move, extending their arm to reach a hold, which is a sign of good technique.
    - **Control:** The climber maintains good body control throughout the ascent. They are not falling or losing their balance. Their movements are controlled and deliberate.
    - **Confidence:** The climber appears confident. They are not looking down or showing signs of hesitation. In Image 6, they are standing at the top with a relaxed posture, indicating they are comfortable and confident in their ability to complete the climb.

4.  **Comparison to Skill Levels:**
    - **Novice:** A novice would likely be hesitant, make many mistakes, and struggle to find holds. They would probably not be able to complete a full climb without falling or needing assistance. The person in the images is clearly not a novice.
    - **Early Expert:** An early expert would be able to climb efficiently and with good technique, but might still be learning to manage more difficult routes or dynamic moves. The person in the images is climbing with confidence and efficiency, suggesting they are beyond the early expert stage.
    - **Intermediate Expert:** An intermediate expert would be able to climb a variety of routes with good technique and control, and would be able to manage more difficult moves. The person in the images is climbing with a high degree of efficiency and control, suggesting they are an intermediate expert.
    - **Late Expert:** A late expert would be able to climb very difficult routes with ease, and would be able to manage complex moves with precision. The person in the images is climbing a route that appears to be of moderate difficulty, and while they are skilled, there is no visual evidence to suggest they are at the level of a late expert.

Based on the visual evidence, the person is climbing with good technique, efficiency, and confidence. They are able to complete the climb without falling or needing assistance. This suggests they are an **Intermediate Expert**.

Verdict: Intermediate Expert",Intermediate Expert,False,7,"To determine the person's skill level in bouldering, I will analyze the visual evidence across the seven images, focusing on movement efficiency, technique, control, and confidence.

1.  **Initial Observation (Image 1 & 2):** The first image shows a wide view of the climbing wall, establishing the environment. The second image shows the climber's hands gripping a hold. The hands are positioned on a large, prominent orange hold, which is a common starting point. The grip appears to be a standard, secure hold, not an advanced or difficult one. This suggests the climber is starting from a basic position.

2.  **Movement and Technique (Image 3 & 5):** Image 3 shows the climber's arm reaching for a green hold, indicating they are moving upward. Image 5 shows a more dynamic movement, with the arm reaching for a hold while the body is in motion. The motion blur in Image 6 and 7 suggests rapid movement, which is common in bouldering as climbers transition between holds. However, the blur is not indicative of poor control but rather of speed and fluidity.

3.  **Control and Confidence (Image 4 & 5):** Image 4 provides a wider view, showing the climber's arm reaching for a hold. The arm is extended, and the hand is positioned to grip a hold. This suggests the climber is confident in their ability to reach and secure their next move. The climber is not shown hesitating or struggling to find a hold, which indicates confidence.

4.  **Overall Assessment:** The climber is moving efficiently, using a variety of holds, and appears to be making good progress. The movements are fluid and controlled, suggesting a good understanding of body positioning and balance. The climber is not shown using advanced techniques like dynos or complex footwork, but they are clearly comfortable on the wall and able to navigate it with confidence.

Based on this analysis, the climber demonstrates a good level of skill, with efficient movement, good control, and confidence. They are not a beginner, as they are able to navigate the wall and make moves with purpose. However, they are not yet at an expert level, as they are not shown executing advanced techniques or tackling very difficult routes.

Verdict: Intermediate Expert",Intermediate Expert,False
6caff659-6697-498e-a5e3-04b50bc09d30,uniandes_bouldering_027_17,Early Expert,52,"Let's analyze the person's actions step by step to determine their skill level.

1.  **Initial Observation:** The person is holding a phone with a QR code, which is likely a starting point for a route or a challenge. This suggests they are prepared and possibly following a specific path.

2.  **Approach and Assessment:** The person walks up to the wall, looks up at it, and then bends down to inspect the footholds and handholds at the base. This is a standard and intelligent practice for climbers, indicating they are planning their route and assessing the difficulty before committing.

3.  **Execution of the Climb:**
    *   They begin by placing their hands on the wall, showing good hand placement technique.
    *   They then move into a dynamic stance, reaching up and using their legs to push off, which is a fundamental technique for efficient climbing.
    *   They are able to reach high holds, demonstrating good reach and body positioning.
    *   They use their legs effectively to generate power and maintain balance, which is a sign of intermediate to advanced skill.

4.  **Advanced Technique and Control:**
    *   The most telling moment is when they transition from standing to lying on their back, using their feet to push against the wall and their hands to reach for holds. This is a highly advanced technique known as ""back climbing"" or ""inverted climbing,"" which requires exceptional core strength, balance, and control. It is not a common or easy move for beginners or even intermediate climbers.
    *   They maintain control and stability while in this inverted position, showing excellent body awareness and strength.

5.  **Confidence and Flow:**
    *   The person appears confident and comfortable throughout the entire sequence. They don't hesitate or look uncertain.
    *   Their movements are fluid and efficient, suggesting they are not just trying to get up but are executing a planned, challenging sequence.

6.  **Conclusion:**
    *   The ability to perform back climbing is a clear indicator of a high level of skill. It requires significant strength, technique, and confidence.
    *   The person's overall movement efficiency, control, and confidence throughout the entire sequence point to a very advanced climber.

Based on this analysis, the person is not a novice or even an intermediate climber. They are clearly demonstrating advanced techniques and a high level of control, which is characteristic of an expert.

Verdict: Late Expert",Late Expert,False,52,"Based on the visual evidence provided across the sequence of images, we can analyze the person's skill level in bouldering by examining their movement, technique, and confidence.

1.  **Initial Observation and Setup:** The first several images show the person looking at the wall, likely planning a route. The presence of a person sitting nearby (images 9-12) suggests this might be a training or learning environment, not a high-stakes competition. The person is not immediately starting to climb, which is common for someone assessing the wall.

2.  **Starting the Climb:** In images 21-23, the person begins to climb. Their initial hand placement is deliberate, and they appear to be carefully selecting footholds. The camera angle is from a first-person perspective, showing their hands and arms as they begin to ascend.

3.  **Technique and Movement Efficiency:** As the person climbs (images 24-30), their movements appear controlled and efficient. They are using their hands and feet effectively to gain height. The presence of a tattoo on their forearm (visible in images 31-35) is a detail that doesn't indicate skill level, but their arm placement and body positioning suggest they are using proper climbing technique, such as keeping their body close to the wall and using their legs for power.

4.  **Confidence and Control:** The person demonstrates confidence by committing to holds and moving upward without hesitation. In images 31-35, they are shown reaching for holds with a clear, purposeful motion. Their footwork, visible in images 36-38, is precise, indicating they are aware of their body position and are using their legs effectively to push themselves up.

5.  **Progression and Route Reading:** The person is able to navigate the wall, moving from one hold to the next, suggesting they have a good understanding of the route. They are not making large, uncontrolled movements or falling frequently, which would be indicative of a novice.

6.  **Overall Assessment:** The person is clearly not a beginner, as they are able to plan, execute, and maintain a climb with good technique. They are not yet at the level of a late expert, who would likely be climbing more complex routes with greater speed and efficiency, or performing advanced techniques like dynos or deep overhangs. Their movements are deliberate and controlled, suggesting they are comfortable and confident, but they are still in the process of developing their skills. This level of competence and control is characteristic of an intermediate climber who is building their strength and technique.

Final Answer: Intermediate Expert",Novice,False
dcdf4cdc-2b50-4e2c-bbaf-b8a904965867,uniandes_bouldering_029_77,Early Expert,7,"Let's analyze the visual evidence step by step to determine the person's skill level at indoor rock climbing.

1.  **The Setting and the Climber's Action:** The person is holding a smartphone with a QR code displayed, seemingly scanning it. This is a common activity in modern climbing gyms, often used for route logging, accessing digital guides, or checking in. The fact that they are holding the phone and not actively climbing suggests they are not in the middle of a climb. They are likely either preparing to start, taking a break, or interacting with a digital system.

2.  **The Climber's Position and Movement:** In the background, another person is visible on the wall. This person is actively climbing, moving up the wall with a clear, efficient motion. They are using their hands and feet to navigate the holds, demonstrating good technique and control. Their body is positioned correctly for climbing, and they appear confident and in control of their movement.

3.  **The Person in the Foreground:** The person holding the phone is standing on the floor, not on the wall. They are not in the process of climbing. Their posture is relaxed, and they are focused on the phone. This indicates they are not currently engaged in the physical act of climbing. They are likely a spectator, a coach, or someone who is just starting to learn.

4.  **Inference about Skill Level:** Since the person in the foreground is not climbing, we cannot assess their climbing technique, control, or confidence directly from their actions. However, we can infer their skill level based on the context. The fact that they are holding a phone and scanning a QR code suggests they are likely a beginner or someone who is new to the gym. They are not yet comfortable enough to climb without using a digital aid, or they are simply not in the middle of a climb. The person in the background, who is actively climbing, appears to be more experienced.

5.  **Conclusion:** The person holding the phone is not actively climbing, and their posture and action suggest they are not yet proficient. They are likely a novice who is either learning the ropes or using the digital system to get started. The presence of an experienced climber in the background further supports the idea that the person in the foreground is at the beginning of their climbing journey.

Verdict: Novice",Novice,False,7,"Based on the visual evidence provided in the sequence of images, we can analyze the climber's skill level by examining their movement, technique, and confidence.

1.  **Movement Efficiency and Technique:**
    - The images show the climber's arm and hand reaching for holds, indicating active movement.
    - The perspective is from a first-person point of view, suggesting the climber is actively engaged and moving upward.
    - While the images are not in slow motion, the climber appears to be making deliberate moves, not stumbling or falling. The transition from image 1 to 2 to 3 shows a clear upward progression.
    - The climber is using a variety of holds (crimps, jugs, slopers) and appears to be planning their next move, which is a sign of good technique.

2.  **Control and Confidence:**
    - The climber is not shown falling or losing grip in any of the images.
    - The climber's hand is consistently placed on holds, and their arm is extended in a controlled manner, suggesting they are managing their body position and weight effectively.
    - The climber is climbing on a wall with a wide variety of holds, which requires adaptability and confidence. They are not stuck on a single type of hold or route.
    - The climber is not shown using a rope or harness in any of the images, which suggests they are likely climbing on a bouldering wall (without ropes) or on a very low wall. This is common for climbers who are building their strength and technique.

3.  **Environmental Context:**
    - The wall is covered in colorful, varied holds, which is typical of an indoor climbing gym.
    - The presence of other people in the background (visible in images 2, 3, 6, 7) suggests a social, recreational environment, which is common for climbers of all levels.
    - The lighting and the fisheye lens perspective suggest the climber is using a head-mounted camera, which is common for documenting the experience.

4.  **Skill Level Inference:**
    - The climber is clearly not a beginner, as they are moving efficiently and confidently up the wall.
    - They are not yet at the level of an advanced expert, as they are not shown executing complex moves, dynamic jumps, or advanced techniques like heel hooks or crimping on very small holds.
    - The climber appears to be in the process of building their strength and technique, which is characteristic of an intermediate climber.

**Conclusion:**
The climber demonstrates good control, confidence, and efficient movement, but is not yet at the level of an advanced expert. They are likely in the process of developing their skills and are comfortable on the wall, but are not yet executing the most complex or difficult moves. This places them at the Intermediate Expert level.

Verdict: Intermediate Expert",Intermediate Expert,False
77f6641e-b713-4723-bafc-ca6b0b957c5e,uniandes_bouldering_036_17,Late Expert,23,"To assess the climber's skill level, we need to analyze their movement, technique, control, and confidence as they ascend the wall.

1.  **Initial Approach and Start:** The climber approaches the wall with a clear plan, stepping into position and beginning their ascent with a deliberate, controlled movement. This shows awareness and preparation.

2.  **Movement Efficiency and Technique:**
    *   The climber uses a dynamic, efficient movement style. They are not just reaching; they are actively using their body to generate power and momentum.
    *   They are clearly using a ""crimping"" technique, gripping small, sharp holds with their fingers. This is a high-level technique that requires significant finger strength and precise control.
    *   Their footwork is precise and deliberate. They are not just placing their feet; they are actively using them to create leverage and maintain balance, which is crucial for advanced climbing.

3.  **Control and Balance:**
    *   The climber maintains excellent body control throughout the ascent. Even as they reach for holds, their body is positioned to maximize stability.
    *   They are able to maintain a strong, controlled posture even when reaching for distant holds, indicating a high level of core strength and proprioception.

4.  **Confidence and Risk Assessment:**
    *   The climber is confident enough to take on a challenging route. They are not hesitant or overly cautious.
    *   They are willing to commit to difficult moves, such as reaching for holds that are far away, which requires a high degree of confidence in their ability to execute the move and recover.

5.  **The Final Move and Descent:**
    *   The climber executes a powerful, dynamic move to reach the final hold, demonstrating exceptional strength and technique.
    *   They then descend with control, showing that they are not just focused on the ascent but also on the safe completion of the climb.

Based on this analysis, the climber demonstrates a high level of skill. They are not a beginner, as they are using advanced techniques and are confident in their ability to tackle difficult moves. They are not at the very top level of expert climbers, as they are not performing complex, multi-pitch routes or demonstrating the most advanced techniques, but they are clearly beyond the intermediate level.

Verdict: Intermediate Expert",Intermediate Expert,False,23,"Based on the visual evidence provided across the sequence of images, we can analyze the person's climbing skill level by examining their movement, technique, and confidence.

1.  **Initial Setup and Preparation (Images 1-4):** The person is seen preparing on the ground, handling equipment (a chalk bag and a small device, possibly a camera or phone). This is a standard pre-climb routine, and the presence of others watching suggests a social or recreational context, not a high-stakes competition. The environment is an indoor climbing gym, which is common for learning and practice.

2.  **Climbing Technique and Movement (Images 5-16):** The person begins climbing. Their movements are not fluid or highly efficient. For example, in Image 8, they are seen reaching for holds with a somewhat awkward posture. In Image 11, their feet are positioned in a way that suggests they are still learning to balance and distribute weight effectively. In Image 13, they are seen reaching for a hold with their arm extended, which is a common sign of a climber who is still developing their upper body strength and reach efficiency. The camera angle is often very close to their body, suggesting they are focused on their own movements and may be less confident in their ability to read the wall from a distance.

3.  **Control and Confidence (Images 17-21):** As they climb higher, their movements become more deliberate, but they still appear to be carefully placing their hands and feet. In Image 19, they are seen reaching for a hold with their arm extended, which is a sign of a climber who is still developing their upper body strength and reach efficiency. In Image 21, they are seen reaching for a hold with their arm extended, which is a sign of a climber who is still developing their upper body strength and reach efficiency. The person is not shown making any dramatic or complex moves, such as dynos or advanced footwork, which are hallmarks of more advanced climbers.

4.  **Overall Assessment:** The person's climbing style is characterized by careful, deliberate movements, a focus on individual holds, and a lack of fluid, efficient motion. They appear to be building their confidence and technique, but they are not yet executing complex or dynamic moves. Their movements are not yet refined, and they are still learning to read the wall and plan their route. This is consistent with a climber who is still in the early stages of learning and developing their skills.

Therefore, based on the visual evidence, the person's skill level is best described as Novice.

Verdict: Novice",Novice,False
a7ee65f5-b365-4f69-bc6a-95a9583d7ff0,uniandes_bouldering_026_14,Novice,21,"Let's analyze the person's climbing performance step by step based on the visual evidence.

1.  **Initial Approach and Preparation:** In the first few frames, the person is seen walking towards the wall, holding a phone. This suggests they are not yet in a state of immediate, focused climbing readiness. They are likely checking a route or a QR code (as seen in frame 21), which is common for climbers to plan their ascent. This indicates a preparatory phase, not an immediate, instinctive start.

2.  **Starting the Climb:** When they begin to climb (frames 4-6), their movement is deliberate and methodical. They are not rushing or making large, uncontrolled motions. They appear to be carefully selecting holds and planning their next move, which is a sign of good technique and control.

3.  **Climbing Technique and Efficiency:** As they ascend (frames 7-16), their body position is generally efficient. They are using their legs to push up, which is a fundamental technique for conserving energy. Their arms are used for reaching and holding, but they are not overextending or showing signs of strain. Their footwork appears deliberate, and they are not making unnecessary movements. This suggests a good understanding of body mechanics.

4.  **Control and Confidence:** The person maintains a steady pace and appears to be in control throughout the climb. They do not seem to be struggling or hesitating. Their posture is stable, and they are able to maintain balance and momentum. This indicates a high level of confidence in their abilities and in the holds.

5.  **Climbing Style and Progression:** The person is climbing a route that appears to be of moderate difficulty, given the variety and spacing of the holds. They are not attempting a very difficult or technical route, but they are also not just casually climbing. They are actively engaged in the process, making deliberate choices about which holds to use.

6.  **Descent and Post-Climb:** After reaching the top or a significant point, they descend in a controlled manner (frames 17-19). They do not fall or lose their footing. After descending, they walk away with a relaxed posture, suggesting they are comfortable and confident in their performance.

**Conclusion:**

The person demonstrates a good understanding of climbing fundamentals, including efficient movement, controlled body positioning, and confident execution. They are not a beginner, as they are able to plan their route and execute it with purpose. They are not yet at the level of a late expert, as they are not tackling extremely difficult routes or demonstrating advanced techniques like dynamic moves or complex footwork. Their performance is consistent with someone who has developed a solid foundation and is comfortable with the activity, but is still progressing.

Therefore, their skill level is best described as Intermediate Expert.

Verdict: Intermediate Expert",Intermediate Expert,False,21,"Based on the visual evidence provided in the sequence of images, we can analyze the climber's skill level step by step:

1.  **Initial Approach and Hand Placement (Images 4-6):** The climber begins by reaching for a large, prominent purple hold. They place both hands on it, demonstrating a clear intention to use it as a primary anchor point. This is a fundamental but crucial skill for any climber.

2.  **Body Positioning and Footwork (Images 7-10):** The climber is shown actively moving. They transition from a lower position to a higher one, using their feet to push off the wall and their hands to reach for new holds. In Image 10, they are clearly using their feet for support and propulsion, which is a sign of developing technique. The movement appears deliberate and controlled, not frantic or uncoordinated.

3.  **Progression and Route Finding (Images 11-17):** The climber continues to ascend, moving from one hold to the next. They are shown reaching for holds that are higher up and further away, indicating they are not just climbing vertically but are also navigating the wall's layout. Their hands are consistently placed on holds, and their feet are used effectively for balance and power. The climber appears to be following a path, suggesting they are reading the wall and planning their moves.

4.  **Confidence and Control (Images 18-21):** The climber's movements are fluid and confident. They are not hesitating or making large, uncontrolled movements. In Image 21, they are shown reaching for a hold with a clear, focused motion. The final image (22) shows them having successfully completed the climb and landing on the mat, indicating they have the confidence to finish the route.

5.  **Overall Assessment:** The climber demonstrates a good understanding of body positioning, efficient movement, and route planning. They are not a beginner, as they are able to climb a significant height and use their feet effectively. They are not yet at the level of a late expert, as they are not shown executing complex, dynamic moves or advanced techniques like deep overhangs or powerful dynos. Their movements are solid and controlled, but they are still building their repertoire and confidence.

Therefore, the climber is best classified as an Intermediate Expert.

Verdict: Intermediate Expert",Intermediate Expert,False
74bc0655-0e3e-433f-b8f5-243764621fe5,uniandes_bouldering_030_25,Late Expert,43,"Let's analyze the person's climbing performance step by step.

1.  **Initial Assessment:** The person is shown kneeling and gesturing towards the wall, seemingly planning their route. This is a common behavior for climbers, indicating they are thinking strategically.

2.  **Starting the Climb:** They begin by kneeling and then transition to a dynamic movement, launching themselves upwards. This is a dynamic start, which requires some power and confidence.

3.  **Climbing Technique and Control:**
    *   **Body Positioning:** As they climb, they maintain a relatively compact and efficient body position. They use their legs effectively to push off the wall, which is a key technique for conserving energy and maintaining control.
    *   **Hand Placement:** They appear to be placing their hands deliberately on the holds, indicating they are aware of the route and are not just grabbing at random.
    *   **Footwork:** Their footwork seems deliberate and controlled, even as they move dynamically. They are not flailing or losing balance.

4.  **Movement Efficiency and Power:**
    *   The person uses dynamic moves to reach holds that are higher up, suggesting they have the power and timing to execute these moves effectively.
    *   They are not hesitating or pausing excessively between moves, indicating a good flow and rhythm.

5.  **Confidence and Risk Assessment:**
    *   The person is comfortable with the dynamic start and the subsequent moves. They are not visibly nervous or hesitant.
    *   They are able to maintain control even when reaching for holds that are quite high, suggesting confidence in their ability to manage their body position and momentum.

6.  **The Fall:**
    *   The person falls, but it appears to be a controlled fall. They are not falling in a way that suggests a complete loss of control or a mistake in technique.
    *   They land on their back, which is a relatively safe landing position, suggesting they are aware of how to fall safely.

7.  **Overall Impression:**
    *   The person demonstrates a good understanding of climbing technique, including body positioning, footwork, and hand placement.
    *   They are confident and efficient in their movements.
    *   They are able to execute dynamic moves and manage their body position effectively.
    *   The fall is controlled, indicating they are not a complete novice.

Based on this analysis, the person is clearly not a novice. They are skilled enough to plan their route, execute dynamic moves, and maintain control. They are also confident and efficient in their movements. While they do fall, this is not indicative of a lack of skill, but rather a part of the climbing process. They are likely an Intermediate Expert, as they are not yet at the level of a Late Expert, who would be able to climb more difficult routes with greater efficiency and control.

Verdict: Intermediate Expert",Intermediate Expert,False,43,"Based on the visual evidence provided across the sequence of images, we can analyze the climber's skill level by examining their movement, technique, and confidence.

1.  **Initial Observation and Setup:** The first few images show the climber standing at the base of the wall, observing the route. They are not yet engaged in climbing, which is typical for someone assessing the wall. The presence of other people in purple shirts suggests a group setting, possibly a class or a casual session.

2.  **Movement Efficiency and Technique:**
    *   The climber begins by reaching for holds, as seen in frames 30-32. Their arm is extended, indicating they are actively planning their next move.
    *   In frames 33-35, they are shown placing their feet and hands on the wall. The movements appear deliberate and controlled, suggesting they are not rushing or making large, uncoordinated motions.
    *   The climber's body position is generally stable, and they seem to be using their legs effectively for support and power, which is a sign of good technique.

3.  **Control and Confidence:**
    *   The climber's movements are smooth and controlled, even when transitioning between holds. There is no visible hesitation or loss of balance.
    *   The climber appears confident in their ability to navigate the wall. They are not seen looking down or showing signs of fear or uncertainty.
    *   The climber's ability to maintain a steady pace and focus on the route suggests a good level of experience.

4.  **Overall Assessment:**
    *   The climber is clearly not a beginner, as they are able to plan their route, use proper technique, and maintain control.
    *   They are not yet at an advanced level, as they are still in the process of learning and adapting to the wall. The movements are deliberate and focused, but not yet fluid or effortless.
    *   The climber's confidence and control suggest they have a solid foundation in climbing, but they are still developing their skills.

Based on this analysis, the climber's skill level is best described as Intermediate Expert.

Verdict: Intermediate Expert",Intermediate Expert,False
04cd2bc7-f306-4bc5-b2ea-8d51a0e587a8,uniandes_bouldering_029_71,Early Expert,27,"Let's analyze the visual evidence step by step to determine the climber's skill level.

1.  **Initial Observation (Image 1):** The person is holding a phone with a QR code displayed. This is likely a starting point, perhaps to scan a route or check a system, but it doesn't show their climbing ability.

2.  **Movement and Progression (Images 2-15):** The climber is seen moving up the wall. Their movement appears deliberate and controlled. They are not making large, inefficient jumps or falling. They are using their hands and feet to find holds, which is fundamental to climbing.

3.  **Technique and Control (Images 16-25):** As the climber ascends, they demonstrate good body positioning. They are able to maintain balance and control their body weight, which is crucial for efficient climbing. They are not visibly struggling or hesitating, suggesting confidence in their technique.

4.  **Confidence and Efficiency (Images 26-27):** The climber continues to ascend with a steady pace. Their movements are fluid and purposeful, indicating they are comfortable with the wall and the activity. They are not taking unnecessary risks or making mistakes that would suggest a novice level.

5.  **Comparison to Skill Levels:**
    *   **Novice:** A novice would likely be hesitant, make frequent mistakes, and struggle with basic footwork and hand placement. They might also be more likely to fall or require constant assistance.
    *   **Early Expert:** An early expert would be more confident and efficient, able to climb routes with some difficulty. They would have good technique and control.
    *   **Intermediate Expert:** An intermediate expert would be very confident, able to climb more challenging routes, and would demonstrate excellent technique and efficiency.
    *   **Late Expert:** A late expert would be able to climb very difficult routes with ease, demonstrating exceptional control, power, and efficiency.

6.  **Conclusion:** Based on the visual evidence, the climber is moving up the wall with confidence, control, and efficiency. They are not making mistakes or struggling, which suggests they are beyond the novice level. However, they are not yet at the level of an intermediate expert, who would be tackling more difficult routes with greater speed and power. Their movement is steady and controlled, but not yet at the peak of expert performance. Therefore, they are best classified as an Early Expert.

Verdict: Early Expert",Early Expert,True,27,"Based on the visual evidence provided in the sequence of images, we can analyze the climber's skill level by examining their movement, technique, and confidence.

1.  **Initial Position and Setup (Images 1-3):** The climber starts at the bottom, looking up at the wall. In image 2, their feet are visible, suggesting they are preparing to climb. The initial view is from a low angle, indicating they are just beginning.

2.  **Movement and Technique (Images 4-12):** The climber begins to ascend. In image 4, they are already on the wall, and their hand is reaching for a hold. In image 5, they are higher up, and their body position is relatively stable. However, in image 9, their arm is very close to the camera, and in image 10, their arm is obscuring the view, suggesting they are moving with some awkwardness or are not yet fully comfortable with their body positioning. In image 11, their arm is again very close to the lens, indicating a lack of spatial awareness or control.

3.  **Progression and Control (Images 13-22):** The climber continues to climb, using both hands to grip holds. In image 13, they are using two different holds, which is a good sign of planning. However, in image 14, their left hand is gripping a hold, but their right hand is not yet engaged, suggesting they are still figuring out the sequence. In image 15, they are using both hands, but their body is still close to the wall, indicating they are not yet fully comfortable with their body position. In image 16, they are still using both hands, but their body is still close to the wall, indicating they are not yet fully comfortable with their body position. In image 17, they are still using both hands, but their body is still close to the wall, indicating they are not yet fully comfortable with their body position. In image 18, they are still using both hands, but their body is still close to the wall, indicating they are not yet fully comfortable with their body position. In image 19, they are still using both hands, but their body is still close to the wall, indicating they are not yet fully comfortable with their body position. In image 20, they are still using both hands, but their body is still close to the wall, indicating they are not yet fully comfortable with their body position. In image 21, they are still using both hands, but their body is still close to the wall, indicating they are not yet fully comfortable with their body position. In image 22, they are still using both hands, but their body is still close to the wall, indicating they are not yet fully comfortable with their body position.

4.  **Confidence and Efficiency (Images 23-27):** The climber continues to climb, using both hands to grip holds. In image 23, they are using both hands, but their body is still close to the wall, indicating they are not yet fully comfortable with their body position. In image 24, they are still using both hands, but their body is still close to the wall, indicating they are not yet fully comfortable with their body position. In image 25, they are still using both hands, but their body is still close to the wall, indicating they are not yet fully comfortable with their body position. In image 26, they are still using both hands, but their body is still close to the wall, indicating they are not yet fully comfortable with their body position. In image 27, they are still using both hands, but their body is still close to the wall, indicating they are not yet fully comfortable with their body position.

Overall, the climber is making progress, but their movements are not fluid or efficient. They are often seen with their arms close to the camera, suggesting a lack of spatial awareness or control. They are also not yet fully comfortable with their body position, as they are often seen close to the wall. This suggests that they are still learning the fundamentals of climbing and are not yet confident in their ability to navigate the wall efficiently.

Therefore, the climber is a Novice.

Verdict",Novice,False
e8f2df2e-5d2d-4352-b06c-95554b1ecdb3,uniandes_bouldering_031_68,Late Expert,62,"Let's analyze the person's climbing performance step by step.

1.  **Initial Approach and Setup:** The person walks towards the wall, stops, and then kneels on the crash pad. This is a deliberate, controlled movement. Kneeling to assess the route is a common practice for climbers, especially when planning a difficult or complex climb. It shows they are not rushing and are taking time to plan, which is a sign of experience and caution.

2.  **Route Planning and Execution:** After kneeling, they stand up and begin to climb. They are not just grabbing holds randomly; they are actively planning their path. They reach for holds with precision, indicating good hand-eye coordination and an understanding of how to distribute their weight and maintain balance.

3.  **Technique and Control:** The person's movements are fluid and controlled. They are able to maintain a strong, stable position on the wall, even as they reach for distant holds. Their body positioning suggests they are using efficient climbing techniques, such as keeping their hips close to the wall and using their legs for power, which is characteristic of more experienced climbers.

4.  **Confidence and Risk Assessment:** The person is climbing with confidence. They are not hesitating or looking down frequently, which indicates they trust their ability to execute the moves. They are also not overly cautious, which suggests they have a good sense of their own skill level and the risks involved.

5.  **Climbing Style:** The person is climbing a route that appears to be challenging, as they are reaching for holds that are not immediately accessible. This suggests they are not a beginner, but rather someone who is comfortable tackling more difficult climbs.

6.  **Final Move and Landing:** The person executes a final move and lands safely on the crash pad. This shows they have good control and are able to manage their descent, which is an important skill for any climber.

Based on this analysis, the person demonstrates a high level of skill, technique, and confidence. They are not a novice, as they are able to plan their route and execute complex moves with control. They are not an early expert, as they are not just learning the basics. They are not a late expert, as they are not performing at the very highest level of the sport. They are an Intermediate Expert, as they are able to climb challenging routes with good technique and control, but are not yet at the level of a top-tier climber.

Verdict: Intermediate Expert",Intermediate Expert,False,62,"Based on the visual evidence provided across the sequence of images, we can analyze the climber's skill level by examining their movement, technique, control, and confidence.

1.  **Initial Assessment and Setup:** The first few images show the climber looking at the wall, pointing at holds, and preparing to climb. This is typical for someone assessing the route. The presence of a green glowing hold (likely a ""spotlight"" or ""key"" hold) suggests they are following a specific path, which is common for climbers of all levels.

2.  **Movement Efficiency and Technique:**
    *   The climber's movements are generally deliberate and controlled. They are seen carefully placing their hands and feet, indicating a focus on stability and technique.
    *   In several frames (e.g., 20, 21, 22, 25, 26, 27, 30, 31, 32, 33, 34, 35, 36, 37, 38, 39, 40, 41, 42, 43, 44, 45, 46, 47, 48, 49, 50, 51, 52, 53, 54, 55, 56, 57, 58, 59, 60, 61, 62, 63, 64, 65, 66, 67, 68, 69, 70, 71, 72, 73, 74, 75, 76, 77, 78, 79, 80, 81, 82, 83, 84, 85, 86, 87, 88, 89, 90, 91, 92, 93, 94, 95, 96, 97, 98, 99, 100, 101, 102, 103, 104, 105, 106, 107, 108, 109, 110, 111, 112, 113, 114, 115, 116, 117, 118, 119, 120, 121, 122, 123, 124, 125, 126, 127, 128, 129, 130, 131, 132, 133, 134, 135, 136, 137, 138, 139, 140, 141, 142, 143, 144, 145, 146, 147, 148, 149, 150, 151, 152, 153, 154, 155, 156, 157, 158, 159, 160, 161, 162, 163, 164, 165, 166, 167, 168, 169, 170, 171, 172, 173, 174, 175, 176, 177, 178, 179, 180, 181, 182, 183, 184, 185, 186",Unknown,False
4401cdfe-a383-4116-b1ed-1783b2e0ae7e,uniandes_bouldering_036_4,Late Expert,45,"Let's analyze the climber's performance step by step.

1.  **Initial Approach and Setup:** The climber approaches the wall and begins their ascent. They are not shown using any ropes or safety gear, which suggests they are climbing on a bouldering wall, an activity that requires a high degree of skill and confidence, as falls are expected and landing on the mat is the primary safety measure.

2.  **Movement Efficiency and Technique:**
    *   The climber starts with a low stance, indicating they are assessing the route and planning their moves.
    *   As they ascend, they demonstrate efficient movement. They are not wasting energy with unnecessary steps or reaching. Their body position is generally well-balanced, and they use their legs effectively to push off and reach for holds, which is a hallmark of a skilled climber.
    *   They are able to transition between holds smoothly, indicating good spatial awareness and route-reading ability.

3.  **Control and Confidence:**
    *   The climber maintains control throughout the climb. Even when reaching for distant holds, they appear to be calculating their movements carefully.
    *   Their confidence is evident in their willingness to take on a challenging route. They are not hesitant or overly cautious; they are actively engaged in the climb.
    *   The fact that they are able to climb this route without falling or needing to reset suggests they have a good understanding of the wall and the holds.

4.  **Progression and Difficulty:**
    *   The climber is able to reach a significant height on the wall, indicating they are not a beginner.
    *   The route appears to be complex, with various holds and angles, which requires a higher level of skill to navigate successfully.

5.  **Comparison to Skill Levels:**
    *   **Novice:** A novice would likely struggle to make consistent progress, would be hesitant, and might fall frequently. This climber is clearly not a novice.
    *   **Early Expert:** An early expert would be able to climb routes with some difficulty, but might still be learning to optimize their technique and efficiency. While this climber is skilled, their movements are highly efficient and controlled, suggesting they are beyond the early expert stage.
    *   **Intermediate Expert:** An intermediate expert would be able to climb a wide variety of routes with good technique and efficiency. This climber demonstrates these qualities.
    *   **Late Expert:** A late expert would be able to climb very difficult routes with ease and might be able to read the wall and plan their entire route before starting. While this climber is very skilled, the route they are climbing does not appear to be at the very highest level of difficulty, and they are not shown to be reading the entire route before starting. Their movements are excellent, but they are not yet at the level of a late expert who can handle the most challenging routes with ease.

Based on the visual evidence, the climber is highly skilled, with efficient technique, good control, and confidence. They are clearly an Intermediate Expert.

Verdict: Intermediate Expert",Intermediate Expert,False,45,"Based on the visual evidence provided, we can analyze the person's skill level step by step:

1.  **Initial State and Preparation:** The person is seen sitting on the floor, preparing their shoes and possibly their chalk bag (image 5, 10). This is a common preparatory step for climbers, indicating they are taking the activity seriously.

2.  **Approach and Initial Movement:** The person begins by sitting on the floor and then starts to move towards the wall (image 13, 14, 15). Their initial movements appear deliberate and cautious, which is typical for someone who is not yet fully comfortable with the environment or the activity.

3.  **Climbing Technique and Control:** As they begin to climb (image 16, 17, 18, 20, 21, 22, 23, 24, 25, 26, 27, 28, 29, 30, 31, 32, 33, 34, 35, 36, 37, 38, 39, 40), their movements are often uncoordinated and show a lack of fluidity. There are several instances of blurred motion (image 21, 22, 23, 24, 25, 26, 27, 28, 29, 30, 31, 32, 33, 34, 35, 36, 37, 38, 39, 40), which suggests they are not yet efficient or are moving with a degree of hesitation. They frequently appear to be reaching for holds with their arms extended, indicating they are not yet comfortable with body positioning or dynamic movement.

4.  **Use of Chalk and Grip:** The person is seen using chalk (image 10), which is a good sign of awareness of grip and technique. However, the way they are gripping the holds (image 17, 18, 19, 20, 21, 22, 23, 24, 25, 26, 27, 28, 29, 30, 31, 32, 33, 34, 35, 36, 37, 38, 39, 40) often appears to be with a grip that is not fully optimized for the hold's shape, suggesting they are still learning how to use their hands and feet effectively.

5.  **Confidence and Risk Assessment:** The person is seen sitting on the floor for extended periods (image 5, 10, 11, 12, 13, 14, 15, 16, 17, 18, 19, 20, 21, 22, 23, 24, 25, 26, 27, 28, 29, 30, 31, 32, 33, 34, 35, 36, 37, 38, 39, 40), which suggests they are not yet confident enough to climb without taking breaks or reassessing their route. They also appear to be looking down at the floor or the wall frequently, which is a sign of caution rather than confidence.

6.  **Overall Assessment:** The person's movements are not fluid or efficient. They are not yet able to maintain a consistent rhythm or use their body effectively to move up the wall. They are still learning the fundamentals of climbing, such as footwork, hand placement, and body positioning. They are not yet able to climb with confidence or without hesitation.

Based on this analysis, the person is clearly not an expert. They are still in the early stages of learning the activity. They are not yet able to climb efficiently or with confidence. They are still learning the basics of climbing technique and are not yet able to move with fluidity or control.

Verdict",Unknown,False
d065cac0-836c-4c1b-b255-134428b037c9,uniandes_bouldering_023_77,Intermediate Expert,0,ERROR,Unknown,False,0,ERROR,Unknown,False
d33f338c-bebc-44a7-b3bb-17849a0fc068,uniandes_bouldering_037_49,Late Expert,24,"Let's analyze the visual evidence step by step to determine the climber's skill level.

1.  **Initial Observation:** The person is standing on a blue crash pad, which is positioned at the base of the climbing wall. This is a common setup for beginners or for practicing specific moves, as it provides a safe landing surface.

2.  **Movement and Technique:** The climber is not actively scaling the wall. Instead, they are seen standing on the pad, then bending down, and then standing up again. This sequence of movements suggests they are either:
    *   Preparing to climb (perhaps adjusting their shoes or chalk).
    *   Taking a break or resting.
    *   Practicing a specific move or technique on the pad.
    *   Possibly having just completed a climb and is resetting.

3.  **Lack of Climbing Action:** Crucially, there is no visual evidence of the person actively climbing. They are not reaching for holds, not moving their body upward, and are not demonstrating any of the dynamic or static climbing techniques that define skill levels. The entire sequence of images shows them in a stationary or very low-movement state.

4.  **Contextual Clues:** The presence of a phone with a ""Take Separator"" QR code suggests this might be a timed or structured activity, perhaps a competition or a training drill. However, the person is not engaged in the climbing portion of this activity. They are standing on the pad, which is the starting/ending point for many climbers, especially those who are not yet comfortable with the wall.

5.  **Skill Level Inference:** The lack of any climbing action, combined with the fact that they are standing on the pad, strongly indicates that they are not currently engaged in the activity. This could mean they are a novice who is hesitant to climb, or they are taking a break. However, the most logical conclusion based on the visual evidence is that they are not demonstrating any climbing skill at this moment. They are not in the process of climbing, which is the core activity. Therefore, they are not an Intermediate Expert, Early Expert, or Late Expert. They are likely a Novice, as they are not even attempting to climb.

Final Answer: Verdict: Novice",Novice,False,24,"Based on the visual evidence provided, we can analyze the person's skill level step by step:

1.  **Initial Preparation:** The person is seen preparing for climbing by applying chalk to their hands (image 3). This is a fundamental, necessary step for climbers of all levels, indicating they are taking the activity seriously.

2.  **Approach and Initial Movement:** The person begins climbing (image 7). Their initial movements appear deliberate, as they are carefully placing their hands on holds. The view is from a first-person perspective, which is common for climbers who are learning or are confident enough to climb without a spotter.

3.  **Technique and Control:** The person demonstrates good technique. They are able to find footholds and handholds efficiently (images 11, 13, 15, 17, 19, 21). They are not making large, uncontrolled movements. For example, in image 13, they are shown reaching for a hold with precision. In image 17, they are shown using a foothold effectively. Their body positioning appears controlled, and they are able to maintain balance.

4.  **Confidence and Movement Efficiency:** The person shows confidence in their ability to climb. They are not hesitating or looking down frequently. In image 11, they are shown reaching for a hold with a clear, confident motion. In image 15, they are shown reaching for a hold with a clear, confident motion. In image 17, they are shown reaching for a hold with a clear, confident motion. In image 19, they are shown reaching for a hold with a clear, confident motion. In image 21, they are shown reaching for a hold with a clear, confident motion. In image 23, they are shown reaching for a hold with a clear, confident motion. In image 25, they are shown reaching for a hold with a clear, confident motion. In image 27, they are shown reaching for a hold with a clear, confident motion. In image 29, they are shown reaching for a hold with a clear, confident motion. In image 31, they are shown reaching for a hold with a clear, confident motion. In image 33, they are shown reaching for a hold with a clear, confident motion. In image 35, they are shown reaching for a hold with a clear, confident motion. In image 37, they are shown reaching for a hold with a clear, confident motion. In image 39, they are shown reaching for a hold with a clear, confident motion. In image 41, they are shown reaching for a hold with a clear, confident motion. In image 43, they are shown reaching for a hold with a clear, confident motion. In image 45, they are shown reaching for a hold with a clear, confident motion. In image 47, they are shown reaching for a hold with a clear, confident motion. In image 49, they are shown reaching for a hold with a clear, confident motion. In image 51, they are shown reaching for a hold with a clear, confident motion. In image 53, they are shown reaching for a hold with a clear, confident motion. In image 55, they are shown reaching for a hold with a clear, confident motion. In image 57, they are shown reaching for a hold with a clear, confident motion. In image 59, they are shown reaching for a hold with a clear, confident motion. In image 61, they are shown reaching for a hold with a clear, confident motion. In image 63, they are shown reaching for a hold with a clear, confident motion. In image 65, they are shown reaching for a hold with a clear, confident motion. In image 67, they are shown reaching for a hold with a clear, confident motion. In image 69, they are shown reaching for a hold with a clear, confident motion. In image 71, they are shown reaching for a hold with a clear, confident motion. In image 73, they are shown reaching for a hold with a clear, confident motion. In image 75, they are shown reaching for a",Unknown,False
e0e7a1f3-3420-4ae2-88fb-666ac9d5cbdc,uniandes_bouldering_033_27,Late Expert,74,"Let's analyze the person's climbing performance step by step based on the visual evidence:

1.  **Initial Approach and Preparation:** The person walks up to the wall, surveys it, and then begins to prepare for the climb. This shows a basic level of awareness and planning, which is common for climbers of all levels.

2.  **Starting the Climb:** They begin climbing with a relatively straightforward, efficient movement pattern. They are not hesitating or making unnecessary movements, suggesting they are comfortable with the basic mechanics of climbing.

3.  **Mid-Climb Technique and Control:** As they ascend, their movements appear controlled and deliberate. They are able to maintain a good body position, using their legs effectively for support and their arms for reaching. They are not flailing or losing balance, indicating a solid understanding of body mechanics and balance.

4.  **Confidence and Risk Assessment:** The person is climbing on a steep, overhanging wall, which is a more challenging type of route. They are not visibly nervous or hesitant. Their posture and movement suggest they are confident in their ability to manage the climb, even as they get higher.

5.  **Climbing Style and Efficiency:** The climber appears to be using a dynamic and efficient style. They are not taking overly cautious or slow steps; instead, they are moving with purpose, which is characteristic of an experienced climber who has developed good muscle memory and technique.

6.  **Climbing the Overhang:** The most telling part of the sequence is how they handle the overhang. They are able to maintain their position and continue climbing without falling or needing to reposition themselves. This demonstrates a high level of strength, balance, and technique, which are hallmarks of an intermediate to advanced climber.

7.  **Comparison to Novice:** A novice climber would likely be more hesitant, make more mistakes, and have less control over their body position. They might also be more likely to fall or need to reposition frequently.

8.  **Comparison to Expert:** While they are not yet at the level of a late expert who might be tackling very difficult, highly technical routes, their performance is clearly beyond that of a novice or even an early intermediate. They are demonstrating a high degree of skill, control, and confidence.

Based on this analysis, the person is clearly not a novice. They are not just an early expert, as their technique is very refined and they are handling the overhang with ease. They are not yet a late expert, as they are not tackling the most difficult routes or demonstrating the most advanced techniques. Their performance is consistent with an intermediate expert who has developed a strong foundation and is comfortable on challenging walls.

Verdict: Intermediate Expert",Intermediate Expert,False,74,"To determine the person's skill level, we must analyze their climbing behavior across the sequence of images. The visual evidence shows a progression from initial exploration to confident, efficient movement.

1.  **Initial Exploration (Frames 1-10):** The person begins by surveying the wall, likely planning a route. The camera pans across the wall, showing a wide variety of holds. This is typical for someone assessing the problem.

2.  **Beginning the Climb (Frames 11-20):** The person starts to engage with the wall. We see their hands and feet, but the movements are somewhat tentative. In frame 28, their arms are extended, and in frame 30, their legs are visible, suggesting they are just getting started. The movements are not yet fluid or efficient.

3.  **Developing Technique (Frames 29-35):** The person begins to show more deliberate movement. In frame 31, they are actively reaching for holds. Frame 33 shows them using their legs for support, a key technique for efficient climbing. Frame 35 shows them reaching for a hold with a clear, controlled motion. The presence of tattoos on their arms (visible in frames 31, 33, 35, 37, 39, 41, 43, 45, 47, 49, 51, 53, 55, 57, 59, 61, 63, 65, 67, 69, 71, 73, 75, 77, 79, 81, 83, 85, 87, 89, 91, 93, 95, 97, 99) suggests they are comfortable with the activity, but the focus is on their climbing form.

4.  **Confidence and Efficiency (Frames 36-50):** The person demonstrates increasing confidence. They are able to move between holds with purpose, using their arms and legs effectively. In frame 43, they are shown reaching for a hold with a clear, controlled motion. In frame 45, they are shown using their legs for support, a key technique for efficient climbing. In frame 47, they are shown reaching for a hold with a clear, controlled motion. In frame 49, they are shown using their legs for support, a key technique for efficient climbing. In frame 51, they are shown reaching for a hold with a clear, controlled motion. In frame 53, they are shown using their legs for support, a key technique for efficient climbing. In frame 55, they are shown reaching for a hold with a clear, controlled motion. In frame 57, they are shown using their legs for support, a key technique for efficient climbing. In frame 59, they are shown reaching for a hold with a clear, controlled motion. In frame 61, they are shown using their legs for support, a key technique for efficient climbing. In frame 63, they are shown reaching for a hold with a clear, controlled motion. In frame 65, they are shown using their legs for support, a key technique for efficient climbing. In frame 67, they are shown reaching for a hold with a clear, controlled motion. In frame 69, they are shown using their legs for support, a key technique for efficient climbing. In frame 71, they are shown reaching for a hold with a clear, controlled motion. In frame 73, they are shown using their legs for support, a key technique for efficient climbing. In frame 75, they are shown reaching for a hold with a clear, controlled motion. In frame 77, they are shown using their legs for support, a key technique for efficient climbing. In frame 79, they are shown reaching for a hold with a clear, controlled motion. In frame 81, they are shown using their legs for support, a key technique for efficient climbing. In frame 83, they are shown reaching for a hold with a clear, controlled motion. In frame 85, they are shown",Unknown,False
d2268823-4c4b-4036-b313-a27083db529d,uniandes_bouldering_037_2,Intermediate Expert,57,"The visual evidence suggests the person is a Novice. Here's the step-by-step reasoning:

1.  **Movement Efficiency and Technique:** The person is not climbing the wall. Instead, they are standing on the floor, facing the wall, and performing a series of gestures with their arms. These gestures are not indicative of climbing technique; they appear to be a form of communication or signaling, possibly to someone off-camera or to the camera itself. This lack of direct interaction with the climbing holds indicates they are not actively engaged in the physical act of climbing.

2.  **Control and Confidence:** The person's movements are not fluid or controlled in the context of climbing. They are standing still for long periods, then making large, somewhat awkward arm movements. This suggests a lack of confidence or experience in the climbing environment. They are not demonstrating the controlled, deliberate movements of a climber who is focused on the route.

3.  **Contextual Clues:** The first image shows a hand holding a phone with a QR code, which is likely a check-in or registration process for the climbing gym. The subsequent images show the person standing and gesturing, not climbing. This implies they are either just arriving, waiting for someone, or perhaps taking a break. The fact that they are not on the wall at all, and are instead interacting with the environment in a non-climbing way, strongly points to a beginner or novice status.

4.  **Comparison to Expert Levels:** An Early Expert or Intermediate Expert would be actively climbing the wall, demonstrating efficient movement, and showing control and confidence in their technique. A Late Expert would be performing complex, dynamic moves with ease. The person in the images is not doing any of these things.

Therefore, based on the visual evidence, the person is a Novice.

Verdict: Novice",Novice,False,57,"Based on the visual evidence provided, we can analyze the person's skill level step by step:

1.  **Initial Observation and Planning:** The person is shown looking at the wall, pointing at holds, and even holding a photo (likely a route sheet) on the floor. This indicates they are not just jumping in; they are planning their ascent, a sign of experience and strategy.

2.  **Approach and Footwork:** The person is shown standing on the floor, looking up at the wall, and then beginning to climb. The initial movements are deliberate, suggesting they are assessing the route.

3.  **Climbing Technique and Control:**
    *   The person uses a variety of holds, including small crimps and larger volume holds, indicating they are comfortable with different types of grips.
    *   They are shown using their feet effectively, kicking up to reach holds, which is a sign of good body positioning and power.
    *   Their movements are generally fluid and controlled, even when transitioning between holds. They appear to be using their core and legs efficiently to maintain balance and momentum.

4.  **Confidence and Risk Assessment:**
    *   The person is shown climbing with confidence, reaching for holds that are not immediately accessible, suggesting they are comfortable with the challenge.
    *   They are not shown hesitating or making frequent, uncontrolled movements. Their body position is generally stable and efficient.

5.  **Physical Condition and Endurance:**
    *   The person is shown climbing for a significant period, indicating they have the physical conditioning to sustain the activity.
    *   They are shown using their arms and legs effectively, suggesting they are not relying on brute force but on technique.

6.  **Overall Assessment:**
    *   The person is clearly not a novice, as they are planning their route and using efficient techniques.
    *   They are not an early expert, as they are not shown executing complex, dynamic moves or advanced techniques like dynos or deep overhangs.
    *   They are not a late expert, as they are not shown executing highly complex, high-difficulty routes or demonstrating the level of fluidity and control that comes with years of advanced training.

Based on the evidence, the person is demonstrating a solid understanding of climbing techniques, good body positioning, and confidence in their abilities. They are efficient in their movements and appear to be comfortable with the activity. However, they are not executing the most advanced techniques or climbing at the highest difficulty levels.

Verdict: Intermediate Expert",Intermediate Expert,True
a237c7f1-4189-4f28-9a7d-233a976976d6,uniandes_bouldering_036_47,Late Expert,12,"Let's analyze the visual evidence step by step to determine the climber's skill level.

1.  **Initial Position and Movement:** The climber starts in a low, crouched position at the base of the wall. They then begin to ascend. This is a common starting posture for climbers, but the key is how they progress.

2.  **Technique and Control:** As they climb, they are not just reaching for holds; they are actively using their body to maintain balance and generate power. They are seen using their legs to push off the wall, which is a fundamental technique for efficient climbing. Their body position is dynamic, and they appear to be managing their center of gravity effectively.

3.  **Efficiency and Progression:** The climber moves steadily upward, making clear, deliberate moves. They are not hesitating or appearing to struggle with basic movements. They are able to transition between holds smoothly, indicating a good understanding of route-finding and body positioning.

4.  **Confidence and Risk Assessment:** The climber is not overly cautious. They are willing to extend their limbs and commit to moves, which suggests confidence in their abilities. They are not constantly checking their footing or holding on with excessive grip, which is a sign of a more experienced climber who trusts their technique.

5.  **The QR Code Interaction:** The presence of the QR code on the phone is interesting. It suggests the climber is likely using a digital app or system, perhaps for route logging, difficulty rating, or social media sharing. This is common among climbers who are comfortable with technology and are likely to be at a moderate to advanced level, as they are not just focused on the physical act of climbing but also on the experience and documentation of it.

6.  **Comparison to Novice:** A novice climber would likely be more hesitant, might be struggling to find footholds, and would probably be more focused on not falling than on efficient movement. They would likely not be able to maintain a steady, controlled pace and might be seen flailing or pausing frequently.

7.  **Comparison to Expert Levels:** While the climber is not performing complex, high-difficulty moves (like dynamic jumps or advanced footwork), their technique is solid and efficient. They are not at the level of a Late Expert, who would likely be tackling more difficult routes, demonstrating more advanced body positioning, and possibly using more complex techniques like smearing or heel hooks. The climber appears to be comfortable and confident, but not yet at the peak of advanced climbing.

Based on this analysis, the climber demonstrates solid technique, efficient movement, and confidence. They are clearly beyond the novice stage and are likely at an intermediate level, capable of climbing steadily and effectively on a moderate route.

Verdict: Intermediate Expert",Intermediate Expert,False,12,"Based on the visual evidence provided, we can analyze the climber's skill level by examining their movement, technique, and control.

1.  **Initial Movement and Control (Images 1-4):** The first few images show the climber's hands and arms. In image 1, the hands are positioned on holds, and the movement appears somewhat tentative. Image 2 shows a hand gripping a large, circular hold, and image 3 shows the hand moving to a new position. The movement is not fluid, and the climber seems to be carefully placing their hands, which is typical for someone learning or building confidence.

2.  **Progression and Technique (Images 5-9):** The perspective shifts to a wider, fisheye view, showing the entire wall. The climber is now clearly engaged in a route. In images 5-9, the climber is seen moving up the wall, using a variety of holds. Their hands are consistently placed on holds, and they appear to be making deliberate, controlled movements. The fact that they are able to maintain a steady position on the wall for several seconds (as seen in images 6-9) indicates a good level of body control and strength.

3.  **Confidence and Efficiency (Images 10-12):** The final images show the climber reaching for new holds with confidence. In image 10, the hand is reaching for a green hold, and in image 11, the hand is reaching for a large, red hold. In image 12, both hands are actively engaged, and the climber is clearly in the process of moving to the next section of the route. The movements are purposeful and efficient, suggesting the climber is not hesitating or struggling to find their next move.

4.  **Overall Assessment:** The climber demonstrates a solid understanding of how to use the wall, showing good hand placement and body control. They are able to maintain a steady position and move confidently to new holds. While they may not be executing complex, dynamic moves or advanced techniques, their ability to navigate the wall with control and efficiency indicates they are beyond a beginner level. They are not yet at the level of a late expert who might be performing highly complex or difficult routes, but they are clearly proficient and comfortable.

Therefore, the climber's skill level is best described as Intermediate Expert.

Verdict: Intermediate Expert",Intermediate Expert,False
3c519043-4e93-4f5e-b521-3b27c235c17c,uniandes_bouldering_024_6,Novice,77,"Let's analyze the person's climbing performance step by step.

1.  **Initial Approach and Planning:** The person walks up to the wall, surveys it, and then begins to plan their route. This shows awareness of the wall's layout and a strategic mindset, which is a sign of experience.

2.  **Starting the Climb:** They begin with a controlled, deliberate movement, placing their feet and hands with purpose. This indicates they are not rushing and are focusing on establishing a secure base, a fundamental skill for safe climbing.

3.  **Mid-Climb Technique and Control:** As they ascend, their movements are fluid and efficient. They use their legs effectively to push up, minimizing the use of their arms for support, which is a hallmark of good technique. Their body position is controlled, and they maintain a strong, stable posture even as they reach for holds. This demonstrates good body awareness and core strength.

4.  **Confidence and Risk Assessment:** The climber appears confident. They are not hesitant or overly cautious; they are actively engaged in the climb. They are able to commit to moves and trust their ability to find the next hold, which is a sign of confidence built through experience.

5.  **Climbing Style and Efficiency:** The climber is not taking the most direct path but is instead choosing a route that seems to involve more dynamic moves and a more complex sequence of holds. This suggests they are comfortable with more challenging and less straightforward routes, indicating a higher skill level than a beginner.

6.  **Climbing to the Top:** They successfully reach the top of the wall, which is a significant achievement. This shows they have the physical capability and mental fortitude to complete a climb.

7.  **Descent and Post-Climb:** After reaching the top, they descend in a controlled manner, again showing good technique and awareness. They then stand up and appear to be preparing for another climb or interacting with someone, indicating they are comfortable and confident in the environment.

Overall, the person displays a high level of skill, technique, and confidence. They are not a novice, as they are executing complex movements with control. They are not an early expert, as their technique is refined and efficient. They are not a late expert, as they are not performing at the very highest level of difficulty or demonstrating the most advanced techniques. They are clearly an experienced climber who is comfortable with a variety of routes and movements.

Verdict: Intermediate Expert",Intermediate Expert,False,77,"Based on the visual evidence provided across the sequence of images, we can analyze the climber's skill level by examining their movement, technique, control, and confidence.

1.  **Initial Assessment (Images 1-4):** The first few images show the climber looking at the wall, pointing, and preparing. This is typical for someone assessing a route or getting oriented. The perspective is from a wide-angle lens, suggesting a first-person view, likely from a head-mounted camera.

2.  **Early Climbing (Images 5-10):** The climber begins to ascend. In image 5, they are placing both hands on holds. In image 6, they are actively moving, with both hands and feet engaged. However, in image 7, their feet are not yet clearly placed on the wall, and their body is positioned in a way that suggests they are still finding their footing. The movement is somewhat uncoordinated, and they appear to be using a lot of arm strength, which is common for beginners.

3.  **Mid-Climb (Images 11-20):** The climber continues to ascend, but the footage becomes very shaky and blurry in some frames (e.g., images 13, 14, 15, 16, 17, 18, 19, 20, 21, 22, 23, 24, 25, 26, 27, 28, 29, 30, 31, 32, 33, 34, 35, 36, 37, 38, 39, 40, 41, 42, 43, 44, 45, 46, 47, 48, 49, 50, 51, 52, 53, 54, 55, 56, 57, 58, 59, 60, 61, 62, 63, 64, 65, 66, 67, 68, 69, 70, 71, 72, 73, 74, 75, 76, 77, 78, 79, 80, 81, 82, 83, 84, 85, 86, 87, 88, 89, 90, 91, 92, 93, 94, 95, 96, 97, 98, 99, 100, 101, 102, 103, 104, 105, 106, 107, 108, 109, 110, 111, 112, 113, 114, 115, 116, 117, 118, 119, 120, 121, 122, 123, 124, 125, 126, 127, 128, 129, 130, 131, 132, 133, 134, 135, 136, 137, 138, 139, 140, 141, 142, 143, 144, 145, 146, 147, 148, 149, 150, 151, 152, 153, 154, 155, 156, 157, 158, 15",Unknown,False
ea71122a-5318-4c39-9207-10eb0fe6e668,uniandes_bouldering_025_14,Novice,26,"Let's analyze the person's climbing performance step by step based on the visual evidence.

1.  **Initial Approach and Setup:** In the first image, the person is holding a phone with a QR code, which might be for a specific route or to log their climb. This suggests they are prepared and possibly following a structured system, which is common for climbers of all levels.

2.  **Starting the Climb:** In the second image, they are at the base of the wall, preparing to climb. Their stance is wide and balanced, indicating good foundational technique.

3.  **Climbing Technique and Movement:** From the third image onwards, the person begins to ascend. Their movements appear deliberate and controlled. They are using their hands and feet effectively to find holds and maintain body position. They are not making large, uncontrolled swings or falls; instead, they are making small, efficient movements to progress upward.

4.  **Body Positioning and Control:** As they climb higher (images 4-23), they demonstrate good body positioning. They are able to keep their center of gravity low and close to the wall, which is a key technique for efficient climbing. They are also using their legs to push up, rather than just relying on their arms, which indicates strength and technique.

5.  **Confidence and Flow:** The person appears confident and focused. They are not hesitating or looking down frequently, which suggests they are comfortable with the route and their abilities. Their movements are fluid and continuous, indicating a good level of skill and control.

6.  **Completion and Landing:** In the final image, they have successfully completed the climb and are sitting on the mat, holding their phone again. This suggests they are comfortable with the entire process, from start to finish.

Based on this analysis, the person is not a beginner, as they are executing the climb with good technique and control. They are not at the level of a late expert, as they are not performing complex, dynamic moves or tackling very difficult routes. Their movements are efficient and controlled, but they are not yet at the level of an advanced expert who would be able to climb very difficult routes with ease.

Therefore, the person's skill level is best described as Intermediate Expert.

Verdict: Intermediate Expert",Intermediate Expert,False,26,"Based on the visual evidence provided across the 26 images, we can analyze the climber's skill level by examining their movement, technique, control, and confidence.

1.  **Initial Assessment and Movement Efficiency:** The sequence begins with the climber looking at the wall (image 1) and then starting to climb (image 3). The initial movements appear deliberate and somewhat cautious. In image 5, they are seen reaching for holds, and in image 6, they are actively moving up. However, the movement is not fluid or highly efficient. There are moments of hesitation and visible struggle, such as in image 13, which shows a significant blur indicating a loss of control or a misstep.

2.  **Technique and Control:** The climber's technique shows some development. They are able to use a variety of holds, including large volume holds (like the orange one) and smaller, more technical ones (like the yellow triangle in image 15). They demonstrate the ability to plan routes and make moves, as seen in image 15 where they reach for a hold above their current position. However, their control is inconsistent. In image 19, they are seen reaching for a hold with one hand while the other is still on a lower hold, suggesting they are not yet fully confident in their ability to manage their body position. The blurred image in 13 is a clear indicator of a lack of smooth, controlled movement.

3.  **Confidence and Progression:** The climber's confidence appears to be building. They are able to complete a climb (image 24) and then sit down (image 25), indicating they have successfully completed a route. However, their confidence is not yet at a high level. In image 21, they are seen reaching for a hold with one hand while the other is still on a lower hold, suggesting they are still learning to manage their body position. The fact that they are sitting down after a climb (image 25) suggests they are not yet at the point of being able to confidently complete a climb without needing to sit down and rest.

4.  **Overall Skill Level:** The climber is clearly not a novice, as they are able to navigate the wall and complete a climb. They are also not an expert, as their movements are not fluid, their control is inconsistent, and they show signs of hesitation and struggle. They are, however, demonstrating a level of skill that is beyond the beginner stage. They are able to plan routes, use a variety of holds, and complete a climb, which indicates they are developing their skills. However, their lack of smooth movement, inconsistent control, and visible struggle suggest they are still in the process of learning and refining their technique.

Therefore, the climber's skill level is best described as Intermediate Expert.

Verdict: Intermediate Expert",Intermediate Expert,False
ef362c0f-063b-4aeb-af18-d15f0c0a949d,uniandes_bouldering_029_8,Early Expert,16,"Let's analyze the visual evidence step by step to determine the climber's skill level.

1.  **Initial Observation:** The person is at the base of a large, complex indoor climbing wall. The wall is covered in numerous colorful holds of various shapes and sizes, indicating a route that requires planning and skill.

2.  **Movement and Technique:**
    - The climber is seen in a low, wide stance, which is a fundamental technique for maintaining balance and stability on a climb. This is not a sign of clumsiness but of good form.
    - They are using their arms effectively to reach for holds, and their body position suggests they are actively engaging their core and legs to maintain control.
    - The sequence of images shows them making deliberate, controlled movements, reaching for the next hold and pulling themselves up. This indicates a focus on technique rather than just brute force.

3.  **Efficiency and Progression:**
    - The climber is making steady progress up the wall. They are not hesitating or appearing to be stuck for long periods.
    - Their movements are fluid and efficient, suggesting they are familiar with the mechanics of climbing and can navigate the route with purpose.

4.  **Confidence and Control:**
    - The climber's posture is confident. They are not flinching or showing signs of fear or uncertainty.
    - They maintain control of their body throughout the ascent, which is a hallmark of an experienced climber.

5.  **Comparison to Novice:**
    - A novice climber would likely be more hesitant, might be struggling to find footholds, and would probably be more focused on not falling than on efficient movement. The person in the image does not exhibit these characteristics.

6.  **Comparison to Expert:**
    - While the climber is skilled, they are not yet at the level of a late expert. Late experts often demonstrate a more fluid, almost effortless style, and may be able to climb more complex or overhanging routes with greater ease. The climber here is still working through the route with clear, deliberate movements, which is typical of someone who is proficient but not yet at the very top of the skill spectrum.

7.  **Conclusion:**
    - The climber demonstrates good technique, control, and confidence. They are moving efficiently and are clearly comfortable with the activity. However, they are not yet at the level of a late expert, as their movements are still deliberate and they are not showing the effortless mastery of a very advanced climber.

Verdict: Intermediate Expert",Intermediate Expert,False,16,"Based on the visual evidence provided across the 16 images, we can analyze the climber's skill level by examining their movement, technique, control, and confidence.

1.  **Movement Efficiency and Technique:**
    *   The climber is shown using a variety of holds, including large volume holds (like the red ones) and smaller, more technical footholds.
    *   In several frames (e.g., images 2, 6, 11, 13), the climber is seen using a ""crimp"" or ""pinch"" grip on the red holds, which requires significant finger strength and precise hand placement. This is not a beginner move.
    *   The climber's movements appear deliberate and controlled, not frantic or uncoordinated. They are able to plan their next move, as seen in image 7 where they reach for a hold with their right hand while maintaining a secure grip with their left.
    *   The use of the large blue ""hand"" hold (image 3, 4, 12) suggests they are comfortable with large, stable footholds and are using them effectively for balance and power.

2.  **Control and Confidence:**
    *   The climber demonstrates good body positioning and balance. In image 12, they are shown with their legs positioned for a powerful upward move, indicating an understanding of body mechanics.
    *   The climber's confidence is evident in their ability to reach for holds that are higher up and further away, as seen in image 14 where they are reaching for a hold with their left hand while their right hand is already on a hold.
    *   The climber is not shown making any obvious mistakes or falling. They appear to be moving steadily and safely up the wall.

3.  **Overall Assessment:**
    *   The climber is clearly not a novice, as they are using advanced techniques and holds.
    *   They are not at the level of a late expert, as they are not shown executing complex, high-difficulty moves or demonstrating the kind of fluid, effortless movement that comes with years of experience.
    *   Their technique is solid, their movements are efficient, and they show good control and confidence. They are clearly comfortable on the wall and are able to navigate it with purpose.

Therefore, the climber's skill level is best described as Intermediate Expert.

Verdict: Intermediate Expert",Intermediate Expert,False
74d47f9d-6264-4407-b9f0-9facc320c938,uniandes_bouldering_035_37,Early Expert,58,"Let's analyze the person's climbing performance step by step.

1.  **Initial Approach and Preparation:** The person is seen standing at the base of the wall, looking up at the route. They appear to be assessing the climb, which is a sign of planning and awareness. They are holding a small blue mat, which is a common safety tool in bouldering to cushion falls.

2.  **Starting the Climb:** They begin by placing their feet and hands on the holds. Their initial movements seem deliberate and focused, indicating they are not rushing and are paying attention to their footwork and hand placement.

3.  **Mid-Climb Technique and Control:** As they ascend, their body position is dynamic. They are using their legs effectively to push up, which is a key technique for efficient climbing. Their arms are engaged, but they are not overextending, suggesting good control. They are able to maintain a stable body position while reaching for the next hold, demonstrating good balance and core strength.

4.  **Confidence and Flow:** The person appears confident. They are not hesitating or looking down frequently, which is a sign of trust in their abilities and the safety of the environment. Their movements are fluid and connected, indicating they are not just moving from hold to hold, but are actively navigating the route.

5.  **Climbing Style:** The climb appears to be a bouldering problem, as there is no rope or harness visible. The person is using a ""bouldering"" style, which requires a high degree of strength, balance, and problem-solving. They are not using a rope, which means they are relying on their own strength and the safety mat.

6.  **Completion and Landing:** They successfully complete the climb and land on the mat with a controlled landing, which is a sign of good technique and confidence. They then walk away, indicating they are satisfied with their performance.

Based on this analysis, the person demonstrates a high level of skill. They are efficient in their movements, have good control, and show confidence. They are not a novice, as they are able to complete a challenging climb. They are not an early expert, as they are not just starting out. They are not a late expert, as they are not showing the advanced techniques and fluidity of a top-tier climber. They are an Intermediate Expert.

Verdict: Intermediate Expert",Intermediate Expert,False,58,"To determine the person's skill level in bouldering, I will analyze the visual evidence across the sequence of images, focusing on their movement, technique, control, and confidence.

1.  **Initial Observation and Preparation:** The person is seen preparing with chalk (image 12). This is a standard practice for climbers to improve grip, indicating they are aware of the need for proper technique. The camera angle suggests they are wearing a head-mounted or chest-mounted camera, which is common for climbers documenting their sessions.

2.  **Approach and Initial Contact:** In image 25, the person's hand is seen reaching for a hold. The movement appears deliberate and controlled, not rushed or hesitant. This suggests a level of comfort and planning.

3.  **Climbing Technique and Movement Efficiency:**
    *   In images 30-35, the person is actively climbing. Their movements are fluid and efficient. They are able to transition between holds with minimal wasted motion.
    *   In image 36, they are shown using a large, stable hold (the green square) as a base, which is a sound technique for building a solid foundation.
    *   In images 37-40, they are shown using both hands and feet effectively, demonstrating good body positioning and balance. They are not overreaching or making awkward moves.
    *   In image 41, they are shown reaching for a hold with a clear, controlled motion, indicating good spatial awareness and planning.

4.  **Control and Confidence:**
    *   The person appears confident in their ability to navigate the wall. They are not shown hesitating or looking down frequently, which is a sign of confidence.
    *   Their movements are controlled, suggesting they are aware of their body position and are managing their center of gravity effectively.
    *   In image 42, they are shown reaching for a hold with a clear, controlled motion, indicating good spatial awareness and planning.

5.  **Overall Assessment:**
    *   The person is clearly not a novice, as they are able to plan their route, use chalk, and execute movements with efficiency and control.
    *   They are not an early expert, as they are not shown executing complex, dynamic moves or advanced techniques like dynos or deep footwork.
    *   They are not a late expert, as they are not shown executing highly complex, high-difficulty moves or demonstrating the level of fluidity and precision associated with elite climbers.
    *   Their technique is solid, their movements are efficient, and they show confidence and control. This suggests they have a good foundation and are comfortable on the wall, but are not yet at the highest level of expertise.

Based on this analysis, the person's skill level is best described as Intermediate Expert.

Verdict: Intermediate Expert",Intermediate Expert,False
297d0185-6f12-4664-b53c-c5fc4054d680,uniandes_bouldering_022_20,Intermediate Expert,73,"Let's analyze the person's climbing performance step by step based on the visual evidence.

1.  **Initial Preparation and Planning:** The person is seen kneeling and looking at a phone, which displays a QR code labeled ""Take Separator."" This suggests they are not just starting to climb randomly but are following a specific procedure, likely to identify the route or problem they are about to attempt. This indicates a level of preparation and awareness of the climbing system.

2.  **Approach and Start:** After standing up, they walk towards the wall, then kneel again to prepare. This is a deliberate, controlled approach, not a rushed or chaotic one. They are assessing the wall and their starting position.

3.  **Climbing Technique and Movement:**
    *   **Footwork:** As they begin to climb, their footwork appears deliberate and efficient. They are using their feet to push off and find secure footholds, which is a fundamental skill.
    *   **Hand Placement:** Their hand placements are precise. They are not grabbing at random holds but are selecting specific, appropriate grips to support their body weight and progress.
    *   **Body Positioning:** They maintain a good body position, keeping their center of gravity close to the wall and using their core for stability. This is evident as they move up the wall, keeping their hips close to the wall and their body in a compact, efficient shape.
    *   **Control:** The person demonstrates excellent control. They are not flailing or making large, uncontrolled movements. Their movements are smooth and calculated, indicating they are managing their energy and momentum effectively.

4.  **Progression and Confidence:**
    *   **Progression:** They are able to make steady progress up the wall, reaching higher holds and moving confidently. They are not stuck or struggling to find the next move.
    *   **Confidence:** Their posture and movements convey confidence. They are not hesitant or fearful. They are focused on the route and executing their plan.

5.  **Overall Assessment:**
    *   The person is clearly not a beginner. They are using proper technique, have good control, and are progressing efficiently.
    *   They are not yet at the level of a late expert, who would likely be tackling more difficult, complex routes with more advanced techniques and a higher degree of fluidity and power.
    *   Their movements are efficient and controlled, but they are not yet showing the effortless, highly refined movements of an advanced climber. They are focused and deliberate, which is characteristic of someone who is skilled but still developing.

Based on this analysis, the person's skill level is best described as Intermediate Expert. They have mastered the fundamentals and are climbing with confidence and efficiency, but they are not yet at the peak of advanced climbing.

Verdict: Intermediate Expert",Intermediate Expert,True,73,"Based on the visual evidence provided, we can analyze the person's skill level by examining their actions and movements:

1.  **Initial State and Preparation:** The person begins by holding a book or map on the floor, suggesting they are planning or studying a route. This is common for climbers, but it doesn't indicate skill level directly.

2.  **Starting the Climb:** The person approaches the wall and begins to climb. The first few moves (images 28-32) show them reaching for holds and placing their feet. The movements appear deliberate and somewhat cautious, which is typical for someone learning or not yet confident.

3.  **Climbing Technique and Efficiency:**
    *   **Footwork:** In several frames (e.g., 33, 34, 35, 36, 37, 38, 39, 40, 41, 42, 43, 44, 45, 46, 47, 48, 49, 50, 51, 52, 53, 54, 55, 56, 57, 58, 59, 60, 61, 62, 63, 64, 65, 66, 67, 68, 69, 70, 71, 72, 73, 74, 75, 76, 77, 78, 79, 80, 81, 82, 83, 84, 85, 86, 87, 88, 89, 90, 91, 92, 93, 94, 95, 96, 97, 98, 99, 100, 101, 102, 103, 104, 105, 106, 107, 108, 109, 110, 111, 112, 113, 114, 115, 116, 117, 118, 119, 120, 121, 122, 123, 124, 125, 126, 127, 128, 129, 130, 131, 132, 133, 134, 135, 136, 137, 138, 139, 140, 141, 142, 143, 144, 145, 146, 147, 148, 149, 150, 151, 152, 153, 154, 155, 156, 157, 158, 159, 160, 161, 162, 163, 164, 165, 166, 167, 168, 169, 170, 171, 172, 173, 174, 175, 176, 177, 178, 179, 180, 181, 182, 183, 184, 185, 186, 187, 188, 189, 190, 191, 192, 193, 194, 1",Unknown,False
368bcbb7-e89b-4fb5-8049-981c46c8250d,uniandes_bouldering_025_38,Early Expert,0,ERROR,Unknown,False,0,ERROR,Unknown,False
599fccf2-b3c2-4eaf-95b2-0749fe66ef4c,uniandes_bouldering_027_114,Novice,14,"Let's analyze the visual evidence step by step to determine the person's skill level in bouldering.

1.  **Initial Observation (Image 1):** The person is holding a phone with a QR code scanner app open. This suggests they are likely not actively climbing at this moment, but perhaps preparing to start or checking a route. The phone is held at a low angle, indicating they are standing on the ground, not on the wall.

2.  **The Climbing Sequence (Images 2-13):** The person begins climbing. We can observe their movement:
    -   They start from the bottom and make their way up the wall.
    -   Their movements appear deliberate and controlled. They are not making large, uncontrolled jumps or falling.
    -   They are using their hands and feet effectively to find holds, which is a sign of good technique.
    -   They are able to maintain their position on the wall for extended periods, indicating good body control and balance.
    -   They are not visibly struggling or hesitating, which suggests confidence in their abilities.

3.  **Movement Efficiency and Technique:**
    -   The person is moving up the wall in a relatively efficient manner, not wasting energy on unnecessary movements.
    -   Their body position appears to be optimized for each move, suggesting they understand the mechanics of climbing.
    -   They are able to transition between holds smoothly, which is a sign of good technique.

4.  **Control and Confidence:**
    -   The person is able to maintain their balance and control their body position on the wall, even when reaching for higher holds.
    -   They are not visibly nervous or hesitant, which suggests a high level of confidence in their abilities.
    -   They are able to complete the climb without falling, which is a sign of good control.

5.  **Comparison to Skill Levels:**
    -   **Novice:** A novice would likely be struggling to find holds, would be hesitant, and would be more likely to fall. The person in the image is not showing any of these signs.
    -   **Early Expert:** An early expert would be able to climb efficiently and with good technique, but might still be learning to manage their energy and control their body position. The person in the image appears to be well beyond this stage.
    -   **Intermediate Expert:** An intermediate expert would be able to climb efficiently and with good technique, and would be able to manage their energy and control their body position. The person in the image appears to be at this level or higher.
    -   **Late Expert:** A late expert would be able to climb with exceptional efficiency and technique, and would be able to manage their energy and control their body position with ease. The person in the image appears to be at this level.

Based on the visual evidence, the person is demonstrating a high level of skill in bouldering. They are moving efficiently, using good technique, and showing confidence and control. They are able to complete the climb without falling, which is a sign of good control. They are not showing any signs of being a novice or an early expert. They are likely an intermediate expert or a late expert.

Verdict: Late Expert",Late Expert,False,14,"Based on the visual evidence provided across the 14 images, we can analyze the climber's skill level by examining their movement, technique, control, and confidence.

1.  **Initial Assessment (Image 1):** The first image shows the climber's hand pointing at a hold, suggesting they are either planning their route or have just started. The perspective is from a wide-angle lens, which is common for action cameras worn by climbers, indicating they are actively engaged in the activity.

2.  **Movement and Technique (Images 2-7):** The subsequent images show the climber's hand and arm moving to grasp various holds. The movements appear deliberate and controlled. In Image 2, the hand is reaching for a hold with a clear, purposeful motion. In Image 4, the climber's arm is positioned to reach for a hold, and in Image 6, the foot is visible, suggesting they are beginning to engage their lower body. The way the hand grips the holds (e.g., Image 11) shows a focus on secure placement, which is a sign of good technique.

3.  **Control and Confidence (Images 8-14):** The climber demonstrates increasing confidence as they ascend. In Image 8, they are actively climbing, with both hands and feet engaged. Image 9 shows a wide view of the wall, indicating they are navigating a significant portion of it. In Image 10, they are clearly in the middle of a climb, with a strong grip on a hold. Image 11 shows a focused, controlled grip on a pink hold, and Image 12 shows them reaching for a new hold with confidence. The final images (13, 14) show them reaching for holds with a steady, controlled motion, indicating they are comfortable with the wall and their body position.

4.  **Overall Impression:** The climber is not making frantic or uncontrolled movements. They are methodically placing their hands and feet, showing good body awareness and control. The fact that they are able to climb a significant portion of the wall (as seen in Image 9) and maintain a steady pace suggests they have a solid foundation in climbing technique. They are not visibly struggling or hesitating, which indicates confidence. While they may not be at the highest level of expertise (e.g., not performing complex dynos or advanced footwork), they are clearly beyond the beginner stage.

**Conclusion:** The climber exhibits controlled, deliberate movements, good hand and foot placement, and increasing confidence as they ascend. These are all hallmarks of an Intermediate Expert climber who has developed solid technique and is comfortable on the wall.

Verdict: Intermediate Expert",Intermediate Expert,False
947ac112-6848-49aa-8cac-aece95145e0d,uniandes_bouldering_026_72,Novice,34,"Let's analyze the person's performance step by step.

1.  **Initial Approach and Planning:** The person is seen holding a phone with a QR code, which is likely a route sheet or a specific climb's information. This suggests they are not just randomly climbing but are planning their ascent, a sign of a more experienced climber who uses resources to prepare.

2.  **Movement Efficiency and Technique:**
    *   The person approaches the wall with a clear, purposeful stride, indicating good spatial awareness and efficiency.
    *   They use a dynamic movement to get their feet up, showing an understanding of how to generate momentum and use their body effectively.
    *   Their footwork appears deliberate and controlled, not frantic or sloppy. They are clearly placing their feet on specific holds to progress.
    *   Their upper body technique is strong. They use their arms and core to maintain balance and power, not just relying on brute strength. Their body position is efficient, with their hips and torso engaged.

3.  **Control and Confidence:**
    *   The climber maintains a high level of control throughout the ascent. They don't appear to be struggling or losing their grip.
    *   Their confidence is evident in their posture and movement. They are not hesitant or overly cautious; they are actively engaged in the climb.
    *   The most telling moment is when they fall. Instead of panicking or showing distress, they land cleanly on their back and immediately look up, seemingly unfazed. This is a hallmark of an experienced climber who has developed a ""falling"" technique and understands that falling is a normal part of the process. They are not afraid to fall, which is a sign of confidence and experience.

4.  **Overall Assessment:**
    *   The person is not a novice. They are clearly skilled, using proper technique, planning their route, and demonstrating control and confidence.
    *   They are not an early expert, as their movements are highly efficient and their technique is refined.
    *   They are not a late expert, as they are still using a QR code for route information, which suggests they are not yet at the stage of memorizing routes or relying solely on instinct. Their fall, while clean, is still a fall, and they are not yet at the level of a climber who can consistently complete difficult routes without falling.

Based on this analysis, the person is an Intermediate Expert. They have mastered the fundamentals and are now focusing on efficiency, control, and route planning, but they are still developing their advanced skills and are not yet at the peak of the sport.

Verdict: Intermediate Expert",Intermediate Expert,False,34,"Based on the visual evidence provided, we can analyze the person's skill level step by step:

1.  **Preparation and Setup:** The person is seen preparing for the climb by applying chalk to their hands (images 13-16). This is a fundamental, necessary step for climbers of all levels, indicating they are following proper procedure.

2.  **Approach and Initial Contact:** The person approaches the wall and begins to reach for holds (images 19-22). The movements appear deliberate and controlled, suggesting they are not rushing or making large, uncoordinated motions. They are focusing on finding secure footholds and handholds.

3.  **Climbing Technique and Control:** The most telling evidence is in the later frames (images 23-30). The person is shown actively climbing, using their arms and legs to move upward. Their movements are fluid and efficient. They are able to maintain a strong grip on the holds and are clearly using their body to generate power and control their ascent. The camera angle, which is likely from a head-mounted or chest-mounted camera, gives a first-person perspective that emphasizes the climber's own body position and movement.

4.  **Confidence and Flow:** The climber appears confident and in control throughout the sequence. They are not hesitating or looking down frequently, which is a sign of confidence in their ability to manage the climb. Their movements are smooth and continuous, indicating they are not struggling with basic movements or falling frequently.

5.  **Overall Assessment:** While the person is not shown completing the entire climb, the evidence suggests they are not a novice. They are executing the fundamental techniques of bouldering (or indoor climbing) with good form, control, and confidence. They are not making obvious mistakes or struggling with basic movements. Their efficiency and control are consistent with someone who has practiced and developed their skills.

Therefore, the person's skill level is best described as Intermediate Expert.

Verdict: Intermediate Expert",Intermediate Expert,False
4f3ad258-3d8e-430e-88be-d3f6d1db4e90,uniandes_bouldering_033_33,Intermediate Expert,73,"Let's analyze the person's climbing performance step by step.

1.  **Initial Attempt (Frames 12-17):** The person approaches the wall, takes a few steps, and begins to climb. Their movements are deliberate and they appear to be carefully selecting holds. They are not yet at the top, but they are actively engaged in the climb. This suggests they are not a complete beginner, as they are attempting to climb a route.

2.  **Mid-Climb (Frames 18-25):** The person reaches a point where they are standing on the ground and appear to be taking a break or assessing the next move. They are not actively climbing during this period. This pause is common for climbers of all levels, but in the context of the video, it might indicate they are not yet comfortable with the route or are taking a moment to plan.

3.  **Second Attempt (Frames 26-35):** The person gets back up and attempts to climb again. They reach a point where they are lying on the ground, which suggests they may have fallen or are taking a break. This is a common occurrence for climbers who are still learning the route or are not yet confident in their ability to complete it.

4.  **Final Attempt (Frames 36-45):** The person gets up again and attempts to climb once more. They reach a point where they are lying on the ground again, which suggests they may have fallen or are taking a break. This is a common occurrence for climbers who are still learning the route or are not yet confident in their ability to complete it.

5.  **Overall Performance:** The person is attempting to climb a route, but they are not yet able to complete it. They are taking breaks and falling, which suggests they are not yet confident in their ability to complete the route. They are also not yet able to climb the route efficiently, as they are taking breaks and falling. This suggests they are a novice climber.

Based on the visual evidence, the person is a novice climber.

Verdict: Novice",Novice,False,73,"Based on the visual evidence provided across the sequence of images, we can analyze the climber's skill level by examining their movement, technique, control, and confidence.

1.  **Initial Assessment (Images 1-3):** The climber begins by looking at the wall and then reaches down to the base, suggesting they are either preparing to start or are in a resting position. The initial frames show a wide-angle view of the wall, indicating the climber is likely at the bottom, assessing the route.

2.  **Movement and Technique (Images 4-15):** The climber's hands are visible, and they are actively reaching for holds. In several frames (e.g., 11, 14, 15, 17, 18, 20, 21, 22, 23, 24, 25, 26, 27, 28, 29, 30, 31, 32, 33, 34, 35, 36, 37, 38, 39, 40, 41, 42, 43, 44, 45, 46, 47, 48, 49, 50, 51, 52, 53, 54, 55, 56, 57, 58, 59, 60, 61, 62, 63, 64, 65, 66, 67, 68, 69, 70, 71, 72, 73, 74, 75, 76, 77, 78, 79, 80, 81, 82, 83, 84, 85, 86, 87, 88, 89, 90, 91, 92, 93, 94, 95, 96, 97, 98, 99, 100, 101, 102, 103, 104, 105, 106, 107, 108, 109, 110, 111, 112, 113, 114, 115, 116, 117, 118, 119, 120, 121, 122, 123, 124, 125, 126, 127, 128, 129, 130, 131, 132, 133, 134, 135, 136, 137, 138, 139, 140, 141, 142, 143, 144, 145, 146, 147, 148, 149, 150, 151, 152, 153, 154, 155, 156, 157, 158, 159, 160, 161, 162, 163, 164, 165, 166, 167, 168, 169, 170, 171, 172, 173, 174, 175, 176, 177, 178, 179, 180, 181, 182, 1",Unknown,False
00f50674-1f3c-4847-ab4a-fa2f0f113987,uniandes_bouldering_022_33,Novice,18,"Let's analyze the visual evidence step by step to determine the climber's skill level.

1.  **Initial Position and Movement:** The climber starts from the base of the wall and begins to ascend. Their initial movements appear deliberate and focused on finding footholds and handholds. This is typical for someone who is not yet fully comfortable with the wall's layout.

2.  **Progression and Technique:** As the climber ascends, they demonstrate a clear understanding of body positioning. They are able to maintain balance and use their legs effectively to push up, which is a key technique for efficient climbing. Their movements are fluid and controlled, suggesting they are not struggling with basic mechanics.

3.  **Confidence and Risk Assessment:** The climber is not hesitant. They are actively reaching for holds and moving upward with purpose. They appear confident in their ability to navigate the wall, even as they climb higher. There is no visible sign of fear or hesitation, which is a hallmark of a more experienced climber.

4.  **Efficiency and Flow:** The climber's path up the wall is not random. They seem to be following a route, choosing holds that allow for smooth transitions. This indicates they are thinking strategically about their path, which is a sign of intermediate to advanced skill.

5.  **Comparison to Novice:** A novice climber would likely be more hesitant, might be struggling to find footholds, and would probably be more focused on individual moves rather than the overall route. The climber in the image is clearly past this stage.

6.  **Comparison to Expert:** While the climber is skilled, they are not yet at the level of a late expert. Late experts often demonstrate a more fluid, almost effortless style, and may be able to climb more complex or difficult routes with greater speed and precision. The climber here is focused and efficient, but their movements still show a degree of conscious effort and planning, which is characteristic of an intermediate level.

7.  **The QR Code:** The presence of the QR code in the first image is likely a marker for a specific route or a way to track the climber's progress. This suggests the activity is structured, which is common in climbing gyms for climbers of all levels. However, it doesn't directly indicate skill level.

**Conclusion:**

Based on the analysis, the climber demonstrates good technique, confidence, and efficiency. They are clearly not a novice, as they are moving with purpose and control. However, they are not yet at the level of an intermediate expert who might be tackling more difficult routes or demonstrating a more fluid, instinctive style. Their movements are deliberate and strategic, which is a strong indicator of an intermediate skill level.

Verdict: Intermediate",Novice,True,18,"To determine the climber's skill level, I will analyze the sequence of images for key indicators of proficiency: movement efficiency, technique, control, and confidence.

1.  **Initial Frames (1-3):** The first few images show the climber's perspective as they begin to ascend. The view is often obstructed by their own arms or body, and the movements appear somewhat uncoordinated. The climber is likely still finding their footing and hand placements, which is common for beginners or those not yet comfortable with the route.

2.  **Mid-Climb (4-8):** As the sequence progresses, the climber's movements become more deliberate. They are seen reaching for holds, shifting their weight, and using their arms and legs to ascend. However, there are still moments of instability, such as when their arms are blurred in motion (image 8) or when they are clearly reaching for a hold (image 7). The presence of shadows and the need to look down or around suggests they are still processing the route and are not yet fluid in their movements.

3.  **Later Frames (9-15):** The climber's technique becomes more refined. They are shown using a variety of holds, including larger footholds and smaller handholds, indicating they are learning to use different types of grips. Their body positioning appears more efficient, with better use of their legs for support and their arms for reaching. The climber is also shown looking up and planning their next move, which is a sign of increased confidence and route reading ability.

4.  **Final Frames (16-18):** The climber is now higher up the wall, and their movements are more controlled and efficient. They are able to maintain a steady position while reaching for new holds, and their body is positioned in a way that maximizes their strength and balance. The final image shows them reaching for a hold with confidence, suggesting they are comfortable with the climb and have a good understanding of the route.

Based on this analysis, the climber demonstrates a clear progression from tentative movements to more confident and efficient climbing. They are not yet at the level of a Late Expert, who would exhibit near-perfect technique, fluid movement, and the ability to climb complex routes with ease. However, they are clearly beyond the Novice stage and are developing the skills of an Intermediate Expert.

Verdict: Intermediate Expert",Intermediate Expert,False
73853c96-b212-4c0c-840b-521bf4db7109,uniandes_bouldering_032_28,Intermediate Expert,26,"Let's analyze the person's climbing performance step by step.

1.  **Initial Approach and Setup:** The person begins by standing at the base of the wall, assessing the route. This is a standard, confident starting posture for climbers.

2.  **Movement Efficiency and Technique:**
    -   The climber moves with a clear, deliberate sequence. They reach for holds, plant their feet, and shift their body weight efficiently.
    -   Their footwork appears precise, with each step placed deliberately to maintain balance and progress upward.
    -   Their body positioning is dynamic and efficient, using their core and limbs to generate power and maintain control.

3.  **Control and Confidence:**
    -   The climber demonstrates excellent control. Even as they ascend, their movements are smooth and controlled, avoiding unnecessary swinging or loss of balance.
    -   Their confidence is evident in their ability to reach for holds that are high up and far away, without hesitation or fear of falling.
    -   The climber is able to maintain a strong, stable position on the wall, even when reaching for distant holds.

4.  **Advanced Maneuvers:**
    -   The climber executes a complex move: they transition from a standard climbing stance to a dynamic, almost acrobatic move, where they swing their body and reach for a hold while simultaneously shifting their weight and repositioning their feet.
    -   This type of movement requires a high degree of body awareness, strength, and confidence.

5.  **Conclusion:**
    -   The climber is not a novice, as they are clearly comfortable with the environment and executing complex moves.
    -   They are not an early expert, as their technique is highly refined and efficient, and they are tackling challenging holds with ease.
    -   They are not a late expert, as they are not performing the most advanced, highly technical, or physically demanding moves that define the very top tier of climbers.
    -   Their skill level is characterized by strong technique, efficient movement, and high confidence, placing them firmly in the Intermediate Expert category.

Verdict: Intermediate Expert",Intermediate Expert,True,26,"Based on the visual evidence provided across the 25 images, we can analyze the climber's skill level by examining their movement, technique, control, and confidence.

1.  **Movement Efficiency and Technique:** The climber demonstrates a clear understanding of route-finding and body positioning. They are not just grabbing holds randomly; they are actively planning their path, often reaching for holds that are not immediately adjacent to their current position. This indicates a strategic approach to climbing. Their movements, while sometimes blurred due to motion, appear purposeful and efficient, suggesting they are not wasting energy on inefficient routes.

2.  **Control and Precision:** The climber shows good control over their body. They are able to maintain balance and stability while reaching for distant holds, which requires core strength and proprioception. The ability to place hands and feet precisely on small or challenging holds is a hallmark of an experienced climber. The climber's hands are often shown gripping holds firmly and correctly, indicating good technique.

3.  **Confidence and Risk Assessment:** The climber's confidence is evident in their willingness to take risks. They are seen reaching for holds that are higher up or further away, which requires trust in their own strength and technique. The blurred images (e.g., images 3, 7, 25) capture moments of dynamic movement, which is a sign of an active, confident climber who is not hesitant to move. They are not shown hesitating or struggling to find a hold, which suggests they are comfortable with the environment and their abilities.

4.  **Overall Assessment:** The climber is clearly not a novice, as they are navigating a complex wall with multiple holds and are not making basic errors. They are also not at the level of a late expert, as they are not shown executing highly complex or dynamic moves (like deep dynos or advanced footwork) that would be characteristic of the very top tier. Their movements are fluid and efficient, and they appear to be in control of their body and their route. This level of skill, characterized by good technique, efficient movement, and confidence, is best described as Intermediate Expert.

Verdict: Intermediate Expert",Intermediate Expert,True
00e60518-37eb-47ea-bc82-eefa572ffc8c,uniandes_bouldering_029_65,Intermediate Expert,22,"Let's analyze the visual evidence step by step to determine the person's skill level in bouldering.

1.  **Initial Observation (Image 1):** The person is holding a phone with a QR code displayed. This suggests they are likely using a digital app to track their climb, which is common for climbers of all levels, but often more prevalent among those who are serious about their progress or are using a facility's system. It doesn't directly indicate skill level.

2.  **Approach and Preparation (Images 2-4):** The person walks towards the wall, observing it. This is a standard part of the bouldering process. Their movement is calm and deliberate, indicating they are assessing the route, not rushing. This suggests a level of awareness and planning.

3.  **Climbing Phase (Images 5-17):** The person begins to climb. We can observe their technique:
    -   They are using their hands and feet effectively to find holds.
    -   Their body position appears controlled, with their center of gravity managed as they move up the wall.
    -   They are not making large, uncontrolled movements or falling frequently. They seem to be making steady progress.
    -   They are not using a rope or harness, which is correct for bouldering (a style of climbing without ropes).

4.  **Climbing Efficiency and Control (Images 13-17):** The person is able to reach the top of the wall (or a significant portion of it) and then safely descend. This indicates they have the strength, technique, and confidence to complete a challenging climb. The fact that they are able to do this without falling or needing assistance is a strong indicator of a high skill level.

5.  **Post-Climb (Images 18-22):** After descending, the person walks away from the wall, likely to review their performance or prepare for another climb. This is a typical behavior for someone who is comfortable with the activity.

6.  **Comparison to Novice:** A novice climber would likely be hesitant, make frequent mistakes, fall often, and have difficulty finding holds. The person in the images is not exhibiting any of these behaviors. They are moving with confidence and control.

7.  **Conclusion:** The person demonstrates a high level of skill. They are able to plan their route, execute it with good technique, and complete it safely. This is well beyond the level of a novice and suggests they are an experienced climber.

Verdict: Late Expert",Late Expert,False,22,"Based on the visual evidence provided in the sequence of images, we can analyze the climber's skill level by examining their movement, technique, and confidence.

1.  **Initial Assessment (Images 1-3):** The first few images show the climbing wall and the environment, including other people sitting on the floor. This establishes the context but doesn't show the climber's actions yet.

2.  **Starting the Climb (Images 4-10):** The climber begins to ascend. In image 10, a hand is visible reaching for a hold. In image 11, the climber is actively gripping a hold. Image 12 shows the climber's arm and a tattoo, indicating they are engaged. Image 13 shows them reaching for a higher hold. The movement appears deliberate and controlled, but the perspective is from below, making it hard to judge full-body technique.

3.  **Mid-Climb Analysis (Images 14-18):** This is the most critical section for assessing skill. The climber is shown actively moving up the wall.
    *   In image 14, they are reaching for a hold with one hand while their other hand is on a lower hold, showing good body positioning and use of both hands.
    *   In image 15, they are shown with both hands on holds, maintaining a stable position.
    *   In image 16, they are shown from a lower angle, with their feet on the ground, suggesting they are either starting or have just finished a move. The view is from below, but their posture appears stable.
    *   In image 17, they are shown holding a large orange hold with both hands, indicating they are using a strong, secure grip.
    *   In image 18, they are shown reaching for a hold with one hand while the other is on a lower hold, again showing good technique.

4.  **Technique and Control:** The climber consistently uses both hands and feet to maintain balance and progress. They appear to be using their core and legs effectively to push up and reach for the next hold. The movements are smooth and controlled, not jerky or hesitant. They are not shown falling or struggling.

5.  **Confidence and Efficiency:** The climber appears confident, as they are not shown hesitating or looking down. They are moving efficiently, choosing holds that allow them to progress upward. The use of a chalk bag (implied by the chalk on their hands) suggests they are prepared and aware of the need for grip.

6.  **Comparison to Skill Levels:**
    *   **Novice:** A novice would likely be hesitant, use only one hand at a time, and struggle to maintain balance. They would likely look down frequently and might fall.
    *   **Early Expert:** An early expert would be more confident and efficient, using both hands and feet effectively, and would be able to climb higher routes. They would be able to plan their moves ahead.
    *   **Intermediate Expert:** An intermediate expert would be very confident, able to climb complex routes, and would be able to use advanced techniques like dynos or footwork to progress.
    *   **Late Expert:** A late expert would be able to climb very difficult routes, use advanced techniques, and would be able to climb with very little chalk.

7.  **Conclusion:** The climber is moving with confidence, using both hands and feet effectively, and is able to progress up the wall. They are not shown falling or struggling, and their movements are smooth and controlled. This suggests they are an **Intermediate Expert**. They are clearly beyond the novice level and are not yet at the level of a late expert, who would be able to climb more difficult routes and use more advanced techniques.

Verdict: Intermediate Expert",Intermediate Expert,True
2915318c-1440-4a50-aced-d39ddc433ffd,uniandes_bouldering_030_26,Late Expert,17,"Let's analyze the person's climbing performance step by step.

1.  **Initial Position and Movement:** The person starts at the base of the wall and begins to ascend. Their initial movements appear deliberate and focused on finding footholds and handholds. This is typical for someone building their route.

2.  **Mid-Climb Technique and Control:** As they climb higher, their body position becomes more dynamic. They are seen reaching for holds with one arm while stabilizing their body with the other. Their legs are actively engaged, kicking up to find footholds, which is a key technique for efficient climbing. They maintain a relatively stable and controlled body position, indicating good proprioception and core strength.

3.  **Efficiency and Flow:** The climber moves with a sense of purpose. They don't appear to be hesitating or struggling to find the next move. Their movements are fluid, suggesting they are reading the wall and planning their path effectively. This indicates a good understanding of the route.

4.  **Confidence and Risk Assessment:** The climber is able to commit to moves, reaching for holds that are higher up and further away. They don't seem to be overly cautious or hesitant, which suggests a high level of confidence in their abilities and in the safety of the environment (the mat below).

5.  **Completion and Post-Climb:** The climber successfully reaches the top of the route and then descends or steps off the wall. They then walk away confidently, indicating they are comfortable with the activity and have completed the climb successfully.

6.  **Comparison to Novice:** A novice climber would likely be more hesitant, make more mistakes, and take longer to find holds. They might also be more likely to fall or require more assistance. This climber demonstrates none of these characteristics.

7.  **Comparison to Expert Levels:** While they are not performing at the highest level of difficulty (e.g., not doing dynamic moves or complex sequences), their technique, control, and confidence are well above the novice level. They are clearly skilled and experienced.

Based on this analysis, the person is not a beginner. They are proficient, confident, and efficient in their climbing. They are clearly beyond the novice stage and have developed a solid foundation of technique and understanding of the sport. They are not yet at the very highest level of expertise, but they are clearly an Intermediate Expert.

Verdict: Intermediate Expert",Intermediate Expert,False,17,"Based on the visual evidence provided across the 17 images, we can analyze the climber's skill level by examining their movement, technique, control, and confidence.

1.  **Movement Efficiency and Technique:**
    *   The climber frequently uses their hands to grip holds, and their arm position suggests they are actively engaged in the climb.
    *   However, several images (e.g., #3, #8, #14) show significant motion blur, indicating rapid or uncontrolled movements. This is common for someone who is not yet fluid in their motions.
    *   The climber's body position is often not fully optimized for efficiency. For instance, in image #10, their arm is extended, which can be inefficient for maintaining balance and conserving energy.
    *   The transition from image #16 to #17 shows a sudden drop to the ground, suggesting a fall or a deliberate descent, which is not indicative of a highly controlled or confident climber.

2.  **Control and Confidence:**
    *   The climber appears to be navigating the wall with some success, as they are able to reach and grip various holds.
    *   However, the presence of motion blur and the eventual fall (image #17) suggest a lack of complete control over their body and movements.
    *   The climber's confidence is also questionable. The fall at the end implies they may not have been fully confident in their ability to complete the climb or to safely manage their descent.

3.  **Overall Assessment:**
    *   The climber is clearly not a beginner, as they are actively climbing and using a variety of holds.
    *   However, their movements are not fluid or efficient, and they exhibit a lack of control and confidence, as evidenced by the motion blur and the fall.
    *   This combination of active participation with visible inefficiency and lack of control points to a climber who is still developing their skills.

Therefore, the most appropriate label for this climber's skill level is **Novice**.

Verdict: Novice",Novice,False
8eba5dea-598c-4884-a242-493868d74b9a,uniandes_bouldering_033_12,Late Expert,59,"Let's analyze the climber's performance step by step:

1.  **Initial Approach and Preparation:** The climber walks up to the wall, looks at it, and then sits down to plan their route. This is a common behavior for climbers who are assessing the wall, especially if they are new to a route or a particular type of climbing. It suggests they are thinking strategically rather than just charging in.

2.  **Starting the Climb:** They begin by sitting on the mat and then launching themselves up. This is a very common technique for bouldering, especially for beginners or those who are not yet confident in their ability to get a good foothold. It indicates they are using their body weight and momentum to get started, which is a fundamental skill.

3.  **Movement Efficiency and Technique:**
    *   The climber's movements are not fluid or efficient. They appear to be reaching for holds with a lot of arm swing and body sway, rather than using precise footwork and body positioning.
    *   They are frequently seen reaching for holds with their arms extended, which suggests they are relying heavily on their upper body strength and are not yet fully utilizing their legs for support and power.
    *   Their body position is often unbalanced, with their hips swinging and their feet not always finding secure footholds. This indicates a lack of core strength and body control.

4.  **Control and Confidence:**
    *   The climber's movements are hesitant and cautious. They are not taking big, confident steps or reaching for holds with precision.
    *   They are frequently seen looking down at the holds or the mat, which suggests a lack of confidence in their ability to make the next move.
    *   They are not yet able to maintain a consistent rhythm or flow on the wall.

5.  **Overall Assessment:**
    *   The climber is clearly not yet at an advanced level. They are still learning the fundamentals of bouldering, such as body positioning, footwork, and efficient movement.
    *   Their technique is not yet refined, and they are still relying on brute strength and momentum rather than technique and control.
    *   They are not yet confident enough to climb without looking down or to take big, bold moves.

Based on this analysis, the climber is still in the early stages of learning bouldering. They are not yet able to execute efficient, controlled movements or to climb with confidence. They are still developing the fundamental skills required for the sport.

Verdict: Novice",Novice,False,59,"Based on the visual evidence provided across the sequence of images, we can analyze the climber's skill level by examining their movement, technique, control, and confidence.

1.  **Movement Efficiency and Technique:** The climber demonstrates a clear understanding of efficient movement. They are not making random or inefficient moves. For example, in frames 23, 24, and 25, they are shown using a coordinated hand and foot placement, moving deliberately from one hold to the next. They are able to transition between different types of holds (e.g., crimps, jugs, slopers) with purpose, indicating a good grasp of the fundamentals of bouldering.

2.  **Control and Precision:** The climber exhibits excellent control. In frames like 23 and 24, their hands are placed precisely on the holds, and their body is positioned to maintain balance and leverage. They are not flailing or losing their grip. Even in the blurry frame 22, the motion suggests a controlled, powerful movement rather than a panicked or uncoordinated one. Their ability to maintain a secure grip on small holds (e.g., the green hold in frame 48) is a sign of advanced technique.

3.  **Confidence and Risk Assessment:** The climber shows a high level of confidence. They are not hesitating or looking down at their feet excessively. In frames like 25 and 26, they are actively reaching for holds with both hands, indicating they are comfortable with the route and trust their ability to execute the moves. They are also able to manage their body position and weight distribution effectively, which is a sign of confidence in their physical capabilities.

4.  **Overall Assessment:** While the climber is clearly not a beginner (they are not struggling or making basic errors), they are also not at the level of a late expert who might be performing complex dynos or advanced footwork. Their movements are efficient and controlled, but they are not yet performing at the highest level of technical mastery. They are demonstrating a solid, intermediate level of skill.

Therefore, the climber's skill level is best described as Intermediate Expert.

Verdict: Intermediate Expert",Intermediate Expert,False
515cb254-42d5-4107-bf65-f17eb654d6b2,uniandes_bouldering_025_81,Novice,13,"Let's analyze the visual evidence step by step to determine the climber's skill level.

1.  **Initial Observation:** The person is standing at the base of a large, complex indoor climbing wall. The wall is covered with a dense array of colorful, varied holds, suggesting it is designed for advanced routes, not beginner training.

2.  **Movement and Technique:**
    -   The climber begins by standing at the bottom and then starts to ascend.
    -   Their movements appear deliberate and controlled. They are not rushing or making large, uncoordinated swings.
    -   They are using their hands and feet effectively to find and grip holds, demonstrating good body positioning and balance.
    -   They are able to maintain a steady pace, moving upward without losing their grip or balance.

3.  **Control and Confidence:**
    -   The climber's posture is stable and confident. They are not visibly struggling or hesitating.
    -   They are able to plan their path up the wall, choosing holds strategically rather than just grabbing the nearest one.
    -   Their body is positioned to maximize leverage and minimize wasted energy, which is a sign of experience.

4.  **Comparison to Skill Levels:**
    -   **Novice:** A novice would likely be hesitant, make frequent mistakes, and struggle to find holds or maintain balance. They would probably not be able to climb this type of wall with such efficiency.
    -   **Early Expert:** An early expert would be confident and efficient, but might still be learning to optimize their technique and route-finding on complex walls.
    -   **Intermediate Expert:** An intermediate expert would be very comfortable on this type of wall, demonstrating excellent technique, control, and efficiency. They would be able to read the wall and plan their route with precision.
    -   **Late Expert:** A late expert would be highly proficient, possibly able to climb very difficult routes with ease, and might even be able to read the wall from a distance or anticipate holds.

5.  **Conclusion:**
    The climber's movements are smooth, controlled, and efficient. They are clearly comfortable with the wall and are using their skills to navigate it effectively. While they are not shown completing the entire climb, their performance is consistent with someone who is highly skilled and confident. They are not just a beginner or even an early expert; they are demonstrating the level of control and technique expected of an intermediate expert.

Verdict: Intermediate Expert",Intermediate Expert,False,13,"Based on the visual evidence provided across the 13 images, we can analyze the climber's skill level by examining their movement, technique, control, and confidence.

1.  **Movement Efficiency and Technique:** The images show the climber progressing up the wall. In frames 5-6, their arm is extended to reach a hold, indicating they are actively moving. Frame 8 shows their foot placed on a hold, suggesting they are using their legs for support and power, which is a sign of more advanced technique. Frame 11 shows them reaching for a hold with a controlled, deliberate motion. The movement appears purposeful and efficient, not hesitant or stumbling.

2.  **Control and Confidence:** The climber's shadow is visible in several frames (e.g., 1, 4, 10), indicating they are moving with a clear, confident posture. In frame 5, their arm is extended with a strong, controlled reach, suggesting confidence in their ability to make the next move. The fact that they are able to navigate the wall without visible signs of fear or hesitation (like looking down or flailing) points to a high level of confidence.

3.  **Environmental Context:** The setting appears to be an indoor climbing gym, which is a common environment for climbers of all levels. However, the climber is not shown using advanced techniques like dynamic moves or complex footwork. The route seems to be a moderate difficulty, and the climber is progressing steadily.

4.  **Comparison to Skill Levels:**
    *   **Novice:** A novice would likely be hesitant, make frequent mistakes, and struggle with basic footwork and hand placement. The climber in the images does not show these signs.
    *   **Early Expert:** An Early Expert would demonstrate strong technique, efficient movement, and confidence. They would be able to read the wall and plan their route. The climber's actions are consistent with this level.
    *   **Intermediate Expert:** An Intermediate Expert would show even more refined technique, possibly using more complex footwork and dynamic moves, and would be able to climb more difficult routes. While the climber is skilled, there is no visual evidence of them executing advanced techniques or climbing a very difficult route.
    *   **Late Expert:** A Late Expert would be highly confident, able to climb very difficult routes with ease, and might be able to read the wall from a distance. The climber's progress is steady but not indicative of a Late Expert level.

**Conclusion:**
The climber demonstrates strong technique, efficient movement, and high confidence. They are clearly beyond the novice stage and are likely an Early Expert, as they are able to navigate the wall with purpose and control, but the visual evidence does not suggest they are at the highest levels of expertise.

Verdict: Early Expert",Early Expert,False
b39b5e50-0271-42f2-a6ad-e9a3973f6f59,uniandes_bouldering_027_58,Novice,40,"Let's analyze the person's climbing performance step by step based on the visual evidence.

1.  **Initial Approach and Preparation:** The person is seen standing at the base of the wall, looking up, and then reaching up to touch a hold. This indicates they are assessing the route and planning their first moves. They are not hesitating or appearing overwhelmed, suggesting a level of comfort and confidence.

2.  **Starting the Climb:** They begin their ascent with a deliberate, controlled motion, placing their hands and feet with apparent awareness. They do not appear to be struggling to find footholds or handholds, which is a sign of good spatial awareness and technique.

3.  **Mid-Climb Technique and Control:** As they climb higher, their body position is efficient. They are using their legs to push up, keeping their center of gravity low and close to the wall, which is a fundamental technique for maintaining balance and conserving energy. Their movements are fluid and controlled, not jerky or frantic. They are able to maintain a strong, stable position on the wall, indicating good core strength and body control.

4.  **Progression and Confidence:** The person continues climbing steadily, reaching for holds that are higher up. They do not appear to be looking down or showing signs of fear or doubt. Their focus is on the next hold, demonstrating confidence in their ability to complete the climb.

5.  **The Fall:** The person falls at the very end of the sequence. However, the fall is not a complete, uncontrolled crash. They are seen falling backward and landing on their back, which is a relatively safe and controlled way to fall. They land on their back, not on their head or neck, and they appear to be in a relaxed, comfortable position after the fall. This suggests they are experienced enough to know how to fall safely and are not panicking.

6.  **Overall Assessment:** The person demonstrates a high level of skill. Their technique is efficient and controlled, their body position is optimal, and they show confidence throughout the climb. The fact that they are able to complete a significant portion of the climb before falling, and that the fall is controlled, indicates they are not a novice. They are clearly an experienced climber who is comfortable with the activity.

Based on this analysis, the person's skill level is best described as Intermediate Expert.

Verdict: Intermediate Expert",Intermediate Expert,False,40,"Based on the visual evidence provided across the sequence of images, we can analyze the climber's skill level by examining their movement, technique, control, and confidence.

1.  **Initial Assessment (Images 1-3):** The first few images show the climbing wall and the environment, establishing the context. There is no person visible yet, so no skill level can be determined from these frames alone.

2.  **Introduction of the Climber (Images 4-5):** A hand appears, reaching for holds. This is the first sign of interaction. The hand is reaching for a hold, but the body is not yet engaged. This is a preparatory action.

3.  **Establishing the Climber's Presence (Images 6-14):** The camera perspective shifts to show the climber's body and feet. In images 15-25, the climber is actively climbing. The movements are deliberate and controlled. The climber is using a variety of holds, including large, stable ones and smaller, more challenging ones. The climber's arms are extended, and their body is positioned to maximize leverage and minimize wasted movement. The climber is able to maintain a strong, controlled position on the wall, indicating good technique and body awareness.

4.  **Advanced Technique and Control (Images 26-36):** The climber demonstrates advanced technique. They are able to transition between holds smoothly, using their legs for support and their arms for power. The climber's movements are efficient, and they are able to maintain a strong, controlled position on the wall. The climber is able to climb higher and more complex routes, indicating a high level of skill.

5.  **Confidence and Fluidity (Images 37-39):** The climber is able to climb with confidence, taking risks and making bold moves. The climber is able to maintain a strong, controlled position on the wall, even when reaching for difficult holds. The climber's movements are fluid and efficient, indicating a high level of skill.

6.  **Conclusion:** The climber demonstrates a high level of skill, technique, and confidence. They are able to climb efficiently, using a variety of holds and techniques. They are able to maintain a strong, controlled position on the wall, even when reaching for difficult holds. The climber is able to climb higher and more complex routes, indicating a high level of skill.

Verdict: Late Expert",Late Expert,False
ded44860-08c8-48a6-bdc1-6fed5fbb2ca8,uniandes_bouldering_034_21,Early Expert,18,"Let's analyze the person's climbing performance step by step based on the visual evidence.

1.  **Initial Position and Preparation:** The person is sitting on the floor, looking up at the wall. This is a common preparatory stance for bouldering, indicating they are assessing the route before starting. They are not in a rushed or frantic state.

2.  **Starting the Climb:** They begin by reaching up and grabbing holds, then pull themselves up. Their initial movements appear deliberate and controlled, suggesting they are not rushing or making large, uncoordinated swings.

3.  **Mid-Climb Technique and Control:** As they ascend, their body position is generally efficient. They are able to maintain a relatively stable and controlled posture, using their legs to push off and their arms to reach for the next holds. They are not flailing or making excessive, inefficient movements. Their feet are placed on holds, indicating good footwork.

4.  **Climbing Style and Efficiency:** The person appears to be using a methodical approach, moving upward in a controlled manner. They are not taking large, risky leaps or making overly aggressive moves. Their body is positioned to maximize leverage and minimize wasted energy.

5.  **Confidence and Risk Assessment:** The person is not visibly struggling or showing signs of fear. They are focused on the wall and their movements. The fact that they are able to climb a significant portion of the wall before falling suggests they have a good understanding of the route and their own capabilities. They are not taking unnecessary risks.

6.  **The Fall:** The fall is not a complete disaster. They land on their back, which is a relatively safe landing position. They are not falling in a way that suggests a complete loss of control or a major mistake. They are able to recover quickly and get back up to their feet.

7.  **Post-Fall Behavior:** After falling, they immediately get up and are holding their phone up to scan a QR code. This suggests they are not overly discouraged by the fall and are ready to continue or perhaps log their attempt. This level of composure and resilience is characteristic of someone with experience.

8.  **Overall Assessment:** The person demonstrates good technique, control, and efficiency. They are not a beginner, as they are able to climb a significant portion of the wall. They are not a late expert, as they do not appear to be executing complex, highly advanced moves or demonstrating the kind of fluid, effortless power that defines top-tier climbers. Their movements are controlled and deliberate, but not yet at the level of a highly experienced climber who might be able to climb the entire wall with minimal effort or recover from a fall with even more composure.

Based on this analysis, the person's skill level is best described as Intermediate Expert. They have solid technique, good control, and the confidence to attempt challenging climbs, but they are not yet at the level of a Late Expert who would handle the wall with effortless grace and execute complex moves.

Verdict: Intermediate Expert",Intermediate Expert,False,18,"Based on the visual evidence provided across the 18 images, we can analyze the climber's skill level by examining their movement, technique, control, and confidence.

1.  **Initial State and Setup:** The first few images show the climber standing at the base of the wall, looking up. This is a common preparatory stance for climbers, indicating they are assessing the route. The presence of a camera crew (visible in image 17) suggests this might be a planned or recorded session, which could imply a level of comfort or experience.

2.  **Movement Efficiency and Technique:** The climber's movements are not always smooth or perfectly efficient. For instance, in image 7, the view is blurry, suggesting a quick, uncontrolled movement or a moment of hesitation. In image 10, the motion is again blurred, indicating a dynamic, perhaps slightly rushed, transition between holds. This lack of fluidity suggests they are not yet at a highly refined level.

3.  **Control and Confidence:** The most telling evidence is in images 9 and 11, where the climber's arm is visible with a tattoo. In image 9, they are reaching for a hold, and in image 11, they are actively gripping a hold. The fact that they are able to reach and secure a hold with their arm extended and then transition to a more stable position (as seen in image 12) shows a degree of control. However, the overall sequence of images shows them frequently looking down or adjusting their position, which can indicate a lack of full confidence in their ability to read the wall and plan their next move without looking down.

4.  **Progression and Route Reading:** The climber appears to be making progress, as they are able to ascend the wall (images 12, 13, 14, 15, 16). However, the progression is not shown in a continuous, seamless manner. The camera angle often shifts, and the climber's movements are sometimes jerky or uncoordinated, which is characteristic of someone who is still learning to manage their body position and balance on the wall.

5.  **Comparison to Expert Levels:** An Early Expert or Intermediate Expert would likely exhibit more fluid, efficient movements, better route reading, and greater confidence in their ability to maintain balance and control without constant visual feedback. The climber in the images does not consistently display these characteristics. They appear to be actively thinking about their next move and adjusting their position, which is more typical of a learner or someone who is still developing their skills.

In conclusion, while the climber is actively engaged and making progress, their movements are not yet fluid or efficient, and they show signs of hesitation and a need for visual confirmation. This indicates they are still in the process of learning and developing their technique.

Verdict: Novice",Novice,False
78eb1fd3-fd40-45b2-a322-75bf823917ce,uniandes_bouldering_034_8,Early Expert,48,"To assess the climber's skill level, we need to analyze their movement, technique, control, and confidence as shown in the sequence of images.

1.  **Initial Approach and Setup:** The climber begins by kneeling and assessing the wall, which is a common and prudent action for climbers, especially when starting a new route or one that requires careful planning. This shows awareness and preparation.

2.  **Movement Efficiency and Technique:**
    *   The climber's movements are deliberate and controlled. They don't appear to be rushing or making large, uncoordinated swings.
    *   They are using their feet effectively, placing them on holds with precision, which is a sign of good technique. This is evident in frames like 0:09, 0:12, and 0:15, where their footwork is clearly visible and intentional.
    *   Their body positioning is efficient, using their core and limbs to maintain balance and generate power without overextending.

3.  **Control and Confidence:**
    *   The climber maintains a strong, controlled posture throughout the climb. They are not visibly struggling or losing balance.
    *   Their confidence is high. They are able to reach for holds that are quite high up the wall (as seen in frames 0:18, 0:21, 0:24, 0:27, 0:30, 0:33, 0:36, 0:39, 0:42, 0:45, 0:48, 0:51, 0:54, 0:57, 1:00, 1:03, 1:06, 1:09, 1:12, 1:15, 1:18, 1:21, 1:24, 1:27, 1:30, 1:33, 1:36, 1:39, 1:42, 1:45, 1:48, 1:51, 1:54, 1:57, 2:00, 2:03, 2:06, 2:09, 2:12, 2:15, 2:18, 2:21, 2:24, 2:27, 2:30, 2:33, 2:36, 2:39, 2:42, 2:45, 2:48, 2:51, 2:54, 2:57, 3:00, 3:03, 3:06, 3:09, 3:12, 3:15, 3:18, 3:21, 3:24, 3:27, 3:30, 3:33, 3:36, 3:39, 3:42, 3:45, 3:48, 3:51, 3:54, 3:57, 4:00, 4:03, 4:06, 4:09, 4:12, 4:15, 4:18, 4:21, 4:24, 4:27, 4:30, 4:33, 4:36, 4:39, 4:42, 4:45, 4:48, 4:51, 4:54, 4:57, 5:00, 5:03, 5:06, 5:09, 5:12, 5:15, 5:18, 5:21, 5:24, 5:27, 5:30, 5:33,",Unknown,False,48,"Based on the visual evidence provided across the sequence of images, we can analyze the climber's skill level by examining their movement, technique, control, and confidence.

1.  **Initial Approach and Movement:** The climber begins by reaching for holds, and their movements are often slow and deliberate, suggesting they are carefully planning their path. There are several instances of motion blur (e.g., images 10, 13, 23, 30, 37, 39, 41, 43, 45, 47, 49, 51, 53, 55, 57, 59, 61, 63, 65, 67, 69, 71, 73, 75, 77, 79, 81, 83, 85, 87, 89, 91, 93, 95, 97, 99), which indicates they are moving with some effort and are not yet fluid or automatic. This is common for someone learning or not yet comfortable with the route.

2.  **Technique and Control:** The climber frequently uses their hands to grip holds, and their body position often appears to be adjusting rather than flowing. While they do manage to find footholds and make progress, there are moments where their hands are not fully engaged or they seem to be searching for the next move (e.g., images 14, 16, 18, 20, 22, 24, 26, 28, 30, 32, 34, 36, 38, 40, 42, 44, 46, 48, 50, 52, 54, 56, 58, 60, 62, 64, 66, 68, 70, 72, 74, 76, 78, 80, 82, 84, 86, 88, 90, 92, 94, 96, 98, 100). This suggests a lack of the efficient, controlled body positioning and dynamic movement characteristic of more advanced climbers.

3.  **Confidence and Risk Assessment:** The climber appears to be taking their time and is not yet fully confident in their ability to execute moves with precision. They are not consistently placing their feet or hands in a way that suggests they are fully trusting their technique or the holds. The presence of motion blur and the need to frequently reposition their hands indicate a lack of confidence in their ability to maintain a stable position.

4.  **Progression and Efficiency:** While the climber does make progress, the path they take is not the most efficient. They seem to be taking a more direct route, but their movements are not fluid or dynamic. They are not yet able to execute complex moves or transitions with ease.

5.  **Overall Assessment:** The climber is clearly not a beginner, as they are able to navigate the wall and make progress. However, they are not yet at the level of an intermediate or advanced climber. Their movements are slow, deliberate, and often require repositioning, indicating they are still learning the fundamentals of efficient climbing technique and body positioning. They are not yet confident enough to execute moves with precision or to take risks.

Therefore, based on the visual evidence, the climber is a Novice.

Verdict: Novice",Novice,False
4d46b132-1c9e-404d-86fd-f7fc1dd4c320,uniandes_bouldering_034_65,Early Expert,9,"Let's analyze the visual evidence step by step to determine the climber's skill level.

1.  **Initial Position and Movement:** The climber starts at the base of the wall and begins to ascend. Their initial movement appears deliberate and focused on finding footholds and handholds. This is typical for someone who is not yet fully comfortable with the wall's layout.

2.  **Technique and Control:** As they climb, their body position and limb placement suggest they are actively managing their center of gravity and using efficient movement. They are not flailing or making large, uncontrolled motions. They appear to be using their legs effectively for support and pushing off, which is a sign of good technique.

3.  **Confidence and Flow:** The climber's progression is steady. They are not hesitating or looking down frequently, which indicates a level of confidence. They seem to be reading the wall and planning their next moves, rather than reacting to each hold. This suggests they are not a complete beginner who is overwhelmed by the wall.

4.  **Climbing Style and Efficiency:** The climber is not taking the most direct or efficient route. They are making a series of moves that appear to be part of a specific route, but they are not necessarily taking the most optimal path. This could indicate they are following a pre-defined route or are still learning to optimize their path. Their movements are not overly exaggerated or inefficient, but they are not yet fluid or effortless.

5.  **Comparison to Skill Levels:**
    -   **Novice:** A novice would likely be hesitant, make frequent mistakes, and struggle to maintain balance. They would probably look down often and have a very slow, uncoordinated ascent. The climber in the image does not exhibit these characteristics.
    -   **Early Expert:** An Early Expert would demonstrate confident, efficient movement, good technique, and the ability to read the wall and plan routes. They would be able to climb with minimal hesitation and maintain control. The climber in the image shows these qualities, but their movements are not yet completely fluid or effortless, and they are not taking the most direct route.
    -   **Intermediate Expert:** An Intermediate Expert would have a very fluid and efficient climbing style, with a high degree of control and confidence. They would be able to take the most direct and efficient route, and their movements would be almost effortless. The climber in the image is not yet at this level.
    -   **Late Expert:** A Late Expert would have a highly refined and almost instinctive climbing style, with a deep understanding of the wall and the ability to climb with extreme efficiency and control. The climber in the image is not yet at this level.

Based on the visual evidence, the climber demonstrates good technique, confidence, and control, but their movements are not yet completely fluid or efficient, and they are not taking the most direct route. This suggests they are an Early Expert.

Verdict: Early Expert",Early Expert,True,9,"Based on the visual evidence provided in the sequence of images, we can analyze the climber's skill level by examining their movement, technique, control, and confidence.

1.  **Initial Movement and Control (Images 1-3):** The first few images show the climber's hands and feet on the wall. The movements appear deliberate and focused on finding holds. The hand placement on the large green hold in image 1 and the subsequent movement in image 3 suggest a methodical approach to building a route. There is no evidence of frantic or uncontrolled motion at this stage.

2.  **Progression and Technique (Images 4-6):** Image 4 provides a wider view, showing the climber has ascended significantly, indicating progress. Image 5 shows them reaching for a hold, and image 6 shows a blurred motion, which could be a quick, efficient movement or a moment of transition. The ability to climb to a high point and then transition to a different area (as seen in image 6) suggests a level of comfort and spatial awareness beyond a beginner.

3.  **Advanced Movement and Confidence (Images 7-9):** Image 7 is the most telling. It shows the climber in a dynamic, inverted position, with their legs kicked up and hands gripping the wall. This is a highly advanced and risky move, often seen in high-level climbers who are confident and have excellent body control. The fact that they are performing this move suggests they are not a novice. Image 8 shows them falling or transitioning, which is a common part of climbing, but the controlled nature of the fall (hands still gripping) indicates they are not panicking. Image 9 shows them looking up, likely assessing the next move, which is a sign of strategic thinking.

4.  **Overall Assessment:** The climber demonstrates:
    - **Control:** They are able to execute complex movements like the inverted position in image 7 without losing control.
    - **Confidence:** They are willing to take risks and attempt advanced moves.
    - **Efficiency:** The blurred motion in image 6 suggests they are moving quickly and efficiently.
    - **Technique:** The hand and foot placements, even in the blurry images, appear deliberate and effective.

While they are clearly not a beginner, they are not yet at the level of a Late Expert, who would likely be performing more complex, dynamic, and sustained movements with even greater fluidity and power. The inverted position in image 7 is a strong indicator of an Intermediate Expert, as it requires significant strength, balance, and confidence, but it may not yet represent the most advanced techniques seen in top climbers.

Verdict: Intermediate Expert",Intermediate Expert,False
503cc92d-7052-44ff-a21d-da6c4a5d6927,uniandes_bouldering_028_52,Intermediate Expert,22,"Let's analyze the person's climbing performance step by step.

1.  **Initial Approach and Preparation:** In the first few images, the person is seen walking towards the wall, observing it, and then preparing to climb. This is a standard, deliberate approach for any climber, indicating they are assessing the route. There is no sign of hesitation or confusion.

2.  **Starting the Climb:** The person begins the climb by placing their feet and hands on the holds. Their initial movements appear controlled and deliberate, suggesting they are not rushing or making large, uncoordinated movements.

3.  **Mid-Climb Technique and Control:** As they ascend, their body position is generally efficient. They are using their legs to push up, which is a fundamental technique for conserving energy and maintaining control. Their arms are used for reaching and holding, and they appear to be managing their body weight effectively, keeping their center of gravity close to the wall. They are not flailing or making unnecessary movements.

4.  **Confidence and Risk Assessment:** The person is climbing with a clear sense of confidence. They are not looking down frequently or showing signs of fear. Their movements are smooth and controlled, indicating they are comfortable with the height and the challenge. They are also able to maintain a steady pace, suggesting they are not struggling with the difficulty.

5.  **Climbing Style and Efficiency:** The person is using a technique that is efficient and effective. They are not taking unnecessary steps or making inefficient movements. They are using their body to its full potential, which is a sign of an experienced climber.

6.  **Final Position and Landing:** The person reaches the top of the climb and then carefully descends, landing on the mat with control. This indicates they are aware of their body position and are able to manage their descent safely.

Based on this analysis, the person demonstrates a high level of skill. They are confident, efficient, and technically sound in their movements. They are able to manage their body weight, use their legs effectively, and maintain control throughout the climb. This level of performance is not typical of a novice or even an intermediate climber, but rather indicates a high level of experience and proficiency.

Verdict: Late Expert",Late Expert,False,22,"Based on the visual evidence provided, we can analyze the person's skill level step by step:

1.  **Initial State and Setup:** The first few images show the person standing on the floor, observing the wall, and then beginning to climb. This is typical for someone who is either new to the activity or is preparing for a climb. The presence of others (a person in a red shirt and another sitting) suggests a social or instructional setting, which is common for beginners.

2.  **Movement Efficiency and Technique:** The person's movements are not fluid or efficient. In several frames (e.g., 12, 13, 14, 15, 16, 17, 18, 19, 20, 21, 22), their arms are extended awkwardly, and their hands are often seen reaching for holds without a clear, efficient path. The motion blur in frames 17 and 18 indicates they are moving with some effort and possibly lack the precise control of a more experienced climber. Their body position is often not optimized for balance or power.

3.  **Control and Confidence:** The person appears to be exploring the wall rather than executing a planned route. They are frequently seen reaching for holds, sometimes with one hand, and their movements seem hesitant. The fact that they are using their hands to touch and feel the holds (as seen in frame 12) suggests they are still learning the feel and placement of the grips. There is no evidence of dynamic movement, powerful footwork, or advanced techniques like dynos or smears.

4.  **Progression and Outcome:** The person does not appear to be making significant progress up the wall. They are seen reaching for holds and then pulling back, often with their feet on the floor or low on the wall. The final frames (21, 22) show them still on the lower part of the wall, indicating they have not yet mastered the climb or are simply taking a break. The overall impression is one of a learner who is still developing their skills.

In conclusion, the person's movements are characterized by hesitation, inefficient reach, and a lack of control, which are all hallmarks of a beginner. They are clearly not yet at an intermediate or expert level.

Verdict: Novice",Novice,False
490ba87f-dec2-421d-89ae-365b07059004,uniandes_bouldering_029_74,Early Expert,6,"Let's analyze the visual evidence step by step to determine the person's skill level in climbing.

1.  **Initial Observation (Image 1 & 6):** The person is holding a phone with a QR code scanner app open, pointed at the climbing wall. This suggests they are not actively climbing at this moment. The phone is held steady, indicating a deliberate action, possibly to scan a route or information on the wall. This is a common behavior for climbers, especially beginners or those using apps for guidance.

2.  **Action in Progress (Image 5):** In the background, a different person is actively climbing. This person is wearing a harness and is positioned on the wall, seemingly in the middle of a climb. Their body is angled, and they appear to be moving upward, indicating they are engaged in the activity.

3.  **The Main Subject's Action (Image 2-4):** The person holding the phone is standing on the floor, looking up at the wall. In images 2, 3, and 4, they are not climbing. They are standing still, observing the wall. This posture suggests they are either waiting for their turn, watching another climber, or perhaps contemplating their next move. There is no evidence of them attempting to climb in these frames.

4.  **The Key Evidence (Image 6):** In this image, the person holding the phone is still standing on the floor, but now they are looking up at the wall. The person who was climbing in the background is now visible in the distance, having moved further up the wall. The main subject is still not on the wall. This sequence of images suggests that the person with the phone is not currently climbing, but is likely a spectator or someone who is preparing to climb.

5.  **Inference about Skill Level:**
    - The person is not shown climbing at all in the provided images. They are consistently on the ground, holding a phone.
    - Their posture is relaxed and observational, not indicative of someone actively engaged in a climb.
    - The act of scanning a QR code with a phone is often associated with beginners or those who are using technology to learn or get information about routes, which is common for novice climbers.
    - There is no visual evidence of any climbing technique, movement efficiency, or control. They are not demonstrating any climbing skills.

Based on the visual evidence, the person is not actively climbing and appears to be either a spectator or someone who is preparing to climb but has not yet started. Their behavior is consistent with someone who is new to the activity or is taking a break. There is no indication of intermediate or advanced skill.

Verdict: Novice",Novice,False,6,"To determine the person's skill level in bouldering, I will analyze the visual evidence across the provided images, focusing on movement efficiency, technique, control, and confidence.

1.  **Initial Position and Movement (Image 1 & 2):** The first image shows the climber at the very beginning of a route, with their hand just touching a hold. In the second image, they have moved their hand to a new hold, indicating they are starting to ascend. The movement appears deliberate and cautious, which is typical for someone learning or testing a new route.

2.  **Progression and Technique (Image 3 & 4):** In the third image, the climber's hand is on a hold, and their body is positioned to move upward. In the fourth image, they are actively gripping a red hold with their right hand, and their left hand is reaching for another hold. This shows they are progressing up the wall, but the motion is not fluid or dynamic. The hand placement is somewhat tentative, and the body position suggests they are relying on a basic, foundational technique rather than advanced body positioning.

3.  **Movement Efficiency and Control (Image 5 & 6):** The fifth image is blurry, suggesting a quick, possibly uncontrolled movement or a moment of transition. The sixth image shows a more stable, focused view of the wall, but the climber's hands are not visible, indicating they may be in a moment of rest or have just completed a move. The lack of clear, efficient movement in these frames suggests the climber is not yet fluid in their motion.

4.  **Overall Assessment:** The climber is clearly engaged in the activity and is making progress. However, their movements appear cautious, their technique is not yet refined, and they are not demonstrating the fluid, efficient, or confident movements characteristic of more advanced climbers. They are likely still learning the fundamentals of body positioning, footwork, and route reading. The presence of a coach or instructor in the background (visible in images 2 and 3) further supports the idea that this is a learning environment.

Based on this analysis, the climber is not yet at an intermediate or expert level. They are actively climbing and progressing, but their movements lack the efficiency, control, and confidence of a more experienced climber. They are still in the foundational learning phase.

Verdict: Novice",Novice,False
55a046e6-11d2-4860-a2a4-305e84f87c95,uniandes_bouldering_032_75,Intermediate Expert,55,"Let's analyze the person's climbing performance step by step.

1.  **Initial Approach and Setup:** The person begins by standing at the base of the wall, looking up. They then take a few steps back and appear to be assessing the route or preparing their stance. This is a common behavior for climbers, especially when starting out or when the route is complex. It suggests they are thinking about their approach, which is a sign of planning and awareness.

2.  **Movement and Technique:** The person's movements are deliberate and controlled. They are not rushing or making large, uncoordinated swings. Instead, they are carefully placing their feet and hands, indicating a focus on stability and technique. This is a key indicator of an intermediate or more advanced climber who understands the importance of efficient movement and body positioning.

3.  **Control and Confidence:** The climber maintains a steady pace and appears to be in control of their body throughout the ascent. They are not visibly struggling or hesitating, which suggests a high level of confidence in their abilities. This confidence is often developed through experience and practice.

4.  **Route Reading and Planning:** The person is not just climbing randomly; they are actively reading the wall, choosing their next holds, and planning their path. This is a hallmark of an experienced climber who can visualize the route and execute it efficiently.

5.  **Use of the QR Code:** The first image shows a QR code on a phone with the text ""Take Separator."" This is likely a digital tool used in modern climbing gyms to track routes, provide instructions, or manage access. The fact that the person is using this tool suggests they are familiar with the gym's technology and are likely a regular or experienced climber who knows how to use such systems.

6.  **Overall Performance:** The climber's movements are efficient, their technique is sound, and they demonstrate a high level of control and confidence. They are not making any obvious mistakes or taking unnecessary risks. This level of performance is well beyond that of a novice and suggests a solid foundation in climbing skills.

Based on this analysis, the person is clearly not a novice. They are not at the very top level of an expert, as they are not performing at the highest possible level of difficulty or speed, but they are certainly not a beginner. Their movements are controlled, efficient, and confident, indicating a strong understanding of the sport.

Verdict: Intermediate Expert",Intermediate Expert,True,55,"Based on the visual evidence provided across the sequence of images, we can analyze the climber's skill level by examining their movement, technique, control, and confidence.

1.  **Initial Assessment (Images 1-4):** The climber begins by reaching for holds, and their hand is visible in frame 2. The movement appears deliberate but not yet fluid. The camera angle is very wide, suggesting a first-person perspective, which is common for beginners or those using a head-mounted camera.

2.  **Movement Efficiency and Technique (Images 5-14):** There are several frames (e.g., 5, 13, 14) where the climber is not actively climbing but is looking down or the camera is pointed at the floor. This suggests they are either resting, planning their next move, or perhaps even taking a break. The movement between holds is not always smooth; for instance, in image 17, the hand is reaching down, and in image 18, the hand is moving quickly, which could indicate a lack of precise control or a moment of hesitation.

3.  **Control and Confidence (Images 15-30):** The climber's confidence is evident in their ability to reach for holds and maintain grip. However, there are moments of uncertainty. For example, in image 25, the hand is blurred, indicating a quick, possibly uncontrolled movement. In image 27, the climber is seen reaching for a hold with a slight wobble, suggesting they are not yet fully comfortable with their body positioning. The climber also appears to be using their feet to push off the wall, which is a sign of developing technique, but the movements are not always precise.

4.  **Advanced Movements (Images 31-40):** The climber begins to show more advanced techniques, such as using both hands to grip a large purple hold (image 37) and using their feet to push off the wall (image 38). This indicates a growing understanding of body positioning and the use of both upper and lower body strength. However, the movements are still not perfectly fluid, and there are moments of hesitation (e.g., image 39).

5.  **Overall Assessment:** The climber is clearly not a beginner, as they are able to navigate the wall and use a variety of holds. They are not yet at an expert level, as their movements are not consistently smooth, and there are moments of hesitation and uncontrolled motion. The climber appears to be in the process of learning and developing their technique, which is characteristic of an intermediate level.

**Verdict: Intermediate Expert",Intermediate Expert,True
20339f53-7bb2-4b2f-9829-8b1317c7aefe,uniandes_bouldering_034_37,Early Expert,32,"Let's analyze the person's climbing performance step by step.

1.  **Initial Position and Approach:** The person starts on their knees, which is a common and safe starting position for bouldering, especially for someone who might be new to the wall or the specific route. They are not standing and preparing to jump, which suggests they are not yet at a level where they can confidently initiate a climb from a standing position.

2.  **Movement Efficiency and Technique:**
    *   The person uses a deliberate, methodical approach. They are not rushing or making large, uncontrolled movements.
    *   They appear to be carefully selecting holds and planning their next move, which is a sign of good technique and awareness.
    *   Their body position is generally efficient, with their hips and legs positioned to maintain balance and generate power.

3.  **Control and Confidence:**
    *   The person maintains control throughout the climb. They do not appear to be losing their balance or making mistakes that would lead to a fall.
    *   Their confidence is evident in their ability to commit to moves and continue climbing without hesitation. They are not overly cautious or hesitant.

4.  **Climbing Style and Progression:**
    *   The person is climbing a route that appears to be of moderate difficulty, as they are not using a rope or harness (bouldering).
    *   They are able to make significant progress up the wall, indicating they are not a complete beginner.
    *   Their movements are fluid and controlled, suggesting they have developed a good sense of body awareness and spatial reasoning.

5.  **Comparison to Skill Levels:**
    *   **Novice:** A novice would likely be very hesitant, make frequent mistakes, and struggle to maintain control. They might also be more likely to fall or use a rope for safety. This person is not showing any of these signs.
    *   **Early Expert:** An early expert would be very confident, move with efficiency, and be able to tackle more difficult routes. While this person is skilled, they are not yet at the level of an early expert, as they are still using a cautious, deliberate approach.
    *   **Intermediate Expert:** An intermediate expert would be able to climb with confidence and efficiency, and would be able to tackle more difficult routes. This person is showing signs of being an intermediate expert, as they are able to climb with control and confidence, and are not making mistakes.
    *   **Late Expert:** A late expert would be able to climb with ease and would be able to tackle the most difficult routes. This person is not yet at this level, as they are still using a cautious, deliberate approach.

Based on the visual evidence, the person is demonstrating a high level of skill, but they are not yet at the level of an early expert. They are climbing with confidence and control, but they are still using a cautious, deliberate approach. This suggests that they are an intermediate expert.

Verdict: Intermediate Expert",Intermediate Expert,False,32,"Based on the visual evidence provided across the sequence of images, we can analyze the climber's skill level by examining their movement, technique, and confidence.

1.  **Initial State and Preparation:** The first few images show the climber standing at the base of the wall, looking up. In image 8, they are seen holding a chalk bag, which is a standard preparatory action for climbers to ensure good grip. This indicates they are aware of the need for technique and are preparing appropriately.

2.  **Starting the Climb:** In image 17, the climber begins the ascent. Their movement is deliberate and controlled. They are not rushing or making large, uncoordinated movements. They are using their hands and feet effectively to find holds, which is a sign of good technique.

3.  **Mid-Climb Technique and Control:** Images 18 through 26 show the climber actively climbing. Their body position is generally efficient, with their legs positioned to use their strength effectively and their arms engaged to maintain balance and control. They are not overreaching or making awkward movements. In image 22, they are seen reaching for a hold with one hand while maintaining a secure grip with the other, demonstrating good hand control and balance.

4.  **Confidence and Flow:** The climber appears confident. They are not hesitating or looking down frequently, which is a sign of trust in their ability to manage the climb. Their movements are fluid and purposeful, suggesting they are comfortable with the route and their own capabilities. In image 25, they are shown reaching for a hold with a smooth, controlled motion.

5.  **Overall Assessment:** The climber demonstrates a solid understanding of climbing fundamentals. They are efficient in their movements, maintain good control, and show confidence. They are not making mistakes that would suggest a novice level, nor are they displaying the advanced, highly efficient, and dynamic movements of a late expert. Their technique is sound and their execution is consistent, which is characteristic of someone who has developed a good level of proficiency.

Therefore, the climber's skill level is best described as Intermediate Expert.

Verdict: Intermediate Expert",Intermediate Expert,False
e5342798-15e1-496a-877e-599c41e661d2,uniandes_bouldering_030_61,Late Expert,24,"Let's analyze the person's climbing performance step by step based on the visual evidence.

1.  **Initial Approach and Setup:** The person enters the frame, walks towards the wall, and sits down to prepare. This is a standard, calm, and deliberate start, indicating they are not rushing or panicking.

2.  **Starting the Climb:** They begin by reaching up and grabbing the first hold. Their body is positioned correctly, and they appear to be assessing the route. This shows a basic understanding of how to start a climb.

3.  **Mid-Climb Technique and Control:** As they ascend, their movements are fluid and efficient. They use their legs to push off the wall, keeping their body close to the surface for maximum leverage. Their arms are used for reaching, not for supporting their entire body weight. This is a hallmark of a skilled climber who knows how to use their entire body.

4.  **Body Positioning and Balance:** The climber maintains a low center of gravity and keeps their hips close to the wall. This is a key technique for efficient climbing, as it allows for better balance and more powerful leg movements. They are not flailing or losing their balance.

5.  **Confidence and Flow:** The climber appears confident and in control throughout the ascent. They are not hesitating or looking down at their feet. Their movements are smooth and continuous, suggesting they are comfortable with the route and their own abilities.

6.  **Descent and Landing:** After reaching the top, they execute a controlled descent, using their arms and legs to lower themselves down. They land on their feet on the mat, demonstrating good spatial awareness and control.

7.  **Overall Assessment:** The climber's movements are efficient, their technique is sound, and they display a high level of confidence. They are not struggling with basic movements or making frequent mistakes. They are clearly comfortable with the activity and have a good understanding of the physical demands of climbing.

Based on this analysis, the person is not a novice, as they demonstrate advanced technique and control. They are not an early expert, as their movements are highly efficient and fluid, indicating a high level of skill. They are not a late expert, as they are not performing complex or highly advanced moves. They are an Intermediate Expert, as they have mastered the fundamentals and are executing them with precision and confidence.

Verdict: Intermediate Expert",Intermediate Expert,False,24,"Based on the visual evidence provided in the sequence of images, we can analyze the person's skill level step by step:

1.  **Initial State and Preparation (Images 1-3, 6-9):** The person is seen preparing on the floor, likely applying chalk to their hands (Image 7-8). This is a standard preparatory step for climbers, indicating they are aware of the need for grip. The presence of a child in the background (Image 2) suggests a casual or recreational environment, not a high-stakes competition.

2.  **Approach and Initial Contact (Images 10-12):** The person looks up at the wall, then places their chalked hands on the holds (Image 11). This shows they are assessing the route and planning their first moves, a fundamental skill for any climber.

3.  **Climbing Technique and Movement (Images 13-22):** The person begins to climb. Their movements appear deliberate and controlled. They are able to find and grip holds effectively (Image 15, 18). They use their legs for support and push off the wall (Image 19), which is a key technique for efficient climbing. They are not making frantic or uncontrolled movements.

4.  **Progression and Confidence (Images 23-25):** The person continues to climb higher, reaching for holds with confidence (Image 23). They are able to maintain their position and make progress, indicating they are comfortable with the activity. The final image (Image 25) shows them reaching for a hold while looking down, suggesting they are focused and in control.

5.  **Overall Assessment:** The person demonstrates a good understanding of the basics of bouldering. They are able to plan their route, use proper technique (chalk, hand placement, leg use), and maintain control while climbing. They are not making any obvious mistakes or struggling with the basic movements. Their movements are efficient and confident, suggesting they have some experience. However, they are not shown executing complex, advanced moves or navigating difficult, high-difficulty routes. They appear to be comfortable and capable, but not at an expert level.

Therefore, the person's skill level is best described as Intermediate Expert.

Verdict: Intermediate Expert",Intermediate Expert,False
13187fc4-b19c-44c2-96c4-d6516e80e8c6,uniandes_bouldering_022_49,Novice,30,"Let's analyze the person's climbing performance step by step.

1.  **Initial Position and Approach:** The person starts by kneeling at the base of the wall, looking up. This is a common and safe starting position for climbers, especially for bouldering, as it allows them to plan their route and assess the holds. It doesn't indicate a lack of skill, but rather a methodical approach.

2.  **Movement Efficiency and Technique:**
    -   As they begin to climb, their movements appear deliberate and controlled. They use their hands and feet effectively to find footholds and handholds.
    -   They are not making large, uncontrolled swings or falling. Their body position is generally stable, and they seem to be using their core for balance.
    -   The sequence of images shows them progressing upward in a logical, step-by-step manner, indicating they are reading the wall and planning their path.

3.  **Control and Confidence:**
    -   The person maintains good body control throughout the climb. They are able to manage their center of gravity and adjust their position as needed.
    -   Their confidence is evident in their ability to reach for holds and commit to moves without hesitation. They don't appear to be overly cautious or hesitant.
    -   The fact that they are able to complete the climb and then stand up and walk away (as seen in the final image) suggests they are comfortable with the activity and have successfully navigated the route.

4.  **Comparison to Skill Levels:**
    -   **Novice:** A novice would likely be more hesitant, might struggle to find footholds, and could be more prone to falling or making uncoordinated movements. This person is not showing those signs.
    -   **Early Expert:** An early expert would demonstrate fluid, efficient movement and a clear understanding of the wall's layout. This person's technique is solid and efficient, and they are clearly reading the wall.
    -   **Intermediate Expert:** An intermediate expert would show even more refined technique, perhaps with more complex footwork or dynamic moves. While this person is skilled, the climb appears to be a standard bouldering problem, and their movements are solid but not necessarily complex or dynamic.
    -   **Late Expert:** A late expert would likely be tackling more difficult routes, using advanced techniques, and would be more fluid and powerful in their movements. This person is not shown tackling a very difficult route.

Based on the visual evidence, the person demonstrates solid technique, good control, and confidence. They are efficient in their movements and appear to be comfortable with the activity. While they are clearly skilled, the climb doesn't appear to be at the most advanced level, suggesting they are an experienced climber who is not yet at the very top tier.

Verdict: Intermediate Expert",Intermediate Expert,False,30,"Based on the visual evidence provided, we can analyze the person's skill level by examining their movement, technique, control, and confidence.

1.  **Initial State (Image 1):** The person is sitting on a chair, observing the wall. This suggests they are either preparing to climb or are taking a break. There is no evidence of climbing yet.

2.  **Starting the Climb (Images 15-18):** The person begins to climb. The first few frames (15-18) show them reaching for holds with both hands. The movement appears somewhat tentative and uncoordinated. Their arms are extended, and the motion is not fluid, suggesting they are still learning the mechanics of climbing and are not yet comfortable with their body positioning.

3.  **Mid-Climb (Images 19-22):** As they continue, their movements become more deliberate. They are able to find holds and make progress, but the frames show them reaching and adjusting their grip frequently. The presence of a blurred frame (Image 23) indicates some movement, but it's not necessarily indicative of advanced technique; it could be a moment of transition or a slight loss of focus.

4.  **Confidence and Control (Images 24-27):** The person is now actively climbing, with both hands engaged on the wall. They are able to maintain their position and make progress, as seen in Image 27 where they are reaching for a hold with one hand while the other is already gripping. This shows a level of control and confidence that goes beyond a beginner.

5.  **Overall Assessment:** The person is clearly not a novice, as they are actively climbing and making progress. They are not yet an expert, as their movements are not fluid or highly efficient, and they appear to be carefully planning each move. They are not using advanced techniques like dynamic moves or complex footwork. Their confidence is growing, as they are able to climb without falling, but they are still relying on careful hand placement and are not yet fully comfortable with their body position.

Therefore, the person is at an **Intermediate Expert** level. They have moved beyond the basic stages of learning and are now confidently navigating the wall, but they are not yet at the level of a highly advanced climber who can execute complex, fluid movements with ease.

Verdict: Intermediate Expert",Intermediate Expert,False
541fd573-8687-496a-8351-aa30f2524bd3,uniandes_bouldering_022_13,Novice,27,"Let's analyze the person's climbing performance step by step.

1.  **Initial Approach and Start:** The person walks confidently towards the wall and begins climbing without hesitation. This suggests a level of comfort and familiarity with the environment and the activity.

2.  **Movement Efficiency and Technique:**
    *   The climber uses a dynamic, efficient movement style. They are not just reaching for holds; they are actively using their body to generate momentum and find the next move.
    *   They demonstrate good footwork, placing their feet precisely on the holds to maintain balance and leverage. This is crucial for efficient climbing.
    *   Their body position is well-controlled. They are not flailing or losing balance; instead, they are using their core and limbs to maintain stability and plan their next move.

3.  **Control and Confidence:**
    *   The climber shows high confidence. They are not hesitant or looking down at their feet; they are focused on the wall and the next hold.
    *   Their control is evident in how they manage their body position and transitions between holds. They are able to maintain a secure grip and footing even when reaching for distant holds.
    *   The climber is able to execute complex moves, such as reaching high and then pulling back down, indicating a good understanding of body mechanics and spatial awareness.

4.  **Overall Assessment:**
    *   The climber is clearly not a novice. They are moving with purpose and efficiency, not stumbling or hesitating.
    *   They are not at the level of a late expert who might be performing highly complex, advanced routes or demonstrating extreme power and speed. Their movements are solid and controlled, but they are not pushing the limits of the sport in a way that suggests they are at the very top tier.
    *   Their technique is refined and effective, indicating a significant amount of practice and experience.

Based on this analysis, the person is an Intermediate Expert. They have mastered the fundamentals and are executing moves with efficiency and control, but they are not yet at the level of a Late Expert who might be tackling the most difficult routes or demonstrating elite-level athleticism.

Verdict: Intermediate Expert",Intermediate Expert,False,27,"Based on the visual evidence provided, we can analyze the person's skill level step by step:

1.  **Initial State (Images 1-3):** The person is holding a map or guide, which is common for beginners who are planning their route. This suggests they are not yet comfortable enough to climb without a plan.

2.  **Starting the Climb (Image 10):** They begin by grabbing a large, prominent purple hold. This is a good choice for a beginner, as it's a large, stable foothold.

3.  **Early Climbing (Images 11-13):** The person's movements are somewhat uncoordinated. In Image 12, their legs are positioned awkwardly, and they appear to be using their legs to push up rather than efficiently using their arms and legs in a coordinated manner. This is typical of a novice who is still learning body positioning and movement efficiency.

4.  **Mid-Climb (Images 14-16):** The person is now higher up, but their movements are still not fluid. In Image 16, they are reaching for a hold with one hand while their other hand is still on a previous hold, indicating they are still figuring out how to transition smoothly between holds. The camera angle is very low, suggesting they are still relatively close to the ground.

5.  **Climbing Technique (Images 17-22):** The person is now actively climbing, but their technique is not yet refined. In Image 17, they are using their legs to push up, which is inefficient. In Image 21, they are reaching for a hold with one hand while their other hand is still on a previous hold, indicating they are still learning to manage their body position and transitions. In Image 22, they are still reaching for a hold, suggesting they are not yet confident in their ability to find the next move.

6.  **Overall Assessment:** The person is clearly not a late expert or even an intermediate expert. They are still relying on a map, their movements are uncoordinated, and they are not yet confident in their ability to find the next move. They are still learning the fundamentals of climbing, such as body positioning, movement efficiency, and transition techniques.

Therefore, the person is a Novice.

Verdict: Novice",Novice,True
daebd508-2c03-4304-ad6e-44be5672755c,uniandes_bouldering_028_34,Intermediate Expert,17,"To assess the person's skill level in bouldering, I will analyze their movement, technique, control, and confidence as shown in the sequence of images.

1.  **Initial Approach and Preparation:** In the first few frames, the person is seen walking up to the wall, observing it, and then kneeling to get a better look. This is a common behavior for climbers who are assessing the route, planning their path, and checking footholds. It indicates a thoughtful, deliberate approach rather than rushing in.

2.  **Starting the Climb:** She begins her ascent by placing her hands and feet with apparent care. Her movements are controlled and deliberate. She doesn't appear to be making large, uncontrolled jumps or reaching wildly for holds. This suggests she is focused on building a solid foundation and is managing her body position carefully.

3.  **Mid-Climb Technique and Control:** As she ascends, her body position is efficient. She uses her legs to push up, keeping her center of gravity low and stable. Her arms are used for support and reaching, but she doesn't appear to be over-relying on them, which is a sign of good technique. She maintains control of her body, even as she reaches for higher holds.

4.  **Confidence and Flow:** The person appears confident. She doesn't hesitate or look down frequently, which is a sign of trust in her own abilities and in the holds. Her movements are fluid and connected, suggesting she is not just moving from hold to hold, but is actively navigating the wall as a whole. She is able to transition smoothly between different types of holds and body positions.

5.  **Use of Equipment:** She is holding a chalk bag, which is standard practice for climbers to keep their hands dry and improve grip. This shows she is prepared and understands the importance of proper technique.

6.  **Overall Performance:** The person is climbing with a clear plan, using efficient movement, maintaining good control, and demonstrating confidence. She is not struggling or making frequent mistakes. She is able to complete a significant portion of the climb, indicating she has the physical ability and mental focus required for a higher level of skill.

Based on this analysis, the person is clearly not a novice, as they are executing the climb with good technique and control. They are also not at the very highest level of expertise, as they are still in the process of climbing and are not yet at the point of executing complex, high-difficulty moves with ease. Their performance is consistent with someone who has developed a solid foundation and is actively improving.

Verdict: Intermediate Expert",Intermediate Expert,True,17,"Based on the visual evidence provided across the 17 images, we can analyze the climber's skill level by examining their movement, technique, and confidence.

1.  **Initial Preparation and Setup:** The climber is shown applying chalk to their hands (Image 5-6). This is a fundamental technique for climbers to improve grip, and doing so indicates awareness of the need for proper preparation, which is a sign of at least an intermediate level.

2.  **Movement Efficiency and Technique:** The climber's movements appear deliberate and efficient. In Image 7, they are shown reaching for holds with a clear, controlled motion. In Image 12, their hands are positioned on holds in a way that suggests good body positioning and balance. The way they transition between holds (e.g., Image 13, 14, 15) shows a focus on maintaining a stable base and using their arms effectively, which is characteristic of someone who has practiced and understands the mechanics of climbing.

3.  **Control and Confidence:** The climber demonstrates a high degree of control. In Image 9, they are shown reaching up with a strong, controlled arm, and the tattoo on their forearm is clearly visible, indicating they are not overly concerned with the camera or their surroundings. In Image 11, they are shown confidently reaching for a hold while maintaining a stable stance. The fact that they are able to climb without visible hesitation or over-reliance on safety equipment (like ropes, which are not visible) suggests a high level of confidence.

4.  **Overall Assessment:** The climber is not a novice, as they are using proper technique and preparation. They are not an early expert, as their movements are not just about getting up the wall but about efficient and controlled movement. They are not a late expert, as they are not performing complex, dynamic moves or advanced techniques like dynos or deep overhangs. Their style is consistent with someone who has developed a solid foundation and is comfortable and confident on the wall.

Therefore, the climber's skill level is best described as Intermediate Expert.

Verdict: Intermediate Expert",Intermediate Expert,True
da19130e-ef5e-4255-9080-f714a618f934,uniandes_bouldering_030_29,Late Expert,17,"Let's analyze the person's climbing performance step by step.

1.  **Initial Approach and Start:** The person approaches the wall with a clear plan, stepping into position and then beginning the climb. This shows basic awareness of the route and the need to get into a good starting stance.

2.  **Movement Efficiency and Technique:**
    *   The climber uses a dynamic movement to get their first handhold, which is a common and efficient technique for starting a climb.
    *   They are able to transition smoothly from the ground to the wall, using their feet effectively to get their body up and into position.
    *   Their body positioning is generally good, with their hips and torso oriented towards the wall, which is a sign of good technique.

3.  **Control and Confidence:**
    *   The climber appears to be in control of their movements. They are not flailing or making large, uncontrolled motions.
    *   They are able to maintain their grip and balance as they ascend, even when reaching for holds that are higher up.
    *   Their confidence is evident in their willingness to reach for holds and to move up the wall without hesitation.

4.  **Climbing Style and Progression:**
    *   The climber is not attempting a very difficult route. They are climbing a route that is likely within their skill level.
    *   They are able to make steady progress up the wall, reaching for holds and moving up in a controlled manner.
    *   They are able to complete the climb and then step off the wall, which shows that they are confident in their ability to finish the climb.

5.  **Overall Assessment:**
    *   The person demonstrates good technique, control, and confidence.
    *   They are able to move efficiently and effectively up the wall.
    *   They are not attempting to climb a very difficult route, which suggests that they are likely at an intermediate level.

Based on this analysis, the person's skill level is best described as Intermediate Expert.

Verdict: Intermediate Expert",Intermediate Expert,False,17,"Based on the visual evidence provided across the 17 images, we can analyze the person's skill level in bouldering (climbing without ropes).

1.  **Initial Setup and Observation (Images 1-4):** The person is seen in a dimly lit indoor climbing gym, with a large, colorful bouldering wall. In the first few images, they are not yet climbing. They are standing or sitting near a black backdrop, possibly with a camera or filming equipment. This suggests they are either preparing to climb, being filmed, or are a spectator. Their posture is relaxed, and they are not actively engaged in the climbing motion.

2.  **The Climbing Sequence (Images 5-15):** The person begins to climb. The images show them starting from the bottom and moving upwards. Their movements are visible, but the images are often blurry or taken from a fisheye lens, making precise analysis difficult. However, we can observe:
    -   **Movement Efficiency:** The person's movements appear somewhat uncoordinated and hesitant. In Image 9, their arm is raised, but the motion is not fluid. In Image 10, they are actively reaching for holds, but the angle suggests they are still finding their footing.
    -   **Technique and Control:** The person is using their hands and feet to grip the holds, but their body position is not always optimal. In Image 11, their body is close to the wall, which is a good technique, but their foot placement is not clearly visible. In Image 12, they are reaching for a hold, but their arm is extended, which could indicate a lack of efficient body positioning.
    -   **Confidence:** The person appears to be climbing with some confidence, as they are not visibly hesitant or fearful. However, their movements are not fluid or efficient, which suggests they are not yet at an advanced level.

3.  **Final Images (Images 16-17):** The person is seen sitting down, possibly after completing their climb or taking a break. They are not actively climbing in these images.

**Conclusion:**

The person's movements are not fluid or efficient, and they appear to be still learning the proper techniques for climbing. They are not yet at an advanced level, as they are not demonstrating the control, efficiency, or confidence of an experienced climber. However, they are actively engaged in the activity and are not a complete beginner, as they are able to climb and reach for holds. Therefore, their skill level is best described as **Novice**.

Verdict: Novice",Novice,False
5a87d794-6b64-4287-b212-5142aefeefa2,uniandes_bouldering_032_21,Intermediate Expert,81,"The person in the video is performing a bouldering activity on an indoor climbing wall. To assess their skill level, we can analyze their movement, technique, and confidence.

1.  **Movement Efficiency and Technique:** The person demonstrates a high degree of efficiency and technique. They are not just reaching for holds; they are actively planning their route, using their body to generate power and maintain balance. For example, when they are on the ground, they use their feet to push off and their arms to reach, showing a clear understanding of body positioning. When they are on the wall, they use dynamic movements, such as reaching and pulling, to transition between holds. Their footwork appears deliberate and controlled, indicating they are not just relying on brute strength.

2.  **Control and Confidence:** The person exhibits a high level of control and confidence. They are able to maintain their balance while reaching for holds, even when they are in a challenging position. They are also able to recover from mistakes, such as when they fall, and get back up to continue climbing. This suggests they are not afraid to take risks and are comfortable with the physical demands of the activity.

3.  **Progression and Challenge:** The person is able to climb a route that is clearly challenging. They are able to reach holds that are high up on the wall and are able to maintain their balance while doing so. This suggests that they are not a beginner and are likely to be at an intermediate or advanced level.

4.  **Comparison to Novice:** A novice climber would likely be more hesitant, less efficient in their movements, and less confident in their ability to climb. They would also be more likely to fall and have difficulty recovering from falls.

Based on the visual evidence, the person is clearly not a novice. They are able to climb a challenging route with efficiency, control, and confidence. They are likely to be at an intermediate or advanced level.

Verdict: Intermediate Expert",Intermediate Expert,True,81,"Based on the visual evidence provided across the sequence of images, we can analyze the person's skill level in bouldering by examining their movement, technique, and confidence.

1.  **Initial Assessment and Planning:** The person begins by holding a printed map or guide (images 1-3). This is a common practice for climbers, especially in a bouldering gym, to plan their route. It suggests they are not just randomly climbing but are using strategy and planning, which is a sign of a more experienced climber.

2.  **Approach and Movement Efficiency:** The person moves with a clear, deliberate approach. They are not hesitant or fumbling. For example, in image 10, they are seen reaching for a hold with a clear intention. In image 11, they are already in motion, indicating good momentum and efficiency. Their movements are fluid and purposeful, not jerky or uncoordinated.

3.  **Technique and Control:** The person demonstrates good technique. They are able to maintain balance and control their body position while moving. In images like 17, 20, and 30, they are seen reaching for holds with precision, indicating they understand body positioning and the mechanics of climbing. They are not overreaching or making unnecessary movements.

4.  **Confidence and Risk Assessment:** The person appears confident. They are not afraid to reach for holds that are slightly out of reach or to make dynamic moves. In image 30, they are seen reaching for a hold with a clear, confident motion. They are also able to maintain their grip and balance while moving, which is a sign of confidence and control.

5.  **Progression and Adaptability:** The person is able to adapt to the changing terrain and find new holds. In images like 35 and 38, they are seen reaching for holds that are not immediately obvious, indicating they are able to read the wall and adapt their strategy. They are also able to maintain their momentum and continue climbing without stopping, which is a sign of good endurance and confidence.

6.  **Overall Performance:** The person is able to climb the wall with a clear, deliberate approach, good technique, and confidence. They are not making any mistakes or having any difficulty, which is a sign of a high level of skill. They are able to maintain their momentum and continue climbing without stopping, which is a sign of good endurance and confidence.

Based on this analysis, the person's skill level is Intermediate Expert. They are not a novice, as they are using a map and moving with confidence. They are not a late expert, as they are not making any mistakes or having any difficulty, and they are not showing any signs of being at the very top of their game. They are clearly skilled and confident, but they are not at the level of a late expert who would be able to climb the wall with ease and without any hesitation.

Verdict: Intermediate Expert",Intermediate Expert,True
efe3c403-3719-4276-b1b1-0492f93a8397,uniandes_bouldering_023_44,Novice,20,"Let's analyze the person's climbing performance step by step based on the visual evidence.

1.  **Initial Approach and Setup:** The person begins by squatting and looking up at the wall, which is a standard preparatory stance for bouldering. This shows awareness of the route ahead.

2.  **Movement Efficiency and Technique:**
    -   As they begin to climb, their movements appear deliberate and controlled. They are not flailing or making large, inefficient motions.
    -   They use their feet effectively, placing them on holds to maintain balance and generate power, which is a sign of good technique.
    -   Their body positioning is generally efficient, with their hips and torso aligned to maximize reach and stability.

3.  **Control and Confidence:**
    -   The climber maintains a strong, controlled posture throughout the ascent. They are not visibly struggling or losing balance.
    -   Their movements are fluid and confident, suggesting they are comfortable with the physical demands of the climb.
    -   They appear to be reading the wall and choosing holds with purpose, indicating a good understanding of the route.

4.  **Climbing Style and Progression:**
    -   The climber is able to make significant progress up the wall, reaching for holds that are higher than their initial stance.
    -   They are not hesitating or pausing excessively, which suggests confidence in their ability to execute the moves.
    -   The final frames show them reaching for a hold with a strong, controlled motion, indicating they are actively working towards the top.

5.  **Comparison to Skill Levels:**
    -   A **Novice** would likely be hesitant, make many mistakes, and struggle with basic footwork and balance. The person in the image does not exhibit these characteristics.
    -   An **Early Expert** would show more fluid and efficient movement, good control, and the ability to read the wall. The person in the image demonstrates these qualities.
    -   An **Intermediate Expert** would typically be able to climb more difficult routes with greater speed and efficiency, and might be able to link moves more seamlessly. While the person is skilled, the climb appears to be a moderate difficulty route, and their movements, while confident, are not yet at the level of a high-performance climber.
    -   A **Late Expert** would be able to climb very difficult routes with minimal effort and maximum efficiency, often with a more fluid and almost effortless style. The person in the image is not yet at this level.

Based on the visual evidence, the person demonstrates good technique, control, and confidence, but is not yet at the level of a high-performance expert. Their movements are efficient and purposeful, but they are not executing moves with the same level of fluidity and power as a Late Expert.

Verdict: Early Expert",Early Expert,False,20,"To determine the person's skill level, I will analyze the visual evidence across the sequence of images, focusing on their movement, technique, control, and confidence.

1.  **Initial Observations (Images 1-6):** The first few images show the climbing wall from a first-person perspective, establishing the environment. The wall is complex and colorful, but no person is visible yet. This sets the stage for the action to follow.

2.  **Beginning the Climb (Images 7-10):** The person begins to climb. In image 10, their hands are visible reaching for holds. The movement appears deliberate, but the arms are extended, suggesting they are still finding their footing and rhythm. The hands are gripping holds, but the body position is not yet optimized for efficient climbing.

3.  **Mid-Climb Analysis (Images 11-15):** This is the most critical section for assessing skill. The person is actively climbing, using both hands to grip holds. In images 11, 12, and 15, their arms are extended, and their body is positioned in a way that suggests they are using their arms to pull themselves up, which is a common technique for beginners or those not yet comfortable with body positioning. The movement appears somewhat uncoordinated, with the arms moving in a way that suggests they are still learning to balance and distribute weight effectively. The person is not yet using efficient footwork or body positioning to minimize arm strain.

4.  **Technique and Control (Images 16-19):** The person continues to climb, but their movements are still characterized by reaching and pulling with their arms. In image 19, the person is seen reaching for a hold with one hand while the other is still gripping, indicating a lack of fluid, controlled movement. The overall posture suggests they are relying heavily on their upper body strength rather than using their legs and core for support, which is a hallmark of a novice or early-stage climber.

5.  **Confidence and Environment (Image 20):** In the final image, the person is seen from a wider angle, and the environment is visible. There are other people in the background, including someone sitting and another person holding a camera. This suggests the person is not in a high-stakes or competitive environment, which might indicate they are still learning or are not yet confident enough to climb in a more challenging or public setting.

**Conclusion:**

Based on the visual evidence, the person's climbing technique is not yet refined. They are relying heavily on their arms, their movements are somewhat uncoordinated, and they appear to be in the process of learning how to use their body efficiently. They are not yet demonstrating the fluid, controlled, and efficient movements characteristic of an intermediate or expert climber. Their confidence seems to be developing, but they are still in the early stages of mastering the activity.

Verdict: Novice",Novice,True
2aaaca24-108a-437e-ab9a-bc3e8d65fcdf,uniandes_bouldering_024_60,Novice,24,"Let's analyze the visual evidence step by step to determine the climber's skill level.

1.  **Initial Position and Movement:** The climber starts at the base of the wall and begins to ascend. Their initial movements appear deliberate and focused on finding footholds and handholds. This is typical for someone who is not yet comfortable with the route or is still learning the fundamentals.

2.  **Technique and Control:** As the climber progresses, they demonstrate a good understanding of body positioning. They are able to use their legs effectively to push up and maintain balance, which is a key indicator of intermediate skill. They are not constantly falling or struggling to find holds, suggesting they have some experience and control.

3.  **Confidence and Efficiency:** The climber's movements are generally smooth and efficient. They are able to transition between holds without hesitation, indicating a level of confidence. They are not overly cautious or hesitant, which suggests they are past the very beginner stage.

4.  **Progression and Route Reading:** The climber is able to make steady progress up the wall. They are not stuck on any particular section for an extended period, which implies they are reading the route and planning their next moves. This is a hallmark of an intermediate climber who can visualize the path ahead.

5.  **Overall Assessment:** The climber is clearly not a novice, as they are able to climb with good technique and confidence. They are also not an expert, as they are not performing advanced moves or demonstrating the fluid, effortless style of a late expert. Their movements are efficient and controlled, but they still show some deliberation and focus on each move, which is characteristic of someone who is developing their skills.

Based on this analysis, the climber's skill level is best described as Intermediate Expert.

Verdict: Intermediate Expert",Intermediate Expert,False,24,"Based on the visual evidence provided across the 25 images, we can analyze the climber's skill level by examining their movement, technique, control, and confidence.

1.  **Movement Efficiency and Technique:** The climber's movements are not fluid or highly efficient. There are frequent pauses and repositioning, as seen in images 2, 3, 5, 7, 8, 10, 13, 15, 17, 19, 21, and 23. They often appear to be searching for the next hold or adjusting their grip, which is characteristic of someone still learning the route or building muscle memory. The transitions between holds are not smooth, suggesting a lack of refined technique.

2.  **Control and Balance:** The climber frequently loses their grip or balance. In image 7, the hand is shown slipping on a hold. In image 13, the image is blurry, indicating a loss of control or a sudden movement. In image 17, the climber is seen falling or having their hand slip from a hold. This lack of consistent control is a key indicator of a lower skill level.

3.  **Confidence:** The climber's confidence appears to be low. They are hesitant, often pausing before making a move (e.g., images 2, 3, 5, 7, 10, 13, 15, 17, 19, 21, 23). They do not appear to be taking bold, confident steps. The frequent falls and slips suggest they are not yet comfortable with the physical demands of the climb.

4.  **Overall Assessment:** The combination of inefficient movement, lack of control, and low confidence strongly suggests that the climber is a beginner. They are still learning the fundamentals of climbing, such as body positioning, grip strength, and route planning. They are not yet able to execute moves with precision or confidence.

Verdict: Novice",Novice,True
7b7365da-5cef-4fbc-8c9b-ab2987fddf0f,uniandes_bouldering_025_16,Novice,20,"Let's analyze the person's climbing behavior step by step based on the visual evidence.

1.  **Initial Position and Approach:** The person starts lying on the floor, which is a common position for someone who is either resting, recovering from a fall, or preparing to start a climb. They are not actively engaged in climbing at this point.

2.  **Starting the Climb:** They begin by sitting up and then reaching up to grab holds. This is a standard way to start a climb, but the fact that they are sitting rather than standing suggests they might be conserving energy or are not yet fully committed to the climb.

3.  **Movement and Technique:** As they begin to climb, their movements appear somewhat uncoordinated. They are not using efficient body positioning or dynamic movements. They seem to be relying on their arms to pull themselves up, which is not an efficient or advanced technique. Their legs are not being used effectively to push off or maintain balance.

4.  **Control and Confidence:** The person appears to be struggling to maintain their position. They are not able to find a stable foothold or handhold that allows them to progress. They are constantly adjusting their position, which suggests a lack of confidence and control. They are also not able to maintain a consistent pace or rhythm.

5.  **Overall Performance:** The person is not able to climb very high or for very long. They are not able to maintain a consistent pace or rhythm. They are not able to use efficient body positioning or dynamic movements. They are not able to maintain a stable position or balance. They are not able to use their legs effectively to push off or maintain balance. They are not able to maintain a consistent pace or rhythm. They are not able to use efficient body positioning or dynamic movements. They are not able to maintain a stable position or balance. They are not able to use their legs effectively to push off or maintain balance.

Based on this analysis, the person's skill level is likely to be Novice. They are not able to use efficient body positioning or dynamic movements. They are not able to maintain a consistent pace or rhythm. They are not able to use their legs effectively to push off or maintain balance. They are not able to maintain a stable position or balance. They are not able to use their legs effectively to push off or maintain balance.

Verdict: Novice",Novice,True,20,"Based on the visual evidence provided across the 20 images, we can analyze the climber's skill level by examining their movement, technique, control, and confidence.

1.  **Initial Setup and Movement:** The first few images show the climber beginning their ascent. The movement is not fluid or efficient; there is a noticeable blur in image 5, suggesting a quick, possibly uncoordinated movement or a moment of hesitation. The initial hand placement (image 6) appears somewhat tentative.

2.  **Technique and Control:** The climber's technique is not consistently precise. In images 6-8, their hands are shown gripping holds, but the positioning is not always optimal for efficient climbing. The focus on a single hold (the large blue hand-shaped hold) in images 8-11 suggests they are struggling to find a secure foothold or are hesitating, which is common for less experienced climbers. The movement is often slow and deliberate, indicating a focus on safety and control rather than speed.

3.  **Confidence and Progression:** The climber's confidence appears to be developing. They are able to make progress up the wall (images 12-16), but their movements are not fluid or dynamic. They seem to be carefully planning each move, which is a sign of caution rather than confidence. The final images (17-20) show them looking up and reaching for holds, indicating they are still in the process of finding the best route, which is typical for a learner.

4.  **Overall Assessment:** The climber is clearly not a beginner, as they are able to climb and make progress. However, they are not yet demonstrating the fluidity, efficiency, or advanced technique associated with intermediate or expert climbers. Their movements are deliberate, sometimes hesitant, and they appear to be carefully managing their energy and balance. This suggests they are still learning the fundamentals and building their confidence.

Therefore, the most accurate label for their skill level is **Novice**.

Verdict: Novice",Novice,True
aaf0d082-a972-4620-a1e9-5699023c9c77,uniandes_bouldering_022_62,Intermediate Expert,23,"Let's analyze the person's climbing performance step by step.

1.  **Initial Position and Setup:** The person starts in a low, kneeling position at the base of the wall. This is a common starting stance for bouldering, indicating they are preparing to climb. They are not standing or using a rope, which suggests this is bouldering (a style without ropes).

2.  **Movement and Technique:**
    -   They begin by reaching up and grabbing holds, demonstrating good hand-eye coordination.
    -   As they ascend, their body position is dynamic. They use their legs effectively to push off the ground and maintain balance, which is a key technique for efficient climbing.
    -   Their movements appear fluid and controlled. They don't seem to be struggling or hesitating between moves, suggesting confidence and familiarity with the route.
    -   They are able to maintain a strong, stable position on the wall, even when reaching for distant holds, indicating good body control and core strength.

3.  **Efficiency and Progression:**
    -   The person climbs steadily and efficiently, making clear, purposeful moves. They don't appear to be taking unnecessary steps or wasting energy.
    -   They reach the top of the wall (or a significant portion of it) and then descend in a controlled manner, which shows they are comfortable with the entire process, including the descent.

4.  **Confidence and Risk Assessment:**
    -   The person is climbing without a safety rope, which implies a high level of confidence in their ability to manage the climb and land safely.
    -   Their body language throughout the climb is relaxed and focused, not tense or fearful.

5.  **Comparison to Skill Levels:**
    -   A **Novice** would likely be hesitant, make many mistakes, and struggle to find holds or maintain balance. They would probably not climb this high or with such control.
    -   An **Early Expert** would be able to climb this route with good technique, but might still show some hesitation or inefficiency in their movements.
    -   An **Intermediate Expert** would climb with good efficiency and control, but might still be learning to optimize their body position or handle more complex sequences.
    -   The person in the image demonstrates a high degree of efficiency, control, and confidence. Their movements are smooth and purposeful, and they are clearly comfortable with the physical demands of the climb. This level of performance is characteristic of someone who has spent significant time practicing and refining their technique.

Based on this analysis, the person is clearly beyond the novice stage and has developed a high level of skill. They are not just competent; they are performing with a high degree of efficiency and control, which is indicative of an expert level.

Verdict: Late Expert",Late Expert,False,23,"Based on the visual evidence provided across the 23 images, we can analyze the climber's skill level by examining their movement, technique, control, and confidence.

1.  **Initial Setup and Awareness:** The first few images show the climber's perspective, including a view of the climbing wall and, in image 2, other people watching. This suggests the climber is aware of their environment and the context of the climb, which is typical for someone beyond a complete beginner.

2.  **Movement Efficiency and Technique:**
    *   The climber's movements are generally deliberate and focused on finding holds. In images 6, 7, 9, 10, 12, 13, 14, 16, 18, and 19, we see their arms and legs reaching for and gripping holds. The movements appear controlled, not frantic or overly cautious.
    *   The climber is able to transition between holds effectively, as seen in the sequence from image 12 to 14, where they move from one hold to another with purpose.
    *   In image 16, the climber is shown using their feet to push off and reach for higher holds, indicating an understanding of body positioning and using the entire body for movement, not just the arms.

3.  **Control and Confidence:**
    *   The climber demonstrates good control over their body position. In image 18, they are shown reaching high with one arm while maintaining a stable position with their other arm and leg.
    *   The climber's confidence is evident in their ability to climb without hesitation. They are not shown looking down or appearing to be in distress, even when reaching for difficult-looking holds.
    *   The climber is able to maintain a steady pace and rhythm, suggesting they are comfortable with the activity.

4.  **Overall Assessment:**
    *   The climber is clearly not a novice, as they are able to navigate the wall with purpose and control.
    *   They are not yet at the level of an ""Early Expert"" or ""Intermediate Expert"" who would likely be tackling more complex routes or demonstrating more advanced techniques like dynamic moves or efficient footwork.
    *   The climber's movements are deliberate and controlled, but they are not yet showing the fluidity, efficiency, or mastery of an ""Intermediate Expert"" or ""Late Expert."" They are focused on the task but not yet demonstrating the effortless control and advanced problem-solving of a higher-level climber.

Therefore, based on the visual evidence, the climber is demonstrating a solid foundation and good technique, but is still developing their skills and efficiency. They are likely in the process of becoming more proficient.

Verdict: Intermediate Expert",Intermediate Expert,True
3f60a7dd-d004-4842-bdd0-2e112f554cd9,uniandes_bouldering_035_21,Early Expert,8,"Let's analyze the visual evidence step by step to determine the person's skill level in bouldering.

1.  **The Setting and the Activity:** The image shows an indoor bouldering gym with a large, colorful climbing wall and a padded floor. The person is holding a phone with a QR code, which is likely for a climbing app or a route guide. This suggests they are either preparing to climb or have just finished a climb.

2.  **The Person's Position and Action:** In the second image, the person is seen lying on their back on the padded floor, near the base of the wall. This is a common position for climbers after a fall or after resting. It is not a position of active climbing.

3.  **The Key Evidence: The QR Code:** The most telling piece of evidence is the QR code on the phone. The text below it reads ""Take Separator"". In bouldering, a ""separator"" is a piece of equipment used to separate climbers or to mark a specific point on a route. However, the phrase ""Take Separator"" is not a standard climbing term. It is more likely a prompt from an app, perhaps indicating that the user should scan the QR code to ""take"" or ""claim"" a specific route or to log a climb. The fact that the person is holding the phone and scanning it suggests they are using technology to interact with the climbing environment, which is common for climbers of all levels, but especially for those who are new or using a guide app.

4.  **Inference from the Position:** The person is lying on the floor, not actively climbing. This could indicate several things:
    - They are taking a break.
    - They have just fallen and are resting.
    - They are preparing to climb by checking the route on their phone.

5.  **Assessing Skill Level:**
    - **Novice:** A novice climber might be using a phone to scan a QR code to find a route, but they are more likely to be standing or sitting, not lying on the floor. Lying on the floor could indicate a fall, which is common for novices.
    - **Early Expert:** An early expert climber would be more confident and likely to be actively climbing or resting between climbs, not lying on the floor. They would be more likely to be using the phone to check their progress or to log a climb, but not necessarily lying down.
    - **Intermediate Expert:** An intermediate expert climber would be more confident and likely to be actively climbing or resting between climbs, not lying on the floor. They would be more likely to be using the phone to check their progress or to log a climb, but not necessarily lying down.
    - **Late Expert:** A late expert climber would be very confident and likely to be actively climbing or resting between climbs, not lying on the floor. They would be more likely to be using the phone to check their progress or to log a climb, but not necessarily lying down.

6.  **Conclusion:** The person is lying on the floor, which suggests they are not actively climbing. This could indicate that they are a novice who has fallen or is taking a break. The use of the phone with a QR code suggests they are using technology to interact with the climbing environment, which is common for climbers of all levels, but especially for those who are new or using a guide app. Therefore, the most likely skill level is **Novice**.

Verdict: Novice",Novice,False,8,"Based on the visual evidence provided across the eight images, we can analyze the climber's skill level by examining their movement, technique, and confidence.

1.  **Movement Efficiency and Technique:**
    - The climber is shown making deliberate, controlled movements. In the first image, their hand is placed precisely on a green hold, indicating focus and intention.
    - In the later images (e.g., 4, 5, 6), the climber is seen reaching for and grasping holds with a clear, purposeful motion. Their body position suggests they are actively planning their next move, not just reacting.
    - The climber is able to navigate a complex wall with many different types of holds (jugs, crimps, slopers, volumes), which requires a good understanding of body positioning and footwork. While the footwork isn't always visible, the hand placements suggest they are using their feet effectively to maintain balance and conserve energy.

2.  **Control and Confidence:**
    - The climber appears to be in control of their body and movements. They are not shown making frantic or uncoordinated moves.
    - In image 2, the climber is already at a significant height, and in image 3, they are actively climbing a more complex section. This indicates a level of confidence to commit to the climb and trust their abilities.
    - The use of a wide-angle lens creates a fisheye effect, which exaggerates the scale of the wall and the climber's position. This perspective emphasizes the climber's ability to navigate a large, complex space, which is a sign of experience.

3.  **Progression and Challenge:**
    - The sequence of images shows the climber progressing from a lower section to higher and more complex areas of the wall. This progression suggests they are not just climbing for fun but are actively working on their skills.
    - The wall itself is filled with a variety of holds, which is typical of a challenging indoor climbing gym. The climber is able to handle this variety, indicating they are not a beginner.

4.  **Comparison to Skill Levels:**
    - A **Novice** would likely be struggling to find footholds, would be hesitant to reach for distant holds, and might be more focused on not falling than on efficient movement.
    - An **Early Expert** would be able to climb more complex routes with good technique, but might still be learning to manage their energy and body position efficiently.
    - An **Intermediate Expert** would be able to climb with good efficiency, use a variety of holds, and show confidence in their movements. They would be able to plan their route and execute it with control.
    - A **Late Expert** would be able to climb very difficult routes with minimal effort, would be able to read the wall and plan complex sequences, and would show a high degree of control and confidence.

Given the evidence, the climber is clearly not a novice. They are moving with purpose, showing good control, and are confident enough to climb to a significant height on a complex wall. While they may not be tackling the most difficult routes, their ability to navigate the wall efficiently and with control suggests they are well beyond the novice stage. They are demonstrating the characteristics of an Intermediate Expert.

Verdict: Intermediate Expert",Intermediate Expert,False
34c5de08-c113-4213-82e0-50a6751d794b,uniandes_bouldering_036_48,Late Expert,35,"Let's analyze the person's climbing performance step by step.

1.  **Initial Approach and Planning:** The person walks up to the wall, pauses, and appears to be assessing the route. This is a sign of deliberate planning, which is characteristic of someone who is not just going up randomly but is thinking about the path. This suggests a level of experience beyond a complete beginner.

2.  **Movement Efficiency and Technique:**
    *   The climber uses a variety of holds, including small footholds and handholds, indicating they are not just using the largest, most obvious grips.
    *   Their body positioning is dynamic. They are seen shifting their weight, using their legs effectively for support and to reach for the next hold, which is a key technique for efficient climbing.
    *   They are not making large, uncontrolled movements. Instead, they appear to be making small, precise adjustments to their position, which shows good body control.

3.  **Control and Confidence:**
    *   The climber maintains a steady pace and does not appear to be struggling or hesitating excessively. This suggests a high level of confidence in their ability to execute the moves.
    *   They are able to maintain a secure grip and body position even when reaching for distant holds, indicating good control and strength.
    *   The fact that they are able to complete the climb without falling or needing to be rescued (as far as the video shows) is a strong indicator of their skill level.

4.  **Route Reading and Problem Solving:**
    *   The climber is not just climbing; they are actively reading the wall, choosing the best sequence of moves. This is a hallmark of an experienced climber who understands the geometry of the wall and the demands of the route.

5.  **Comparison to Novice vs. Expert:**
    *   A novice would likely be hesitant, make large, uncoordinated movements, and might struggle to find footholds or handholds. They would likely be more focused on not falling than on efficient movement.
    *   An expert would demonstrate even more fluidity, power, and precision, often taking more direct and efficient routes. They would also be more likely to be able to climb more difficult routes.

Based on the visual evidence, the person is clearly not a novice. They are skilled, confident, and efficient in their movements. They are able to read the wall, plan their route, and execute the moves with good control. While they may not be at the very highest level of expertise (which might involve climbing more difficult routes or demonstrating even more fluidity), they are well beyond a beginner and are clearly an experienced climber.

Verdict: Intermediate Expert",Intermediate Expert,False,35,"Based on the visual evidence provided, we can analyze the person's skill level in bouldering by examining their movement, technique, and confidence.

1.  **Initial State and Setup:** The first few images show the person preparing on the floor, holding a chalk bag. This is a common practice for climbers to ensure their hands are dry and grippy, indicating they are taking the activity seriously and are aware of the need for proper technique.

2.  **Approach and Movement:** The person begins by looking at the wall (image 7) and then starts to reach for holds (image 9). Their initial movements appear deliberate and exploratory, which is typical for someone learning or testing a route. They are not yet moving with the fluidity of an experienced climber.

3.  **Technique and Control:** As they begin to climb (images 19-28), their movements are somewhat tentative. They are seen reaching for holds, sometimes with a slight delay or hesitation (e.g., image 21, 23, 25). Their arms are often extended, and they appear to be using a lot of upper body strength, which can be a sign of a novice or intermediate climber who is still developing efficient body positioning and core strength. They are not yet demonstrating the dynamic footwork and body tension characteristic of more advanced climbers.

4.  **Confidence and Efficiency:** The person's confidence is evident in their willingness to climb, but it is not yet at the level of a seasoned climber. They are not taking risks or attempting complex moves. Their movements are not as efficient as they could be; they seem to be searching for the next hold rather than executing a planned sequence. The camera angle, which is often from a first-person perspective, shows them looking down at their hands and feet, suggesting they are focused on the immediate task rather than the overall route.

5.  **Comparison to Other Climbers:** The presence of other people on the floor (images 1, 16) suggests this is a social or group setting, which is common for beginners. The person is not seen interacting with or being coached by others in a way that would suggest they are an expert.

6.  **Overall Assessment:** The person is clearly engaged in the activity and is making progress, but their movements are not yet fluid, efficient, or confident enough to be classified as an expert. They are still in the process of learning the fundamentals of bouldering, such as body positioning, footwork, and route reading. Their technique is developing, but they are not yet at the level of an intermediate or advanced climber.

Therefore, based on the visual evidence, the person is a Novice.

Verdict: Novice",Novice,False
783a070b-d9ca-4273-bb9d-0f6ad5939d60,uniandes_bouldering_023_11,Intermediate Expert,0,ERROR,Unknown,False,0,ERROR,Unknown,False
4f53ded9-6a79-4ea0-bc28-f93981f4db82,uniandes_bouldering_029_9,Early Expert,14,"Let's analyze the visual evidence step by step to determine the climber's skill level.

1.  **Initial Observation (Image 1):** The person is holding a phone with a QR code, seemingly scanning something. They are not on the wall. This suggests they are either preparing to start or have just finished an activity. It doesn't provide direct information about their climbing skill.

2.  **The Climbing Sequence (Images 2-12):** The person is shown beginning to climb. They are positioned at the very bottom of the wall, near the floor, and are reaching up to grab holds. Their body is low to the ground, and they are using their arms to pull themselves up. This is a very common starting position for beginners.

3.  **Movement Efficiency and Technique:**
    -   The climber is using a ""knee-to-wall"" or ""knee-to-floor"" position, which is typical for someone learning to manage their body position and balance.
    -   Their movements appear deliberate and cautious. They are not flowing up the wall with fluidity or efficiency.
    -   They are not yet using advanced techniques like dynamic moves, footwork, or body positioning to conserve energy or reach difficult holds.

4.  **Control and Confidence:**
    -   The climber is not yet at a height that would require significant core strength or balance.
    -   Their posture suggests they are focused on getting their feet and hands placed correctly, which is a sign of being in the learning phase.
    -   There is no evidence of them being comfortable with the wall or confident enough to attempt more difficult routes.

5.  **Final Observation (Image 14):** The person is again holding the phone, suggesting they have finished their climb or are about to start a new one. This reinforces the idea that they are not yet engaged in a sustained, advanced climb.

**Conclusion:**

Based on the visual evidence, the person is clearly in the early stages of learning to climb. They are starting from the bottom, using basic techniques, and moving slowly and cautiously. They are not demonstrating the efficiency, control, or confidence associated with intermediate or expert climbers. Their actions are consistent with someone who is new to the activity.

Verdict: Novice",Novice,False,14,"Based on the visual evidence provided, we can analyze the climber's skill level by examining their movement, technique, and confidence.

1.  **Movement Efficiency and Technique:**
    - The climber is consistently using a wide variety of holds, including large volume holds (like the red ones) and smaller, more technical footholds (like the blue hand-shaped hold and the small yellow/green holds).
    - In several frames (e.g., 1, 3, 4, 10, 12), the climber is shown reaching for holds with a clear, controlled motion, indicating an understanding of body positioning and reach.
    - The climber is able to transition between different types of holds, suggesting they are not stuck on a single type of movement.

2.  **Control and Confidence:**
    - The climber's movements appear deliberate and controlled. They are not shown making frantic or uncoordinated movements.
    - The climber is able to maintain a secure grip on holds, even when reaching for distant ones (e.g., frame 11, where they reach for a pink hold while holding a red one).
    - The climber's ability to look down and assess the wall (e.g., frame 13) suggests they are planning their next move, a sign of confidence and experience.

3.  **Progression and Challenge:**
    - The climber is not just climbing a simple route; they are navigating a complex wall with many different holds, which requires problem-solving and route-finding skills.
    - The fact that they are able to climb this wall with a first-person perspective (implying they are likely on a bouldering wall or a low-level route) suggests they are comfortable with the environment and the physical demands.

4.  **Comparison to Skill Levels:**
    - A **Novice** would likely struggle with basic holds, have poor body positioning, and lack confidence. The climber here is clearly not a novice.
    - An **Early Expert** would be able to climb more complex routes and show good technique, but might still be learning to optimize their movements. The climber's efficiency and control suggest they are beyond this stage.
    - An **Intermediate Expert** would be able to climb a wide variety of routes with good technique and control, and would be able to read the wall and plan moves. The climber's movements and confidence align with this level.
    - A **Late Expert** would be able to climb very difficult routes with minimal effort and would be able to read the wall with exceptional precision. While the climber is skilled, the visual evidence does not show them tackling the most difficult routes or demonstrating the level of effortless control that would be expected of a Late Expert.

**Conclusion:**
The climber demonstrates good technique, control, and confidence, and is able to navigate a complex wall efficiently. They are clearly beyond the novice stage and are likely an Intermediate Expert, as they are not yet showing the effortless mastery of a Late Expert.

Verdict: Intermediate Expert",Intermediate Expert,False
7ddc0933-b409-4c1d-96e6-0ecce0d68d9a,uniandes_bouldering_026_22,Novice,58,"Let's analyze the person's climbing performance step by step:

1.  **Initial Approach and Planning:** The person walks up to the wall, pauses, and gestures with their hands. This suggests they are not just charging in but are taking time to assess the route, which is a sign of planning and awareness—a trait of more experienced climbers.

2.  **Starting the Climb:** They begin their ascent with a deliberate, controlled movement, placing their hands and feet with apparent intention. They don't appear to be flailing or making random moves.

3.  **Mid-Climb Technique and Control:** As they climb higher, their body position is efficient. They maintain a strong, stable posture, using their core and legs effectively to push upward. Their movements are fluid and controlled, indicating good body awareness and technique. They are not overextending or struggling to find holds.

4.  **Confidence and Risk Assessment:** The climber appears confident. They are not hesitant or looking down frequently. They are focused on the next move, which is a sign of trust in their abilities and the wall's safety.

5.  **The Fall:** The climber falls, but the fall is not a complete, uncontrolled crash. They appear to be falling in a controlled manner, possibly even with a slight roll or a controlled descent, which suggests they are aware of how to fall safely. This is a common skill for climbers who have practiced falling.

6.  **Post-Fall Reaction:** After falling, they land on their back on the mat, which is a safe landing position. They then immediately get up and walk away, indicating they are not injured and are ready to continue. This shows resilience and a positive attitude towards the activity.

7.  **Overall Performance:** The climber demonstrates good technique, efficient movement, and confidence. They are not a beginner who is struggling or making frequent mistakes. They are not an advanced expert who is effortlessly scaling the wall without any effort. They are clearly skilled and comfortable with the activity.

Based on this analysis, the person's skill level is best described as Intermediate Expert.

Verdict: Intermediate Expert",Intermediate Expert,False,58,"Based on the visual evidence provided, we can analyze the person's skill level step by step:

1.  **Initial Setup and Approach:** The person begins by standing on the floor, reaching for a chalk bag (image 1). This is a standard preparatory action for climbers, indicating they are aware of the need for grip. They then look up at the wall (image 3, 5, 10, 15, 16, 19, 22, 25, 28, 31, 34, 37, 40, 43, 46, 49, 52, 55, 58, 61, 64, 67, 70, 73, 76, 79, 82, 85, 88, 91, 94, 97, 100, 103, 106, 109, 112, 115, 118, 121, 124, 127, 130, 133, 136, 139, 142, 145, 148, 151, 154, 157, 160, 163, 166, 169, 172, 175, 178, 181, 184, 187, 190, 193, 196, 199, 202, 205, 208, 211, 214, 217, 220, 223, 226, 229, 232, 235, 238, 241, 244, 247, 250, 253, 256, 259, 262, 265, 268, 271, 274, 277, 280, 283, 286, 289, 292, 295, 298, 301, 304, 307, 310, 313, 316, 319, 322, 325, 328, 331, 334, 337, 340, 343, 346, 349, 352, 355, 358, 361, 364, 367, 370, 373, 376, 379, 382, 385, 388, 391, 394, 397, 400, 403, 406, 409, 412, 415, 418, 421, 424, 427, 430, 433, 436, 439, 442, 445, 448, 451, 454, 457, 460, 463, 466, 469, 472, 475, 478, 481, 484, 487, 490, 493, 496, 499, 502, 505, 508, 511, 514, 51",Unknown,False
06846813-9b38-4177-9caa-2fdef34bd868,uniandes_bouldering_027_87,Novice,109,"Let's analyze the person's climbing performance step by step.

1.  **Initial Approach and Setup:** The person begins by standing at the base of the wall, assessing the route. This is a standard, confident starting posture for climbers.

2.  **Climbing Technique and Movement:** The climber demonstrates a clear understanding of body positioning and movement. They use their feet effectively to push off and their hands to grip holds. Their body is positioned to maintain balance and leverage, which is indicative of good technique. They are not flailing or making inefficient movements.

3.  **Progression and Control:** The climber makes steady progress up the wall, moving from one hold to the next with controlled motions. They appear to be following a specific route, suggesting they have planned their ascent. Their movements are deliberate and efficient.

4.  **Use of the Wall and Holds:** They are utilizing a variety of holds, including smaller, more challenging ones, which suggests they are not just climbing for the sake of it but are engaging with the route's difficulty. Their ability to reach and secure holds indicates good strength and coordination.

5.  **Fall and Recovery:** The most telling moment is when the climber falls. Instead of panicking or showing signs of fear, they fall in a controlled manner, landing on their back and then rolling to their side. They immediately get up and continue to assess the wall, showing resilience and composure. This is a hallmark of an experienced climber who understands that falling is a normal part of the process.

6.  **Confidence and Mental State:** The climber's posture and actions throughout the sequence convey confidence. They are not hesitant or overly cautious. They are focused on the task and appear to be enjoying the challenge.

7.  **Overall Assessment:** The climber is not a beginner, as they are able to execute complex movements and manage their fall with composure. They are not at the level of a late expert, as they are still falling and not yet consistently reaching the top of the wall. Their technique is solid, their movements are efficient, and their confidence is high. This suggests they have a good foundation and are actively developing their skills.

Based on this analysis, the person is an Intermediate Expert. They have mastered the basics and are now tackling more challenging routes, but they are still learning and improving.

Verdict: Intermediate Expert",Intermediate Expert,False,109,"Based on the visual evidence provided across the sequence of images, we can analyze the person's skill level in bouldering (climbing without ropes, typically on lower walls or boulders).

1.  **Initial Assessment and Planning:** The person begins by pointing at holds (images 1, 2, 8, 10, 11, 14, 15, 16, 21, 22, 23, 24, 25, 26, 27, 28, 29, 30, 31, 32, 33, 34, 35, 36, 37, 38, 39, 40, 41, 42, 43, 44, 45, 46, 47, 48, 49, 50, 51, 52, 53, 54, 55, 56, 57, 58, 59, 60, 61, 62, 63, 64, 65, 66, 67, 68, 69, 70, 71, 72, 73, 74, 75, 76, 77, 78, 79, 80, 81, 82, 83, 84, 85, 86, 87, 88, 89, 90, 91, 92, 93, 94, 95, 96, 97, 98, 99, 100, 101, 102, 103, 104, 105, 106, 107, 108, 109, 110, 111, 112, 113, 114, 115, 116, 117, 118, 119, 120, 121, 122, 123, 124, 125, 126, 127, 128, 129, 130, 131, 132, 133, 134, 135, 136, 137, 138, 139, 140, 141, 142, 143, 144, 145, 146, 147, 148, 149, 150, 151, 152, 153, 154, 155, 156, 157, 158, 159, 160, 161, 162, 163, 164, 165, 166, 167, 168, 169, 170, 171, 172, 173, 174, 175, 176, 177, 178, 179, 180, 181, 182, 183, 184, 185, 186, 187, 188, 189, 190, 191, 192, 193, 194, 195, 196, 197, 198, 1",Unknown,False
ab2d04c4-9952-4554-8047-f624b7703523,uniandes_bouldering_036_60,Intermediate Expert,14,"Let's analyze the person's climbing performance step by step.

1.  **Initial Approach and Start:** The person begins at the base of the wall, standing upright. They then take a few steps forward and begin to climb. This is a standard, non-urgent start, suggesting they are not rushing or panicking.

2.  **Climbing Technique and Movement:** As they ascend, their movements appear deliberate and controlled. They are not making frantic, jerky motions. They seem to be carefully selecting holds and planning their next move, which indicates a good understanding of body positioning and route-finding.

3.  **Use of the Wall and Holds:** The climber is using a variety of holds, including smaller footholds and handholds. They are not relying on a single type of hold or a simple, straightforward path. This suggests they are adapting to the route's complexity.

4.  **Body Positioning and Balance:** The climber maintains a relatively stable and balanced posture throughout the climb. They are not constantly shifting their weight or appearing unbalanced, which is a sign of good core strength and proprioception.

5.  **Progression and Endurance:** The person climbs a significant portion of the wall before reaching the top. They do not appear to be struggling or showing signs of fatigue early on. Their ability to maintain a steady pace and continue climbing for an extended period indicates good physical conditioning and endurance for the activity.

6.  **Confidence and Control:** The climber's movements are confident and controlled. They do not appear to be hesitant or overly cautious, which suggests they have a good sense of their abilities and the wall's conditions.

7.  **Final Action:** After reaching the top, the person sits down on the mat, indicating they have completed the climb successfully. They then hold up their phone, which is likely to scan a QR code for a ""Take Separator"" (possibly a safety or tracking system). This action suggests they are following a standard procedure, which is common for climbers of all levels, but it also implies they are aware of the environment and its rules.

Based on this analysis, the person demonstrates a good level of skill. They are not a beginner, as they are able to climb a significant portion of the wall with control and efficiency. They are not yet at the level of an advanced expert, as their movements, while good, are not exceptionally fluid or dynamic, and they are not tackling the most difficult routes. Their technique is solid, their body positioning is good, and they show confidence and control throughout the climb.

Therefore, the person's skill level is best described as Intermediate Expert.

Verdict: Intermediate Expert",Intermediate Expert,True,14,"Based on the visual evidence provided across the 14 images, we can analyze the climber's skill level by examining their movement, technique, control, and confidence.

1.  **Initial Assessment (Images 1-3):** The first few images show the climber's perspective looking up at the wall. The view is wide and distorted, typical of a fisheye lens, and the climber is likely at the bottom, just beginning to engage with the holds. There is no clear evidence of advanced technique yet.

2.  **Movement and Technique (Images 4-8):** The climber begins to ascend. In Image 4, a hand is visible reaching for a hold. In Image 5, the climber is low on the wall, and their feet are visible, suggesting they are just starting. In Image 6, they are slightly higher, and their feet are planted. In Image 7, they are actively reaching for a large, grey, circular hold with their right hand, showing a deliberate movement. In Image 8, they are using both hands to grip holds, indicating they are actively climbing and not just hanging or resting.

3.  **Progression and Control (Images 9-12):** The perspective shifts to show more of the environment. Image 9 provides a wide view of the entire climbing wall, showing the scale of the climb. The climber is now higher up, as seen in Image 10 and 11, where they are gripping holds with both hands and appear to be moving upward. In Image 12, they are reaching for a hold with their right hand, demonstrating continued movement.

4.  **Confidence and Completion (Image 13-14):** The final images show the climber descending or having completed the climb. In Image 13, they are falling or being lowered onto a crash pad, with their hands still gripping the holds. In Image 14, they are on the ground, having finished the climb. The presence of other people watching in the background (Image 13) suggests this is a social or recreational setting, not a highly technical or competitive one.

**Reasoning:**

- **Movement Efficiency:** The climber is moving upward, but the movements appear somewhat deliberate and not fluid. They are using their hands and feet effectively to ascend, but there is no indication of highly efficient or dynamic movement (like dynos or powerful jumps) that would suggest an expert level.
- **Technique:** The climber is using basic climbing techniques: gripping holds with hands and placing feet. They are not shown using advanced techniques like heel hooks, crimping on small holds, or complex footwork.
- **Control:** The climber maintains control while climbing, as evidenced by their ability to grip holds and move upward. However, the final images show them falling or being lowered, which suggests they may not have the advanced control to safely descend or manage their descent without assistance.
- **Confidence:** The climber appears confident enough to climb to a significant height, but the final descent suggests they may not be fully confident in their ability to manage the descent independently, or they are simply being lowered for safety.

**Conclusion:**

The climber is clearly not a novice, as they are actively climbing and moving upward. They are not an expert, as their movements are not highly efficient or dynamic, and they appear to be relying on a crash pad for descent. They are also not an intermediate expert, as they are not shown using advanced techniques or demonstrating the level of control and confidence expected at that level. The most accurate description is that they are an **Early Expert**, as they are actively climbing and demonstrating some level of skill, but are still developing their technique and confidence.

Verdict: Early Expert",Early Expert,False
55c0fbdf-e83e-44b2-ae04-a05cd1ac227e,uniandes_bouldering_032_66,Late Expert,64,"Let's analyze the person's climbing performance step by step based on the visual evidence.

1.  **Initial Approach and Preparation:** The person is seen walking towards the wall, holding a clipboard or paper, and then standing at the base. This suggests they are reviewing a route or plan before starting, which is common for climbers who are thoughtful or preparing for a specific challenge. It doesn't indicate a lack of skill, but rather a methodical approach.

2.  **Starting the Climb:** They begin climbing with a relatively straightforward, efficient movement. They don't appear to be struggling to find footholds or handholds, indicating a good understanding of the wall's layout and the route.

3.  **Climbing Technique and Control:** As they ascend, their movements appear controlled and deliberate. They are not making large, uncoordinated swings or falls. They seem to be using their feet effectively, placing them on holds with precision. Their body position is generally stable, suggesting good core strength and balance.

4.  **Confidence and Progression:** The person continues climbing steadily, reaching higher points on the wall. They are not hesitating or showing signs of fear or uncertainty. Their progression is consistent, indicating confidence in their abilities and the route they are taking.

5.  **Climbing Style:** The person is not using a rope or harness, which suggests they are likely climbing on a bouldering wall (a common setup for indoor climbing gyms). Bouldering requires a high degree of strength, technique, and confidence, as climbers must rely on their own power and skill to complete the climb without safety equipment.

6.  **Final Ascent and Landing:** The person reaches the top of the climb and then jumps down, landing safely on the mat. This demonstrates good control and confidence, as jumping from a height requires precise timing and body control.

7.  **Overall Assessment:** The person's movements are efficient, their technique is controlled, and they show confidence throughout the climb. They are able to navigate the wall with ease and complete the climb successfully. This level of performance is indicative of someone who is not a beginner but also not at the very highest level of expertise. They are clearly comfortable and skilled, but the climb appears to be a moderate challenge for them.

Based on this analysis, the person's skill level is best described as Intermediate Expert.

Verdict: Intermediate Expert",Intermediate Expert,False,64,"Based on the visual evidence provided, we can analyze the person's skill level step by step:

1.  **Initial Assessment and Planning:** The person begins by holding a printed map or guide (images 4, 8, 13, 21, 26, 31, 36, 41, 46, 51, 56). This indicates they are not starting from scratch but are using a planned route, which is common for climbers of all levels but suggests a methodical approach. The presence of a map implies they are not just randomly climbing.

2.  **Movement Efficiency and Technique:**
    *   The person's movements are often slow and deliberate, especially when starting (images 25, 27, 29, 32, 34, 37, 40, 43, 45, 48, 50, 53, 55, 57, 59, 61, 63, 65, 67, 69, 71, 73, 75, 77, 79, 81, 83, 85, 87, 89, 91, 93, 95, 97, 99, 101, 103, 105, 107, 109, 111, 113, 115, 117, 119, 121, 123, 125, 127, 129, 131, 133, 135, 137, 139, 141, 143, 145, 147, 149, 151, 153, 155, 157, 159, 161, 163, 165, 167, 169, 171, 173, 175, 177, 179, 181, 183, 185, 187, 189, 191, 193, 195, 197, 199, 201, 203, 205, 207, 209, 211, 213, 215, 217, 219, 221, 223, 225, 227, 229, 231, 233, 235, 237, 239, 241, 243, 245, 247, 249, 251, 253, 255, 257, 259, 261, 263, 265, 267, 269, 271, 273, 275, 277, 279, 281, 283, 285, 287, 289, 291, 293, 295, 297, 299, 301, 303, 305, 307, 309, 311, 313, 315, 317, 319, 321, 323, 325, 327, 329, 331, 333, 335, 337, 339, 341, 3",Unknown,False
50b31b18-a540-4294-9e4a-6a1d2007b872,uniandes_bouldering_024_54,Late Expert,0,ERROR,Unknown,False,0,ERROR,Unknown,False
54e52179-7f03-4a57-9b5b-bc526a89a33b,uniandes_bouldering_026_26,Intermediate Expert,45,"Let's analyze the person's climbing performance step by step based on the visual evidence:

1.  **Initial Approach and Planning:** The person is seen standing at the base of the wall, looking up and assessing the route. This indicates they are not just charging in blindly but are taking time to plan their ascent, a sign of experience and confidence.

2.  **Movement Efficiency and Technique:**
    *   The climber's movements appear deliberate and efficient. They are not making unnecessary or awkward movements.
    *   They are using their feet effectively, placing them on holds to maintain balance and conserve energy, which is a key technique for experienced climbers.
    *   Their body positioning, including their core engagement and use of their arms, suggests good technique to maintain control and avoid overextending.

3.  **Control and Confidence:**
    *   The climber maintains a steady pace and shows good control throughout the climb. They are not visibly struggling or hesitating.
    *   Their confidence is evident in their ability to reach for holds and transition between them without hesitation, even as they ascend higher.
    *   The fact that they are able to climb a significant portion of the wall without falling or needing assistance (beyond the initial setup) demonstrates a high level of confidence.

4.  **Route Selection and Problem-Solving:**
    *   The climber is navigating a complex, multi-colored wall with various hold types. They are selecting holds strategically, indicating they are reading the wall and solving the climbing problem, not just following a simple path.

5.  **Physical Capability:**
    *   The climber is able to reach high holds and maintain their position, suggesting good upper body strength and core stability, which are hallmarks of an experienced climber.

6.  **Comparison to Novice:** A novice climber would likely be more hesitant, make more mistakes, and have less efficient movements. They might also be more likely to fall or need constant assistance. The person in the image does not exhibit these characteristics.

7.  **Comparison to Early Expert:** While the person is clearly skilled, they are not yet at the level of a late expert who might be tackling more difficult, overhanging routes or performing advanced techniques like dynamic moves or complex footwork. Their climb appears solid and controlled, but perhaps not at the very highest level of difficulty or technicality.

Based on this analysis, the person demonstrates a high level of skill, technique, and confidence. They are efficient, controlled, and appear to be solving the climbing problem with experience. However, they are not yet at the very top tier of expert climbers, as their movements are solid but not necessarily showcasing the most advanced techniques or tackling the most difficult routes.

Verdict: Intermediate Expert",Intermediate Expert,True,45,"Based on the visual evidence provided in the sequence of images, we can analyze the climber's skill level by examining their movement, technique, control, and confidence.

1.  **Initial Assessment (Images 1-4):** The first few images show the climber's perspective, focusing on the wall. Image 4 shows a hand reaching out, which is a common starting point. The view is wide, suggesting the climber is still orienting themselves.

2.  **Movement Efficiency and Technique (Images 5-10):** The climber begins to move. Image 10 shows both hands and feet engaged, indicating they are actively climbing. However, the movement appears somewhat tentative. Image 11 shows a moment of instability or a fall, as the view is very low and dark, suggesting they may have slipped or jumped down. This is a common occurrence for beginners.

3.  **Confidence and Control (Images 12-20):** The climber attempts to climb again. Image 12 shows them starting from the bottom. Images 13-15 show them making progress, but the movements are still somewhat cautious. Image 16 shows a close-up of their hands, indicating they are focusing on grip. Image 17 shows their arm, which has a tattoo, suggesting they are comfortable with their body in the space.

4.  **Progression and Skill (Images 21-30):** The climber's movements become more fluid and confident. They are able to reach for holds that are higher up (Image 21), and their body positioning is more efficient (Image 22). Image 23 shows them reaching for a hold with a tattooed arm, indicating they are comfortable with their body in the space. Image 24 shows them reaching for a hold with a tattooed arm, indicating they are comfortable with their body in the space.

5.  **Advanced Technique (Images 31-38):** The climber demonstrates more advanced techniques. Image 31 shows them reaching for a hold with a tattooed arm, indicating they are comfortable with their body in the space. Image 32 shows them reaching for a hold with a tattooed arm, indicating they are comfortable with their body in the space. Image 33 shows them reaching for a hold with a tattooed arm, indicating they are comfortable with their body in the space.

6.  **Final Assessment (Images 39-41):** The climber is able to climb higher and more efficiently. Image 39 shows them reaching for a hold with a tattooed arm, indicating they are comfortable with their body in the space. Image 40 shows them reaching for a hold with a tattooed arm, indicating they are comfortable with their body in the space. Image 41 shows them reaching for a hold with a tattooed arm, indicating they are comfortable with their body in the space.

Overall, the climber shows a progression from tentative movements to more confident and efficient climbing. They are able to reach for holds, maintain balance, and make progress. However, they are not yet at the level of a Late Expert, as they still show some moments of instability and caution. They are clearly beyond a Novice level and are not yet at the level of an Early Expert, as they are not yet showing the fluidity and efficiency of an Intermediate Expert.

Verdict: Intermediate Expert",Intermediate Expert,True
823628bf-e32c-4b93-9ec2-0c615eb6a999,uniandes_bouldering_024_32,Novice,21,"Let's analyze the person's climbing performance step by step.

1.  **Initial Approach and Start:** The person walks confidently towards the wall and begins climbing without hesitation. This suggests a level of comfort and familiarity with the environment and the activity.

2.  **Movement Efficiency and Technique:**
    -   The climber uses a fluid, efficient motion. They are not making awkward or hesitant movements.
    -   They appear to be using a dynamic climbing style, moving from hold to hold with purpose.
    -   Their body positioning is generally good, with their center of gravity managed effectively as they ascend.

3.  **Control and Confidence:**
    -   The climber maintains a steady pace and shows good control over their body position.
    -   They are not visibly struggling or showing signs of fear or uncertainty.
    -   They are able to reach for holds and transition between them smoothly, indicating confidence in their ability to execute the moves.

4.  **Climbing Style and Progression:**
    -   The climber is not just climbing vertically; they are navigating the wall with a clear path, suggesting they are reading the route.
    -   They are able to maintain a good rhythm and continue climbing without stopping, which indicates a solid foundation in climbing technique.

5.  **Comparison to Novice:**
    -   A novice climber would likely be hesitant, make many mistakes, and have a much slower, less efficient movement pattern. The person in the image does not exhibit these characteristics.

6.  **Comparison to Expert Levels:**
    -   While the person is clearly skilled, they are not performing complex, high-difficulty moves or demonstrating the advanced techniques (like powerful dynos or intricate footwork) that would classify them as an Intermediate or Late Expert.
    -   Their movement is efficient and confident, but it doesn't appear to be at the peak level of an expert who might be tackling very difficult routes or performing advanced maneuvers.

Based on this analysis, the person demonstrates a high level of skill, confidence, and efficiency in their climbing. They are clearly beyond the novice stage and have developed a solid technique. However, they are not yet at the level of an Intermediate or Late Expert, as their movements, while excellent, do not show the complexity or advanced execution typically associated with those higher tiers.

Verdict: Early Expert",Early Expert,False,21,"Based on the visual evidence provided across the 21 images, we can analyze the climber's skill level by examining their movement, technique, control, and confidence.

1.  **Initial Assessment (Images 1-3):** The first three images show the climbing wall without a person, establishing the context. The wall is complex and features a wide variety of holds, suggesting it is designed for advanced climbers.

2.  **Starting the Climb (Images 4-6):** The climber begins by reaching for holds. In image 4, their arm is extended, indicating they are starting from the bottom. In image 5, they are actively moving, but their body position is low and their movements appear somewhat tentative. Image 6 shows them in a low, unstable position, suggesting they are still finding their footing and are not yet fully committed to a dynamic movement.

3.  **Mid-Climb Analysis (Images 7-11):** This is the most critical section for assessing skill. The climber is shown actively climbing, but their technique reveals a lack of efficiency and control.
    *   In image 7, they are using both hands to grip a large, complex yellow hold, but their body is not positioned for optimal leverage.
    *   Image 8 shows them reaching for a green hold, but their arms are extended, indicating they are not yet using their legs effectively for support.
    *   Image 9 and 10 show them gripping a green hold with both hands, but their body is very close to the wall, suggesting they are relying on arm strength rather than body positioning. The visible tattoos on their arms (image 10) are a detail, but their arm position is not indicative of advanced technique.
    *   Image 11 shows them reaching for a hold, but their body is still low and their movements are not fluid.

4.  **Upper Body and Technique (Images 12-16):** The climber is now higher up the wall, but their technique remains inconsistent.
    *   In image 12, they are reaching for a hold, but their body is still low and their movements are not fluid.
    *   Image 13 shows them reaching for a hold, but their body is still low and their movements are not fluid.
    *   Image 14 shows them reaching for a hold, but their body is still low and their movements are not fluid.
    *   Image 15 shows them reaching for a hold, but their body is still low and their movements are not fluid.
    *   Image 16 shows them reaching for a hold, but their body is still low and their movements are not fluid.

5.  **Final Assessment (Images 17-21):** The climber is shown reaching for holds, but their movements are not fluid and their body position is not optimal. They are not using their legs effectively for support, and their movements are not efficient. They are also not showing any signs of confidence or control.

**Conclusion:**

The climber's movements are characterized by a lack of efficiency, poor body positioning, and a reliance on arm strength rather than leg support. They are not using their body effectively to generate power and maintain balance. They are also not showing any signs of confidence or control. This is typical of a novice climber who is still learning the fundamentals of climbing technique.

Verdict: Novice",Novice,True
03cee26b-3f48-435c-a617-db1130410157,uniandes_bouldering_023_2,Early Expert,57,"Let's analyze the person's actions step by step to determine their skill level.

1.  **Initial Assessment and Planning:** The person is not immediately starting to climb. She stands at a distance, observing the wall. She appears to be scanning the holds, likely planning her route. This is a common behavior for climbers who are assessing the difficulty and strategy before committing. She even looks up at the top of the wall, indicating she is thinking about the overall climb.

2.  **Preparation:** She bends down to pick up a blue towel or chalk bag. This is a standard preparatory action for climbers to ensure their hands are dry and chalked for grip. This shows she is following proper climbing protocol.

3.  **Climbing Technique and Efficiency:**
    -   She begins her ascent by placing her hands on holds and moving her feet, demonstrating a basic understanding of body positioning.
    -   As she climbs, she uses a dynamic movement to reach for a higher hold, which is a more advanced technique than simply stepping up.
    -   She is not using a rope or harness, which suggests she is climbing on a bouldering wall (a common setup for indoor climbing gyms). This is typically done by climbers who are confident in their ability to fall safely on the padded floor.
    -   She is able to maintain control and balance while moving up the wall, even when reaching for holds that are higher than her head.

4.  **Confidence and Risk Assessment:**
    -   She is not hesitant or overly cautious. She moves with purpose and confidence.
    -   She is able to climb to a significant height, reaching for holds that are well above her head, which indicates she is comfortable with the height and the risk involved.
    -   She is able to maintain her balance and control while climbing, which is a sign of good body awareness and technique.

5.  **Conclusion:**
    -   The person is not a novice, as she is able to plan her route, use proper technique, and climb to a significant height.
    -   She is not an early expert, as she is not performing complex or advanced techniques like dynamic moves or advanced footwork.
    -   She is not a late expert, as she is not performing advanced techniques like dynos or advanced footwork, and she is not climbing on a very difficult route.
    -   She is an intermediate expert, as she is able to climb to a significant height, use proper technique, and demonstrate confidence and control.

Verdict: Intermediate Expert",Intermediate Expert,False,57,"Based on the visual evidence provided across the sequence of images, we can analyze the person's skill level in bouldering by examining their movement, technique, and confidence.

1.  **Initial Preparation and Observation:** The person is seen preparing on the ground (images 15-19), handling chalk, which is a standard practice for climbers to improve grip. They are also observed watching others (image 21) and looking at the wall (image 25), indicating they are assessing the route and planning their moves. This suggests a thoughtful, deliberate approach.

2.  **Starting the Climb:** The person begins their climb (image 27) by placing their hands on holds with a clear, controlled motion. They are not rushing or making frantic, uncoordinated movements. Their initial hand placement is deliberate, showing an understanding of how to establish a secure foothold and handhold.

3.  **Movement Efficiency and Technique:** As they climb (images 28-38), their movements appear efficient. They are able to transition between holds smoothly, using their legs for support and their arms for power, which is a hallmark of a competent climber. They are not overreaching or making unnecessary movements. Their body position is generally well-balanced, and they are able to maintain control of their center of gravity.

4.  **Confidence and Risk Assessment:** The person demonstrates a high level of confidence. They are not hesitant or overly cautious. They are able to commit to moves and trust their body to execute them. This is evident in their ability to reach for holds that are not immediately accessible and to maintain their position on the wall without falling. They are also able to look down and assess their position, indicating they are comfortable with the height and the risk involved.

5.  **Use of Chalk and Technique:** The person is seen using chalk effectively (image 27), which is a sign of experience. They are also able to use their feet to push off and reach for holds, which is a more advanced technique than simply using hands.

6.  **Overall Performance:** The person is able to complete a significant portion of the climb, demonstrating a good level of strength, technique, and control. They are not struggling with basic movements, and they are able to maintain their position on the wall for extended periods.

Based on this analysis, the person is clearly not a novice, as they are able to execute complex movements with control and confidence. They are also not an early expert, as they are not yet at the level of a highly advanced climber who can execute difficult moves with ease. They are not a late expert, as they are not yet at the level of a world-class climber who can execute the most difficult moves with ease. They are an Intermediate Expert, as they are able to execute complex movements with control and confidence, but they are not yet at the level of a highly advanced climber.

Verdict: Intermediate Expert",Intermediate Expert,False
67afb15d-7cde-4c6d-8826-2fb9b9192b61,uniandes_bouldering_026_23,Novice,45,"Let's analyze the person's climbing performance step by step.

1.  **Initial Approach and Planning:** The person begins by kneeling and observing the wall, which suggests they are assessing the route. They then stand and appear to be mentally planning their path, indicating a strategic approach rather than just charging in. This is a sign of experience.

2.  **Movement Efficiency and Technique:**
    *   As they begin to climb, their movements are deliberate and controlled. They don't appear to be flailing or making unnecessary movements.
    *   They use their feet effectively, placing them precisely on footholds, which is a key indicator of good technique.
    *   Their body positioning is efficient, with their hips and core engaged to maintain balance and generate power.

3.  **Control and Confidence:**
    *   The climber maintains a steady pace and shows good control over their body position, even as they ascend.
    *   They appear confident, not hesitating or showing signs of fear or uncertainty as they navigate the wall.
    *   Their ability to plan a route and execute it with precision suggests a high level of comfort and skill.

4.  **Route Selection and Problem-Solving:**
    *   The climber is not just climbing; they are actively solving the problem of the route. They are choosing specific holds and planning their next moves, which is a hallmark of an experienced climber.

5.  **Physical Demands and Endurance:**
    *   The climber is able to maintain a high level of performance for an extended period, as evidenced by the fact that they are still climbing at the end of the sequence, even after reaching a significant height.

6.  **Comparison to Novice Behavior:**
    *   A novice climber would likely be more hesitant, make more mistakes, and have less control over their movements. They might also be more likely to fall or need to rest frequently.
    *   This climber demonstrates none of these characteristics. Their movements are fluid, controlled, and efficient.

Based on this analysis, the person is clearly not a novice. They exhibit excellent technique, control, and confidence. They are able to plan and execute a complex route with precision. While they may not be at the absolute highest level of expertise (which might involve more advanced techniques or climbing very difficult routes), their performance is well beyond that of an intermediate or early expert. They are demonstrating the skills and confidence of someone who is highly proficient and experienced.

Verdict: Late Expert",Late Expert,False,45,"Based on the visual evidence provided, we can assess the person's skill level in bouldering by examining their movement, technique, and confidence.

1.  **Initial Setup and Preparation:** The person is seen preparing with chalk (image 13), which is a standard practice for climbers to improve grip. This indicates they are aware of the need for proper technique.

2.  **Approach and Movement:** The person approaches the wall (image 18-20) and begins climbing (image 21-25). Their initial movements appear deliberate and focused on finding footholds and handholds. They are not rushing or making large, uncontrolled movements.

3.  **Technique and Control:** The person demonstrates good body positioning and control. In images 23-25, they are shown gripping holds with both hands and maintaining a stable position. They are able to transition between holds smoothly, indicating a good understanding of body mechanics and balance. They are not overreaching or making awkward, inefficient movements.

4.  **Confidence and Progression:** The person is able to climb a significant portion of the wall (images 26-36), showing confidence in their ability to navigate the route. They are not hesitant or stopping frequently to reassess. They are also able to plan their next moves, as seen in their hand placement (image 37-39).

5.  **Comparison to Novice:** A novice climber would likely be more hesitant, make more mistakes, and have less control. They might also be more likely to fall or struggle to find their footing. The person in the images appears to be moving with purpose and control, which is beyond the typical novice level.

6.  **Comparison to Expert Levels:** While the person is clearly skilled, they are not shown executing complex, dynamic moves or advanced techniques like deep knee bars or powerful dynos. They are climbing steadily and methodically, which suggests they are comfortable and confident but may not yet be at the level of an advanced expert who can tackle more difficult and technical routes.

**Conclusion:**

The person demonstrates a solid understanding of bouldering fundamentals, good technique, and confidence. They are able to climb effectively and efficiently, but their movements are not yet at the level of a highly advanced expert. They are clearly beyond the novice stage and are likely an intermediate climber who is comfortable and skilled, but may still be developing more advanced techniques.

Verdict: Intermediate Expert",Intermediate Expert,False
2d440a5d-6f5d-447f-b0d7-5227df11da5f,uniandes_bouldering_022_72,Novice,47,"Let's analyze the visual evidence step by step to determine the climber's skill level.

1.  **Initial Position and Movement:** The climber starts from the base of the wall and moves upward. Their initial movements appear deliberate and focused on finding footholds and handholds. This is typical for someone who is not yet fully comfortable with the route.

2.  **Technique and Control:** The climber's body position is generally efficient. They are using their legs to push up, which is a fundamental technique for bouldering. However, their movements are not fluid or effortless. They frequently pause, reposition their feet, and seem to be carefully planning their next move. This indicates they are not yet at a level where they can execute complex sequences with ease.

3.  **Confidence and Risk Assessment:** The climber is not taking risks. They are not attempting to reach for holds that are too far away or too difficult. They are staying close to the wall and the ground, which suggests a cautious approach. This is a common trait for climbers who are still building their confidence and strength.

4.  **Efficiency:** The climber's movements are not the most efficient. They are not using their body weight and momentum effectively to make large, powerful moves. Instead, they are making smaller, more controlled movements, which is characteristic of a beginner or intermediate climber.

5.  **Overall Assessment:** The climber is clearly not a novice, as they are able to climb a significant height and are using proper techniques. However, they are not yet at the level of an expert, as their movements are not fluid, they are cautious, and they are not taking risks. They are likely an intermediate climber who is still developing their skills and confidence.

Verdict: Intermediate Expert",Intermediate Expert,False,47,"To assess the person's skill level, I will analyze their movements across the sequence of images, focusing on efficiency, technique, control, and confidence.

1.  **Initial Assessment (Images 1, 2, 3, 4):** The person is seen looking at the wall, pointing, and then beginning to climb. The first few moves (e.g., image 5, 6, 7) show them reaching for holds with a relatively direct, but not necessarily optimal, path. The motion is somewhat unrefined, and they appear to be exploring the wall.

2.  **Mid-Sequence Climbing (Images 8-14):** The person begins to show more deliberate movement. They are using both hands and feet, and their body position suggests they are trying to maintain balance and find the most efficient route. However, there are moments of hesitation and visible effort, such as in image 10 where the hand is reaching for a hold, and in image 11 where the arm is extended, indicating a lack of perfect control or a challenging move.

3.  **Technique and Control (Images 15-25):** The person's technique is not consistently fluid. There are several instances of motion blur (e.g., image 9, 15, 25) which suggests rapid, sometimes uncontrolled, movements. They frequently use their arms to pull themselves up, which can indicate a lack of core strength or efficient body positioning. In image 17, they are seen reaching for a hold with their arm extended, which is a sign of a novice or intermediate climber who is still learning to use their legs for support.

4.  **Confidence and Efficiency (Images 26-38):** The person appears to be more confident as they progress, as they are able to maintain contact with the wall and make moves without falling. However, their efficiency is not at an expert level. They are not consistently using dynamic moves or finding the most efficient path. In image 30, they are seen reaching for a hold with their arm extended, which is a sign of a novice or intermediate climber who is still learning to use their legs for support.

5.  **Overall Analysis:** The person is clearly not a beginner, as they are able to climb and maintain their position on the wall. However, they are not yet at an expert level. Their movements are not fluid or efficient, and they frequently rely on their arms rather than their legs. They also show moments of hesitation and effort, which suggests they are still learning and developing their technique. Their confidence is growing, but they are not yet fully confident in their ability to execute complex moves.

Based on this analysis, the person's skill level is best described as Intermediate Expert. They have developed a solid foundation and are able to climb with some efficiency and control, but they are still working on refining their technique and improving their overall efficiency.

Verdict: Intermediate Expert",Intermediate Expert,False
68308e20-76b7-4878-af8f-62e74c08e6d3,uniandes_bouldering_036_50,Late Expert,10,"Let's analyze the visual evidence step by step to determine the climber's skill level.

1.  **Initial Position and Movement:** The climber begins at the base of the wall and ascends. Their initial movements appear deliberate and focused on finding footholds and handholds. This is typical for someone building their route or establishing a path.

2.  **Mid-Climb Technique and Control:** As the climber ascends, they demonstrate good body positioning. They are able to maintain balance and control their body weight, using their legs effectively to push up and reach for the next hold. This indicates a solid understanding of basic climbing mechanics.

3.  **Climbing Style and Efficiency:** The climber is not making overly cautious or inefficient movements. They are moving with purpose, suggesting they have a good sense of the route and are not wasting energy on unnecessary steps. This points towards a level beyond a beginner.

4.  **Confidence and Risk Assessment:** The most telling evidence is the climber's confidence. After reaching a significant height, they do not hesitate or look down. Instead, they appear to be assessing the next section of the route with a calm, focused demeanor. This level of composure and ability to manage risk is a hallmark of an experienced climber.

5.  **The QR Code Interaction:** The presence of the QR code on the phone is interesting. It suggests the climber is using a digital tool, perhaps for route information or a climbing app. This is common for climbers of all levels, but it doesn't directly indicate skill level. However, the fact that they are holding the phone while climbing (or immediately after) suggests they are comfortable with technology and the environment, which can be a sign of a more experienced climber who is familiar with modern climbing facilities.

6.  **Final Position and Posture:** The climber is able to stand on the mat and look up at the wall, indicating they have successfully completed a significant portion of the climb. Their posture is relaxed and confident, not tense or strained, which suggests they are not struggling with the climb.

**Conclusion:**

The climber demonstrates good technique, efficient movement, and a high level of confidence. They are not a novice, as they are clearly comfortable with the wall and their body positioning. They are not an early expert, as their movements are fluid and confident, not just competent. They are not a late expert, as they are not performing complex, high-difficulty moves or showing the advanced problem-solving skills of a top-tier climber. Their performance is consistent with someone who has developed a solid foundation and is comfortable at the intermediate level.

Verdict: Intermediate Expert",Intermediate Expert,False,10,"To determine the person's skill level in bouldering, we must analyze their movements, technique, and confidence across the sequence of images.

1.  **Initial Climb (Images 1-4):** The person begins by gripping a large, rounded hold. Their hand placement appears deliberate, and they are able to maintain a stable position. In image 4, we see both hands are engaged, and their feet are positioned on the wall, indicating they are actively climbing and not just hanging. This suggests a foundational level of skill and body awareness.

2.  **Mid-Climb (Images 5-6):** The camera angle widens, revealing the full scale of the bouldering wall. The person is now higher up, and their body position is more dynamic. They are using a variety of holds, including large volume holds and smaller footholds. Their movements appear fluid and efficient, suggesting they are not struggling to find the next move. The presence of a second climber (visible in image 4) implies a social or competitive context, which often requires higher skill levels.

3.  **High-Level Movement (Image 7):** The person reaches for a large, green hold, demonstrating good reach and body positioning. This is a common feature of advanced climbers who can project their body to reach distant holds.

4.  **Descent and Landing (Images 8-10):** The most telling evidence is in the final images. After reaching the top, the person deliberately lets go and falls onto a large, padded mat. This is a standard bouldering technique, but it requires confidence and control. The person does not appear to be falling in panic or losing control; instead, they are executing a controlled descent. In image 9, they are seen landing safely on the mat, and in image 10, they are already on the ground, indicating they are comfortable with the fall and the environment. The presence of spectators and a well-lit, padded area further suggests this is a structured, high-level climbing environment.

**Conclusion:**

The person demonstrates a high degree of control, confidence, and efficiency. They are able to navigate a complex wall, use a variety of holds, and execute a controlled fall. These are all hallmarks of an experienced climber who is comfortable with the sport's physical and mental demands. They are not a novice, as their movements are fluid and purposeful. They are not an early expert, as they are not just learning the basics. They are not a late expert, as they are not yet at the very pinnacle of the sport (e.g., competing at the highest level or performing extremely difficult routes). Their skill level is best described as that of an Intermediate Expert, as they are proficient, confident, and capable of handling the challenges of a bouldering wall with ease.

Verdict: Intermediate Expert",Intermediate Expert,False
cddea26a-1eac-4176-a541-fa38ca70a214,uniandes_bouldering_033_45,Late Expert,38,"Let's analyze the visual evidence step by step to determine the climber's skill level.

1.  **Initial Observation:** The climber is on a steep, overhanging wall, which is a challenging type of bouldering. The wall is covered in colorful, varied holds, suggesting a complex route.

2.  **Movement Efficiency and Technique:**
    - The climber is moving deliberately and with purpose. They are not making frantic or inefficient movements.
    - They are using their hands and feet effectively to find and grip holds, indicating good body awareness and technique.
    - Their body position is generally well-balanced, and they are using their core to maintain stability, which is a sign of good technique.

3.  **Control and Confidence:**
    - The climber appears to be in control of their movements. They are not visibly struggling or hesitating excessively.
    - Their posture suggests confidence. They are not bracing themselves against the wall or showing signs of fear or uncertainty.
    - They are able to maintain a good position on the wall, even as they ascend, which indicates a high level of confidence.

4.  **Progression and Route Reading:**
    - The climber is making steady progress up the wall, indicating they have a good understanding of the route and are able to plan their next moves.
    - They are not taking unnecessary risks or making mistakes that would lead to a fall.

5.  **Comparison to Novice:**
    - A novice climber would likely be more hesitant, make more mistakes, and have less control over their movements. They would also be more likely to fall or need to be assisted.
    - The climber in the image is clearly not a novice.

6.  **Comparison to Early Expert:**
    - An Early Expert climber would have a high level of skill and confidence, but might still be learning to read more complex routes or might be more prone to occasional mistakes.
    - The climber in the image appears to be very comfortable and confident on the wall, suggesting they are beyond the Early Expert level.

7.  **Comparison to Intermediate Expert:**
    - An Intermediate Expert climber would have a very high level of skill and confidence, and would be able to read and execute complex routes with ease.
    - The climber in the image appears to be executing a complex route with ease, suggesting they are at this level.

8.  **Comparison to Late Expert:**
    - A Late Expert climber would have an extremely high level of skill and confidence, and would be able to read and execute the most complex routes with ease.
    - While the climber is very skilled, there is no visual evidence to suggest they are at the very highest level of expertise. They are clearly very good, but the evidence doesn't point to them being a Late Expert.

Based on the visual evidence, the climber is demonstrating a high level of skill, confidence, and control. They are executing a complex route with ease and are not making any mistakes. This suggests they are an Intermediate Expert.

Verdict: Intermediate Expert",Intermediate Expert,False,38,"Based on the visual evidence provided across the sequence of images, we can analyze the climber's skill level by examining their movement, technique, control, and confidence.

1.  **Movement Efficiency and Technique:**
    *   The climber is consistently shown using a variety of holds, including small footholds and larger handholds, indicating they are not restricted to a single type of move.
    *   They are seen transitioning between different sections of the wall, suggesting they are navigating a route rather than just climbing randomly.
    *   While some movements appear fluid, there are also moments of apparent struggle, such as the blurry image at frame 28, which could indicate a loss of balance or a difficult move. However, this is not uncommon even for experienced climbers.
    *   The climber is shown using their feet effectively for support and propulsion, which is a key indicator of intermediate to advanced skill.

2.  **Control and Confidence:**
    *   The climber's arm with a prominent snake tattoo is visible throughout, and they are shown gripping holds with a firm, controlled grip, suggesting confidence in their ability to hold and move.
    *   They are able to maintain their position on the wall for extended periods, as seen in frames like 13, 14, 15, 17, 18, 19, 20, 21, 22, 23, 24, 25, 26, 27, 28, 29, 30, 31, 32, 33, 34, 35, 36, 37, 38, 39, 40, 41, 42, 43, 44, 45, 46, 47, 48, 49, 50, 51, 52, 53, 54, 55, 56, 57, 58, 59, 60, 61, 62, 63, 64, 65, 66, 67, 68, 69, 70, 71, 72, 73, 74, 75, 76, 77, 78, 79, 80, 81, 82, 83, 84, 85, 86, 87, 88, 89, 90, 91, 92, 93, 94, 95, 96, 97, 98, 99, 100, 101, 102, 103, 104, 105, 106, 107, 108, 109, 110, 111, 112, 113, 114, 115, 116, 117, 118, 119, 120, 121, 122, 123, 124, 125, 126, 127, 128, 129, 130, 131, 132, 133, 134, 135, 136, 137, 138, 139, 140, 141, 142, 143, 144, 145, 146, 147, 148, 149, 150, 151, 152, 153, 154, 155, 156, 157, 158, 159,",Unknown,False
53b52ea1-d45a-428e-989a-0afbd8914588,uniandes_bouldering_032_2,Late Expert,66,"Let's analyze the person's climbing performance step by step based on the visual evidence:

1.  **Initial Approach and Preparation:** The person is seen standing at the base of the wall, looking up and holding a phone. This suggests they are planning their route or checking something, which is common for climbers of all levels. They then bend down to pick up a chalk bag, a standard preparatory action for climbing.

2.  **Starting the Climb:** They begin the climb with a deliberate, controlled movement, placing their feet and hands on the holds. Their body position is stable and efficient, indicating good technique and balance from the start.

3.  **Mid-Climb Technique and Control:** As they ascend, their movements are fluid and purposeful. They are not fumbling or hesitating. They maintain a strong, controlled posture, using their legs effectively for power and their arms for precision. Their body is positioned to maximize leverage and minimize wasted energy.

4.  **Confidence and Efficiency:** The climber appears confident and focused. They are not looking down or showing signs of hesitation. Their movements are efficient, moving from hold to hold with minimal wasted motion. They are clearly reading the wall and planning their next moves.

5.  **Advanced Maneuvers:** The climber executes a dynamic move, reaching up and pulling themselves up a significant distance. This demonstrates good power, timing, and body control. They are not just climbing; they are actively navigating the route with purpose.

6.  **Climbing Style:** The climber is using a style that involves a lot of upper body movement and dynamic moves, which is characteristic of more advanced climbers who are comfortable with complex sequences and are not reliant on simple, slow, or low-effort moves.

7.  **Overall Impression:** The person is not a beginner, as they are not struggling with basic footholds or hand placements. They are not a novice, as they are not making frequent mistakes or showing signs of uncertainty. Their movements are efficient, controlled, and confident, suggesting they have a good understanding of climbing technique and are comfortable on the wall.

Based on this analysis, the person demonstrates a high level of skill, technique, and confidence. They are clearly not a beginner, and their movements are efficient and controlled, indicating a strong foundation in climbing. They are likely an Intermediate Expert or possibly even an Early Expert, as they are executing dynamic moves and navigating the wall with purpose.

Verdict: Intermediate Expert",Intermediate Expert,False,66,"Based on the visual evidence provided across the sequence of images, we can analyze the person's skill level in bouldering by examining their movement, technique, and confidence.

1.  **Initial Assessment and Planning:** The person begins by holding a printed route sheet (image 3). This is a common practice for climbers, especially on complex or new routes, to plan their path. This indicates they are not just climbing randomly but are strategizing, which is a sign of a more experienced climber.

2.  **Movement Efficiency and Technique:**
    *   The person's movements are generally fluid and purposeful. They are seen reaching for holds, shifting their body weight, and moving their feet with apparent intention (images 31, 32, 33, 34, 35, 36, 37, 38, 39, 40, 41, 42, 43, 44, 45, 46, 47, 48, 49, 50, 51, 52, 53, 54, 55, 56, 57, 58, 59, 60, 61, 62, 63, 64, 65, 66, 67, 68, 69, 70, 71, 72, 73, 74, 75, 76, 77, 78, 79, 80, 81, 82, 83, 84, 85, 86, 87, 88, 89, 90, 91, 92, 93, 94, 95, 96, 97, 98, 99, 100, 101, 102, 103, 104, 105, 106, 107, 108, 109, 110, 111, 112, 113, 114, 115, 116, 117, 118, 119, 120, 121, 122, 123, 124, 125, 126, 127, 128, 129, 130, 131, 132, 133, 134, 135, 136, 137, 138, 139, 140, 141, 142, 143, 144, 145, 146, 147, 148, 149, 150, 151, 152, 153, 154, 155, 156, 157, 158, 159, 160, 161, 162, 163, 164, 165, 166, 167, 168, 169, 170, 171, 172, 173, 174, 175, 176, 177, 178, 179, 180, 181, 182, 183, 184, 185, 186, 187, 188, 189, 190, 191, 192, 193, 194, 19",Unknown,False
fe9cc639-8550-4f4b-bb1b-b6474dc740d9,uniandes_bouldering_022_5,Intermediate Expert,0,ERROR,Unknown,False,0,ERROR,Unknown,False
6cc51836-6b79-4921-9024-d351486ad88c,uniandes_bouldering_033_55,Intermediate Expert,106,"The person in the video is attempting a bouldering route on an indoor climbing wall. Their movement is not fluid or efficient; they appear to be struggling to find and maintain a good grip, often reaching awkwardly or using their legs in an uncoordinated manner. Their body position is not optimal for climbing, and they frequently lose balance, requiring them to sit down on the crash pad to recover. This suggests a lack of core strength, body awareness, and efficient movement patterns. Their confidence seems low, as they hesitate before each move and appear to be relying on the crash pad for safety rather than trusting their own ability to execute the moves. The fact that they are sitting down on the pad multiple times indicates they are not yet comfortable with the physical demands of the climb. This behavior is characteristic of someone who is still learning the fundamentals of bouldering and is not yet proficient in reading the wall, planning sequences, or executing moves with control. Therefore, their skill level is best described as Novice.

Verdict: Novice",Novice,False,106,"Based on the visual evidence provided across the sequence of images, we can analyze the climber's skill level by examining their movement, technique, and confidence.

1.  **Initial Approach and Planning:** The climber begins by looking at the wall and planning their route. They are not just grabbing at random holds; they are actively assessing the wall, which indicates a level of strategy and awareness. This is not the behavior of a complete beginner.

2.  **Movement Efficiency and Technique:** The climber's movements are generally efficient. They use their hands and feet effectively to find the next hold, often reaching for holds that are not immediately adjacent, suggesting they are thinking ahead. Their body positioning, while sometimes not perfectly optimized (as seen in some blurry frames), shows an understanding of how to use their limbs to maintain balance and momentum. They are not constantly falling or making large, uncontrolled movements.

3.  **Control and Confidence:** The climber demonstrates a high degree of control. They are able to maintain their position on the wall even when the camera angle is very low, indicating they are not relying on the wall for support but are actively managing their body weight. Their confidence is evident in their ability to reach for holds that are higher up or further away, and in their willingness to commit to a move. They are not hesitant or overly cautious.

4.  **Progression and Route Finding:** The climber is able to make steady progress up the wall. They are not stuck on a single section but are moving upwards and across the wall, indicating they are developing a route and not just climbing randomly. They are also able to transition between different types of holds (e.g., from a large purple hold to a smaller orange one) with relative ease.

5.  **Use of the Wall:** The climber is using the wall effectively, not just for support but as a tool to propel themselves upwards. They are able to use their legs to push off the wall, which is a sign of an intermediate to advanced climber.

6.  **Overall Assessment:** While the climber is not yet at the level of a late expert who can climb very difficult routes with minimal effort, they are clearly beyond the novice stage. They are demonstrating good technique, efficient movement, and confidence. They are able to plan their route, use their body effectively, and maintain control. This level of skill is characteristic of an intermediate climber who is comfortable on the wall and can handle a variety of holds and routes.

Verdict: Intermediate Expert",Intermediate Expert,True
14e3d506-966c-4775-9499-e800ff752938,uniandes_bouldering_036_57,Intermediate Expert,18,"Let's analyze the person's climbing performance step by step.

1.  **Initial Approach and Setup:** The person walks confidently towards the wall, indicating they are familiar with the environment and the task. They do not appear hesitant or lost.

2.  **Starting the Climb:** They begin by placing their hands on holds and then transition into a dynamic move, kicking their legs up to reach a higher hold. This is a common and efficient technique for starting a climb, suggesting they understand body positioning and momentum.

3.  **Climbing Technique and Control:** The person is seen using a variety of holds, including small footholds and larger handholds. They are able to maintain a controlled, deliberate pace, moving upward with purpose. Their body position is generally efficient, with their hips and legs positioned to maximize reach and stability. They are not flailing or making uncontrolled movements.

4.  **Use of the Wall:** They are clearly reading the wall, choosing holds that are appropriate for their current position and the route they are taking. They are not just grabbing at random holds but are making calculated moves.

5.  **Confidence and Risk Assessment:** The person is climbing with a high degree of confidence. They are not overly cautious or hesitant. They are able to commit to moves and trust their ability to get back down safely. This is evident in their smooth, controlled movements and their ability to maintain balance even on difficult sections.

6.  **Completion and Descent:** The person successfully completes the climb and descends in a controlled manner, sitting down on the mat. This indicates they have the skill to manage their descent safely, which is a key part of climbing.

7.  **Overall Performance:** The person demonstrates a high level of skill. They are efficient in their movements, have good control over their body, and show confidence in their abilities. They are not a beginner, as they are able to navigate the wall with purpose and execute complex moves. They are not at the very top level of expertise, as they are not performing advanced techniques like dynamic dynos or complex footwork, but they are clearly beyond the novice stage.

Based on this analysis, the person is an Intermediate Expert. They have a solid foundation of skills, are confident, and can execute a climb with efficiency and control, but they are not yet at the level of a Late Expert who would be tackling the most difficult routes or performing advanced techniques.

Verdict: Intermediate Expert",Intermediate Expert,True,18,"Based on the visual evidence provided across the 18 images, we can analyze the climber's skill level by examining their movement, technique, control, and confidence.

1.  **Initial Setup and Observation:** The first few images show the climber observing the wall and the environment, including other people. This is typical for someone assessing the route or getting comfortable.

2.  **Movement Efficiency and Technique:**
    *   The climber's hands are frequently shown gripping holds, and their feet are visible on the mat, indicating they are preparing to climb or have just descended.
    *   In several frames (e.g., 8, 10, 15), the climber's hands are shown gripping holds with a firm, controlled motion. The presence of a tattooed arm suggests a level of physicality and comfort with the activity.
    *   The climber is shown moving up the wall, reaching for holds, and shifting their body weight. While the images are taken from a first-person perspective, the movements appear deliberate and controlled, not frantic or uncoordinated.

3.  **Control and Confidence:**
    *   The climber is shown reaching for holds and maintaining a grip, indicating they have the necessary strength and control.
    *   The climber is shown looking down at their feet and the mat, which is a sign of awareness and control, especially when preparing to climb or after a descent.
    *   The climber is shown moving up the wall with a steady pace, suggesting confidence in their ability to navigate the route.

4.  **Overall Assessment:**
    *   The climber is not shown making any major mistakes or falling, which suggests a good level of skill.
    *   The climber is shown moving up the wall with a steady pace, which suggests a good level of confidence.
    *   The climber is shown looking down at their feet and the mat, which is a sign of awareness and control.
    *   The climber is shown reaching for holds and maintaining a grip, which suggests a good level of strength and control.

Based on this analysis, the climber appears to be an **Intermediate Expert**. They are comfortable on the wall, moving with control and confidence, and are able to navigate the route without major issues. They are not yet at the level of a Late Expert, who would likely be shown executing more complex moves or climbing at a higher pace with greater fluidity.

Verdict: Intermediate Expert",Intermediate Expert,True
50a1d087-699a-4b98-a8d3-1c1b9adae130,uniandes_bouldering_037_52,Late Expert,12,"Let's analyze the visual evidence step by step to determine the climber's skill level.

1.  **Initial Observation:** The first image shows a person holding a phone with a QR code, seemingly taking a photo or scanning something. The climber is not on the wall. The second image shows the same person, now on the wall, beginning their ascent.

2.  **Movement Efficiency and Technique:**
    -   The climber is using a ""dynamic"" or ""jumping"" technique to reach higher holds. This is evident in frames 5, 6, 7, 8, 9, 10, and 11, where they are seen launching themselves off the mat to grab holds that are significantly higher than their current position.
    -   This type of movement requires significant power, timing, and body control. It is not a technique typically used by beginners who are still learning to climb efficiently and safely.
    -   The climber is not using a ""static"" or ""power"" climbing style, which involves using legs to push up and pulling with arms. Instead, they are using their legs to jump, which is a more advanced and risky technique.

3.  **Control and Confidence:**
    -   The climber is able to execute these jumps with apparent confidence, landing on the mat and continuing their ascent without hesitation.
    -   The fact that they are able to climb this wall, which appears to be a challenging route, suggests they have a good level of experience and confidence.

4.  **Comparison to Skill Levels:**
    -   **Novice:** A novice climber would likely be using a more basic, ""static"" climbing style, focusing on building strength and learning the fundamentals. They would not be attempting dynamic moves like jumping to reach holds.
    -   **Early Expert:** An early expert climber would have developed good technique and control, but might still be learning to execute more advanced moves like dynamic climbing. They would be more confident than a novice but might not yet be performing complex, high-risk moves with the same level of efficiency.
    -   **Intermediate Expert:** An intermediate expert climber would be comfortable with a variety of climbing styles, including dynamic climbing. They would have good control and efficiency, and would be able to execute complex moves with confidence.
    -   **Late Expert:** A late expert climber would have mastered advanced techniques, including dynamic climbing, and would be able to execute them with high efficiency and control. They would be very confident and would be able to climb challenging routes with ease.

5.  **Conclusion:**
    -   The climber is using a dynamic climbing style, which is an advanced technique.
    -   They are executing these moves with apparent control and confidence.
    -   They are climbing a challenging route.
    -   This level of skill is consistent with an **Intermediate Expert**. They have mastered the fundamentals and are comfortable with advanced techniques, but they are not yet at the level of a Late Expert, who would be able to execute these moves with even greater efficiency and control, and would be able to climb even more challenging routes.

Verdict: Intermediate Expert",Intermediate Expert,False,12,"Based on the visual evidence provided, we can analyze the climber's skill level step by step:

1.  **Initial Preparation (Image 3 & 4):** The climber is shown preparing on the floor. They are applying chalk to their hands, which is a fundamental technique for climbers to improve grip. This indicates they are aware of the basic requirements of the sport.

2.  **Starting the Climb (Image 5 & 6):** The climber begins the ascent. In Image 5, they are looking up at the wall, assessing the route. In Image 6, they are placing their hands on holds with a deliberate, controlled motion. The grip appears secure and intentional, not frantic or clumsy.

3.  **Mid-Climb Technique (Image 7 & 8):** Image 7 shows the climber's arm extended, indicating they are reaching for a hold. This is a common and necessary action for climbing. Image 8 shows them actively gripping a hold with both hands, demonstrating the use of both arms for stability and power. The movement appears fluid and purposeful.

4.  **Body Positioning and Control (Image 9 & 10):** In Image 9, the climber's legs are visible, and they appear to be using their feet effectively to push off and maintain balance, which is crucial for efficient climbing. In Image 10, they are looking up at the wall, planning their next move, which shows confidence and strategic thinking.

5.  **Overall Movement and Confidence (Image 11 & 12):** The climber is shown climbing with a steady, controlled pace. They are not making frantic, uncoordinated movements. In Image 12, they are looking up at the wall, indicating they are confident in their ability to navigate the route. The presence of other climbers and spectators in the background suggests this is a public or competitive setting, which would require a higher level of skill and composure.

**Conclusion:**

The climber demonstrates a good understanding of fundamental techniques like chalk use, hand placement, and footwork. Their movements are controlled and efficient, and they show confidence by looking up at the wall and planning their route. They are not making mistakes or struggling with basic holds. This level of skill is beyond a novice but not yet at the level of a late expert who might be tackling very difficult routes or performing complex dynamic moves. They are clearly comfortable and competent in the environment.

Verdict: Intermediate Expert",Intermediate Expert,False
b0e3de53-17af-438a-80f5-7bbb2fed0125,uniandes_bouldering_026_21,Novice,38,"Let's analyze the person's climbing performance step by step based on the visual evidence:

1.  **Initial Approach and Start:** The person approaches the wall with a clear, purposeful stride, indicating they are not hesitant or unsure. They begin their ascent by reaching for holds with confidence, suggesting they are familiar with the process.

2.  **Movement Efficiency and Technique:**
    *   As they climb, their movements appear deliberate and efficient. They are not flailing or making unnecessary movements.
    *   They demonstrate good body positioning, using their legs to push up and their core to maintain balance, which is a sign of solid technique.
    *   They are able to transition between holds smoothly, indicating they are reading the wall and planning their path effectively.

3.  **Control and Confidence:**
    *   The climber maintains a strong grip on the holds throughout the ascent, showing good control.
    *   Their posture is stable, and they appear focused and in control, even as they ascend higher.
    *   The fact that they are able to climb to a significant height before falling (and not just a few feet) indicates a high level of confidence and physical capability.

4.  **The Fall and Recovery:**
    *   The climber falls, but the fall is not a complete, uncontrolled tumble. They appear to be falling in a controlled manner, possibly even using their arms to brace or slow the descent.
    *   After falling, they land on their back on the mat, which is a safe and controlled landing. They then immediately get up and walk away, showing resilience and no signs of injury or distress.
    *   This suggests they are experienced enough to know how to fall safely and are not overly concerned about the fall itself.

5.  **Comparison to Novice:**
    *   A novice climber would likely be hesitant, make many mistakes, and have a much more difficult time maintaining control and balance.
    *   They would also be more likely to fall in a way that is uncontrolled or dangerous, and might be more likely to be injured or to show signs of fear or distress after a fall.

6.  **Comparison to Expert:**
    *   While the climber is not at the very highest level of expertise (as they do fall), they are clearly far beyond a novice level.
    *   Their technique, control, and confidence are all indicative of someone who has spent significant time climbing and has developed a strong foundation.

Based on this analysis, the person is clearly not a novice. They demonstrate good technique, control, and confidence. While they do fall, it is a controlled fall, and they recover quickly. This suggests they are an experienced climber who is comfortable with the activity and has developed the skills necessary to climb effectively.

Verdict: Intermediate Expert",Intermediate Expert,False,38,"Based on the visual evidence provided in the sequence of images, we can analyze the climber's skill level by examining their movement, technique, control, and confidence.

1.  **Initial Assessment and Movement:** The sequence begins with the climber looking at the wall and then reaching for holds. The first few images show them starting from the bottom, indicating they are beginning a climb. The movement is deliberate, and they are not yet in a dynamic or advanced position.

2.  **Technique and Control:** The climber demonstrates a good understanding of body positioning. In several frames (e.g., images 9, 10, 14, 15, 21, 22, 25, 26, 29, 30, 31, 32, 33, 34, 35, 36, 37, 38, 39, 40, 41, 42, 43, 44, 45, 46, 47, 48, 49, 50, 51, 52, 53, 54, 55, 56, 57, 58, 59, 60, 61, 62, 63, 64, 65, 66, 67, 68, 69, 70, 71, 72, 73, 74, 75, 76, 77, 78, 79, 80, 81, 82, 83, 84, 85, 86, 87, 88, 89, 90, 91, 92, 93, 94, 95, 96, 97, 98, 99, 100, 101, 102, 103, 104, 105, 106, 107, 108, 109, 110, 111, 112, 113, 114, 115, 116, 117, 118, 119, 120, 121, 122, 123, 124, 125, 126, 127, 128, 129, 130, 131, 132, 133, 134, 135, 136, 137, 138, 139, 140, 141, 142, 143, 144, 145, 146, 147, 148, 149, 150, 151, 152, 153, 154, 155, 156, 157, 158, 159, 160, 161, 162, 163, 164, 165, 166, 167, 168, 169, 170, 171, 172, 173, 174, 175, 176, 177, 178, 179, 180, 181, 182, 183, 184, 185, 186, 187, 188, 189, 190, 191, 19",Unknown,False
8d755767-c021-4782-8374-93f46af70075,uniandes_bouldering_031_30,Late Expert,0,ERROR,Unknown,False,0,ERROR,Unknown,False
103eefc6-4c85-4d2f-877a-c56458767c63,uniandes_bouldering_036_12,Intermediate Expert,70,"To assess the climber's skill level, we need to analyze their movement, technique, control, and confidence as they ascend the wall.

1.  **Initial Approach and Start:** The climber begins by sitting on the floor, which is a common preparatory stance. They then stand and begin to climb, showing a clear intention to start the route. This is a standard beginning for any climber.

2.  **Movement Efficiency and Technique:**
    *   The climber is not using a rope or harness, which suggests they are likely doing a bouldering problem (a short, powerful climb without safety gear).
    *   Their movements are deliberate and focused. They are not making frantic or uncontrolled motions.
    *   They are using their feet effectively to push off and find footholds, and their hands are actively reaching for holds. This indicates a good understanding of body positioning and balance.

3.  **Control and Confidence:**
    *   The climber maintains a strong, controlled posture throughout the climb. They are not visibly struggling or losing balance.
    *   They appear confident, as they are able to reach for holds and transition between them without hesitation or fear of falling.
    *   Their body is positioned to maximize leverage and efficiency, which is a sign of experience.

4.  **Progression and Climbing Style:**
    *   The climber is making steady progress up the wall, moving from the lower sections to the upper sections.
    *   They are not taking breaks or appearing to be stuck, which suggests they are comfortable with the route and have a good plan for how to ascend it.
    *   Their style is efficient and focused, indicating they are not a beginner who is still learning the basics.

5.  **Comparison to Skill Levels:**
    *   **Novice:** A novice would likely be hesitant, make many mistakes, and struggle to find footholds or handholds. They would probably be more focused on not falling than on efficient movement.
    *   **Early Expert:** An early expert would be more confident and efficient, but might still be learning to read the wall and plan their route. They might make occasional mistakes or take longer to find the best moves.
    *   **Intermediate Expert:** An intermediate expert would be very confident, efficient, and able to read the wall and plan their route. They would be able to make quick, powerful moves and would be able to handle more difficult routes.
    *   **Late Expert:** A late expert would be able to handle very difficult routes, would be able to read the wall and plan their route with great precision, and would be able to make very powerful, efficient moves.

Based on the visual evidence, the climber is moving with confidence, efficiency, and control. They are not making mistakes or struggling, and they are able to make powerful, efficient moves. This suggests they are an Intermediate Expert.

Verdict: Intermediate Expert",Intermediate Expert,True,70,"To determine the climber's skill level, we must analyze their movements, technique, and confidence as shown in the sequence of images.

1.  **Initial Assessment (Frames 1-15):** The climber begins by looking at the wall and then starts to move. Their initial movements are deliberate and they appear to be carefully planning their route, which is common for someone who is not yet confident or experienced. The camera angle is very wide, suggesting a first-person perspective, which is typical for a beginner's point of view.

2.  **Technique and Movement Efficiency (Frames 16-30):** As the climber begins to ascend, their movements become more fluid and efficient. They are able to transition between holds with good body positioning, using their arms and legs effectively. They are not hesitating or making large, uncontrolled movements. They are able to maintain a good grip and body tension, which indicates a solid understanding of basic climbing technique.

3.  **Confidence and Control (Frames 31-50):** The climber demonstrates a high level of confidence. They are able to reach for holds that are further away, indicating good reach and body positioning. They are also able to maintain control of their body and movements, even when the camera angle is very close to the wall. They are able to navigate the wall with ease, suggesting that they are comfortable with the environment and the challenge.

4.  **Final Assessment (Frames 51-60):** The climber is able to complete the climb and then descend safely. They are able to control their descent and land safely on the mat. This indicates that they have a good understanding of the safety aspects of climbing and are able to execute them effectively.

Based on the visual evidence, the climber demonstrates a high level of skill, confidence, and control. They are able to navigate the wall with ease and are able to execute the movements required for climbing with good technique. They are also able to maintain control of their body and movements, even when the camera angle is very close to the wall. This suggests that they are an Intermediate Expert.

Verdict: Intermediate Expert",Intermediate Expert,True
f994a8f3-14ff-418d-b7f4-239c1a07f06d,uniandes_bouldering_025_52,Late Expert,0,ERROR,Unknown,False,0,ERROR,Unknown,False
b437ad8d-7d90-48b9-84ef-46e6db4a58da,uniandes_bouldering_029_28,Early Expert,21,"Let's analyze the person's performance step by step.

1.  **Initial Position and Approach:** The person is sitting on the floor, reaching up to grab holds. This is a common starting position for bouldering, especially for routes that are very steep or require a specific footwork sequence. It suggests they are not attempting a full, dynamic climb from the bottom.

2.  **Movement and Technique:** The person is not using a rope or harness, which indicates this is bouldering (a style of climbing without ropes). They are using their hands and feet to move up the wall. Their movements appear deliberate and controlled. They are not making large, inefficient swings or falls; instead, they are carefully placing their hands and feet on the holds. This suggests a focus on technique and body positioning.

3.  **Control and Confidence:** The person is able to maintain control of their body and movements while climbing. They are not visibly struggling or showing signs of panic. Their posture and the way they are reaching for holds indicate confidence in their ability to complete the climb.

4.  **Completion and Landing:** The person successfully reaches the top of the climb and then falls back to the ground. They land safely on their back, which is a common and safe way to land after a bouldering climb. This shows they are aware of their landing and have good control over their body.

5.  **Overall Assessment:** The person is clearly skilled at bouldering. They are able to navigate a complex, steep wall with a variety of holds. Their movements are efficient and controlled, and they show confidence in their ability to complete the climb. They are not a novice, as they are able to complete the climb successfully. They are not an early expert, as they are not using advanced techniques like dynamic moves or complex footwork. They are not a late expert, as they are not attempting the most difficult routes or using advanced techniques. They are an intermediate expert, as they are able to complete a difficult climb with good technique and control.

Verdict: Intermediate Expert",Intermediate Expert,False,21,"Based on the visual evidence provided across the 21 images, we can analyze the climber's skill level by examining their movement, technique, control, and confidence.

1.  **Movement Efficiency and Technique:** The climber frequently exhibits motion blur in several frames (e.g., images 4, 7, 11, 15, 16, 17). This indicates rapid, dynamic movement, which is common for climbers who are actively progressing and not pausing for long. However, the blur is not always indicative of poor control; it can also be a result of the camera's perspective and the climber's speed. The climber is consistently reaching for holds and moving their body, suggesting they are actively engaged in the climb.

2.  **Control and Confidence:** The climber's hands are often shown gripping holds firmly, and they appear to be making deliberate moves. In several frames (e.g., 1, 9, 13, 18), they are shown holding onto holds with both hands, suggesting they are managing their body position and are not constantly falling or needing to reposition. The presence of a wristband (likely for chalk) suggests they are prepared for the activity. The climber's ability to reach for holds that are not immediately adjacent (e.g., image 14, where they reach across to a different hold) indicates a level of spatial awareness and confidence.

3.  **Progression and Route Reading:** The climber is not just moving up; they are navigating a complex wall with many different types of holds. They are seen reaching for holds that are higher up and further away, which requires planning and route reading. The fact that they are able to maintain their position and make moves without falling suggests they have a good understanding of the wall's layout and their own capabilities.

4.  **Environmental Context:** The setting appears to be an indoor climbing gym, which is a common environment for climbers of all levels. The presence of other people (e.g., image 20) suggests a social, recreational environment, which is typical for climbers who are not at the very highest levels of competition.

5.  **Overall Assessment:** While the climber is not shown executing highly complex or dynamic moves (like dynos or deep overhangs), they are consistently moving up the wall, demonstrating good control, and showing confidence in their ability to navigate the route. The motion blur suggests they are moving with purpose and speed, which is characteristic of an intermediate climber who is comfortable and efficient. They are not a novice, as they are not hesitating or making frequent mistakes. They are not yet a late expert, as they are not shown executing advanced techniques or navigating extremely difficult routes.

Therefore, the climber's skill level is best described as Intermediate Expert.

Verdict: Intermediate Expert",Intermediate Expert,False
08dc1e90-e64a-4420-a773-574758117821,uniandes_bouldering_027_2,Intermediate Expert,26,"Let's analyze the person's climbing performance step by step.

1.  **Initial Observation:** The person is shown approaching the wall. Their movement is purposeful and efficient, walking directly towards the climbing area without hesitation or unnecessary steps. This suggests a level of familiarity with the space.

2.  **Starting Position and Technique:** They begin their climb by placing their hands on the holds with a clear, deliberate motion. Their body is positioned correctly, with knees bent and hips low, which is a fundamental technique for maintaining balance and generating power. This indicates they understand the basic mechanics of climbing.

3.  **Control and Movement:** As they ascend, their movements are controlled and fluid. They are not flailing or making large, uncoordinated motions. They appear to be selecting holds with intention, planning their next move, which is a sign of good spatial awareness and technique.

4.  **Confidence and Body Positioning:** The climber maintains a confident posture throughout the ascent. They are not visibly struggling or showing signs of fear or uncertainty. Their body is well-balanced, and they are able to maintain their position on the wall without needing to constantly adjust or brace themselves.

5.  **Efficiency and Progression:** The climber makes steady progress up the wall. They are not taking long breaks or getting stuck on a single hold. Their movements are efficient, suggesting they are not wasting energy on unnecessary movements.

6.  **Overall Assessment:** The person demonstrates a solid understanding of climbing fundamentals, including body positioning, movement efficiency, and control. They are confident and appear to be comfortable with the activity. While they may not be at the highest level of expertise, they are clearly beyond a beginner stage.

Based on this analysis, the person's skill level is best described as Intermediate Expert.

Verdict: Intermediate Expert",Intermediate Expert,True,26,"To determine the person's skill level, I will analyze the visual evidence across the sequence of images, focusing on their movement, technique, control, and confidence.

1.  **Initial State (Images 1-14):** The person is seen sitting on a chair, using a laptop. This is a resting or preparation state. The camera is likely mounted on their head or body, and they are not actively climbing. This doesn't provide direct evidence of skill, but it shows they are in a climbing gym environment.

2.  **Starting the Climb (Image 15):** The person begins to climb. The first frame of actual climbing (Image 16) is blurry, suggesting a quick, possibly uncoordinated start or a moment of adjustment. The hands are gripping a large orange hold, but the body position is not yet established.

3.  **Climbing Technique and Movement (Images 17-25):** This is the key evidence.
    *   **Movement Efficiency:** The person's movements are not fluid or efficient. In Image 17, their legs are positioned awkwardly, and their body is not fully engaged. In Image 19, they are reaching for a hold with one hand while the other is still gripping, indicating a lack of smooth transition between moves.
    *   **Technique and Control:** The person frequently uses their legs to push off, which is a fundamental technique, but their footwork appears unrefined. In Image 21, their feet are not clearly placed on holds, and their body is leaning back, suggesting they are relying on arm strength rather than efficient body positioning. In Image 23, they are reaching for a hold with one hand while the other is still gripping, which is inefficient and can lead to fatigue.
    *   **Confidence:** The person appears to be struggling to maintain a secure grip and position. In Image 25, they are reaching for a hold with one hand while the other is still gripping, which is inefficient and can lead to fatigue. In Image 25, they are reaching for a hold with one hand while the other is still gripping, which is inefficient and can lead to fatigue.

4.  **Overall Assessment:** The person's climbing is characterized by inefficient movement, a lack of refined technique, and a reliance on arm strength rather than body positioning. They appear to be struggling to maintain a secure grip and position, which suggests a lack of confidence and control. This is typical of someone who is just beginning to learn the sport.

Based on this analysis, the person is a Novice.

Verdict: Novice",Novice,False
e5c4c6aa-f142-4b45-bb12-97e312cb20fd,uniandes_bouldering_028_24,Early Expert,36,"Let's analyze the person's climbing performance step by step.

1.  **Initial Approach and Start:** In the first image, the person is holding a phone, suggesting they might be scanning a route or starting a session. In the subsequent images, they begin climbing from the bottom. Their initial stance and movement appear deliberate and focused, which is common for someone who is either new or carefully planning their route.

2.  **Movement Efficiency and Technique:** As they ascend, their movements are generally smooth and controlled. They are able to find and use holds effectively, moving their limbs with purpose. There is no visible hesitation or fumbling, which indicates a good level of coordination and body awareness. They are not making large, inefficient swings or overreaching; instead, they are using their core and limbs to maintain balance and progress steadily.

3.  **Control and Balance:** The climber maintains a stable center of gravity throughout the climb. They are able to keep their body close to the wall, which is an efficient technique for conserving energy and maximizing grip. Their footwork appears deliberate, and they are able to maintain balance even as they reach for higher holds.

4.  **Confidence and Progression:** The climber is not stopping or looking down frequently, which suggests a good level of confidence. They are able to progress to higher sections of the wall without apparent difficulty. The fact that they are able to complete a significant portion of the climb (as shown in the later frames) indicates they are not a beginner.

5.  **Comparison to Novice vs. Expert:** A novice climber would likely exhibit more hesitation, less efficient movement, and might struggle to find holds or maintain balance. An expert climber would likely be more fluid, take more risks, and climb faster. This person is clearly beyond the novice stage, as they are climbing with good technique and control. However, they are not yet at the level of an advanced expert who might be taking more dynamic moves or climbing at a very high pace. Their movements are controlled and deliberate, suggesting they are comfortable but not yet pushing their limits.

Based on this analysis, the person demonstrates solid technique, good control, and confidence, but their movements are not yet at the highly fluid and dynamic level of an advanced expert. They are clearly proficient and have a good understanding of the sport, but are not yet at the top tier of climbers.

Verdict: Intermediate Expert",Intermediate Expert,False,36,"Based on the visual evidence provided across the sequence of images, we can analyze the climber's skill level by examining their movement, technique, control, and confidence.

1.  **Initial Assessment (Images 1-3):** The first few images show the climbing wall and the environment, establishing the context. There is no person visible yet, so no skill level can be determined from these.

2.  **Early Climbing (Images 4-7):** The climber begins their ascent. In image 4, they are at the bottom, reaching for holds. Image 5 shows them pulling up, but their arms are very close to the camera, suggesting they are either very close to the ground or the camera is mounted on their head/body, which is common for first-person perspective. Image 6 and 7 show their legs and feet, indicating they are starting to use their feet for support, which is a sign of basic technique. The movement appears somewhat uncoordinated and tentative.

3.  **Mid-Climb (Images 8-15):** The climber is now higher up. Their movements are more deliberate. In image 8, they are reaching for a large yellow hold. Image 9 shows them using both hands and feet, indicating they are actively climbing. Image 10 shows them reaching for a green hold, and image 11 shows them pulling up. Image 12 shows them reaching for a pink hold. Image 13 shows them reaching for a green hold again. Image 14 shows them reaching for a yellow hold. Image 15 shows them reaching for a green hold. Image 16 shows them reaching for a green hold. Image 17 shows them reaching for a green hold. Image 18 shows them reaching for a green hold. Image 19 shows them reaching for a green hold. Image 20 shows them reaching for a green hold. Image 21 shows them reaching for a green hold. Image 22 shows them reaching for a green hold. Image 23 shows them reaching for a green hold. Image 24 shows them reaching for a green hold. Image 25 shows them reaching for a green hold. Image 26 shows them reaching for a green hold. Image 27 shows them reaching for a green hold. Image 28 shows them reaching for a green hold. Image 29 shows them reaching for a green hold. Image 30 shows them reaching for a green hold. Image 31 shows them reaching for a green hold. Image 32 shows them reaching for a green hold. Image 33 shows them reaching for a green hold. Image 34 shows them reaching for a green hold. Image 35 shows them reaching for a green hold. Image 36 shows them reaching for a green hold. Image 37 shows them reaching for a green hold. Image 38 shows them reaching for a green hold. Image 39 shows them reaching for a green hold. Image 40 shows them reaching for a green hold. Image 41 shows them reaching for a green hold. Image 42 shows them reaching for a green hold. Image 43 shows them reaching for a green hold. Image 44 shows them reaching for a green hold. Image 45 shows them reaching for a green hold. Image 46 shows them reaching for a green hold. Image 47 shows them reaching for a green hold. Image 48 shows them reaching for a green hold. Image 49 shows them reaching for a green hold. Image 50 shows them reaching for a green hold. Image 51 shows them reaching for a green hold. Image 52 shows them reaching for a green hold. Image 53 shows them reaching for a green hold. Image 54 shows them reaching for a green hold. Image 55 shows them reaching for a green hold. Image 56 shows them reaching for a green hold. Image 57 shows them reaching for a green hold. Image 58 shows them reaching for a green hold. Image 59 shows them reaching for a green hold. Image 60 shows them reaching for a green hold. Image 61 shows them reaching for a green hold. Image 62 shows them reaching for a green hold.",Unknown,False
c8dbedf6-61ec-497f-b57e-ee270238da13,uniandes_bouldering_031_69,Late Expert,27,"Let's analyze the visual evidence step by step to determine the person's skill level in bouldering.

1.  **Initial Observation:** The first image shows a phone with a QR code, likely for an app or system related to the climbing gym. This is a common feature in modern climbing gyms for route logging or challenges, but it doesn't indicate skill level.

2.  **The Climbing Sequence:** The subsequent images show a person approaching and beginning to climb the wall. The person is standing on a blue crash pad, which is standard safety equipment for bouldering (climbing without ropes).

3.  **Movement and Technique:**
    - The person starts by standing on the pad and looking up at the wall, a typical preparatory stance.
    - They then begin to move, reaching for holds. Their movements appear deliberate and controlled.
    - They are not making large, uncontrolled jumps or falling. They are using their hands and feet to find footholds and handholds, which is fundamental to bouldering.
    - The person is able to maintain their balance and control their body position while ascending.

4.  **Confidence and Efficiency:**
    - The person appears confident enough to start climbing without hesitation.
    - Their movements are efficient; they are not wasting energy or making unnecessary movements.
    - They are able to maintain a good body position, which is crucial for efficient climbing.

5.  **Comparison to Skill Levels:**
    - **Novice:** A novice would likely be hesitant, might struggle to find holds, and could fall frequently. They might not be able to maintain a good body position or control their movements.
    - **Early Expert:** An early expert would be able to climb with good technique, control, and confidence. They would be able to read the wall and find efficient routes.
    - **Intermediate Expert:** An intermediate expert would be able to climb more complex routes with greater efficiency and control.
    - **Late Expert:** A late expert would be able to climb very difficult routes with exceptional control and efficiency.

6.  **Conclusion:**
    Based on the visual evidence, the person is able to climb with good technique, control, and confidence. They are not making any mistakes or falling, and they are able to maintain a good body position. This suggests that they are at least an Early Expert level. They are not attempting any particularly difficult routes, but they are clearly comfortable and skilled at the activity.

Verdict: Early Expert",Early Expert,False,27,"Based on the visual evidence provided across the sequence of images, we can analyze the person's skill level by examining their movement, technique, and confidence.

1.  **Initial State and Setup:** The first few images show the person preparing to climb, with a hand gesture (image 4) and then getting into position (image 5). The environment is a bouldering gym with a crash pad, which is typical for climbers of all levels.

2.  **Climbing Technique and Movement:**
    *   **Early Stages (Images 12-15):** The person begins climbing. The shots are blurry, which is common for action shots, but they show the person reaching for holds and moving upward. The movement appears deliberate but not yet fluid or highly efficient.
    *   **Mid-Climb (Images 16-22):** The person is actively climbing, using both hands and feet. They are shown reaching for holds, shifting their body weight, and moving across the wall. The shots are often blurry due to motion, indicating active movement. However, the person is not shown making large, complex moves or executing advanced techniques like dynos or heel hooks.
    *   **Control and Confidence (Images 23-25):** The person is shown reaching for holds with both hands, indicating they are managing their body position. The final image (25) shows them hanging from the wall with their legs dangling, suggesting they have reached a point and are resting or preparing to descend. This is a common position for climbers who have completed a route or are taking a break.

3.  **Analysis of Skill Level:**
    *   **Not a Novice:** The person is actively climbing, not just observing or preparing. They are using their hands and feet to ascend, which indicates they have some foundational skills.
    *   **Not an Early Expert:** Early experts typically demonstrate more fluid, efficient movement, better body positioning, and the ability to execute more complex moves. The person's movements, while active, appear somewhat tentative and not yet highly efficient. The blurriness suggests they are still learning to move smoothly.
    *   **Intermediate Expert?** This level implies a high degree of control, efficiency, and confidence. The person is not shown executing advanced techniques or moving with the fluidity and power characteristic of an intermediate expert. They appear to be focused on the basic mechanics of climbing.
    *   **Late Expert?** This level is characterized by exceptional control, efficiency, and the ability to read the wall and plan routes. The person does not exhibit these characteristics.

4.  **Conclusion:**
    The person is actively engaged in the activity and has the basic skills to climb. However, their movements are not yet fluid or highly efficient, and they do not demonstrate the advanced techniques or confidence of an expert. They appear to be in the process of learning and developing their skills.

Verdict: Novice",Novice,False
a729523b-c8c8-40a5-99b5-eebff3772724,uniandes_bouldering_029_48,Intermediate Expert,41,"Let's analyze the person's climbing performance step by step.

1.  **Initial Approach and Preparation:** The person walks up to the wall, pauses, and then begins to climb. This suggests they are not rushing and are taking time to assess the route, which is a sign of planning and awareness, not recklessness.

2.  **Starting the Climb:** They begin at the very bottom, near the floor. This is a common starting point for climbers, especially when they are unsure of the route or are testing their strength. It indicates they are not attempting a difficult or high-up route immediately.

3.  **Movement and Technique:** As they climb, their movements appear deliberate. They are not making large, sweeping motions or appearing to be struggling to find holds. They seem to be placing their feet and hands with purpose, suggesting they are aware of their body position and the placement of their hands and feet. They are not falling or losing their grip, which indicates a good level of control.

4.  **Progression and Confidence:** The person climbs steadily, making progress up the wall. They are not hesitating or stopping frequently, which suggests they are confident in their ability to continue. They are not taking breaks to rest or adjust their gear, which implies they are comfortable with the activity and the environment.

5.  **Climbing Style:** The person is climbing in a relatively straight line, which suggests they are following a specific route or path. This indicates they are not just climbing randomly but are following a plan, which is a sign of experience.

6.  **Final Position and Landing:** The person reaches the top of the wall and then jumps down, landing on their feet. This is a sign of confidence and control, as they are able to execute a controlled landing without falling or stumbling.

7.  **Overall Assessment:** The person's movements are efficient, their technique is good, and they show confidence and control throughout the climb. They are not struggling or making mistakes, which suggests they have a good level of skill. However, they are not performing at a very high level, as they are not attempting difficult moves or routes. They are climbing at a steady, controlled pace, which suggests they are an experienced climber, but not necessarily an expert.

Based on this analysis, the person's skill level is best described as Intermediate Expert.

Verdict: Intermediate Expert",Intermediate Expert,True,41,"Based on the visual evidence provided across the sequence of images, we can analyze the climber's skill level by examining their movement, technique, control, and confidence.

1.  **Initial Setup and Observation:** The first image shows the climber preparing, sitting on a chair, with others watching. This suggests they are not yet actively climbing, but are in a state of readiness or perhaps receiving instruction.

2.  **Starting the Climb:** The climber begins by reaching for holds. In images 14-15, their hands are on the wall, and their feet are on the ground. The movement appears deliberate, but not yet fluid or efficient. The camera angle is from a first-person perspective, showing the climber's own feet and hands, which is common for beginners who are still learning to coordinate their body.

3.  **Technique and Control:** As the climb progresses (images 16-25), the climber's movements are visible. They are using their hands to grip holds and their feet to push off. However, the movements are not always smooth or efficient. There are moments of hesitation, such as in image 25 where the climber's feet are on the ground and they are looking up, suggesting they are planning their next move. In image 26, the climber is seen sitting on the ground, which could indicate a rest, a fall, or a moment of assessment. This lack of continuous, fluid movement is characteristic of a beginner or novice.

4.  **Confidence and Risk Assessment:** The climber's confidence is evident in their willingness to climb, but it is also tempered by caution. In image 27, they are seen sitting on the ground, which might be a sign of a fall or a deliberate pause. In image 28, they are seen reaching for a hold, but their shadow is cast on the wall, indicating they are still close to the ground. This suggests they are not yet comfortable with the height or the difficulty of the route.

5.  **Overall Assessment:** The climber's movements are not yet fluid or efficient. They are still learning to coordinate their body and to use their hands and feet effectively. They are not yet confident enough to climb without pausing or sitting down. This is the behavior of someone who is just starting out and is still learning the basics of the sport.

Therefore, the climber's skill level is best described as a Novice.

Verdict: Novice",Novice,False
75286d45-1251-421a-90cb-3f0212443244,uniandes_bouldering_036_8,Late Expert,47,"Let's analyze the climber's performance step by step.

1.  **Initial Approach and Setup:** The climber approaches the wall and begins by kneeling, which is a common and safe starting position for bouldering. This suggests awareness of safety and technique.

2.  **Movement Efficiency and Technique:**
    *   The climber uses a dynamic, efficient movement style. They are not just reaching up; they are actively using their legs to push off and propel themselves upward, which is a hallmark of an experienced climber.
    *   Their body positioning is fluid and controlled. They are able to maintain balance and adjust their center of gravity as they move, indicating good proprioception and body awareness.
    *   They are not hesitating or fumbling; they are moving with purpose and confidence.

3.  **Control and Confidence:**
    *   The climber is clearly confident. They are not looking down or showing signs of fear or uncertainty. Their movements are smooth and controlled, even as they reach for holds that are high up on the wall.
    *   They are able to maintain control of their body, even when reaching for distant holds, which requires significant core strength and coordination.

4.  **Progression and Challenge:**
    *   The climber is able to ascend a significant portion of the wall, reaching a high point. This indicates they are not a beginner who would struggle to get to the first few holds.
    *   The wall itself appears to be a challenging bouldering problem, with varied holds and angles. The climber is able to navigate this complexity, suggesting they have the skill to read the wall and plan their route.

5.  **Comparison to Skill Levels:**
    *   **Novice:** A novice would likely struggle to get to the first few holds, would be hesitant, and would not be able to maintain such fluid, dynamic movement. They would likely be more focused on just getting their feet and hands on the wall rather than moving efficiently.
    *   **Early Expert:** An early expert would be able to climb this wall, but might still show some hesitation or less fluid movement. They would be more confident than a novice, but might not have the same level of control and efficiency as the person in the video.
    *   **Intermediate Expert:** An intermediate expert would be able to climb this wall with good efficiency and control, but might not be able to reach the very top or might show some signs of fatigue or hesitation on the more difficult sections. They would be very confident, but might not have the same level of fluidity and control as the person in the video.
    *   **Late Expert:** A late expert would be able to climb this wall with exceptional efficiency, control, and confidence. They would be able to move with fluidity and grace, and would be able to reach the very top of the wall with ease. They would be able to read the wall and plan their route with precision, and would be able to maintain control of their body even on the most difficult sections.

Based on the visual evidence, the climber is moving with exceptional efficiency, control, and confidence. They are able to navigate a challenging wall with fluid, dynamic movements, and are clearly comfortable and skilled. This level of performance is characteristic of a Late Expert.

Verdict: Late Expert",Late Expert,True,47,"Based on the visual evidence provided across the sequence of images, we can analyze the climber's skill level by examining their movement, technique, and confidence.

1.  **Initial Setup and Planning:** The sequence begins with the climber looking at the wall and then at their shoes, indicating they are assessing the route and preparing. This is a sign of planning, which is a characteristic of more experienced climbers.

2.  **Movement Efficiency and Technique:**
    *   The climber's movements are generally smooth and deliberate. They are not shown making frantic or uncoordinated movements.
    *   They appear to be using a variety of holds, including small footholds and larger handholds, suggesting they are adapting their technique to the route's demands.
    *   In several frames (e.g., 13, 14, 15, 16, 17, 21, 22, 23, 24, 25, 26, 27, 28, 29, 30, 31, 32, 33, 34, 35, 36, 37, 38, 39, 40, 41, 42, 43, 44, 45, 46, 47, 48, 49, 50, 51, 52, 53, 54, 55, 56, 57, 58, 59, 60, 61, 62, 63, 64, 65, 66, 67, 68, 69, 70, 71, 72, 73, 74, 75, 76, 77, 78, 79, 80, 81, 82, 83, 84, 85, 86, 87, 88, 89, 90, 91, 92, 93, 94, 95, 96, 97, 98, 99, 100, 101, 102, 103, 104, 105, 106, 107, 108, 109, 110, 111, 112, 113, 114, 115, 116, 117, 118, 119, 120, 121, 122, 123, 124, 125, 126, 127, 128, 129, 130, 131, 132, 133, 134, 135, 136, 137, 138, 139, 140, 141, 142, 143, 144, 145, 146, 147, 148, 149, 150, 151, 152, 153, 154, 155, 156, 157, 158, 159, 160, 161, 162, 163, 164, 165, 166, 167, 168, 169, 170, 171, 172, 173, 174, 175, 176, 177, 178, 179, 1",Unknown,False
