clip_id,take_folder,ground_truth,exo_nframes,exo_answer,exo_predicted,exo_correct,ego_nframes,ego_answer,ego_predicted,ego_correct
586597cc-59c5-45d5-9596-0b6506d9c0ba,uniandes_bouldering_037_38,Late Expert,88,"1. Movement quality: The climber demonstrates controlled and deliberate movements, transitioning smoothly between holds with purposeful footwork and hand placements. The motion is efficient, minimizing wasted energy and maintaining momentum as they ascend.

2. Technique: The climber employs proper climbing technique, including precise footwork to maintain balance and leverage, and effective use of body positioning to maximize reach and stability. They utilize dynamic movements when necessary, such as reaching for distant holds, and maintain a strong core to support their body weight.

3. Confidence and control: The climber exhibits high confidence, moving with assurance and without hesitation. Their body positioning is stable and well-balanced, indicating strong control over their movements. They maintain a focused posture, adjusting their stance and grip as needed to navigate the route.

4. Verdict: Intermediate Expert",Intermediate Expert,False,88,"1. Movement quality: The climber's movements are deliberate and controlled, showing a good understanding of body positioning and route-finding. There is a clear progression from lower to higher holds, indicating a strategic approach. The movements are not overly fluid but are efficient for the task, suggesting a focus on precision rather than speed.

2. Technique: The climber employs proper climbing technique, including using both hands and feet effectively to maintain balance and momentum. The use of footholds is precise, and the climber demonstrates good body positioning, often keeping the body close to the wall to maximize leverage. The climber also shows awareness of the wall's layout, selecting holds that provide the best grip and support.

3. Confidence and control: The climber appears confident and in control throughout the climb. There are no visible hesitations or moments of instability. The climber maintains a steady posture, with arms and legs positioned to support the body weight effectively. The climber's body positioning suggests a good understanding of balance and weight distribution.

4. Verdict: Intermediate Expert",Intermediate Expert,False
9ceee09a-ab19-4463-baac-0ed48d21827e,uniandes_bouldering_024_44,Novice,24,"1. Movement quality: The person demonstrates controlled and deliberate movements as they approach and begin to climb. Their initial steps are stable and intentional, showing awareness of their footing. As they ascend, their movements are efficient, with clear transitions between holds, indicating a good understanding of body positioning and momentum.

2. Technique: The climber employs proper climbing technique, including using their feet effectively to push off and maintain balance, and their hands to grip holds securely. They maintain a compact body position, keeping their center of gravity close to the wall, which is essential for efficient climbing. Their use of dynamic movements to reach for the next hold suggests an understanding of the physical demands of the climb.

3. Confidence and control: The person appears confident and in control throughout the sequence. They do not hesitate before starting the climb, and their body positioning remains stable even as they reach for higher holds. Their posture and focus indicate a high level of comfort and control, suggesting they are experienced in this activity.

4. Verdict: Intermediate Expert",Intermediate Expert,False,24,"1. Movement quality: The person's movements are deliberate and controlled, showing a clear focus on finding secure footholds and hand placements. The transitions between holds are not rushed, indicating a methodical approach to climbing. While not exceptionally fluid, the movements are efficient for the context, suggesting a strategic rather than purely instinctive climbing style.

2. Technique: The climber demonstrates good technique by actively using their feet for support and balance, which is crucial for maintaining body position and reducing unnecessary arm strain. They appear to be employing a dynamic climbing style, using their legs to push off and reach for higher holds, which is a sign of intermediate-level technique. The use of both hands and feet simultaneously indicates a solid understanding of body positioning and weight distribution.

3. Confidence and control: The climber exhibits a high degree of confidence and control throughout the sequence. There are no visible signs of hesitation or instability; their body positioning remains steady and balanced. The climber maintains a strong grip and secure footholds, suggesting they are comfortable with the difficulty level and have good proprioception. Their movements are deliberate and controlled, indicating a high level of confidence in their abilities.

4. Verdict: Intermediate Expert",Intermediate Expert,False
08f0616c-d3c4-414c-a492-d8d157872915,uniandes_bouldering_035_53,Early Expert,8,"1. Movement quality: The climber's movements are visibly uncoordinated and inefficient. They exhibit frequent, jerky motions, often appearing to flail or reach awkwardly rather than move with controlled precision. The transitions between holds are hesitant and lack fluidity, suggesting a struggle to maintain momentum and balance.

2. Technique: The climber is not employing proper climbing technique. They are not using their feet effectively to push off and support their body weight, which is evident from their frequent use of their hands for support and their tendency to lean heavily on the wall. Their body positioning is poor, with their hips and torso often not aligned for efficient movement, and they appear to be relying on brute strength rather than technique.

3. Confidence and control: The climber shows a significant lack of confidence and control. They frequently lose their grip or footing, resulting in falls or near-falls. Their body positioning is unstable, and they often appear to be bracing themselves against the wall rather than maintaining a balanced, controlled posture. The climber's hesitation is evident in their slow, deliberate movements and their frequent pauses to reposition themselves.

4. Verdict: Novice",Novice,False,8,"1. Movement quality: The movements appear deliberate and controlled, with a focus on reaching and gripping holds. The transitions between holds are not rushed, suggesting a methodical approach. The body positioning, particularly in the lower images, indicates an awareness of balance and weight distribution, though the movements are not yet fluid or highly efficient, which is expected for someone building foundational skills.

2. Technique: The climber demonstrates basic technique, including using both hands and feet effectively to maintain contact with the wall. The use of the feet for support and the hands for reaching are visible. The climber appears to be using a ""crimping"" or ""pinching"" grip on some holds, which is common for beginners. The body is kept close to the wall, which is a good technique for maintaining stability and conserving energy. However, the climber does not yet show advanced techniques like dynamic moves, footwork efficiency, or body positioning for advanced routes.

3. Confidence and control: The climber shows a good level of confidence, as evidenced by the ability to reach for holds and maintain balance. The body positioning is stable, and the climber does not appear to be hesitating or struggling with balance. The climber's focus is on the wall, indicating a good level of concentration. The climber's movements are controlled, and there is no evidence of panic or loss of control.

4. Final verdict: Intermediate Expert",Intermediate Expert,False
5f1dd7a9-18b5-400a-a3de-1c30f547235e,uniandes_bouldering_027_19,Early Expert,25,"1. Movement quality: The person's movements are deliberate and controlled, showing a focus on precision rather than speed. They exhibit good body positioning and use their arms effectively to reach holds, indicating a methodical approach to climbing. The transitions between holds are smooth, suggesting a good understanding of body mechanics and spatial awareness.

2. Technique: The climber demonstrates proper technique by using their legs for support and their arms for reaching, which is essential for efficient climbing. They maintain a stable base and use their core to stabilize their body, which is indicative of good climbing technique. The climber also appears to be using their feet effectively to push off and maintain balance.

3. Confidence and control: The person shows confidence in their ability to climb, as evidenced by their steady and controlled movements. They maintain a stable body position and do not appear to be hesitant or unstable. Their body positioning suggests they are comfortable with the climb and have a good sense of balance and control.

4. Final verdict: Intermediate Expert",Intermediate Expert,False,25,"1. Movement quality: The climber's movements are generally controlled and deliberate, showing a good understanding of how to position their body and limbs. There is a clear progression from lower to higher holds, indicating a strategic approach. While not perfectly fluid, the movements are efficient for the task, with minimal wasted motion as they transition between holds.

2. Technique: The climber demonstrates sound technique by using their hands and feet effectively to maintain balance and momentum. They utilize a variety of holds, including crimps and jugs, and appear to be managing their body weight and center of gravity appropriately. The use of both hands and feet in coordination suggests a solid grasp of the fundamentals of bouldering.

3. Confidence and control: The climber exhibits a high degree of confidence and control throughout the sequence. They maintain a stable body position, even when reaching for distant holds, and show no signs of hesitation or instability. Their body positioning is well-balanced, and they appear comfortable with the physical demands of the climb.

4. Verdict: Intermediate Expert",Intermediate Expert,False
baf283a8-4747-45f1-9c78-241003a8f1b5,uniandes_bouldering_034_56,Intermediate Expert,17,"1. Movement quality: The person's movements are uncoordinated and inefficient. They appear to be struggling to find stable footholds and handholds, resulting in awkward, jerky motions. Their body position is often unstable, and they frequently lose balance, indicating poor control and fluidity.

2. Technique: The climber is not using proper climbing technique. They are not maintaining a balanced body position, and their movements lack the precision needed for efficient climbing. They appear to be relying on brute force rather than technique, which is evident in their frequent falls and the need to sit down on the mat.

3. Confidence and control: The person shows a lack of confidence and control. They hesitate frequently, often stopping to reassess their position or the route. Their body positioning is unstable, and they frequently lose their balance, indicating a lack of control over their movements.

4. Verdict: Novice",Novice,False,17,"1. Movement quality: The climber's movements are deliberate and controlled, showing a clear focus on finding secure footholds and hand placements. The transitions between holds are generally smooth, indicating a good understanding of body positioning and momentum. There is a noticeable efficiency in movement, as the climber avoids unnecessary reaching or overextending, suggesting a practiced approach to route-finding.

2. Technique: The climber demonstrates sound bouldering technique, including effective use of both hands and feet to maintain balance and leverage. The use of the legs for support and pushing off is evident, which is a key element in efficient climbing. The climber also shows good body positioning, keeping the center of gravity low and using the wall for support, which indicates a solid grasp of fundamental climbing mechanics.

3. Confidence and control: The climber displays a high level of confidence, as evidenced by the ability to reach for holds with precision and maintain stability even when reaching for distant or challenging placements. There is minimal hesitation, and the climber's body positioning remains stable throughout the climb, suggesting a strong sense of control and spatial awareness.

4. Verdict: Intermediate Expert",Intermediate Expert,True
ea2d7015-0bf2-422c-b6ac-ebcf88fef619,uniandes_bouldering_025_13,Novice,33,"1. Movement quality: The person's movements are deliberate and controlled, showing a clear focus on each hand and foot placement. There is a noticeable fluidity in transitioning between holds, indicating a good understanding of body positioning and momentum. The efficiency of movement is evident as she moves upward with purpose, minimizing wasted motion.

2. Technique: The climber demonstrates proper technique by maintaining a wide stance for balance, using her legs effectively to push upward rather than relying solely on her arms. She employs dynamic movements, such as reaching and stepping, to progress efficiently. Her body positioning is optimized for each move, showing an understanding of leverage and weight distribution.

3. Confidence and control: The climber exhibits high confidence, as evidenced by her smooth transitions and lack of hesitation. She maintains stability throughout the climb, with controlled body positioning and consistent footwork. Her posture remains strong and balanced, indicating a high level of control and comfort with the activity.

4. Verdict: Intermediate Expert",Intermediate Expert,False,33,"1. Movement quality: The person's movements are generally controlled and deliberate, showing an understanding of how to position their hands and feet for stability. However, there are moments of hesitation and slight inefficiency, particularly when transitioning between holds or when the camera angle obscures full body positioning. The movements are not fluid or graceful, indicating a focus on safety and progression over style.

2. Technique: The climber demonstrates basic bouldering technique, including using both hands and feet effectively to maintain balance and progress. They utilize a variety of holds, including crimps, jugs, and slopers, and appear to be planning their next move. The use of a chalk bag (implied by the context) and the focus on secure footholds suggest an awareness of grip and friction. However, the technique is not yet refined or advanced, as evidenced by the occasional missteps and the need to reposition.

3. Confidence and control: The climber shows a moderate level of confidence, as they are able to complete several moves and maintain their position on the wall. However, there are moments of hesitation, particularly when reaching for distant holds or when the camera angle makes it difficult to see the full route. The body positioning is generally stable, with a focus on keeping the center of gravity low and using the wall for support. The climber does not appear to be overly confident or reckless, but rather cautious and methodical.

4. Verdict: Novice",Novice,True
0dd0e0b5-cbd2-42d3-bc00-64375f14f374,uniandes_bouldering_032_81,Intermediate Expert,16,"1. Movement quality: The person's movements are hesitant and lack fluidity. They appear to be struggling to find a consistent rhythm or efficient path up the wall. Their movements are not smooth or controlled, suggesting a lack of coordination and confidence in their approach.

2. Technique: The climber is not utilizing proper climbing technique. They are not maintaining a stable body position, and their footwork appears uncoordinated. They are not using their arms and legs effectively to generate power and maintain balance, which is essential for efficient climbing.

3. Confidence and control: The person shows a lack of confidence, as evidenced by their hesitation and the way they are frequently looking down or away from the wall. Their body positioning is unstable, and they appear to be struggling to maintain balance, which indicates a lack of control over their movements.

4. Verdict: Novice",Novice,False,16,"1. Movement quality: The person's movements are generally controlled and deliberate, showing an understanding of how to navigate the wall. However, there are moments of hesitation and slight inefficiency, particularly when transitioning between holds or when reaching for distant grips. The motion is not yet fluid or seamless, indicating a developing skill set.

2. Technique: The climber demonstrates basic technique by using their hands and feet effectively to maintain contact with the wall. They appear to be using a fundamental climbing strategy of reaching for the next hold and maintaining body position. However, they do not consistently employ advanced techniques such as dynamic moves, efficient footwork, or body positioning for balance and leverage, which are hallmarks of more experienced climbers.

3. Confidence and control: The climber shows a moderate level of confidence, as they are able to ascend the wall without falling. However, there are visible moments of hesitation, particularly when reaching for holds or when transitioning between different sections of the wall. Their body positioning is generally stable, but not always optimal, suggesting they are still learning to use their body efficiently to maintain balance and conserve energy.

4. Verdict: Novice",Novice,False
1088fd1c-1562-4ee5-b85c-ceb59bf85f20,uniandes_bouldering_035_28,Early Expert,69,"1. Movement quality: The person's movements are not fluid or efficient. They exhibit hesitation and awkwardness, particularly when transitioning from kneeling to beginning the climb. Their body positioning is unstable, and they appear to be struggling to maintain balance and control throughout the ascent. The movements are not smooth or coordinated, indicating a lack of refined motor skills.

2. Technique: The person is using basic climbing techniques, such as reaching for holds and pulling themselves up, but their technique is inconsistent and appears unrefined. They are not utilizing efficient body positioning or footwork, and their movements suggest a lack of understanding of proper climbing mechanics. The use of their arms and legs is not coordinated, and they seem to be relying on brute force rather than technique.

3. Confidence and control: The person shows a lack of confidence and control throughout the activity. They hesitate before starting the climb and appear uncertain about their next move. Their body positioning is unstable, and they frequently lose balance, indicating a lack of control. They also appear to be struggling to maintain their grip on the holds, suggesting a lack of confidence in their ability to complete the climb.

4. Verdict: Novice",Novice,False,69,"1. Movement quality: The climber's movements are deliberate and controlled, showing a clear focus on finding secure footholds and hand placements. There is a noticeable effort to maintain balance and avoid unnecessary swinging or overreaching, indicating a methodical approach to ascending. The transitions between holds are smooth, suggesting good body awareness and coordination.

2. Technique: The climber employs proper climbing technique, including efficient use of both hands and feet, maintaining a close body position to the wall to maximize friction and stability. The use of chalk is evident, indicating awareness of grip and friction management. The climber demonstrates good footwork, using precise placements to conserve energy and maintain balance, which is a hallmark of intermediate to advanced climbers.

3. Confidence and control: The climber exhibits high confidence and control throughout the sequence. There are no visible hesitations or moments of indecision; the climber moves with purpose and assurance. Body positioning is consistently stable, with the climber maintaining a strong, centered posture, which suggests a high level of comfort and experience with the activity.

4. Verdict: Intermediate Expert",Intermediate Expert,False
1c4f1db1-70bb-47e6-8d1f-00e924aa0a98,uniandes_bouldering_033_38,Intermediate Expert,60,"1. Movement quality: The climber demonstrates controlled and deliberate movements, transitioning smoothly between holds with good efficiency. There is a clear focus on maintaining balance and momentum, indicating a practiced approach to movement on the wall.

2. Technique: The climber employs proper bouldering technique, including efficient footwork, body positioning, and dynamic movements. They use their arms and legs in coordination to maintain stability and progress upward, showing an understanding of body tension and leverage.

3. Confidence and control: The climber displays high confidence, maintaining a stable and controlled body position throughout the climb. There are no visible hesitations or loss of balance, suggesting strong mental focus and physical control.

4. Verdict: Intermediate Expert",Intermediate Expert,True,60,"1. Movement quality: The climber's movements are generally controlled and deliberate, showing an understanding of how to position their body and limbs for efficient progress. However, there are moments of hesitation and visible effort, particularly when transitioning between holds or reaching for distant grips, indicating that movements are not yet fully fluid or effortless. The climber occasionally loses balance or shifts their weight awkwardly, suggesting a lack of refined movement efficiency.

2. Technique: The climber demonstrates basic bouldering technique, such as using both hands and feet effectively to maintain contact with the wall and plan routes. They occasionally use their legs to push up or reach for higher holds, which is a good sign of technique. However, there are instances where they rely too heavily on their arms, and their footwork is sometimes inconsistent or imprecise, indicating room for improvement in advanced techniques like dynamic moves or efficient foot placement.

3. Confidence and control: The climber shows a moderate level of confidence, often reaching for holds with purpose and maintaining a stable body position for extended periods. However, there are moments of hesitation, especially when attempting more challenging moves or when transitioning between holds. The climber sometimes appears to be searching for the next move, suggesting a lack of complete confidence in their route-finding or body positioning. Their body positioning is generally stable, but not always optimal, with occasional awkward postures that suggest they are still learning to balance and distribute weight effectively.

4. Verdict: Intermediate Expert",Intermediate Expert,True
b92ec0ad-020b-4fed-87bf-002eaaa9a8ec,uniandes_bouldering_022_26,Late Expert,17,"1. Movement quality: The climber's movements are deliberate and controlled, showing a focus on precision rather than speed. They exhibit good body positioning and efficient use of their limbs to reach holds, indicating a methodical approach to climbing. The transitions between holds are smooth, suggesting a good understanding of body mechanics.

2. Technique: The climber demonstrates proper technique by maintaining a stable base and using their legs effectively to push upward, rather than relying solely on their arms. They are seen using dynamic movements to reach higher holds, indicating an understanding of momentum and body positioning. The climber also appears to be using their core for stability, which is essential for efficient climbing.

3. Confidence and control: The climber shows confidence in their ability to navigate the wall, as evidenced by their willingness to reach for higher holds and their stable body positioning. They maintain control throughout the climb, with no visible hesitation or loss of balance. Their body positioning is consistent and well-balanced, indicating a high level of control.

4. Verdict: Intermediate Expert",Intermediate Expert,False,17,"1. Movement quality: The movement is characterized by a lack of fluidity and efficiency. The person frequently appears to be reaching or adjusting their position, suggesting they are not yet comfortable with the rhythm of climbing. The motion is often jerky and appears to be reactive rather than proactive, indicating a developing sense of body control and spatial awareness.

2. Technique: The climber is using basic techniques such as reaching for holds and shifting weight, but the execution is inconsistent. There is a noticeable lack of advanced techniques like dynamic moves, efficient footwork, or body positioning for balance. The use of the hands and feet appears somewhat tentative, and the climber often seems to be relying on brute force rather than technique to maintain contact with the wall.

3. Confidence and control: The climber demonstrates a moderate level of confidence, as they are able to ascend the wall and maintain contact with the holds. However, there are moments of hesitation, particularly when transitioning between holds or when reaching for distant grips. The body positioning is often unstable, with the climber appearing to lean or shift their weight awkwardly, suggesting a need for more refined control and balance.

4. Verdict: Novice",Novice,False
d6462a6d-44d4-43eb-a0d9-11df808ef412,uniandes_bouldering_034_94,Early Expert,29,"1. Movement quality: The person's movements are deliberate and controlled, showing a focus on precision rather than speed. They exhibit good body awareness, moving efficiently to reach and grip holds, with minimal wasted motion. Their transitions between holds are smooth, indicating a comfortable understanding of spatial relationships on the wall.

2. Technique: The climber demonstrates proper technique by maintaining a stable base, using their feet effectively to push off and support their body weight. They utilize dynamic movements to reach higher holds, showing an understanding of body positioning and momentum. Their hand placement is deliberate, indicating awareness of grip strength and safety.

3. Confidence and control: The person appears confident and in control throughout the climb. They maintain a steady posture, showing no signs of hesitation or instability. Their body positioning is consistent with advanced climbing techniques, suggesting they are comfortable with the demands of the route.

4. Final verdict: Intermediate Expert",Intermediate Expert,False,29,"1. Movement quality: The person's movements are generally controlled and deliberate, showing an understanding of how to navigate the wall. However, there are moments of hesitation and slight inefficiency, particularly when transitioning between holds or when the camera angle obscures full body positioning. The motion is not fluid or graceful, suggesting a focus on reaching rather than flowing.

2. Technique: The climber demonstrates basic bouldering technique, such as using both hands and feet to maintain contact with the wall and planning routes. They appear to be using their feet effectively for support and balance, which is a sign of developing technique. However, they do not consistently use advanced techniques like dynamic moves or efficient footwork, and their movements sometimes appear tentative.

3. Confidence and control: The climber shows a moderate level of confidence, as they are able to reach for holds and make progress up the wall. However, there are moments of hesitation, particularly when reaching for distant or difficult holds. Their body positioning is generally stable, but not always optimal, indicating they are still learning to manage their center of gravity and balance effectively.

4. Verdict: Novice",Novice,False
b3a28e5b-906f-40e0-9428-902c81a9cc55,uniandes_bouldering_027_20,Early Expert,18,"1. Movement quality: The climber's movements are deliberate and controlled, showing a focus on precision rather than speed. Each reach and foot placement appears intentional, indicating a methodical approach to the climb. The transitions between holds are smooth, suggesting good body awareness and coordination.

2. Technique: The climber employs proper bouldering technique, including efficient use of the arms and legs to maintain balance and conserve energy. They are utilizing dynamic movements to reach higher holds, and their body positioning suggests they are actively managing their center of gravity. The use of footholds is precise, indicating a good understanding of footwork.

3. Confidence and control: The climber demonstrates a high level of confidence, as evidenced by their ability to reach for holds that are significantly higher than their current position. Their body positioning is stable, with a low center of gravity, which is crucial for maintaining balance during dynamic movements. There is no visible hesitation, and they appear to be in complete control of their movements.

4. Verdict: Intermediate Expert",Intermediate Expert,False,18,"1. Movement quality: The person's movements are generally controlled and deliberate, showing an understanding of how to position their hands and feet for stability. However, there are moments of hesitation and slight inefficiency, particularly when transitioning between holds or when the camera angle obscures full body positioning. The movements are not fluid or graceful, indicating a focus on getting from point A to point B rather than optimizing the route.

2. Technique: The climber demonstrates basic technique by using their hands to grip holds and their feet to find footholds, which is fundamental for bouldering. They appear to be using a ""crimping"" technique on smaller holds and ""pinching"" or ""open-hand"" grips on larger holds. However, they do not consistently use body positioning to maximize leverage or balance, and their footwork is not always precise or efficient, suggesting they are still developing their technique.

3. Confidence and control: The climber shows a moderate level of confidence, as they are able to complete several moves and maintain their position on the wall. However, there are moments of hesitation, particularly when reaching for new holds or when transitioning between different types of holds. Their body positioning is often unstable, with their arms appearing to be overextended or their feet not fully engaged, indicating a lack of full control and balance.

4. Verdict: Novice",Novice,False
b285942a-a30b-4d4b-a753-8a29b951c1cb,uniandes_bouldering_026_48,Intermediate Expert,41,"1. Movement quality: The person demonstrates controlled and deliberate movements, transitioning smoothly from standing to climbing and back down. Her movements are efficient, with clear intention in each reach and foot placement, indicating a good understanding of body mechanics and spatial awareness.

2. Technique: She employs proper bouldering technique, including using her hands and feet effectively to maintain balance and momentum. She utilizes dynamic movements such as reaching and pulling, and adjusts her body position to optimize leverage and stability. Her use of the wall’s features shows an understanding of route-finding and efficient climbing.

3. Confidence and control: The person displays high confidence and control throughout the sequence. She approaches the wall with a focused demeanor, maintains stability during climbs, and shows no hesitation or loss of balance. Her body positioning is consistently appropriate for the task, indicating strong proprioception and core strength.

4. Verdict: Intermediate Expert",Intermediate Expert,True,41,"1. Movement quality: The climber's movements are generally controlled and deliberate, showing an understanding of how to position their hands and feet for stability. However, there are moments of hesitation and slight inefficiency, particularly when transitioning between holds or when the camera angle obscures full body positioning. The movements are not yet fluid or seamless, indicating a developing skill set.

2. Technique: The climber demonstrates basic bouldering technique, including using both hands and feet effectively to maintain balance and progress. They appear to be using a methodical approach, carefully selecting holds and planning routes. However, they do not yet exhibit advanced techniques such as dynamic moves, efficient footwork, or complex body positioning that would be expected from a more experienced climber.

3. Confidence and control: The climber shows a moderate level of confidence, often pausing to assess the next move before committing. There are moments of instability, particularly when reaching for distant holds or when the camera shows them adjusting their stance. The climber's body positioning is generally sound, but there are instances where they appear to be relying on the safety of the mat or the support of others, suggesting they are not yet fully confident in their ability to manage the climb independently.

4. Verdict: Novice",Novice,False
0a184bbf-43bf-4d02-bc32-f8989158446a,uniandes_bouldering_023_42,Novice,13,"1. Movement quality: The person demonstrates controlled and fluid movements as they transition from a kneeling position to actively climbing. Their movements are efficient, showing a clear understanding of how to use their body to ascend the wall without unnecessary wasted motion.

2. Technique: The climber employs proper climbing technique, including using their hands and feet effectively to find holds, maintaining body tension, and shifting their weight appropriately. They utilize dynamic movements, such as reaching and stepping, to progress upward, indicating a good grasp of the mechanics of bouldering.

3. Confidence and control: The climber displays high confidence and control throughout the sequence. They maintain a stable body position, even when reaching for distant holds, and show no hesitation in their movements. Their posture and balance suggest they are comfortable and in command of their environment.

4. Verdict: Intermediate Expert",Intermediate Expert,False,13,"1. Movement quality: The movement is characterized by deliberate, controlled motions rather than fluid or efficient ones. The climber frequently pauses to reposition hands and feet, indicating a focus on securing holds rather than flowing between them. The transitions between holds are not seamless, suggesting a methodical, cautious approach.

2. Technique: The climber employs fundamental bouldering techniques, such as using both hands to grip holds and maintaining body positioning to keep the center of gravity low. However, the technique is not yet refined; the climber often extends limbs to reach holds, which can be inefficient and increases the risk of falling. There is a clear focus on hand placement and body positioning to maintain stability.

3. Confidence and control: The climber demonstrates a high level of control and stability, as evidenced by the careful placement of hands and feet and the ability to maintain balance even when reaching for distant holds. There is minimal hesitation, and the climber appears confident in their ability to manage the climb, even if the movements are not yet fluid.

4. Verdict: Intermediate Expert",Intermediate Expert,False
0ed9a2ce-0e62-43f9-a7e1-37e5a0b89fcc,uniandes_bouldering_033_60,Intermediate Expert,14,"1. Movement quality: The climber's movements appear somewhat uncoordinated and inefficient. They exhibit frequent pauses and awkward transitions between holds, suggesting a lack of smooth, flowing motion. The movements are not fluid, indicating limited muscle memory and coordination for climbing.

2. Technique: The climber is using basic climbing techniques, such as reaching for holds and shifting weight, but their technique is not refined. They are not utilizing efficient footwork or body positioning to maximize leverage and minimize energy expenditure. Their use of the wall is inconsistent, and they seem to be relying on brute force rather than technique.

3. Confidence and control: The climber shows a lack of confidence, as evidenced by their hesitation before each move and their tendency to pause and reposition themselves. Their body positioning is unstable, with frequent shifts in balance and posture. They appear to be struggling to maintain control, which is evident in their frequent falls and the need to sit down after each attempt.

4. Final verdict: Novice",Novice,False,14,"1. Movement quality: The climber's movements are generally controlled and efficient, showing a clear understanding of how to transition between holds. The sequence from gripping the initial hold to reaching for the next, and finally to the landing, demonstrates a smooth, purposeful flow. There is no visible wasted motion, and the climber maintains a steady rhythm throughout the ascent and descent.

2. Technique: The climber employs sound bouldering technique. They use their arms and legs effectively to maintain body tension and balance, with a focus on using footholds efficiently. The use of the legs for support and the arms for reaching is well-coordinated. The climber also demonstrates good body positioning, keeping their center of gravity low and close to the wall, which is essential for stability and power.

3. Confidence and control: The climber displays a high level of confidence and control. There are no visible hesitations or moments of indecision during the climb. The body positioning is stable, and the climber maintains a strong, controlled posture even during the more challenging parts of the route. The landing is executed with precision, indicating a high degree of confidence in their ability to manage the descent and landing safely.

4. Verdict: Early Expert",Early Expert,False
97b78075-0a0c-4198-bc78-b08a2c92b0aa,uniandes_bouldering_027_56,Novice,9,"1. Movement quality: The person's movements are deliberate and controlled, showing a focus on precision rather than speed. The transitions between holds are smooth, indicating good body awareness and coordination. The movements are efficient for the context, as they are clearly aimed at progressing up the wall without unnecessary wasted motion.

2. Technique: The climber demonstrates sound technique by using proper footwork and hand placement. They are seen actively engaging their core and maintaining a stable base, which is essential for efficient climbing. The use of dynamic moves and body positioning to reach holds suggests an understanding of the mechanics of climbing.

3. Confidence and control: The climber displays high confidence and control throughout the sequence. There is no visible hesitation or loss of balance. Their body positioning is stable and well-managed, indicating a strong sense of spatial awareness and control over their movements.

4. Verdict: Intermediate Expert",Intermediate Expert,False,9,"1. Movement quality: The movement is characterized by a lack of fluidity and efficiency. The person's actions are often jerky and appear to be compensating for a lack of proper technique. In the initial frames, the hands are shown gripping and manipulating a hold in a way that suggests uncertainty and a focus on basic positioning rather than dynamic movement. The transition between holds appears hesitant and not smoothly executed.

2. Technique: The technique is rudimentary and not optimized for climbing. The person is primarily using a basic, static grip on holds without demonstrating advanced techniques such as footwork, body positioning, or dynamic movement. The use of chalk (implied by the white powder on the hands) is present but not shown being used effectively to enhance grip or reduce friction. The body positioning is often unbalanced, with the arms appearing to bear too much weight, indicating a lack of core engagement and efficient use of body mechanics.

3. Confidence and control: The person displays a lack of confidence and stability. There are visible hesitations in their movements, particularly when transitioning between holds. The body positioning is often unstable, with the arms appearing to be overextended or not properly positioned to support the body's weight. The person's focus seems to be on simply reaching the next hold rather than maintaining a controlled and balanced posture.

4. Final verdict: Novice",Novice,True
c6e1946e-cd52-43ee-ac5c-acb609d821d6,uniandes_bouldering_035_98,Early Expert,19,"1. Movement quality: The person's movements are uncoordinated and inefficient. They appear to be struggling to maintain balance and control, with jerky motions and a lack of smooth transitions. Their body position is unstable, indicating poor movement quality.

2. Technique: The person is not using proper climbing technique. They are not engaging their core or using their legs effectively for support. Instead, they are relying on their arms and upper body, which is inefficient and puts unnecessary strain on their joints. Their footwork is sloppy and lacks precision.

3. Confidence and control: The person shows a lack of confidence and control. They hesitate frequently, appearing unsure of their next move. Their body positioning is unstable, and they often lose their balance, requiring them to adjust their position frequently. This suggests a lack of confidence in their abilities.

4. Verdict: Novice",Novice,False,19,"1. Movement quality: The person's movements are somewhat hesitant and uncoordinated at the beginning, as seen in the initial frames where they are preparing and then starting to climb. As they ascend, their movements become more deliberate and controlled, showing an effort to maintain balance and find secure holds. The transition from preparation to active climbing is not fluid, indicating a learning process.

2. Technique: The climber demonstrates basic climbing technique by using their hands and feet to find footholds and handholds. They appear to be using a methodical approach, moving from one hold to the next, which is typical for someone learning. However, their technique is not yet refined, as evidenced by the occasional awkward positioning and the need to adjust their grip and stance frequently.

3. Confidence and control: The climber shows a moderate level of confidence, as they are able to complete the climb without falling. However, there are moments of hesitation, particularly when transitioning between holds or when reaching for new grips. Their body positioning is generally stable, but not always optimal, suggesting they are still developing their spatial awareness and body control on the wall.

4. Verdict: Novice",Novice,False
5d5d169f-3cfa-47da-947d-ec7a93178a59,uniandes_bouldering_029_41,Novice,36,"1. Movement quality: The person's movements are not fluid or efficient. They exhibit awkward, uncoordinated motions, particularly when attempting to ascend the wall. Their transitions between holds are jerky and lack the smooth, controlled flow characteristic of skilled climbers. The overall movement appears hesitant and inefficient, suggesting a lack of experience.

2. Technique: The climber demonstrates poor technique. They fail to use proper body positioning, such as keeping their hips close to the wall and using their legs for support rather than their arms. Their grip is inconsistent, and they appear to be relying on brute strength rather than efficient technique. The lack of dynamic movement and poor footwork further indicate a lack of technical skill.

3. Confidence and control: The person shows a significant lack of confidence and control. They hesitate before starting the climb and appear uncertain about their next move. Their body positioning is unstable, and they frequently lose balance, leading to a fall. The fall itself is uncontrolled, suggesting a lack of confidence in their ability to manage the climb.

4. Verdict: Novice",Novice,True,36,"1. Movement quality: The movement is characterized by a lack of fluidity and efficiency. The climber frequently pauses, appears to struggle with transitions between holds, and makes multiple small, hesitant movements. There is visible effort and a lack of smooth, controlled motion, suggesting the climber is not yet comfortable with the route or their own body mechanics.

2. Technique: The climber demonstrates basic technique, such as using both hands and feet to maintain contact with the wall, but the technique is inconsistent. There is a noticeable lack of efficient footwork, and the climber often relies on reaching rather than stepping or bridging. The use of body positioning to create leverage is minimal, and the climber frequently appears to be reaching for holds rather than projecting upward.

3. Confidence and control: The climber shows a lack of confidence, frequently pausing and looking down, which suggests hesitation. The body positioning is often unstable, with the climber appearing to be leaning or reaching out rather than maintaining a balanced, controlled posture. The climber’s movements are not smooth or confident, indicating a need for more practice to build confidence and control.

4. Verdict: Novice",Novice,True
48c635f3-ef0c-436b-94dc-9fca68c779b7,uniandes_bouldering_034_98,Early Expert,14,"1. Movement quality: The person's movements are deliberate and controlled, showing a focus on precision rather than speed. They move with a steady, methodical pace, indicating a careful approach to the task at hand. There is no visible rush or inefficiency in their motion.

2. Technique: The individual is using proper technique for the activity, which involves scanning a QR code with a smartphone. Their hand is steady, and they hold the phone at an optimal angle to ensure the code is clearly visible and readable. This demonstrates an understanding of the necessary technique for successful scanning.

3. Confidence and control: The person appears confident and in control throughout the sequence. They maintain a steady posture and do not show any signs of hesitation or instability. Their body positioning is appropriate for the task, suggesting they are comfortable and familiar with the process.

4. Final verdict: Intermediate Expert",Intermediate Expert,False,14,"1. Movement quality: The movement is characterized by a mix of deliberate, controlled actions and moments of hesitation or instability. The person frequently pauses to assess holds, and some transitions appear awkward or uncoordinated, suggesting a lack of fluidity. The motion is not consistently efficient, with visible effort in reaching and positioning, indicating a developing but not yet refined motor pattern.

2. Technique: The climber demonstrates basic technique, such as using both hands and feet to maintain contact with the wall and shifting weight appropriately. However, the technique is not consistently optimal; there are instances of reaching too far, misjudging hold placement, and relying on momentum rather than precise footwork. The use of body positioning to create leverage is present but not consistently executed with advanced efficiency.

3. Confidence and control: The climber shows moderate confidence, as evidenced by the ability to reach for holds and continue climbing without immediate falls. However, there are moments of hesitation, particularly when transitioning between holds or when the climber appears to be searching for the next move. Body positioning is generally stable, but not always optimal, with some instances of leaning too far or overextending, which suggests a lack of full control in dynamic situations.

4. Verdict: Novice",Novice,False
841c5354-3711-45ce-a226-3d7ba0e6b3df,uniandes_bouldering_030_60,Late Expert,15,"1. Movement quality: The climber's movements appear deliberate and controlled, with a focus on reaching and placing hands and feet. The transitions between holds are not overly fluid, suggesting a methodical approach rather than a highly efficient one. The climber maintains a steady pace, indicating good control over their body position and momentum.

2. Technique: The climber demonstrates proper technique by using their arms and legs effectively to maintain balance and progress upward. They utilize a variety of holds, including crimps and jugs, and appear to be managing their body weight and positioning appropriately. The climber’s footwork is visible and seems intentional, suggesting an understanding of how to use footholds for stability and leverage.

3. Confidence and control: The climber shows a high degree of confidence, as evidenced by their ability to reach for holds and maintain balance without hesitation. Their body positioning is stable, with a focus on keeping their center of gravity low and their core engaged. The climber appears to be in control throughout the climb, even when reaching for distant holds.

4. Final verdict: Intermediate Expert",Intermediate Expert,False,15,"1. Movement quality: The movement is characterized by a lack of fluidity and efficiency. The person appears to be moving in a hesitant, uncoordinated manner, often pausing or adjusting their position. The transitions between holds are not smooth, suggesting a struggle to maintain momentum and balance. The overall movement quality indicates a beginner or someone with very limited experience.

2. Technique: The technique is rudimentary and inconsistent. The person frequently uses their hands to grip holds without apparent strategy or body positioning. There is little evidence of efficient footwork or body positioning to maintain balance or conserve energy. The use of the wall is more exploratory than strategic, indicating a lack of understanding of proper climbing technique.

3. Confidence and control: The person shows a significant lack of confidence and control. There are multiple instances of hesitation, such as when they sit down or pause before attempting a move. Their body positioning is often unstable, with frequent adjustments to maintain balance. The person appears to be relying on external support or the safety of the mat rather than their own strength and control.

4. Verdict: Novice",Novice,False
7cef5f7e-d66d-4b23-b832-ff998d357784,uniandes_bouldering_023_71,Early Expert,7,"1. Movement quality: The climber's movements appear somewhat hesitant and uncoordinated. They are not moving with fluidity or efficiency; instead, their motions look tentative and possibly inefficient, suggesting they are still learning to navigate the wall's holds and routes.

2. Technique: The climber is using basic climbing techniques, such as reaching for holds and shifting weight, but their technique lacks refinement. They are not demonstrating advanced techniques like dynamic movement, efficient footwork, or body positioning for balance and leverage. Their use of the wall seems more exploratory than strategic.

3. Confidence and control: The climber shows a lack of confidence, as evidenced by their hesitant movements and the fact that they are not fully committed to any particular route. Their body positioning is not stable or optimized for climbing, and they appear to be constantly adjusting their stance, indicating a lack of control and confidence in their abilities.

4. Final verdict: Novice",Novice,False,7,"1. Movement quality: The movement is characterized by a lack of control and efficiency. The images show jerky, uncoordinated motions, with significant blurring in several frames indicating rapid, unrefined movements. The climber appears to be struggling to maintain a steady pace or find stable footholds, suggesting poor movement quality.

2. Technique: The technique is rudimentary and inconsistent. The climber is seen reaching for holds with both hands, but the positioning of the arms and body suggests a lack of proper body tension and footwork. There is no evidence of efficient use of dynamic movement, body positioning, or route-finding strategies that would indicate a more advanced climber.

3. Confidence and control: The climber displays a lack of confidence and stability. The movements are hesitant and appear to be reactive rather than planned. The body positioning is not optimized for climbing, and the climber seems to be relying on brute force rather than technique. The frequent blurring and the need to reposition hands suggest a lack of control and confidence in maintaining a secure position.

4. Verdict: Novice",Novice,False
6caff659-6697-498e-a5e3-04b50bc09d30,uniandes_bouldering_027_17,Early Expert,52,"1. Movement quality: The person's movements are deliberate and controlled, showing a focus on precision rather than speed. She transitions from standing to crouching and then to lying on her back, indicating a methodical approach to engaging with the wall. Her movements are not fluid in the sense of continuous flow, but rather purposeful and calculated, suggesting she is carefully planning each action.

2. Technique: The person demonstrates good technique by using her hands and feet effectively to grip and stabilize herself on the wall. She uses her core and legs to maintain balance and control, which is essential for bouldering. Her body positioning, such as reaching up and using her arms to pull herself up, shows an understanding of leverage and body mechanics.

3. Confidence and control: The person appears confident and in control throughout the sequence. She does not hesitate or show signs of fear or uncertainty. Her body positioning is stable, and she maintains control even when lying on her back, indicating a high level of comfort and confidence in her abilities.

4. Final verdict: Intermediate Expert",Intermediate Expert,False,52,"1. Movement quality: The person's movements are deliberate and controlled, showing a clear focus on finding secure footholds and handholds. The transitions between holds are smooth, indicating good body awareness and efficient use of energy. There is no visible wasted motion, suggesting a practiced approach to climbing.

2. Technique: The climber demonstrates proper technique by maintaining a strong, stable body position, using their legs effectively to push upward and keep their center of gravity low. They are seen using a variety of grips, including crimps and open hands, and are adept at shifting weight and repositioning their limbs to maintain balance and momentum. The use of the blue hand-shaped hold as a key anchor point shows strategic planning.

3. Confidence and control: The climber exhibits high confidence and control throughout the sequence. They are not hesitant in their movements, maintaining a steady and balanced posture even as they ascend. Their body positioning is consistently optimal, with arms and legs working in harmony to maintain stability and progress upward.

4. Verdict: Intermediate Expert",Intermediate Expert,False
dcdf4cdc-2b50-4e2c-bbaf-b8a904965867,uniandes_bouldering_029_77,Early Expert,7,"1. Movement quality: The person's movement is not visible in the provided images, as they are either holding a phone or standing still. Therefore, no assessment of control, fluidity, or efficiency of movement can be made from the available frames.

2. Technique: No climbing technique can be observed or evaluated, as the person is not actively engaged in climbing. The images show them holding a phone, not interacting with the wall.

3. Confidence and control: The person appears to be stationary and focused on their phone, suggesting they are not in the process of climbing. There is no evidence of hesitation, stability, or body positioning related to climbing, as they are not on the wall.

4. Final verdict: Novice",Novice,False,7,"1. Movement quality: The movement appears somewhat unrefined and deliberate. The person is actively reaching and grasping holds, but the transitions between holds seem to involve some awkwardness and visible effort, suggesting a lack of smooth, fluid motion. The movements are not highly efficient, as the person is frequently reaching for holds that are not immediately adjacent, indicating a less optimized climbing path.

2. Technique: The climber is using basic climbing techniques, such as reaching for holds and shifting body weight. However, there is limited evidence of advanced techniques like dynamic movement, efficient footwork, or body positioning for balance and leverage. The climber's arm is often extended, suggesting they are relying on reaching rather than using a more efficient, controlled technique that involves body positioning and core engagement.

3. Confidence and control: The climber appears to be cautiously progressing, with visible hesitation in some frames as they reach for holds. The body positioning is not consistently stable, and the climber seems to be relying on their arms for support rather than using their legs and core effectively. This suggests a lack of confidence in their ability to maintain balance and control, especially when reaching for distant or challenging holds.

4. Verdict: Novice",Novice,False
77f6641e-b713-4723-bafc-ca6b0b957c5e,uniandes_bouldering_036_17,Late Expert,23,"1. Movement quality: The climber demonstrates controlled and efficient movement. They transition smoothly between holds, maintaining a compact body position to conserve energy and maximize leverage. Their movements are deliberate and purposeful, indicating a good understanding of route progression.

2. Technique: The climber employs sound bouldering technique. They use their feet effectively to create stable footholds and maintain body tension. Their arms are used for reaching and pulling, but they avoid overextending, instead relying on core strength and body positioning to manage the climb. They utilize dynamic moves when necessary, such as a powerful reach to the top hold, showcasing good timing and power.

3. Confidence and control: The climber displays high confidence and excellent control throughout the climb. They maintain a stable and balanced body position, even during dynamic moves. There is no visible hesitation or loss of control; they appear fully in command of their body and the route. Their body positioning is optimal for each move, indicating a strong sense of spatial awareness and risk assessment.

4. Verdict: Late Expert",Late Expert,True,23,"1. Movement quality: The climber's movements are generally controlled and deliberate, showing an understanding of how to position their body for each move. There is a clear progression from the ground to the top of the wall, with each step and hand placement appearing intentional. The transitions between holds are smooth, indicating good body awareness and coordination. The climber maintains a steady pace without unnecessary hesitation, suggesting efficiency in movement.

2. Technique: The climber employs proper climbing technique, including using both hands and feet effectively to maintain balance and leverage. They demonstrate good footwork, placing their feet precisely on footholds to create stable base positions. The climber also uses their arms to pull themselves up and to reach for the next hold, showing an understanding of body positioning and weight distribution. The use of the chalk bag to manage grip is also evident, indicating awareness of grip strength and friction.

3. Confidence and control: The climber appears confident throughout the climb, maintaining a steady and controlled posture even when reaching for distant holds. There is no visible hesitation or loss of balance, and the climber's body positioning is consistently stable, indicating a high level of control. The climber's ability to maintain focus and execute moves with precision suggests a strong mental game and physical control.

4. Verdict: Intermediate Expert",Intermediate Expert,False
a7ee65f5-b365-4f69-bc6a-95a9583d7ff0,uniandes_bouldering_026_14,Novice,21,"1. Movement quality: The person's movements are deliberate and controlled, showing a clear progression from the base to the top of the wall. The transitions between holds are smooth, indicating good body awareness and coordination. The climber maintains a steady rhythm, suggesting efficiency in movement planning and execution.

2. Technique: The climber employs proper climbing technique, including efficient footwork and hand placement. They use their legs to push upward, keeping their body close to the wall for stability. The climber demonstrates good balance and weight distribution, shifting their center of gravity effectively to maintain control while reaching for new holds.

3. Confidence and control: The climber displays high confidence throughout the ascent, with no visible hesitation or fear. Their body positioning is stable and controlled, with a consistent posture that indicates experience. They maintain a strong grip and secure footing, showing excellent control even when reaching for distant holds.

4. Verdict: Intermediate Expert",Intermediate Expert,False,21,"1. Movement quality: The person's movements are deliberate and controlled, showing a clear focus on finding secure holds. The transitions between holds are generally smooth, indicating a good understanding of body positioning and weight distribution. There is no visible inefficiency in their movement, suggesting they are using their body effectively to navigate the wall.

2. Technique: The climber demonstrates proper technique by using their hands and feet strategically to maintain balance and momentum. They are seen using a variety of grips, including crimping and pinching, and are effectively managing their body position to avoid overreaching. The use of footholds is precise, indicating a good understanding of footwork and balance.

3. Confidence and control: The climber appears confident and in control throughout the sequence. There are no visible signs of hesitation or instability. Their body positioning is consistently stable, and they maintain a strong connection with the wall, indicating a high level of comfort and skill.

4. Verdict: Intermediate Expert",Intermediate Expert,False
74bc0655-0e3e-433f-b8f5-243764621fe5,uniandes_bouldering_030_25,Late Expert,43,"1. Movement quality: The person's movements are somewhat uncoordinated and inefficient. They appear to struggle with maintaining balance and proper body positioning while attempting to climb. Their transitions between holds are jerky and lack fluidity, indicating a lack of refined motor control. The final fall is uncontrolled, suggesting poor movement execution.

2. Technique: The climber demonstrates minimal use of proper climbing technique. They do not effectively use their legs for support or leverage, instead relying heavily on their arms, which leads to inefficient movement. Their body positioning is often awkward, with poor footwork and a lack of dynamic movement. They do not utilize body tension or efficient climbing sequences.

3. Confidence and control: The person shows a lack of confidence, as evidenced by their hesitation before starting and their unsteady movements. Their body positioning is unstable, and they frequently lose balance. The fall at the end indicates a lack of control and confidence in their ability to manage the climb.

4. Verdict: Novice",Novice,False,43,"1. Movement quality: The person's movements are characterized by a lack of fluidity and efficiency. The sequence shows frequent pauses, awkward transitions, and visible struggle to maintain momentum. There are moments of hesitation and uncoordinated limb placement, indicating a struggle to execute smooth, controlled motions typical of a more advanced climber.

2. Technique: The climber demonstrates poor technique. They frequently rely on reaching rather than stepping, and their footwork appears unrefined and inconsistent. The use of body positioning is minimal, with little evidence of efficient weight transfer or dynamic movement. The climber often appears to be ""hanging"" or ""reaching"" rather than actively climbing with purpose.

3. Confidence and control: The climber exhibits a lack of confidence and stability. There are multiple instances of hesitation, particularly when transitioning between holds. The body positioning is often unstable, with the climber appearing to be constantly adjusting their stance rather than maintaining a secure, balanced position. The climber's movements suggest a high level of uncertainty and a tendency to rely on brute force rather than technique.

4. Verdict: Novice",Novice,False
04cd2bc7-f306-4bc5-b2ea-8d51a0e587a8,uniandes_bouldering_029_71,Early Expert,27,"1. Movement quality: The climber's movements are deliberate and controlled, showing a focus on precision rather than speed. They exhibit good body positioning and efficient use of their limbs to reach holds, indicating a methodical approach to climbing. There is no visible wasted motion, suggesting an understanding of efficient movement patterns.

2. Technique: The climber demonstrates proper technique by maintaining a stable base, using their feet effectively to push off and support their body weight, and reaching for holds with controlled arm movements. They appear to be using a dynamic climbing style, incorporating small jumps and body positioning to navigate the wall. Their use of the wall's features, such as footholds and handholds, is strategic and efficient.

3. Confidence and control: The climber displays a high level of confidence and control throughout the climb. They maintain a stable and balanced body position, showing no signs of hesitation or instability. Their movements are smooth and controlled, indicating a strong sense of body awareness and spatial orientation. The climber appears to be fully engaged and focused on the climb, suggesting a high level of comfort and confidence in their abilities.

4. Final verdict: Intermediate Expert",Intermediate Expert,False,27,"1. Movement quality: The movements are somewhat jerky and uncoordinated, indicating a lack of smooth, efficient motion. The climber frequently shifts positions and appears to be searching for holds, suggesting a less fluid climbing style. There is visible hesitation and a lack of momentum in transitions between holds.

2. Technique: The climber demonstrates basic technique by using both hands and feet to ascend, but the movements are not optimized. There is a noticeable lack of body positioning and dynamic movement; the climber often appears to be reaching or pulling rather than pushing and using body tension effectively. The use of footholds is inconsistent, and the climber sometimes appears to be relying on momentum or luck rather than precise footwork.

3. Confidence and control: The climber shows a moderate level of confidence, as they are able to maintain contact with the wall and continue climbing without falling. However, there are moments of hesitation, particularly when transitioning between holds or when reaching for distant grips. The body positioning is not always optimal, and the climber sometimes appears to be leaning or hanging rather than using their body to maintain balance and stability.

4. Verdict: Novice",Novice,False
e8f2df2e-5d2d-4352-b06c-95554b1ecdb3,uniandes_bouldering_031_68,Late Expert,62,"1. Movement quality: The climber demonstrates controlled and deliberate movements, transitioning smoothly between holds with purposeful footwork and hand placements. The motion is efficient, minimizing unnecessary shifts and maintaining momentum as they ascend.

2. Technique: The climber employs proper bouldering technique, including precise footwork, body positioning for balance, and effective use of dynamic moves to reach higher holds. They utilize their core for stability and maintain a compact, efficient posture throughout the climb.

3. Confidence and control: The climber displays high confidence, maintaining steady body positioning and showing no hesitation during the climb. Their movements are stable and controlled, indicating a strong sense of spatial awareness and trust in their abilities.

4. Verdict: Intermediate Expert",Intermediate Expert,False,62,"1. Movement quality: The person's movements are characterized by a mix of deliberate planning and physical exertion. There are moments of controlled, efficient movement, such as when transitioning between holds with purpose. However, there are also instances of visible struggle, particularly during transitions and when reaching for distant holds, indicating a lack of fluidity and efficiency in some sequences. The motion is often jerky, suggesting the climber is working hard to maintain momentum and balance.

2. Technique: The climber demonstrates a basic understanding of climbing technique, such as using both hands and feet to maintain body position and leverage. They appear to be using their legs for support and pushing off from footholds, which is a fundamental climbing technique. However, their technique is not consistently refined; there are moments where they seem to rely heavily on arm strength rather than efficient body positioning and footwork, which is indicative of a developing skill set.

3. Confidence and control: The climber shows a moderate level of confidence, as they are able to initiate climbs and navigate the wall. However, there are clear moments of hesitation, particularly when reaching for holds or transitioning between sections. Their body positioning is often unstable, with frequent adjustments to maintain balance, suggesting a lack of advanced control. The climber appears to be managing their fear of falling, but not yet fully mastering the mental aspect of climbing.

4. Verdict: Novice",Novice,False
4401cdfe-a383-4116-b1ed-1783b2e0ae7e,uniandes_bouldering_036_4,Late Expert,45,"1. Movement quality: The climber demonstrates controlled and deliberate movements, transitioning smoothly between holds with good efficiency. There is a clear focus on maintaining balance and momentum, indicating a practiced approach to movement sequencing.

2. Technique: The climber employs proper climbing technique, including efficient footwork, body positioning, and dynamic moves. They use their legs effectively for power and stability, and their upper body is engaged to maintain control. The climber also demonstrates good use of the wall’s features, such as using footholds and handholds in a coordinated manner.

3. Confidence and control: The climber shows high confidence and control throughout the climb. There are no visible hesitations or moments of instability. Their body positioning is consistently balanced, and they maintain a strong connection with the wall, indicating a high level of comfort and mastery.

4. Verdict: Late Expert",Late Expert,True,45,"1. Movement quality: The person's movements are generally controlled and deliberate, showing a good understanding of body positioning and route progression. There is a noticeable lack of fluidity in some transitions, particularly when shifting between holds, which suggests they are still developing smooth, efficient movement patterns. The movements are not rushed, indicating a focus on precision over speed.

2. Technique: The climber demonstrates a solid grasp of fundamental climbing techniques, including proper hand placement, footwork, and body positioning. They utilize a variety of holds effectively, showing an ability to adapt their technique to different types of grips. The use of the feet to push off and maintain balance is evident, and they appear to be managing their body weight efficiently to avoid overreaching or falling.

3. Confidence and control: The climber displays a high level of confidence, as evidenced by their willingness to reach for challenging holds and their ability to maintain stability even when the route becomes more complex. There are moments of hesitation, particularly when transitioning between holds or when the route becomes more difficult, but these are brief and do not significantly impact their overall performance. Their body positioning is generally stable, with a focus on maintaining a strong base and using their core effectively.

4. Verdict: Intermediate Expert",Intermediate Expert,False
d33f338c-bebc-44a7-b3bb-17849a0fc068,uniandes_bouldering_037_49,Late Expert,24,"1. Movement quality: The person's movements are deliberate and controlled, showing a focus on precision rather than speed. They exhibit good body awareness, moving with a steady, efficient gait as they approach and prepare to climb. Their movements are not rushed, indicating a methodical approach to the activity.

2. Technique: The individual demonstrates proper climbing technique by maintaining a stable base and using their arms and legs effectively to ascend. They appear to be using a dynamic climbing style, with controlled footwork and hand placements, suggesting they understand the mechanics of climbing and are applying them correctly.

3. Confidence and control: The person displays a high level of confidence and control throughout the sequence. They are steady on their feet, maintaining a balanced posture even as they prepare to climb. There is no visible hesitation or instability, indicating they are comfortable and in control of their actions.

4. Final verdict: Intermediate Expert",Intermediate Expert,False,24,"1. Movement quality: The person's movements are somewhat uncoordinated and show signs of hesitation. There are moments of blurred motion, indicating rushed or awkward transitions between holds. The movements are not fluid or efficient, suggesting a lack of practiced rhythm and timing. The person frequently appears to be adjusting their position, indicating a struggle to maintain momentum.

2. Technique: The climber is using basic hand and foot placements, but often appears to be reaching or stepping without a clear plan. There is limited use of body positioning for balance and leverage. The climber sometimes appears to be relying on momentum or luck rather than deliberate technique. The use of chalk is present, but the application and timing suggest it's not being used to its full potential for grip enhancement.

3. Confidence and control: The person shows signs of hesitation and uncertainty, particularly when transitioning between holds. There are moments where the climber appears to be losing balance or has to adjust their position, indicating a lack of stability. The body positioning is often awkward, with the climber leaning or reaching in ways that suggest they are not fully confident in their ability to maintain control.

4. Verdict: Novice",Novice,False
e0e7a1f3-3420-4ae2-88fb-666ac9d5cbdc,uniandes_bouldering_033_27,Late Expert,74,"1. Movement quality: The climber demonstrates controlled and deliberate movements, transitioning smoothly between holds with good efficiency. Their body positioning suggests a focus on maintaining balance and momentum, indicating a solid understanding of movement dynamics on the wall.

2. Technique: The climber employs proper climbing technique, including efficient footwork, precise hand placements, and effective use of body tension to maintain stability. They utilize dynamic moves and transitions, showing an understanding of how to generate power and control their ascent.

3. Confidence and control: The climber displays high confidence, maintaining a stable and controlled body position throughout the climb. There are no visible hesitations or instability, and their movements are deliberate and purposeful, indicating a strong sense of control and spatial awareness.

4. Verdict: Intermediate Expert",Intermediate Expert,False,74,"1. Movement quality: The person's movements are generally controlled and deliberate, showing a good understanding of body positioning and route planning. There are moments of fluidity, especially when transitioning between holds, but some movements appear slightly hesitant or inefficient, particularly during the initial ascent and when adjusting grip. The overall movement is not overly rushed, suggesting a focus on precision over speed.

2. Technique: The climber demonstrates solid technique, including proper use of footwork and hand placement. They frequently use both hands and feet to maintain balance and progress, indicating an understanding of body tension and weight distribution. The climber also shows awareness of the wall's layout, selecting holds that support their climbing style. However, there are instances where they appear to overthink or hesitate, which could indicate a lack of muscle memory or confidence in certain moves.

3. Confidence and control: The climber displays a moderate level of confidence, as evidenced by their ability to complete several moves without falling. However, there are moments of hesitation, particularly when reaching for distant holds or when transitioning between different sections of the wall. Their body positioning is generally stable, with a focus on maintaining balance and using their core effectively. The climber does not appear overly anxious, but there is a noticeable lack of fluidity in some movements, suggesting they are still developing their confidence in more challenging situations.

4. Verdict: Intermediate Expert",Intermediate Expert,False
d2268823-4c4b-4036-b313-a27083db529d,uniandes_bouldering_037_2,Intermediate Expert,57,"1. Movement quality: The person's movements are deliberate and controlled, showing a focus on precision rather than speed. They exhibit a methodical approach to climbing, indicating a thoughtful and cautious style. The movements are efficient for their current skill level, avoiding unnecessary wasted motion.

2. Technique: The climber demonstrates proper technique by using their hands and feet effectively to maintain balance and progress. They appear to be using a dynamic climbing style, incorporating body positioning and footwork to navigate the wall. Their use of the wall's features suggests an understanding of route-finding and efficient movement.

3. Confidence and control: The person displays a high level of confidence and control throughout the climb. They maintain a stable body position, showing good balance and core engagement. There is no visible hesitation or loss of control, indicating a strong sense of security and mastery over their movements.

4. Final verdict: Intermediate Expert",Intermediate Expert,True,57,"1. Movement quality: The person's movements are generally controlled and deliberate, especially during the initial planning and footwork phases. However, there are moments of hesitation and slight inefficiency, particularly when transitioning between holds or adjusting body position. The motion is not fluid throughout, with some jerky movements and pauses, indicating a developing sense of rhythm and flow.

2. Technique: The climber demonstrates a basic understanding of hand and foot placement, using appropriate grips and maintaining body tension. They occasionally use dynamic moves, such as reaching for distant holds, but often rely on static holds and lack advanced techniques like smearing or efficient footwork. The use of the chalk bag and chalk is evident, showing awareness of grip management, but the technique is not yet refined.

3. Confidence and control: The climber shows moderate confidence, often pausing to assess the next move, which suggests a cautious approach. There are moments of instability, particularly when transitioning between holds or when the body position is not fully optimized. The climber appears to be managing their fear of falling, but not yet fully confident in their ability to execute complex moves.

4. Verdict: Novice",Novice,False
a237c7f1-4189-4f28-9a7d-233a976976d6,uniandes_bouldering_036_47,Late Expert,12,"1. Movement quality: The climber's movements are deliberate and controlled, showing a focus on precision rather than speed. The transitions between holds are smooth, indicating good body awareness and coordination. The climber maintains a stable, efficient posture throughout, suggesting an understanding of how to conserve energy while progressing.

2. Technique: The climber employs proper climbing technique, including efficient use of footwork and hand placement. They demonstrate good body positioning, using their legs to push upward and their core to maintain balance. The climber also shows an understanding of dynamic movement, using controlled swings and reaches to access difficult holds.

3. Confidence and control: The climber displays a high level of confidence, maintaining a steady and controlled pace without hesitation. Their body positioning is stable and balanced, indicating strong core strength and proprioception. The climber appears comfortable and in control throughout the climb, even when reaching for challenging holds.

4. Verdict: Intermediate Expert",Intermediate Expert,False,12,"1. Movement quality: The movement is characterized by a lack of fluidity and efficiency. The climber frequently shifts positions, often appearing to be searching for holds rather than moving with purpose. The transitions between holds are jerky and sometimes involve awkward body positioning, suggesting a struggle to maintain momentum and a smooth climbing rhythm.

2. Technique: The climber demonstrates basic technique but with significant room for improvement. They are using their hands effectively to grip holds, but their footwork is not clearly visible or consistently executed. The use of body positioning to create leverage and maintain balance appears inconsistent, and they often seem to rely on brute strength rather than efficient body mechanics. The climber does not consistently use dynamic moves or efficient transitions.

3. Confidence and control: The climber shows a moderate level of confidence, as they are able to complete several moves and maintain contact with the wall. However, there are moments of hesitation, particularly when transitioning between holds or when reaching for distant grips. Their body positioning is often unstable, with arms frequently extended and not fully engaged in supporting their body weight. This suggests a lack of full control and confidence in their ability to manage their body position and balance.

4. Verdict: Novice",Novice,False
3c519043-4e93-4f5e-b521-3b27c235c17c,uniandes_bouldering_024_6,Novice,77,"1. Movement quality: The climber demonstrates controlled and deliberate movements, transitioning smoothly between holds with good body positioning. Her movements are efficient, minimizing wasted motion as she ascends, indicating a solid understanding of route progression.

2. Technique: She employs proper climbing technique, including effective use of footwork to maintain balance and leverage, and hand placement to secure her position. Her body is kept close to the wall, utilizing dynamic movements to reach higher holds, showcasing a good grasp of fundamental climbing mechanics.

3. Confidence and control: The climber displays high confidence, maintaining stability throughout her ascent without hesitation. Her body positioning is consistently controlled, with her core engaged and weight distributed effectively, allowing her to execute moves with precision and composure.

4. Verdict: Intermediate Expert",Intermediate Expert,False,77,"1. Movement quality: The person's movements are generally controlled and deliberate, showing a good understanding of how to position their body and limbs for efficient climbing. They transition between holds with purpose, though some movements appear slightly cautious, indicating they are still developing fluidity and speed. The overall motion is not rushed, suggesting a focus on stability over speed.

2. Technique: The climber demonstrates solid technique by effectively using their hands and feet to maintain balance and progress. They utilize a variety of holds, including crimps, jugs, and slopers, and show awareness of body positioning to maintain a strong base. Their footwork is generally precise, and they often use their legs to push upward, which is a sign of good technique. They also appear to be using their core for stability, which is essential for efficient climbing.

3. Confidence and control: The climber displays a high level of confidence and control throughout the sequence. They are not hesitant in their movements and maintain a stable body position even when reaching for distant holds. Their body positioning is generally well-balanced, and they appear to be in control of their movements, even when transitioning between different types of holds. There are moments where they seem to be testing the holds, but this is more indicative of a cautious approach rather than a lack of confidence.

4. Verdict: Intermediate Expert",Intermediate Expert,False
ea71122a-5318-4c39-9207-10eb0fe6e668,uniandes_bouldering_025_14,Novice,26,"1. Movement quality: The climber's movements appear deliberate and controlled, with a focus on reaching and placing hands and feet accurately. There is a clear progression upward, indicating an understanding of movement sequencing. The transitions between holds are smooth, suggesting good body awareness and coordination.

2. Technique: The climber employs proper climbing technique, including efficient use of limbs to maintain balance and leverage. She demonstrates good footwork, using her feet to push off and stabilize her body position. Her body positioning is optimized for each move, showing an understanding of weight distribution and core engagement.

3. Confidence and control: The climber exhibits high confidence and control throughout the climb. She maintains a stable and balanced posture, even when reaching for distant holds. There is no visible hesitation or loss of control, indicating a strong sense of security and mastery over her movements.

4. Verdict: Intermediate Expert",Intermediate Expert,False,26,"1. Movement quality: The person's movements are generally controlled and deliberate, showing a good understanding of how to position their hands and feet for stability. There is a noticeable effort to maintain balance and progress upward, though some movements appear slightly hesitant or require repositioning, indicating a learning process. The fluidity is moderate, with moments of pause or adjustment, suggesting they are not yet moving with the smooth, efficient motion of a highly experienced climber.

2. Technique: The climber demonstrates basic bouldering technique, including using both hands and feet to find holds, maintaining body tension, and shifting weight appropriately. They appear to be using a ""footwork-first"" approach, carefully placing their feet before reaching for the next handhold. However, their technique is not yet refined; they occasionally struggle to find the optimal grip or foot placement, and their body positioning sometimes appears awkward or inefficient, indicating room for improvement in technique.

3. Confidence and control: The climber shows a moderate level of confidence, as they are able to complete several moves and maintain contact with the wall. However, there are moments of hesitation, particularly when transitioning between holds or when reaching for distant grips. Their body positioning is often tense, suggesting they are focused on maintaining stability rather than flowing with the movement. They do not appear to be fully relaxed or confident in their ability to execute complex moves, indicating they are still building confidence.

4. Final verdict: Novice",Novice,True
ef362c0f-063b-4aeb-af18-d15f0c0a949d,uniandes_bouldering_029_8,Early Expert,16,"1. Movement quality: The climber's movements are deliberate and controlled, showing a focus on precision rather than speed. She moves with a methodical quality, carefully selecting and reaching for holds, indicating a thoughtful approach to the climb. Her body positioning suggests she is managing her energy and balance efficiently, though not with the fluidity of a highly experienced climber.

2. Technique: The climber demonstrates fundamental climbing technique, including proper hand placement and body positioning to maintain balance. She uses her legs effectively to push off and support her body weight, keeping her center of gravity low and stable. Her footwork appears deliberate, and she is clearly focused on maintaining contact with the wall to avoid falling.

3. Confidence and control: The climber exhibits a high degree of confidence and control. She is not hesitant or visibly nervous, and her body positioning remains stable throughout the sequence. Her movements are deliberate and controlled, indicating she is comfortable with the activity and has a good sense of her own capabilities.

4. Verdict: Intermediate Expert",Intermediate Expert,False,16,"1. Movement quality: The movements are generally controlled and deliberate, showing an understanding of how to position the body and use the holds effectively. There is a clear progression from lower to higher holds, indicating a focus on building momentum and stability. The transitions between holds are mostly smooth, though some frames show slight hesitation or adjustment, which is common for someone learning to manage their body weight and balance.

2. Technique: The climber demonstrates good use of technique specific to bouldering, such as using both hands and feet to maintain balance and leverage. They appear to be using their core and legs effectively to push up and reach for the next hold. The use of the large red holds as anchors and the strategic placement of feet on smaller footholds show an understanding of route-finding and body positioning.

3. Confidence and control: The climber displays a high level of confidence and control throughout the sequence. They maintain a stable body position, even when reaching for distant holds, and show no signs of hesitation or fear. Their body positioning is efficient, with a focus on keeping their center of gravity low and their movements precise.

4. Verdict: Intermediate Expert",Intermediate Expert,False
74d47f9d-6264-4407-b9f0-9facc320c938,uniandes_bouldering_035_37,Early Expert,58,"1. Movement quality: The climber demonstrates controlled and deliberate movements, transitioning smoothly between holds with good body positioning. The movements are efficient, minimizing wasted motion and maintaining momentum as they ascend.

2. Technique: The climber effectively uses footwork and hand placement, maintaining a strong core and balanced body position. They utilize dynamic moves and body tension to reach higher holds, showing a good understanding of climbing technique.

3. Confidence and control: The climber displays high confidence, maintaining stability and control throughout the climb. There is no visible hesitation, and their body positioning remains consistent, indicating strong spatial awareness and control.

4. Verdict: Intermediate Expert",Intermediate Expert,False,58,"1. Movement quality: The person's movements are somewhat hesitant and uncoordinated, especially during the initial approach and early climbing phases. There is visible struggle to find secure footholds and hand placements, leading to awkward, jerky motions. The transitions between holds are not fluid, and the overall movement lacks efficiency, suggesting a lack of muscle memory or experience.

2. Technique: The climber demonstrates basic technique, such as reaching for holds and using both hands and feet, but often fails to utilize optimal body positioning or dynamic movement. There is minimal use of footwork to generate upward momentum or balance, and the climber frequently relies on reaching rather than climbing with precision. The use of the chalk bag is present but not consistently or effectively integrated into the climbing process.

3. Confidence and control: The climber shows signs of hesitation, particularly when attempting to reach for distant holds or when transitioning between moves. Body positioning is often unstable, with frequent shifts in balance and a tendency to lean or overreach. The climber appears to be relying on the safety of the mat and the structure of the wall rather than demonstrating advanced control or confidence in their movements.

4. Verdict: Novice",Novice,False
297d0185-6f12-4664-b53c-c5fc4054d680,uniandes_bouldering_022_20,Intermediate Expert,73,"1. Movement quality: The climber demonstrates controlled and deliberate movements, transitioning smoothly between holds with purposeful footwork and hand placements. Her movements are efficient, minimizing wasted motion as she ascends the wall.

2. Technique: She employs proper climbing technique, including maintaining a wide stance for balance, using her legs to push upward rather than relying solely on her arms, and keeping her body close to the wall for optimal leverage. Her footwork is precise, and she effectively uses her core to stabilize her body during ascents.

3. Confidence and control: The climber exhibits high confidence and control throughout the climb. She remains stable and composed, even when reaching for distant holds, and shows no hesitation in her movements. Her body positioning is consistently efficient, indicating a strong understanding of balance and spatial awareness.

4. Verdict: Intermediate Expert",Intermediate Expert,True,73,"1. Movement quality: The person's movements are generally controlled and deliberate, especially during the initial approach and when starting the climb. However, there are moments of hesitation and slight instability, particularly when transitioning between holds or adjusting body position. The movements are not overly fluid, suggesting a focus on finding secure footholds and hand placements rather than smooth, efficient motion.

2. Technique: The climber demonstrates basic climbing technique, including using both hands and feet effectively to ascend. They appear to be using a methodical approach, likely following a route or plan (as suggested by the book they were holding). The use of body positioning to maintain balance and leverage is evident, though not always optimal. There is a clear effort to maintain contact with the wall and avoid falling, indicating a foundational understanding of climbing mechanics.

3. Confidence and control: The climber shows a moderate level of confidence, as they are able to initiate and continue climbing without immediate panic. However, there are moments of hesitation, particularly when reaching for new holds or when the body position becomes unstable. The climber often appears to be checking their footing and hand placements carefully, suggesting a cautious approach rather than a confident, fluid ascent. The presence of a book and a towel indicates they are preparing and possibly strategizing, which can be a sign of a thoughtful, rather than instinctive, climber.

4. Final verdict: Novice",Novice,False
599fccf2-b3c2-4eaf-95b2-0749fe66ef4c,uniandes_bouldering_027_114,Novice,14,"1. Movement quality: The climber's movements appear deliberate and controlled, with each hand and foot placement seeming intentional. There is a clear focus on reaching for holds, suggesting a methodical approach rather than rushed or chaotic motion. The overall movement is efficient for the context, indicating a good understanding of route progression.

2. Technique: The climber is utilizing proper climbing technique, including maintaining a wide stance for balance, keeping the body close to the wall to maximize leverage, and using dynamic movements to reach higher holds. The use of both hands and feet in coordination suggests an understanding of body positioning and weight distribution.

3. Confidence and control: The climber demonstrates confidence by reaching for higher holds without hesitation, indicating comfort with the climb's difficulty. Body positioning is stable, with a strong core and controlled arm movements, suggesting good balance and control. There is no visible sign of instability or fear, which points to a high level of confidence.

4. Verdict: Intermediate Expert",Intermediate Expert,False,14,"1. Movement quality: The movement is characterized by a lack of fluidity and efficiency. The person frequently pauses, appears to be searching for holds, and makes tentative movements. The transitions between holds are not smooth, suggesting a focus on finding secure placements rather than executing a flowing ascent. The overall motion is hesitant and not yet refined.

2. Technique: The technique shows basic understanding of grip and footwork, but is inconsistent. The climber uses a variety of grips (e.g., crimp, open-hand) but often relies on undercling or overhangs without proper body positioning. There is minimal use of dynamic movement or efficient body tension to maintain balance and momentum. The footwork appears tentative and not yet integrated with hand placements.

3. Confidence and control: The climber demonstrates low confidence, frequently pausing and looking down, indicating a lack of trust in the route or their own ability to maintain stability. Body positioning is often unstable, with the climber leaning heavily on their arms or shifting weight awkwardly. There is visible hesitation before committing to each move, suggesting a lack of confidence in their ability to execute the next step.

4. Verdict: Novice",Novice,True
947ac112-6848-49aa-8cac-aece95145e0d,uniandes_bouldering_026_72,Novice,34,"1. Movement quality: The person's movements are somewhat jerky and lack fluidity, especially during the initial approach and when transitioning to the wall. The ascent is not smooth, indicating a lack of refined motor control. The descent is uncontrolled, ending in a fall, which suggests inefficiency in movement execution.

2. Technique: The climber demonstrates basic technique by reaching for holds and using their legs for support, but their footwork appears inconsistent and lacks precision. They do not utilize dynamic movements or efficient body positioning (like leaning into the wall or using core strength effectively). The fall indicates a failure to maintain proper body positioning and balance.

3. Confidence and control: The climber shows hesitation before starting the climb and appears uncertain about their route. During the ascent, they lack stability, as evidenced by their uncontrolled fall. Their body positioning is not optimal, and they do not maintain a secure grip or stance, indicating low confidence and poor control.

4. Verdict: Novice",Novice,True,34,"1. Movement quality: The person's movements are deliberate and controlled, especially when preparing to climb. They take time to chalk their hands, indicating a focus on grip security. While the initial approach to the wall is cautious, their movements during the climb show a clear understanding of body positioning and route-finding, suggesting a good level of control and efficiency.

2. Technique: The climber demonstrates proper technique by using chalk effectively to enhance grip, maintaining a stable body position, and employing efficient footwork and hand placements. They appear to be using a dynamic climbing style, moving fluidly between holds and adjusting their body position to maintain balance and momentum.

3. Confidence and control: The climber shows a high level of confidence, as evidenced by their steady and deliberate movements. They maintain a stable body position throughout the climb, with no visible hesitation or loss of balance. Their body positioning is optimal for the climb, indicating a strong sense of control and spatial awareness.

4. Verdict: Intermediate Expert",Intermediate Expert,False
4f3ad258-3d8e-430e-88be-d3f6d1db4e90,uniandes_bouldering_033_33,Intermediate Expert,73,"1. Movement quality: The person's movements are somewhat hesitant and lack fluidity, particularly when transitioning between holds. Their ascent is not efficient, as they appear to be reaching and adjusting frequently, indicating a lack of smooth, controlled motion. The descent is also unrefined, with a somewhat awkward landing and recovery.

2. Technique: The climber demonstrates basic technique, such as reaching for holds and using their legs for support, but their footwork appears inconsistent and not fully optimized. They do not seem to be utilizing dynamic movements or efficient body positioning to conserve energy or maintain momentum. Their use of the wall is basic, without advanced techniques like smearing or heel hooks.

3. Confidence and control: The person shows a moderate level of confidence, as they are able to initiate and complete the climb, but their body positioning is not always stable or optimal. There are moments of hesitation, particularly when reaching for distant holds or transitioning between grips. Their control is evident in their ability to maintain contact with the wall, but it is not consistently precise or confident.

4. Verdict: Novice",Novice,False,73,"1. Movement quality: The person's movements are generally controlled and deliberate, showing a good understanding of body positioning and hand placement. There is a noticeable lack of fluidity in transitions between holds, suggesting they are carefully planning each move rather than flowing seamlessly. Movements are efficient for the context, as they are focused on reaching and securing holds without unnecessary motion.

2. Technique: The climber demonstrates solid technique by using both hands and feet effectively to maintain balance and progress. They utilize a variety of holds, including crimps, jugs, and slopers, indicating a good grasp of different grip types. The use of the feet for support and balance is evident, showing an understanding of body positioning and weight distribution. There is also a clear focus on maintaining a strong grip and proper body alignment.

3. Confidence and control: The climber appears confident, as they are able to reach for and secure holds without hesitation. Their body positioning is stable, with a focus on maintaining balance and control throughout the climb. There are moments where they adjust their position, but these are done with purpose and control, indicating a high level of confidence in their abilities.

4. Verdict: Intermediate Expert",Intermediate Expert,True
00f50674-1f3c-4847-ab4a-fa2f0f113987,uniandes_bouldering_022_33,Novice,18,"1. Movement quality: The climber demonstrates controlled and deliberate movements, transitioning smoothly between holds with purpose. Their body positioning suggests an efficient use of momentum and balance, minimizing wasted motion as they ascend.

2. Technique: The climber employs proper climbing technique, including maintaining a wide stance for stability, using their legs effectively to push upward, and keeping their body close to the wall to maximize leverage. Their hand placement is precise, indicating an understanding of grip types and route-finding.

3. Confidence and control: The climber exhibits high confidence, moving steadily without hesitation. Their body remains stable and centered, showing excellent control over their center of gravity. Even as they reach for higher holds, their posture remains grounded and balanced.

4. Verdict: Intermediate Expert",Intermediate Expert,False,18,"1. Movement quality: The movement is characterized by frequent, jerky motions and a lack of smooth transitions. There is visible hesitation and instability, particularly when transitioning between holds. The climber often appears to be reaching or adjusting their position rather than moving with purpose, indicating a lack of fluidity and efficiency.

2. Technique: The climber demonstrates basic technique, such as using both hands and feet to ascend, but often relies on reaching rather than precise footwork or body positioning. There is limited use of dynamic moves or efficient body positioning to conserve energy or maintain balance. The climber frequently appears to be searching for the next hold, suggesting a lack of advanced technique.

3. Confidence and control: The climber shows a moderate level of confidence, as they are able to complete several moves and maintain contact with the wall. However, there are moments of hesitation and instability, particularly when transitioning between holds or when reaching for distant grips. The body positioning is often not optimal, with the climber appearing to lean or reach awkwardly rather than using efficient body mechanics.

4. Verdict: Novice",Novice,True
73853c96-b212-4c0c-840b-521bf4db7109,uniandes_bouldering_032_28,Intermediate Expert,26,"1. Movement quality: The climber's movements are not fluid or efficient. They exhibit awkward, jerky motions, particularly when transitioning between holds. The sequence of movements appears hesitant and uncoordinated, suggesting a lack of smoothness and rhythm typical of a less experienced climber.

2. Technique: The climber demonstrates poor technique. They frequently rely on their arms for support rather than using their legs effectively for leverage and balance. Their body positioning is often unstable, with their hips and torso swinging rather than maintaining a controlled, efficient posture. The use of footholds is inconsistent, and they often appear to be reaching or stumbling rather than placing feet deliberately.

3. Confidence and control: The climber shows a lack of confidence and control. There are multiple instances of hesitation, particularly when attempting to reach for the next hold. Their body positioning is unstable, and they frequently lose balance, requiring them to adjust their posture or even fall back to the mat. The climber's movements suggest they are unsure of their next move, indicating a lack of confidence in their ability to execute the climb.

4. Verdict: Novice",Novice,False,26,"1. Movement quality: The climber's movements are generally controlled and efficient, showing a good understanding of how to navigate the wall. There are moments of fluidity, especially when transitioning between holds, but some movements appear slightly rushed or less precise, particularly during dynamic moves or when reaching for distant holds. The occasional blurs suggest motion, but not necessarily poor control.

2. Technique: The climber demonstrates solid technique, including proper hand placement, body positioning, and use of footholds. They effectively use their legs for support and balance, and their body positioning often shows awareness of the wall's geometry. The use of dynamic moves is evident, and they appear to be planning their route ahead, indicating a strategic approach to climbing.

3. Confidence and control: The climber displays a high level of confidence, often reaching for holds with assurance and maintaining stability even during complex moves. There is minimal hesitation, and their body positioning suggests they are comfortable with the challenge. The occasional blurs are more indicative of speed or dynamic movement rather than lack of control.

4. Verdict: Intermediate Expert",Intermediate Expert,True
00e60518-37eb-47ea-bc82-eefa572ffc8c,uniandes_bouldering_029_65,Intermediate Expert,22,"1. Movement quality: The climber's movements are deliberate and controlled, showing a focus on precision rather than speed. They exhibit good body positioning and efficient use of their limbs to reach holds, indicating a methodical approach to climbing. There is no visible wasted motion, suggesting an understanding of efficient movement patterns.

2. Technique: The climber demonstrates proper technique by maintaining a stable base and using their legs effectively to push upward, rather than relying solely on their arms. They are seen reaching for holds with controlled arm movements and adjusting their body position to maintain balance and leverage. The use of footwork appears deliberate, with careful placement to ensure stability.

3. Confidence and control: The climber displays a high level of confidence, as evidenced by their steady pace and lack of hesitation. Their body positioning is stable, with a strong core and balanced stance, indicating good control. They appear comfortable and in command of their movements, even when reaching for distant holds.

4. Final verdict: Intermediate Expert",Intermediate Expert,True,22,"1. Movement quality: The person's movements are deliberate and controlled, showing a clear focus on finding secure footholds and handholds. The transitions between holds are smooth, indicating a good sense of body awareness and spatial judgment. There is no visible inefficiency or wasted motion, suggesting the climber is optimizing their path.

2. Technique: The climber employs proper climbing technique, including using both hands and feet effectively to maintain balance and momentum. They demonstrate good body positioning, keeping their center of gravity low and close to the wall. The use of the arms to pull up and the legs to push off shows a solid understanding of the fundamental mechanics of bouldering.

3. Confidence and control: The climber appears confident and in control throughout the sequence. There are no visible signs of hesitation or fear. Their body positioning is stable, and they maintain a strong grip on the holds, indicating a high level of comfort and control in the environment.

4. Verdict: Intermediate Expert",Intermediate Expert,True
2915318c-1440-4a50-aced-d39ddc433ffd,uniandes_bouldering_030_26,Late Expert,17,"1. Movement quality: The climber demonstrates controlled, fluid, and efficient movement. They transition smoothly between holds, maintaining momentum and minimizing wasted motion. Their body positioning is dynamic yet purposeful, indicating a good understanding of how to move efficiently up the wall.

2. Technique: The climber employs advanced bouldering techniques, including precise footwork, efficient use of body tension, and dynamic movement. They utilize a variety of grips (crimps, pinches, open hands) and body positions (hangdog, smearing, bridging) to navigate the route. Their use of momentum and body positioning to reach distant holds shows a strong grasp of bouldering mechanics.

3. Confidence and control: The climber displays high confidence and excellent control throughout the climb. They maintain stability even during dynamic moves, showing no hesitation or loss of balance. Their body positioning is consistently optimal, indicating a high level of comfort and mastery over the physical demands of the climb.

4. Verdict: Late Expert",Late Expert,True,17,"1. Movement quality: The movements are characterized by a lack of fluidity and efficiency. There are frequent pauses and jerky motions, suggesting the climber is struggling to find the next hold or is unsure of their path. The transitions between holds are not smooth, indicating a lack of practiced movement patterns.

2. Technique: The climber is using basic techniques, such as reaching for holds and using their arms for support. However, there is little evidence of advanced techniques like footwork optimization, body positioning for balance, or dynamic moves. The climber appears to be relying heavily on their arms, which is inefficient and unsustainable for longer climbs.

3. Confidence and control: The climber shows signs of hesitation and instability. In several frames, the climber's body position is not optimal, and they appear to be struggling to maintain balance. The climber's movements suggest a lack of confidence, as they frequently pause and reposition themselves rather than committing to a move.

4. Verdict: Novice",Novice,False
8eba5dea-598c-4884-a242-493868d74b9a,uniandes_bouldering_033_12,Late Expert,59,"1. Movement quality: The climber demonstrates controlled and fluid movements, transitioning smoothly between holds with efficiency. Their body positioning is dynamic, showing good spatial awareness and coordination as they navigate the wall.

2. Technique: The climber employs proper climbing technique, including efficient footwork, precise hand placements, and effective use of body tension to maintain balance and momentum. They utilize dynamic moves and body positioning to reach distant holds, indicating a solid understanding of climbing mechanics.

3. Confidence and control: The climber displays high confidence, maintaining stability and control throughout the climb. There are no visible hesitations or loss of balance, and their body positioning remains optimal, suggesting strong core engagement and proprioception.

4. Verdict: Intermediate Expert",Intermediate Expert,False,59,"1. Movement quality: The person's movements are generally controlled and deliberate, showing a good understanding of body positioning and hand placement. There is a noticeable fluidity in transitions between holds, especially when moving upward or across the wall. The efficiency of movement is moderate; while they are not overly rushed, some movements appear slightly cautious, indicating a focus on safety over speed.

2. Technique: The climber demonstrates solid technique, including proper use of footwork and hand placement to maintain balance and leverage. They frequently use their legs to push up, which is a sign of good technique. The use of both hands and feet to create stable anchor points is evident, and they often shift their weight effectively to maintain control. There is also a clear understanding of the wall's layout and how to navigate it efficiently.

3. Confidence and control: The climber displays a high level of confidence and control throughout the sequence. They are not hesitant in their movements, even when reaching for distant holds. Their body positioning is stable, and they maintain a strong core and balanced stance. The climber appears comfortable with the environment and the challenge, showing no signs of fear or uncertainty.

4. Verdict: Intermediate Expert",Intermediate Expert,False
515cb254-42d5-4107-bf65-f17eb654d6b2,uniandes_bouldering_025_81,Novice,13,"1. Movement quality: The climber's movements appear deliberate and controlled, with a focus on reaching and placing hands and feet. The transitions between holds are not overly fluid, suggesting a methodical approach rather than a highly efficient one. There is visible effort in each movement, indicating the climber is working within their current capabilities.

2. Technique: The climber is using proper body positioning, keeping their center of gravity close to the wall and using their legs for support and power. They are actively reaching for holds and maintaining contact with the wall, demonstrating an understanding of basic climbing technique. The use of footholds and handholds is appropriate for the route.

3. Confidence and control: The climber appears confident, moving steadily up the wall without hesitation. Their body positioning is stable, and they maintain good balance throughout the climb. There is no visible sign of fear or uncertainty, suggesting they are comfortable with the activity and the environment.

4. Final verdict: Intermediate Expert",Intermediate Expert,False,13,"1. Movement quality: The movement appears somewhat uncoordinated and hesitant. The person's arm and leg positions suggest they are still learning to navigate the wall efficiently. There is a lack of smooth, flowing motion, indicating they are not yet comfortable with the rhythm of climbing. The movements seem deliberate and sometimes awkward, suggesting they are not yet fluid in their actions.

2. Technique: The climber is using basic climbing techniques, such as reaching for holds and placing feet, but their technique is not refined. They appear to be relying on brute strength rather than efficient body positioning or dynamic movement. The use of footholds is inconsistent, and there is no clear evidence of advanced techniques like footwork optimization or body tension for balance.

3. Confidence and control: The climber shows signs of hesitation and uncertainty. Their body positioning is often unstable, and they seem to be constantly adjusting their stance, which suggests a lack of confidence. The shadow of the climber in some frames indicates they are not fully in control of their movements, and there are moments where they appear to be struggling to maintain balance.

4. Verdict: Novice",Novice,True
b39b5e50-0271-42f2-a6ad-e9a3973f6f59,uniandes_bouldering_027_58,Novice,40,"1. Movement quality: The person's movements are initially hesitant and uncoordinated as they approach the wall. Their initial attempts to reach for holds are awkward and lack precision. As they begin to climb, their movements become more deliberate but still show signs of inefficiency, such as excessive arm swinging and poor foot placement. The descent is uncontrolled and ends in a fall, indicating a lack of fluidity and efficiency in movement.

2. Technique: The climber demonstrates poor technique. They fail to use proper body positioning, such as keeping their hips close to the wall and using their legs for support. Their arm movements are uncoordinated, and they do not effectively use their core for stability. The climber also does not utilize the wall's features efficiently, often reaching for holds that are too far or not using the most secure footholds.

3. Confidence and control: The climber shows a lack of confidence, as evidenced by their hesitant approach and the way they hold their hands out as if unsure of their next move. Their body positioning is unstable, with frequent shifts in weight and poor balance. The climber's control is minimal, as they are unable to maintain a secure grip or footing, leading to a fall.

4. Verdict: Novice",Novice,True,40,"1. Movement quality: The person's movements are deliberate and controlled, showing a clear focus on finding secure footholds and handholds. The transitions between holds are smooth, indicating good body awareness and efficient use of energy. There is no visible wasted motion, suggesting a practiced approach to climbing.

2. Technique: The climber employs sound technique, including proper footwork and hand placement. They use their legs effectively to push up and maintain body tension, which is crucial for efficient climbing. The use of both hands and feet in coordination to maintain balance and progress is evident, demonstrating a solid understanding of climbing mechanics.

3. Confidence and control: The climber displays high confidence and excellent control throughout the sequence. They maintain a stable body position, with a focused and steady gaze on the next hold. There is no hesitation or visible struggle, indicating a high level of comfort and mastery over the climbing environment.

4. Verdict: Late Expert",Late Expert,False
ded44860-08c8-48a6-bdc1-6fed5fbb2ca8,uniandes_bouldering_034_21,Early Expert,18,"1. Movement quality: The person's movements are characterized by a lack of fluidity and efficiency. The transition from sitting to beginning the climb is abrupt and uncoordinated. The climbing motion itself is jerky and appears to be driven by momentum rather than controlled movement. The descent is uncontrolled, resulting in a fall rather than a deliberate, safe descent.

2. Technique: The climber demonstrates poor technique. There is no visible use of proper body positioning, such as keeping the hips close to the wall or using efficient footwork. The climber appears to be relying on arm strength rather than engaging the legs and core. The fall suggests a lack of understanding of how to manage descent safely.

3. Confidence and control: The climber shows a lack of confidence and control. The initial hesitation before starting the climb indicates uncertainty. The body positioning during the climb is unstable, with the climber appearing to be constantly adjusting rather than maintaining a controlled posture. The uncontrolled fall at the end demonstrates a lack of control over the descent.

4. Verdict: Novice",Novice,False,18,"1. Movement quality: The movement is characterized by a lack of fluidity and efficiency. The person frequently pauses, appears to be searching for holds, and moves in a somewhat hesitant, jerky manner. The transition from standing to beginning to climb is abrupt, and there is visible instability in their initial movements.

2. Technique: The technique is rudimentary. The climber does not demonstrate efficient body positioning or use of core strength. They appear to rely heavily on reaching with their arms rather than using their legs for support and balance. The use of footholds is inconsistent, and there is no clear progression or route-finding strategy.

3. Confidence and control: The climber shows a lack of confidence, frequently looking down and hesitating before making moves. Their body positioning is unstable, with frequent shifts in weight and balance. The climber appears to be more focused on not falling than on executing efficient movements.

4. Verdict: Novice",Novice,False
78eb1fd3-fd40-45b2-a322-75bf823917ce,uniandes_bouldering_034_8,Early Expert,48,"1. Movement quality: The climber demonstrates controlled and deliberate movements, transitioning smoothly between holds. Their body positioning is efficient, minimizing wasted motion as they ascend. The movements are fluid, indicating a good understanding of body mechanics and spatial awareness.

2. Technique: The climber employs proper climbing technique, including efficient footwork and hand placement. They use their legs effectively to push upward, maintaining balance and stability. The climber’s body is positioned to maximize leverage and minimize energy expenditure, showing a solid grasp of fundamental climbing principles.

3. Confidence and control: The climber displays high confidence, moving with assurance and without hesitation. Their body positioning is stable, with a strong core and controlled posture. They maintain a secure grip and foot placement, indicating excellent control and composure even as they progress higher.

4. Verdict: Intermediate Expert",Intermediate Expert,False,48,"1. Movement quality: The person's movements are generally controlled and deliberate, showing an understanding of how to navigate the wall. However, there are moments of hesitation and some motion blur, indicating that movements are not always fluid or efficient. The transitions between holds are sometimes abrupt, suggesting a lack of smooth, practiced motion.

2. Technique: The climber demonstrates basic technique by using both hands and feet effectively to maintain balance and progress. They appear to be using a variety of holds, including crimps and jugs, and are generally placing their hands and feet strategically. However, there are instances where the technique is not optimal, such as reaching for holds that are not the most efficient or using a hand to stabilize rather than to propel upward.

3. Confidence and control: The climber shows a moderate level of confidence, as they are able to complete several moves without falling. However, there are moments of hesitation, particularly when reaching for distant holds or when transitioning between different sections of the wall. The body positioning is generally stable, but there are times when the climber appears to be adjusting their stance or repositioning their feet, indicating a need for more consistent control.

4. Verdict: Novice",Novice,False
4d46b132-1c9e-404d-86fd-f7fc1dd4c320,uniandes_bouldering_034_65,Early Expert,9,"1. Movement quality: The climber's movements appear somewhat uncoordinated and inefficient. They exhibit visible hesitation and struggle to maintain a smooth, fluid motion, particularly when transitioning between holds. The overall movement lacks the grace and economy seen in more experienced climbers.

2. Technique: The climber is using basic climbing techniques, such as reaching for holds and shifting weight, but their technique is not refined. They appear to be relying on brute strength rather than efficient body positioning and footwork. There is little evidence of advanced techniques like dynamic movement, efficient foot placement, or body tension for balance.

3. Confidence and control: The climber shows a lack of confidence, as evidenced by their hesitant movements and visible struggle to maintain control. Their body positioning is unstable, and they frequently appear to be searching for the next hold rather than confidently executing a planned sequence. The climber's posture suggests they are not fully trusting their ability to manage the climb.

4. Verdict: Novice",Novice,False,9,"1. Movement quality: The movement is characterized by significant motion blur and abrupt transitions, indicating rapid, unrefined movements. The person appears to be moving quickly, often without smooth transitions, suggesting a lack of controlled, fluid motion. The final image shows a complete loss of orientation, implying a fall or a very uncontrolled descent.

2. Technique: The technique appears to be inconsistent and not optimized for climbing. The person is seen reaching for holds with a hand that is not always positioned for maximum efficiency or safety. The use of feet is not clearly visible in many frames, and the body positioning suggests a lack of proper climbing form, such as not using the legs for power or not maintaining a stable center of gravity. The final frame shows the person falling, which indicates a failure to maintain control and proper technique.

3. Confidence and control: The person shows a lack of confidence and control. There are moments of hesitation, such as when the hand is reaching for a hold, and the body positioning is often unstable. The final frame, where the person is falling, clearly indicates a loss of control and confidence in their ability to manage the climb.

4. Verdict: Novice",Novice,False
503cc92d-7052-44ff-a21d-da6c4a5d6927,uniandes_bouldering_028_52,Intermediate Expert,22,"1. Movement quality: The person's movement is initially hesitant and cautious as they approach the wall. Their initial steps are deliberate, and their body positioning suggests they are assessing the wall before committing. As they begin to climb, their movements become more controlled and purposeful, indicating a growing sense of confidence and efficiency in their climbing motions.

2. Technique: The climber demonstrates basic climbing technique, including proper hand placement on holds and footwork to maintain balance. They use their core for stability and appear to be managing their body position effectively to reach the next hold. Their technique is not overly advanced, but it is competent and appropriate for the task at hand.

3. Confidence and control: The person shows a clear progression in confidence. Initially, they appear to be evaluating the wall and their approach, which is typical for someone building their confidence. As they climb, they maintain good body positioning and stability, with minimal hesitation. Their control is evident in their ability to manage their body weight and maintain balance while reaching for holds.

4. Verdict: Novice",Novice,False,22,"1. Movement quality: The person's movements are somewhat hesitant and uncoordinated. They appear to be experimenting with different holds, often reaching out without a clear plan. The transitions between holds are not fluid, and there is a noticeable lack of efficiency in their movement pattern, suggesting they are still learning the optimal routes and sequences.

2. Technique: The person is using basic climbing techniques, such as reaching for holds and shifting weight, but their technique is not refined. They are not consistently using proper footwork or body positioning to maintain balance and leverage. Their hand placement is sometimes awkward, and they appear to be relying on momentum rather than controlled, deliberate movements.

3. Confidence and control: The person shows a moderate level of confidence, as they are actively attempting to climb and are not visibly afraid. However, their control is inconsistent. They occasionally lose their grip or balance, and their body positioning is not always optimal for the holds they are using. There are moments of hesitation, particularly when deciding which hold to reach for next.

4. Verdict: Novice",Novice,False
490ba87f-dec2-421d-89ae-365b07059004,uniandes_bouldering_029_74,Early Expert,6,"1. Movement quality: The person's movement is characterized by a lack of control and efficiency. Their arms are flailing, and their body is not positioned to maintain balance or momentum. The motion appears uncoordinated and awkward, suggesting a struggle to maintain stability while moving.

2. Technique: The individual is not employing any proper climbing technique. They are not using their feet effectively to push off or maintain balance, nor are they using their arms to support their body weight in a controlled manner. Their body is positioned in a way that suggests they are not understanding the mechanics of climbing.

3. Confidence and control: The person appears to be lacking confidence and control. They are hesitant and unsure of their movements, which is evident in their unsteady posture and the way they are moving their arms. Their body positioning is not stable, and they are not able to maintain a consistent position on the wall.

4. Verdict: Novice",Novice,False,6,"1. Movement quality: The movement is characterized by a lack of fluidity and efficiency. The person's arm is seen reaching and grasping holds with a jerky, uncoordinated motion, suggesting they are not yet comfortable with the rhythm of climbing. The transitions between holds appear hesitant and not smoothly executed, indicating a struggle to maintain momentum.

2. Technique: The technique is rudimentary and inconsistent. The climber is relying on basic, instinctive movements rather than employing efficient climbing techniques. There is no visible use of footwork to maintain balance or leverage, and the body positioning appears awkward and unoptimized for the climb. The grip on the holds is often overly tight or awkward, suggesting a lack of understanding of proper hand and finger placement.

3. Confidence and control: The climber displays a significant lack of confidence and control. There are visible hesitations and pauses as they reach for the next hold, indicating uncertainty about their next move. The body positioning is unstable, with the climber appearing to rely on their arms rather than their legs for support, which is inefficient and increases the risk of falling. The overall posture suggests a lack of trust in their ability to execute the climb safely.

4. Verdict: Novice",Novice,False
55a046e6-11d2-4860-a2a4-305e84f87c95,uniandes_bouldering_032_75,Intermediate Expert,55,"1. Movement quality: The climber demonstrates controlled and deliberate movements, transitioning between holds with precision. Their body positioning is efficient, minimizing wasted motion and maintaining a streamlined posture. The climber’s movements are fluid, suggesting a good understanding of body mechanics and spatial awareness.

2. Technique: The climber employs proper climbing technique, including efficient footwork and hand placement. They utilize dynamic movements when necessary, such as reaching for distant holds or adjusting their stance for balance. The climber’s use of core engagement and body tension is evident, indicating a solid grasp of fundamental climbing techniques.

3. Confidence and control: The climber displays high confidence, maintaining a steady and stable body position throughout the climb. There is minimal hesitation, and they appear comfortable with the route’s difficulty. Their body positioning is consistently balanced, suggesting strong control and spatial awareness.

4. Verdict: Intermediate Expert",Intermediate Expert,True,55,"1. Movement quality: The person's movements are often jerky and uncoordinated, especially during transitions between holds. There is a noticeable lack of fluidity, with frequent pauses and adjustments. Movements are not efficient, as they often involve reaching or stepping awkwardly, suggesting a struggle to find the optimal path or to maintain momentum.

2. Technique: The climber frequently uses only one hand or foot at a time, indicating a lack of balanced body positioning. They often rely on reaching rather than pulling up, and their footwork appears tentative and inconsistent. There is minimal use of dynamic movement or body positioning to generate power or maintain balance, which are key techniques in climbing.

3. Confidence and control: The climber shows hesitation and instability, frequently pausing to reposition or re-grip. Their body positioning is often unbalanced, with arms extended or legs dangling, indicating a lack of core engagement and control. They appear to be relying on brute strength rather than technique, which suggests a lack of confidence in their ability to manage the climb.

4. Verdict: Novice",Novice,False
20339f53-7bb2-4b2f-9829-8b1317c7aefe,uniandes_bouldering_034_37,Early Expert,32,"1. Movement quality: The person demonstrates controlled and deliberate movements. They transition from a kneeling position to a full climb with purpose, showing good body awareness. The movements are not rushed but are efficient for the task, indicating a focus on technique over speed.

2. Technique: The climber uses proper body positioning, keeping their core engaged and using their legs effectively to push upward. They maintain a stable base and use their arms to reach holds, showing an understanding of weight distribution and balance. The use of footholds and handholds is precise, indicating a solid grasp of fundamental climbing techniques.

3. Confidence and control: The person appears confident throughout the climb, maintaining stability and control even as they ascend. There is no visible hesitation or loss of balance, and their body positioning remains consistent, suggesting a high level of comfort and control in the environment.

4. Verdict: Intermediate Expert",Intermediate Expert,False,32,"1. Movement quality: The climber's movements are deliberate and controlled, showing a clear focus on finding secure footholds and handholds. The transitions between holds are smooth, indicating good body awareness and efficient use of energy. There is no visible wasted motion, suggesting the climber is optimizing their path up the wall.

2. Technique: The climber demonstrates sound bouldering technique. They are effectively using their feet to push off and maintain balance, keeping their body close to the wall to minimize reach. Their hand placement is precise, and they are clearly planning their next moves, which is a hallmark of an experienced climber. The use of both hands and feet in a coordinated manner shows a strong understanding of body positioning and weight distribution.

3. Confidence and control: The climber exhibits high confidence and excellent control throughout the sequence. They are not hesitant or fumbling with holds; instead, they move with assurance. Their body positioning is stable, with a strong core and balanced stance, allowing them to maintain control even when reaching for distant holds. The climber's ability to maintain a steady rhythm and avoid overreaching indicates a high level of comfort and mastery.

4. Verdict: Intermediate Expert",Intermediate Expert,False
e5342798-15e1-496a-877e-599c41e661d2,uniandes_bouldering_030_61,Late Expert,24,"1. Movement quality: The climber's movements are deliberate and controlled, showing a focus on precision rather than speed. The transitions between holds are smooth, indicating good body awareness and coordination. The climber maintains a low center of gravity, which enhances stability and efficiency in movement.

2. Technique: The climber employs proper climbing technique, including efficient use of footwork and hand placement. The body is positioned to maximize leverage and minimize wasted energy. The climber uses dynamic movements effectively, such as reaching and pulling, to progress up the wall.

3. Confidence and control: The climber demonstrates high confidence and control throughout the climb. There is no visible hesitation or loss of balance. The body positioning is stable and well-managed, with the climber maintaining a secure grip and footing on the holds.

4. Verdict: Intermediate Expert",Intermediate Expert,False,24,"1. Movement quality: The movement is initially hesitant and uncoordinated, as seen in the early frames where the person is preparing and looking down. As the sequence progresses, the movements become more deliberate and purposeful, showing an effort to find footholds and handholds. However, the overall motion lacks the fluidity and efficiency of an experienced climber, with visible pauses and adjustments.

2. Technique: The person demonstrates basic climbing technique, such as reaching for holds and using both hands and feet. They appear to be using chalk to improve grip, which is a good practice. However, their technique is not refined; they often pause to reposition or look for the next move, indicating a lack of advanced body positioning and dynamic movement.

3. Confidence and control: The person shows a moderate level of confidence, as they are able to initiate and continue climbing. However, there are moments of hesitation, particularly when deciding on the next move or when adjusting their position. Their body positioning is generally stable, but not always optimal for efficient climbing, suggesting they are still learning to manage their center of gravity and balance.

4. Verdict: Novice",Novice,False
13187fc4-b19c-44c2-96c4-d6516e80e8c6,uniandes_bouldering_022_49,Novice,30,"1. Movement quality: The person's movements are initially hesitant and cautious, particularly in the early stages of the climb. As they progress, their movements become more fluid and efficient, showing improved coordination and body positioning. The transition from kneeling to actively climbing demonstrates increasing control and momentum.

2. Technique: The climber employs proper climbing technique, including using both hands and feet effectively to maintain balance and progress upward. They demonstrate good body positioning by keeping their center of gravity low and using their core for stability. The use of dynamic movements, such as reaching and pulling, indicates an understanding of the mechanics of climbing.

3. Confidence and control: The person shows increasing confidence as they climb higher, evidenced by their more assertive movements and less hesitation. Their body positioning remains stable throughout, with controlled movements that suggest good spatial awareness and balance. The climber maintains control even when reaching for distant holds, indicating a solid foundation in climbing technique.

4. Verdict: Intermediate Expert",Intermediate Expert,False,30,"1. Movement quality: The person's movements are characterized by a lack of fluidity and efficiency. The frames show jerky, hesitant motions, particularly when transitioning between holds. There is visible struggle in maintaining a smooth climbing rhythm, suggesting the climber is not yet comfortable with the flow of the activity. The movements appear uncoordinated and often involve awkward reaching or overreaching, indicating a lack of refined motor control.

2. Technique: The climber demonstrates poor technique specific to bouldering. There is minimal use of proper body positioning, such as not utilizing the legs for support or not maintaining a balanced stance. The climber frequently appears to be relying on arm strength rather than engaging the core and legs, which is inefficient and unsustainable. The use of footholds is inconsistent, and the climber often appears to be placing feet in precarious or unstable positions, increasing the risk of falling.

3. Confidence and control: The climber exhibits a significant lack of confidence and control. There are multiple instances of hesitation, with the climber pausing or appearing to second-guess their next move. The body positioning is often unstable, with the climber leaning too far forward or sideways, indicating a lack of balance. The climber's movements are not smooth or controlled, suggesting a high level of anxiety or uncertainty about the route.

4. Verdict: Novice",Novice,True
541fd573-8687-496a-8351-aa30f2524bd3,uniandes_bouldering_022_13,Novice,27,"1. Movement quality: The climber demonstrates controlled and deliberate movements, transitioning smoothly between holds with purpose. Her body positioning is efficient, minimizing wasted motion as she ascends. The fluidity of her movements suggests she is comfortable with the rhythm of climbing, indicating a practiced approach.

2. Technique: The climber employs proper climbing technique, including effective use of footwork to maintain balance and leverage. She utilizes her arms and legs in coordination, reaching for holds with precision and maintaining a secure grip. Her body positioning, such as keeping her hips close to the wall and using her core for stability, reflects a solid understanding of climbing mechanics.

3. Confidence and control: The climber displays high confidence, moving with assurance and without hesitation. Her body positioning remains stable throughout the climb, indicating strong control over her movements. She maintains a focused and composed demeanor, suggesting she is comfortable with the challenge and has the necessary skills to manage the climb effectively.

4. Verdict: Intermediate Expert",Intermediate Expert,False,27,"1. Movement quality: The person's movements are initially hesitant and uncoordinated, as seen when they first approach the wall and when they begin climbing. Their movements are not fluid or efficient; they appear to be experimenting with holds and positioning, often making small, tentative adjustments. This suggests a lack of muscle memory and rhythm typical of someone new to the activity.

2. Technique: The person demonstrates basic climbing technique, such as using both hands and feet to find holds and maintain body position. However, their technique is not refined. They frequently rely on their arms for support rather than engaging their legs for power and balance, which is a common mistake for beginners. Their footwork is inconsistent, and they sometimes appear to be reaching or stumbling rather than placing their feet deliberately.

3. Confidence and control: The person shows a lack of confidence, as evidenced by their initial hesitation before starting to climb and their frequent adjustments to maintain balance. Their body positioning is often unstable, with their center of gravity shifting unpredictably. They appear to be relying on their hands to hold them up rather than using their legs to push upward, indicating a lack of control and confidence in their climbing abilities.

4. Verdict: Novice",Novice,True
daebd508-2c03-4304-ad6e-44be5672755c,uniandes_bouldering_028_34,Intermediate Expert,17,"1. Movement quality: The person's movements are deliberate and controlled, showing a focus on precision rather than speed. She begins with a cautious approach, then transitions into a methodical climbing pattern. Her movements are efficient for her current level, avoiding unnecessary wasted motion, though not yet fluid or automatic.

2. Technique: She employs fundamental bouldering techniques, including proper footwork (placing feet deliberately on footholds), hand placement (gripping holds securely), and body positioning (using her core to maintain balance and leverage). She uses her legs effectively to push upward and maintain stability, and she appears to be managing her center of gravity well. She also uses her chalk bag to maintain grip, indicating awareness of friction and technique.

3. Confidence and control: The person demonstrates a high degree of confidence and control. She approaches the wall with a clear plan, and her body positioning is stable throughout the climb. She shows no hesitation or signs of fear, maintaining a steady posture even as she ascends. Her movements are controlled and deliberate, indicating she is comfortable with the activity and trusts her abilities.

4. Final verdict: Intermediate Expert",Intermediate Expert,True,17,"1. Movement quality: The person's movements are deliberate and controlled, showing a clear focus on finding secure footholds and hand placements. The transitions between holds are smooth, indicating good body awareness and efficient use of energy. There is no visible wasted motion, suggesting a practiced approach to climbing.

2. Technique: The climber demonstrates sound technique by using their hands and feet effectively to maintain balance and progress. They are seen applying chalk to their hands, which is a key technique for improving grip. Their body positioning, including reaching and pulling with controlled movements, indicates an understanding of how to use their limbs to generate power and maintain stability.

3. Confidence and control: The climber appears confident and in control throughout the sequence. They do not show hesitation or instability, maintaining a steady posture even when reaching for distant holds. Their body positioning is consistent with experienced climbers, suggesting they are comfortable with the demands of the climb.

4. Verdict: Intermediate Expert",Intermediate Expert,True
da19130e-ef5e-4255-9080-f714a618f934,uniandes_bouldering_030_29,Late Expert,17,"1. Movement quality: The climber's movements are deliberate and controlled, showing good body awareness. They transition between holds with purpose, though not with the fluidity of a highly experienced climber. The movements are efficient for their current level, avoiding unnecessary wasted motion.

2. Technique: The climber demonstrates fundamental bouldering technique, including proper footwork, hand placement, and body positioning. They use their legs effectively to push up and maintain balance, and they manage their body weight appropriately to avoid overreaching or falling. Their use of dynamic moves is moderate, indicating they are learning to read the wall and plan routes.

3. Confidence and control: The climber shows good confidence, attempting challenging moves without hesitation. They maintain stability throughout the climb, adjusting their body position to maintain balance and control. Their body positioning is generally sound, with a focus on keeping their center of gravity low and their core engaged.

4. Verdict: Intermediate Expert",Intermediate Expert,False,17,"1. Movement quality: The movement is characterized by a lack of fluidity and efficiency. The person's actions are often jerky and appear to be in a state of adjustment rather than a smooth, practiced motion. There is visible hesitation and a tendency to move in short, uncoordinated bursts, suggesting a struggle to maintain momentum and balance. The transitions between holds are not seamless, indicating a lack of refined motor control.

2. Technique: The person demonstrates minimal use of proper climbing technique. There is little evidence of efficient footwork or body positioning to maximize leverage and minimize energy expenditure. The climber frequently appears to be relying on brute strength rather than technique, with arms often extended and not fully engaged in dynamic movement. The use of footholds is inconsistent, and the climber often seems to be reaching rather than stepping, which is inefficient and increases the risk of falling.

3. Confidence and control: The climber exhibits a low level of confidence and control. There are frequent moments of hesitation, particularly when transitioning between holds or when reaching for distant grips. The body positioning is often unstable, with the climber appearing to be constantly adjusting their stance to maintain balance. The climber's movements suggest a lack of trust in their ability to execute the climb safely and effectively, which is indicative of a novice or early-stage climber.

4. Verdict: Novice",Novice,False
5a87d794-6b64-4287-b212-5142aefeefa2,uniandes_bouldering_032_21,Intermediate Expert,81,"1. Movement quality: The person demonstrates controlled and deliberate movements, transitioning smoothly between different positions (kneeling, standing, lying back). Their movements are efficient, minimizing unnecessary motion while maintaining focus on the climbing holds.

2. Technique: The individual employs proper climbing technique, including using both hands and feet effectively to maintain balance and progress. They utilize body positioning to maximize reach and leverage, showing an understanding of how to distribute weight and maintain stability on the wall.

3. Confidence and control: The person displays high confidence and control throughout the activity. They maintain stability even when reaching for distant holds and show no hesitation in their movements. Their body positioning is consistently optimal for the task, indicating a strong sense of spatial awareness and control.

4. Verdict: Late Expert",Late Expert,False,81,"1. Movement quality: The person's movements are generally deliberate and controlled, especially when planning their route. They exhibit a good sense of spatial awareness, moving efficiently from hold to hold. However, some movements, particularly during the initial approach and when transitioning between different sections of the wall, show slight hesitation and are not always fluid, indicating they are still learning to optimize their path.

2. Technique: The climber demonstrates fundamental climbing techniques such as using both hands and feet effectively, maintaining body tension, and keeping their center of gravity low. They use their arms and legs in coordination to maintain balance and progress. The use of the paper map suggests they are planning their route, which is a sign of developing technique. They also appear to be using their core for stability, which is a good technique for maintaining control.

3. Confidence and control: The climber shows a moderate level of confidence, as they are able to plan and execute climbs without falling. However, there are moments of hesitation, particularly when reaching for new holds or when transitioning between different sections of the wall. Their body positioning is generally stable, but they sometimes appear to be adjusting their stance, which suggests they are still building confidence and control.

4. Verdict: Intermediate Expert",Intermediate Expert,True
efe3c403-3719-4276-b1b1-0492f93a8397,uniandes_bouldering_023_44,Novice,20,"1. Movement quality: The person demonstrates controlled and deliberate movements, transitioning smoothly from a crouched stance to initiating the climb. Their body positioning shows an awareness of balance and spatial orientation, though the movements are not yet fluid or highly efficient, indicating a developing level of coordination.

2. Technique: The climber uses appropriate hand and foot placements, reaching for holds and adjusting their body position to maintain contact with the wall. They exhibit basic climbing technique by using their legs for support and their arms for reaching, but their movements are not yet optimized for efficiency or power, suggesting they are still learning the nuances of body positioning and dynamic movement.

3. Confidence and control: The person appears confident enough to begin the climb, showing stability in their stance and controlled body positioning. There is no visible hesitation or loss of balance, indicating a solid foundation in maintaining control during the initial ascent. Their body positioning is appropriate for the task, suggesting they understand the basic principles of climbing safety and technique.

4. Final verdict: Intermediate Expert",Intermediate Expert,False,20,"1. Movement quality: The person's movements are characterized by a lack of fluidity and efficiency. The frames show jerky, uncoordinated motions, with frequent shifts in hand placement and body position. There is visible struggle to maintain a consistent grip and trajectory, indicating poor control and inefficient use of energy. The movements appear hesitant and reactive rather than planned and smooth.

2. Technique: The climber is not employing proper climbing technique. There is minimal evidence of footwork or body positioning that would optimize leverage or conserve energy. The hands are often placed in awkward or unstable positions, and the climber frequently appears to be relying on brute strength rather than technique. The use of the legs and core for support is not evident, suggesting a lack of understanding of fundamental climbing mechanics.

3. Confidence and control: The climber displays a significant lack of confidence and control. There are multiple instances of hesitation, with the person appearing to pause or reposition their hands frequently. The body positioning is unstable, with the climber often leaning or reaching awkwardly. The climber's movements suggest a high level of uncertainty and a struggle to maintain balance and grip.

4. Verdict: Novice",Novice,True
2aaaca24-108a-437e-ab9a-bc3e8d65fcdf,uniandes_bouldering_024_60,Novice,24,"1. Movement quality: The climber's movements appear deliberate and controlled, with a focus on reaching for holds rather than fluid, flowing motion. The transitions between holds are efficient for the context, suggesting a methodical approach to climbing. There is no visible wasted motion, indicating a good understanding of body positioning and movement economy.

2. Technique: The climber demonstrates proper technique by maintaining a stable base and using their arms effectively to reach for holds. They are utilizing their legs for support and balance, which is essential for bouldering. The climber’s body positioning suggests they are aware of their center of gravity and are adjusting their stance to maintain stability on the wall.

3. Confidence and control: The climber shows confidence by reaching for higher holds and maintaining a steady position on the wall. There is no visible hesitation or instability, indicating a high level of control. The climber’s body positioning is consistent and balanced, suggesting they are comfortable with the activity and have a good sense of spatial awareness.

4. Verdict: Intermediate Expert",Intermediate Expert,False,24,"1. Movement quality: The person's movements appear somewhat uncoordinated and hesitant. There are frequent pauses and shifts in grip, suggesting a lack of smooth, fluid motion. The transitions between holds are not always efficient, indicating a struggle to find the optimal path or to maintain momentum.

2. Technique: The climber is using basic handholds and foot placements, but the technique is not refined. There is little evidence of advanced techniques such as dynamic moves, efficient body positioning, or using the wall for balance. The grip is often static and not adjusted for optimal leverage or to conserve energy.

3. Confidence and control: The person shows signs of hesitation and uncertainty, particularly when transitioning between holds. There are moments of instability, and the body positioning is not consistently optimized for balance or efficiency. The climber appears to be relying on careful, deliberate movements rather than confident, fluid motion.

4. Verdict: Novice",Novice,True
7b7365da-5cef-4fbc-8c9b-ab2987fddf0f,uniandes_bouldering_025_16,Novice,20,"1. Movement quality: The person's movements are deliberate and controlled, showing a focus on precision rather than speed. They exhibit good body awareness, moving efficiently to reach holds without unnecessary wasted motion. The transitions between positions are smooth, indicating a comfortable understanding of body positioning relative to the wall.

2. Technique: The climber demonstrates proper technique by using their hands and feet effectively to maintain balance and progress. They utilize a dynamic movement style, incorporating controlled reaches and body positioning to maximize leverage. Their footwork appears deliberate, and they maintain a stable base, showing an understanding of weight distribution and core engagement.

3. Confidence and control: The person displays high confidence and control throughout the sequence. They maintain a stable and balanced posture, even when reaching for distant holds. There is no visible hesitation or loss of balance, indicating a strong sense of security and spatial awareness. Their body positioning is consistently optimal for the task, suggesting they are comfortable with the demands of the climb.

4. Verdict: Intermediate Expert",Intermediate Expert,False,20,"1. Movement quality: The movement is characterized by a lack of fluidity and efficiency. The climber frequently pauses, appears to struggle with transitions, and shows signs of uncertainty in their pathfinding. The motion is often jerky and not smooth, suggesting a focus on getting from point A to point B rather than executing a refined climbing sequence.

2. Technique: The climber demonstrates basic technique but with significant room for improvement. They are using their hands and feet to grip holds, but their footwork appears inconsistent and sometimes unbalanced. There is little evidence of advanced techniques such as dynamic movement, efficient body positioning, or using the wall for balance. The climber seems to rely heavily on brute force rather than technique.

3. Confidence and control: The climber exhibits a lack of confidence and stability. There are multiple instances of hesitation, particularly when transitioning between holds or when reaching for new grips. The body positioning is often unstable, with the climber appearing to lean or sway rather than maintain a balanced, controlled posture. This suggests a lack of trust in their own abilities and the holds.

4. Verdict: Novice",Novice,True
aaf0d082-a972-4620-a1e9-5699023c9c77,uniandes_bouldering_022_62,Intermediate Expert,23,"1. Movement quality: The climber demonstrates controlled and deliberate movements, transitioning smoothly between holds with purpose. Their body positioning is efficient, minimizing wasted motion as they ascend. The movements are fluid, suggesting a good understanding of body mechanics and spatial awareness.

2. Technique: The climber employs proper climbing technique, including effective use of footwork to maintain balance and leverage, and hand placement to maximize grip and stability. They utilize dynamic movements when needed, such as reaching and pulling, and maintain a strong core to support their body position. Their technique shows an understanding of weight distribution and body tension.

3. Confidence and control: The climber displays high confidence, moving with assurance and without hesitation. Their body positioning is stable and controlled throughout the climb, indicating strong proprioception and balance. They maintain a secure grip and steady posture, even when reaching for distant holds, demonstrating excellent control.

4. Verdict: Intermediate Expert",Intermediate Expert,True,23,"1. Movement quality: The movements are generally controlled and deliberate, showing an understanding of how to position the body and limbs for climbing. There is a clear progression from lower to higher holds, indicating a focus on efficiency. However, some movements appear slightly hesitant or less fluid, particularly when transitioning between holds or adjusting body position, suggesting the climber is still developing smooth, automatic motion.

2. Technique: The climber demonstrates fundamental climbing techniques, such as using both hands and feet effectively to maintain body position and progress upward. They utilize a variety of holds, including crimps, jugs, and slopers, and appear to be managing their body weight and balance. The use of the legs for support and the arms for reaching are visible, indicating an awareness of proper body mechanics. However, the technique is not yet refined or highly efficient, as evidenced by occasional awkward positioning and the need to reposition limbs frequently.

3. Confidence and control: The climber shows a moderate level of confidence, as they are able to complete the climb without falling. However, there are moments of hesitation, particularly when reaching for distant holds or adjusting body position. The body positioning is generally stable, but not always optimal, with some instances of leaning or overreaching. The climber appears to be focused and aware of their surroundings, but not yet fully confident in their ability to execute complex moves with ease.

4. Verdict: Novice",Novice,False
3f60a7dd-d004-4842-bdd0-2e112f554cd9,uniandes_bouldering_035_21,Early Expert,8,"1. Movement quality: The person's movement is not visible in the provided images. The images show a static climbing wall and a person holding a phone, but do not capture any dynamic movement or climbing action. Therefore, no assessment of control, fluidity, or efficiency of movement can be made.

2. Technique: No climbing technique can be observed or evaluated from the images, as the person is not actively engaged in climbing. The images do not show any hand or foot placements, body positioning, or use of core strength that would indicate technique.

3. Confidence and control: The person is not shown climbing, so there is no evidence of hesitation, stability, or body positioning during the activity. The person is holding a phone, which suggests they are likely not in the middle of a climb.

4. Final verdict: Novice",Novice,False,8,"1. Movement quality: The movement appears somewhat uncoordinated and hesitant. The climber's arm reaches for holds with a noticeable lack of precision, and the transitions between holds seem awkward and inefficient. The overall motion lacks the smooth, flowing quality associated with more experienced climbers.

2. Technique: The climber is using basic handholds but does not demonstrate advanced techniques. There is no clear evidence of footwork planning, body positioning for balance, or dynamic movement. The climber appears to be relying on simple, direct reaches rather than using body tension or efficient movement patterns.

3. Confidence and control: The climber shows a lack of confidence, as evidenced by hesitant movements and a tendency to reach out without clear planning. The body positioning is not optimized for stability, and the climber seems to be struggling to maintain a secure grip and balanced posture. The presence of others in the background suggests the climber may be unsure or nervous.

4. Verdict: Novice",Novice,False
34c5de08-c113-4213-82e0-50a6751d794b,uniandes_bouldering_036_48,Late Expert,35,"1. Movement quality: The climber demonstrates controlled, deliberate movements. Their transitions between holds are efficient, showing a good understanding of body positioning and weight distribution. There is minimal wasted motion, indicating a focus on effective movement patterns.

2. Technique: The climber employs proper climbing technique, including using their feet effectively for support and balance, and maintaining a strong core. They utilize dynamic moves and body positioning to reach holds, showing an understanding of how to use their body as a tool for climbing. Their use of the wall and holds is strategic, indicating a good grasp of route reading and planning.

3. Confidence and control: The climber displays high confidence and control throughout the climb. They maintain a stable body position, even when reaching for distant holds, and show no hesitation in their movements. Their body positioning is consistently balanced, and they appear comfortable with the demands of the climb.

4. Verdict: Intermediate Expert",Intermediate Expert,False,35,"1. Movement quality: The person's movements are generally controlled and deliberate, showing a good understanding of how to navigate the wall. They exhibit fluid transitions between holds, particularly when shifting their body position and reaching for new grips. The movements are efficient, avoiding unnecessary wasted motion, which suggests they are comfortable with the climbing process.

2. Technique: The climber demonstrates sound technique by effectively using their hands and feet to maintain balance and progress. They utilize a variety of grip types (e.g., crimp, pinch, open-hand) and body positioning to maximize leverage and stability. Their footwork appears intentional, with careful placement to support their upper body movements. They also show awareness of their body's position relative to the wall, adjusting their stance to maintain control.

3. Confidence and control: The climber displays a high level of confidence, moving with assurance and without hesitation. Their body positioning is stable, with a strong core and controlled arm movements, indicating good proprioception and strength. They maintain a steady rhythm and appear comfortable with the challenge, suggesting they are experienced and not easily intimidated by the wall's complexity.

4. Verdict: Intermediate Expert",Intermediate Expert,False
4f53ded9-6a79-4ea0-bc28-f93981f4db82,uniandes_bouldering_029_9,Early Expert,14,"1. Movement quality: The person's movements are deliberate and controlled, showing a focus on precision rather than speed. They are methodically reaching for holds, indicating a careful approach to the climb. The movement is not fluid or efficient in the sense of advanced climbers, but it is stable and purposeful.

2. Technique: The climber is using proper body positioning, keeping their center of gravity low and their feet planted on the wall. They are using their arms to reach for holds, which is appropriate for a beginner or intermediate level. The use of the wall's footholds and handholds is basic but effective.

3. Confidence and control: The person appears confident in their ability to climb, as they are not hesitating or showing signs of fear. Their body positioning is stable, and they are maintaining control throughout the climb. They are able to maintain their balance and adjust their position as needed.

4. Verdict: Novice",Novice,False,14,"1. Movement quality: The movements are generally controlled and deliberate, showing an understanding of how to transition between holds. The climber moves with a purposeful efficiency, avoiding unnecessary flailing. However, the transitions are not always fluid, and there are moments of slight hesitation, particularly when shifting weight or reaching for new holds.

2. Technique: The climber demonstrates good technique by using both hands effectively to maintain balance and progress. They utilize a variety of grips, including crimping and pinching, and appear to be managing their body position to maintain stability. The use of footholds is visible and intentional, indicating an understanding of footwork. The climber also shows awareness of their center of gravity, adjusting their stance to maintain control.

3. Confidence and control: The climber displays a high level of confidence, as evidenced by their ability to reach for holds and maintain balance without significant hesitation. Their body positioning is generally stable, with a focus on keeping their center of gravity low and their movements controlled. There are moments of slight instability, but these are quickly corrected, indicating a strong sense of control.

4. Verdict: Intermediate Expert",Intermediate Expert,False
7ddc0933-b409-4c1d-96e6-0ecce0d68d9a,uniandes_bouldering_026_22,Novice,58,"1. Movement quality: The person's movements are somewhat uncoordinated and inefficient. They appear to struggle with finding secure footholds and handholds, leading to awkward, jerky motions. Their body positioning is often unstable, and they frequently shift their weight in an unbalanced manner, indicating a lack of smooth, controlled movement.

2. Technique: The climber demonstrates poor technique. They frequently reach for holds without proper body positioning, often extending limbs too far or using incorrect hand placements. Their footwork is inconsistent, and they do not effectively use their legs for support or leverage. There is little evidence of efficient body positioning or dynamic movement, which are key elements in climbing technique.

3. Confidence and control: The climber shows a lack of confidence, frequently hesitating before making moves and appearing uncertain about their next step. Their body positioning is often unstable, with frequent shifts in weight and balance. They seem to rely heavily on their arms rather than their legs, indicating a lack of core strength and body control. The climber's final fall suggests a complete loss of control, further indicating low confidence.

4. Verdict: Novice",Novice,True,58,"1. Movement quality: The person's movements are somewhat hesitant and uncoordinated, especially in the early stages. There are frequent pauses and adjustments, indicating a lack of smooth, fluid motion. The transitions between holds are not efficient, suggesting the climber is still learning to navigate the wall with minimal wasted movement.

2. Technique: The climber demonstrates basic technique by using their hands to grip holds and their feet to find footholds, but their technique is inconsistent. They often rely on reaching rather than precise footwork or body positioning. The use of the wall's features is not optimized, and there are moments where they appear to be struggling to maintain balance or find the next move.

3. Confidence and control: The climber shows a moderate level of confidence, as they continue to climb despite occasional hesitations. However, their body positioning is often unstable, and they frequently adjust their stance to regain balance. There are moments of visible uncertainty, particularly when transitioning between holds or when reaching for distant grips.

4. Verdict: Novice",Novice,True
06846813-9b38-4177-9caa-2fdef34bd868,uniandes_bouldering_027_87,Novice,109,"1. Movement quality: The person's movements are characterized by a lack of fluidity and efficiency. They exhibit frequent hesitations, awkward transitions between holds, and inefficient body positioning, often appearing to struggle with maintaining momentum. Their movements are not smooth or controlled, indicating a struggle with basic movement patterns.

2. Technique: The individual demonstrates poor technique specific to bouldering. They frequently overreach or underreach, fail to use proper footwork, and do not effectively utilize body positioning to maintain balance and leverage. Their use of the arms is excessive, suggesting a lack of core strength and body tension. They also appear to be relying on momentum rather than controlled, deliberate movements.

3. Confidence and control: The person shows a significant lack of confidence and control. They frequently hesitate before making moves, often appearing uncertain about their next step. Their body positioning is unstable, with frequent shifts in weight and balance. They also appear to be struggling to maintain control of their body, often falling or nearly falling during their attempts.

4. Final verdict: Novice",Novice,True,109,"1. Movement quality: The person's movements are generally controlled and deliberate, showing a good understanding of body positioning and hand placement. There is a noticeable effort to maintain balance and progress upward, though some movements appear slightly hesitant or cautious, especially when transitioning between holds. The fluidity is moderate, with moments of pause or adjustment, indicating a focus on safety and technique over speed.

2. Technique: The individual demonstrates fundamental climbing techniques, such as using both hands and feet effectively to maintain grip and balance. They utilize a variety of holds, including crimps, jugs, and volumes, showing an awareness of different types of holds and their use. The person also appears to be managing their body position to optimize leverage and minimize unnecessary movement, which is a sign of developing technique.

3. Confidence and control: The person exhibits a high degree of confidence and control throughout the climb. They are able to maintain stability even when reaching for distant holds, and their body positioning suggests they are comfortable with the physical demands of the activity. There are no visible signs of hesitation or loss of control, and they appear to be making deliberate choices about which holds to use and when to move.

4. Verdict: Intermediate Expert",Intermediate Expert,False
ab2d04c4-9952-4554-8047-f624b7703523,uniandes_bouldering_036_60,Intermediate Expert,14,"1. Movement quality: The climber's movements are deliberate and controlled, showing a focus on finding secure footholds and handholds. The transition from standing to beginning the climb is smooth, and the subsequent movements are methodical, indicating a good understanding of body positioning and weight distribution. The climber maintains a steady pace without rushing, suggesting a focus on safety and technique over speed.

2. Technique: The climber employs proper climbing technique, including efficient use of footwork to maintain balance and leverage. The body is positioned to maximize reach and stability, with arms and legs working in coordination. The climber uses dynamic movements to reach higher holds, demonstrating an understanding of momentum and body positioning. The use of the ""Take Separator"" QR code suggests the climber is following a specific route or challenge, indicating a structured approach to the climb.

3. Confidence and control: The climber displays a high level of confidence, as evidenced by the ability to ascend the wall without hesitation. The body positioning is stable, with a strong core and balanced stance, allowing for controlled movements. The climber maintains a steady rhythm and does not appear to be overly cautious, indicating a comfortable level of skill and experience.

4. Verdict: Intermediate Expert",Intermediate Expert,True,14,"1. Movement quality: The movement is characterized by a lack of fluidity and efficiency. The person frequently appears to be reaching and adjusting their position, suggesting a struggle to maintain momentum. The transitions between holds are often abrupt, and there is visible hesitation, indicating a lack of smooth, controlled motion typical of more experienced climbers.

2. Technique: The climber demonstrates basic technique but with significant room for improvement. They are using their hands to grip holds, but their footwork appears minimal or absent in many frames, which is inefficient for climbing. The body positioning is often awkward, with the climber leaning or reaching out rather than using their body to maintain balance and leverage. There is little evidence of dynamic movement or efficient use of the wall's surface.

3. Confidence and control: The climber shows a lack of confidence and control. There are multiple instances of hesitation, particularly when reaching for holds or transitioning between them. The body positioning is often unstable, with the climber appearing to rely on their arms rather than their legs or core for support. The climber frequently appears to be struggling to maintain balance, suggesting a lack of confidence in their ability to execute movements safely.

4. Verdict: Novice",Novice,False
55c0fbdf-e83e-44b2-ae04-a05cd1ac227e,uniandes_bouldering_032_66,Late Expert,64,"1. Movement quality: The person demonstrates controlled and deliberate movements. Their approach to the wall is methodical, and their footwork and hand placements appear intentional and precise, indicating a focus on stability and safety rather than speed or fluidity. The movements are efficient for the context of bouldering, with minimal wasted motion.

2. Technique: The climber employs proper bouldering technique, including using footholds effectively, maintaining body tension, and keeping their center of gravity low. They utilize dynamic movements when necessary, such as reaching and stepping, and appear to be managing their momentum and balance well. Their use of the wall’s features suggests an understanding of route reading and problem-solving.

3. Confidence and control: The climber shows a high degree of confidence, as evidenced by their willingness to climb higher and attempt more challenging moves. They maintain stable body positioning throughout, with controlled arm and leg movements. There is no visible hesitation or instability, indicating comfort and familiarity with the activity.

4. Verdict: Intermediate Expert",Intermediate Expert,False,64,"1. Movement quality: The person's movements are generally controlled and deliberate, especially during the initial planning phase with the route sheet. As they begin climbing, their movements show a good sense of efficiency, transitioning between holds with purpose. However, some frames show slight hesitations and minor adjustments, indicating that while they are competent, they are not yet fluid or effortless in their motion.

2. Technique: The climber demonstrates solid technique, including proper hand placement, body positioning, and footwork. They use their arms and legs effectively to maintain balance and progress upward. The use of the route sheet suggests they are planning their path, which is a sign of good technique. They also appear to be using their core and legs to push upward, rather than relying solely on their arms.

3. Confidence and control: The climber shows a high level of confidence, as evidenced by their willingness to climb without hesitation. They maintain good stability throughout the climb, with minimal wobbling or loss of balance. Their body positioning is generally correct, with their weight distributed appropriately and their core engaged. There are moments of slight uncertainty, but these are brief and do not detract from their overall control.

4. Verdict: Intermediate Expert",Intermediate Expert,False
54e52179-7f03-4a57-9b5b-bc526a89a33b,uniandes_bouldering_026_26,Intermediate Expert,45,"1. Movement quality: The climber demonstrates controlled and deliberate movements, transitioning smoothly between holds with good body positioning. Her movements are efficient, minimizing wasted motion as she ascends, indicating a solid understanding of route-finding and body mechanics.

2. Technique: The climber effectively uses dynamic and static movements, employing proper footwork and hand placement. She maintains a strong core and uses her legs to push upward, keeping her center of gravity low and stable. Her technique shows awareness of balance and leverage, essential for efficient climbing.

3. Confidence and control: The climber displays high confidence, maintaining steady body positioning even at higher points on the wall. She shows no hesitation, confidently reaching for holds and adjusting her stance without losing balance. Her body remains stable and controlled throughout the climb, indicating strong proprioception and spatial awareness.

4. Verdict: Intermediate Expert",Intermediate Expert,True,45,"1. Movement quality: The climber's movements are generally controlled and deliberate, showing an understanding of how to position their body and limbs for efficient ascent. There is a clear progression from lower to higher holds, indicating a strategic approach to movement. While not perfectly fluid, the transitions between holds are smooth and purposeful, suggesting a good grasp of body positioning and momentum.

2. Technique: The climber demonstrates solid technique by effectively using their hands and feet to maintain balance and leverage. They utilize a variety of holds, including crimps, jugs, and slopers, and show an ability to adapt their grip and footwork to different types of holds. The use of body tension and core engagement is evident, which is crucial for maintaining stability and conserving energy during climbs.

3. Confidence and control: The climber displays a high level of confidence, as evidenced by their ability to reach for holds that are higher and more challenging. They maintain stability throughout the climb, with minimal hesitation or loss of balance. Their body positioning is well-considered, with a focus on keeping their center of gravity low and their limbs positioned for optimal support.

4. Verdict: Intermediate Expert",Intermediate Expert,True
823628bf-e32c-4b93-9ec2-0c615eb6a999,uniandes_bouldering_024_32,Novice,21,"1. Movement quality: The climber demonstrates controlled and deliberate movements, transitioning smoothly between holds with purposeful footwork and hand placements. The motion is efficient, minimizing wasted energy and maintaining momentum as they ascend.

2. Technique: The climber employs proper bouldering technique, including precise footwork to maintain balance and leverage, and effective use of body positioning to maximize reach and stability. They utilize dynamic movements when necessary, such as reaching for distant holds, and demonstrate good body tension and core engagement.

3. Confidence and control: The climber shows high confidence, maintaining a stable and balanced body position throughout the climb. There is no visible hesitation or loss of control; they appear fully in command of their movements and the climb's demands.

4. Verdict: Early Expert",Early Expert,False,21,"1. Movement quality: The person's movements are generally controlled and deliberate, showing an understanding of how to position their hands and feet for stability. There is a clear progression from initial exploration to more dynamic climbing, with movements that appear efficient for the task at hand, though not yet fluid or effortless. The transitions between holds are purposeful, indicating a focus on route-finding and body positioning.

2. Technique: The climber demonstrates fundamental climbing techniques, including proper hand placement, body positioning to maintain balance, and the use of footholds. They are seen using their legs to push up and their arms to reach, which is appropriate for bouldering. The use of the feet to create leverage and the careful placement of hands on various holds show an understanding of the mechanics of climbing. However, there is a noticeable lack of advanced techniques such as dynamic moves or complex footwork, suggesting they are still developing their technical repertoire.

3. Confidence and control: The climber displays a good level of confidence, as evidenced by their willingness to reach for holds and attempt moves. Their body positioning is generally stable, with a focus on maintaining balance and using their core. There are moments of hesitation, particularly when transitioning between holds or when reaching for distant targets, which indicates they are still building their confidence and control. The climber appears to be managing their energy and focus, but not yet at a level of effortless control seen in more advanced climbers.

4. Verdict: Intermediate Expert",Intermediate Expert,False
03cee26b-3f48-435c-a617-db1130410157,uniandes_bouldering_023_2,Early Expert,57,"1. Movement quality: The person demonstrates controlled and deliberate movements, particularly when approaching and beginning the climb. Her initial steps are stable and intentional, showing awareness of her footing. As she ascends, her movements become more fluid and efficient, indicating a growing comfort with the climb's demands. She transitions smoothly from standing to kneeling and then to dynamic movements, showcasing adaptability.

2. Technique: The climber employs proper bouldering technique, including efficient use of her hands and feet to maintain balance and momentum. She utilizes body positioning effectively, keeping her center of gravity low and her core engaged. Her use of dynamic moves, such as reaching and pulling, suggests she understands the importance of generating power and maintaining control. She also demonstrates good footwork, placing her feet precisely on holds to maximize stability.

3. Confidence and control: The climber displays a high level of confidence throughout the sequence. She approaches the wall with a focused demeanor, indicating she is familiar with the route or has assessed it well. Her body positioning is stable, and she maintains control even during dynamic movements. There is no visible hesitation or instability, suggesting she is comfortable with the challenge and trusts her abilities.

4. Verdict: Intermediate Expert",Intermediate Expert,False,57,"1. Movement quality: The person's movements are deliberate and controlled, showing a clear focus on each hold. There is a noticeable effort to maintain balance and stability, with movements that are not overly fluid but are purposeful and efficient for the context of bouldering. The transitions between holds are smooth, indicating a good understanding of body positioning and momentum.

2. Technique: The climber employs proper bouldering technique, including using both hands and feet effectively to maintain body tension and balance. They demonstrate good footwork, placing their feet precisely to create leverage and support. The use of the blue handhold as a key anchor point shows an understanding of route-finding and dynamic movement.

3. Confidence and control: The climber appears confident, with no visible hesitation or fear. Their body positioning is stable, and they maintain control throughout the climb. The climber's posture and grip indicate a high level of comfort and familiarity with the wall, suggesting they are well-prepared and focused.

4. Verdict: Intermediate Expert",Intermediate Expert,False
67afb15d-7cde-4c6d-8826-2fb9b9192b61,uniandes_bouldering_026_23,Novice,45,"1. Movement quality: The person demonstrates controlled and deliberate movements as they approach and begin climbing. Their initial steps are cautious, indicating awareness of the wall's steepness and the need for precision. As they ascend, their movements become more fluid and efficient, showing a clear understanding of how to use their limbs to maintain momentum and balance. The transition from standing to climbing is smooth, suggesting good body awareness and coordination.

2. Technique: The climber employs proper bouldering technique, including using their hands and feet strategically to find secure holds. They maintain a low center of gravity and use their core for stability, which is evident in their body positioning as they climb. The climber also demonstrates good footwork, placing their feet precisely on footholds to maximize leverage and minimize wasted energy. Their use of dynamic movements, such as reaching and stepping, indicates a solid grasp of the technical aspects of bouldering.

3. Confidence and control: The person displays a high level of confidence throughout the climb. They do not hesitate or appear uncertain, even when reaching for higher holds. Their body positioning is stable and controlled, with a focus on maintaining balance and avoiding unnecessary movements. The climber’s ability to maintain control while ascending and even when falling back to the mat suggests a strong sense of body awareness and confidence in their abilities.

4. Verdict: Intermediate Expert",Intermediate Expert,False,45,"1. Movement quality: The person's movements are somewhat hesitant and unrefined, particularly in the initial approach and during the climb. There are moments of awkwardness, such as when they appear to be adjusting their grip or positioning, and the transitions between holds are not always smooth or efficient. The overall motion suggests a lack of practiced fluidity.

2. Technique: The climber demonstrates basic technique, such as using chalk to improve grip and selecting holds appropriately. However, their technique is not consistently optimal. They sometimes reach for holds without fully committing, and their footwork appears tentative and not always precise. There is a noticeable lack of dynamic movement or efficient body positioning that would indicate advanced technique.

3. Confidence and control: The climber shows a moderate level of confidence, as they are able to initiate the climb and maintain contact with the wall. However, there are moments of hesitation, particularly when transitioning between holds or when deciding on the next move. Their body positioning is often not fully optimized for stability, and they appear to rely on their arms more than their legs, indicating a lack of core strength and efficient use of body mechanics.

4. Verdict: Novice",Novice,True
2d440a5d-6f5d-447f-b0d7-5227df11da5f,uniandes_bouldering_022_72,Novice,47,"1. Movement quality: The climber's movements appear deliberate and controlled, with a focus on reaching and placing hands and feet accurately. There is a noticeable effort to maintain balance and progress upward, though some movements seem slightly labored, indicating a learning or developing phase. The fluidity is moderate, with pauses and adjustments suggesting careful planning rather than seamless motion.

2. Technique: The climber demonstrates basic bouldering technique, including reaching for holds, using body positioning to maintain balance, and shifting weight efficiently. The use of feet for support and hand placement for grip is evident, though the climber occasionally appears to be searching for the next move, indicating a developing understanding of route-finding and body positioning.

3. Confidence and control: The climber shows a moderate level of confidence, as evidenced by the ability to climb without immediate assistance. However, there are moments of hesitation, particularly when reaching for distant holds or transitioning between moves. The body positioning is generally stable, with the climber maintaining a low center of gravity and using the wall for support, but there are instances of slight instability, suggesting a need for more refined control.

4. Verdict: Novice",Novice,True,47,"1. Movement quality: The person's movements are generally controlled and deliberate, showing a clear focus on hand placement and body positioning. There is a noticeable effort to maintain balance and stability, with movements that are efficient for the context of bouldering. The transitions between holds are smooth, indicating a good understanding of the route's flow.

2. Technique: The climber demonstrates proper technique by using both hands effectively to maintain grip and balance. They utilize a variety of holds, including crimps, jugs, and volumes, showing adaptability. The climber's body positioning is often optimal for the route, with a focus on keeping the center of gravity low and using the legs for support, which is a hallmark of intermediate to advanced climbing technique.

3. Confidence and control: The climber exhibits a high level of confidence, as evidenced by their ability to reach for distant holds and maintain stability on challenging sections. There is minimal hesitation, and the climber appears comfortable with the route's difficulty. Their body positioning is consistently stable, indicating strong control and a solid understanding of the physical demands of the climb.

4. Verdict: Intermediate Expert",Intermediate Expert,False
68308e20-76b7-4878-af8f-62e74c08e6d3,uniandes_bouldering_036_50,Late Expert,10,"1. Movement quality: The climber's movements are deliberate and controlled, showing a focus on precision rather than speed. The transitions between holds are smooth, indicating good body awareness and efficient use of momentum. The climber maintains a low center of gravity, which enhances stability and allows for fluid, controlled ascents.

2. Technique: The climber employs proper climbing technique, including efficient use of footwork and hand placement. They utilize dynamic movements to reach distant holds, demonstrating an understanding of body positioning and balance. The climber's use of the wall's features, such as footholds and handholds, is strategic and effective, indicating a solid grasp of climbing fundamentals.

3. Confidence and control: The climber displays a high level of confidence, as evidenced by their ability to navigate challenging sections of the wall without hesitation. Their body positioning is stable and controlled, with a focus on maintaining balance and avoiding unnecessary risk. The climber's posture and movements suggest a strong sense of self-assurance and composure.

4. Verdict: Intermediate Expert",Intermediate Expert,False,10,"1. Movement quality: The person's movements are deliberate and controlled, showing a clear focus on finding secure holds. The transition from gripping a large, rounded hold to reaching for a different one is smooth, indicating good body awareness. The movement is efficient, with minimal wasted motion, suggesting the climber is familiar with the route or the wall's layout.

2. Technique: The climber employs sound bouldering technique, including using both hands to maintain balance and stability. The use of a red wristband (likely chalk) suggests they are managing grip and friction effectively. Their body positioning, with arms extended and core engaged, indicates a strong understanding of weight distribution and leverage. The final image shows them landing safely on a crash mat, demonstrating proper landing technique.

3. Confidence and control: The climber displays high confidence, moving with purpose and without hesitation. Their body positioning is stable, with a strong, controlled posture that suggests they are comfortable with the challenge. The ability to transition from climbing to landing safely indicates a high level of control and composure.

4. Verdict: Intermediate Expert",Intermediate Expert,False
cddea26a-1eac-4176-a541-fa38ca70a214,uniandes_bouldering_033_45,Late Expert,38,"1. Movement quality: The climber demonstrates controlled and deliberate movements, carefully selecting holds and transitioning between them. The motion is not rushed, indicating a focus on precision over speed. The climber maintains a steady rhythm, suggesting an efficient use of energy and body positioning.

2. Technique: The climber employs proper climbing technique, including maintaining a wide stance for balance, using footwork to maximize leverage, and keeping the body close to the wall to minimize wasted energy. The climber’s hand placement is deliberate, and they appear to be using dynamic moves when necessary, indicating an understanding of route reading and body positioning.

3. Confidence and control: The climber shows high confidence, as evidenced by their ability to reach for holds and maintain balance without hesitation. Their body positioning is stable, with a strong core and controlled arm movements. The climber’s posture suggests they are comfortable with the difficulty of the route and are not showing signs of fear or uncertainty.

4. Verdict: Intermediate Expert",Intermediate Expert,False,38,"1. Movement quality: The climber's movements are generally controlled and deliberate, showing an understanding of how to transition between holds. There is a noticeable effort to maintain balance and momentum, though some movements appear slightly hesitant or require repositioning, indicating a focus on safety and precision over speed. The fluidity is moderate, with moments of adjustment rather than seamless flow, suggesting the climber is still developing muscle memory and efficient movement patterns.

2. Technique: The climber demonstrates fundamental bouldering techniques, including proper hand placement, body positioning, and footwork. They utilize dynamic moves, such as reaching for distant holds and using their legs to push off, which indicates an understanding of leverage and body tension. The use of footholds is intentional, and the climber often shifts their weight to maintain stability, showing awareness of balance and core engagement. However, there are instances where the climber appears to overthink or hesitate, suggesting room for improvement in instinctive technique.

3. Confidence and control: The climber displays a high degree of confidence, often reaching for holds with purpose and maintaining stability even during complex moves. There is minimal hesitation, and the climber frequently maintains a strong, controlled body position, indicating good proprioception and spatial awareness. The climber’s ability to recover from missteps or unstable positions suggests resilience and composure under pressure, which are hallmarks of an experienced climber.

4. Final verdict: Intermediate Expert",Intermediate Expert,False
53b52ea1-d45a-428e-989a-0afbd8914588,uniandes_bouldering_032_2,Late Expert,66,"1. Movement quality: The climber demonstrates controlled and deliberate movements, transitioning smoothly between holds with good body positioning. The movements are efficient, minimizing wasted motion and maintaining momentum as they ascend.

2. Technique: The climber employs proper climbing technique, including effective use of footwork, hand placement, and body positioning to maintain balance and leverage. They utilize dynamic movements when needed and maintain a strong core to stabilize their body during ascents.

3. Confidence and control: The climber shows high confidence, maintaining steady body positioning and demonstrating control throughout the climb. There is minimal hesitation, and they appear comfortable and secure in their movements, even when reaching for distant holds.

4. Verdict: Intermediate Expert",Intermediate Expert,False,66,"1. Movement quality: The person's movements are generally controlled and deliberate, showing a good understanding of body positioning and route progression. There is a noticeable fluidity in transitions between holds, especially as they become more comfortable with the wall. However, some movements appear slightly hesitant or cautious, particularly during the initial stages, indicating a learning curve. The efficiency of movement improves over time, suggesting growing familiarity with the climbing environment.

2. Technique: The climber demonstrates a solid grasp of fundamental climbing techniques, including proper hand placement, footwork, and body positioning. They effectively use their arms and legs to maintain balance and progress upward. The use of a climbing guide or map (seen in some frames) suggests they are planning their route strategically, which is a sign of developing technique. Their body positioning often shows good use of core strength and balance, though there are moments where they appear to rely more on arm strength than leg drive.

3. Confidence and control: The climber exhibits a growing sense of confidence as the sequence progresses. Early on, there are moments of hesitation and careful placement, indicating a cautious approach. As they climb higher, their movements become more assured, and they show better control over their body positioning. They maintain stability well, even when reaching for distant holds, and their body positioning suggests they are learning to distribute weight effectively. There are no signs of panic or loss of control, which indicates a solid foundation.

4. Final verdict: Intermediate Expert",Intermediate Expert,False
6cc51836-6b79-4921-9024-d351486ad88c,uniandes_bouldering_033_55,Intermediate Expert,106,"1. Movement quality: The person demonstrates controlled and deliberate movements, transitioning from a seated position to a dynamic climbing stance. Their movements are efficient, showing purposeful progression toward the climbing holds without unnecessary motion.

2. Technique: The individual employs proper bouldering technique, including maintaining a low center of gravity, using their arms and legs effectively to reach and grip holds, and utilizing body positioning to maximize leverage and stability. They appear to be planning their route and executing movements with precision.

3. Confidence and control: The person displays high confidence and control throughout the sequence. They remain stable and balanced, even when reaching for higher holds, and show no hesitation in their movements. Their body positioning is optimal for climbing, indicating a strong understanding of the activity.

4. Verdict: Intermediate Expert",Intermediate Expert,True,106,"1. Movement quality: The person's movements are generally controlled and deliberate, showing a good understanding of how to navigate the wall. They exhibit fluid transitions between holds, especially when shifting their body position and reaching for new grips. The efficiency of movement is moderate; while they are not overly rushed, they sometimes pause to assess the next move, indicating a thoughtful approach rather than a highly optimized one.

2. Technique: The climber demonstrates solid technique by using a variety of grip types (e.g., crimp, pinch, open-hand) and body positioning. They effectively use their legs to push off and maintain balance, and their arms are used strategically to reach and secure holds. The use of footwork is visible and appears intentional, though not always perfectly executed, suggesting a developing ability to manage balance and leverage.

3. Confidence and control: The climber displays a high degree of confidence, often reaching for holds with assurance and maintaining stability even when transitioning between different sections of the wall. There are minimal hesitations, and their body positioning is generally stable, indicating good proprioception and control. They appear comfortable with the wall's layout and are able to adapt their strategy as needed.

4. Verdict: Intermediate Expert",Intermediate Expert,True
14e3d506-966c-4775-9499-e800ff752938,uniandes_bouldering_036_57,Intermediate Expert,18,"1. Movement quality: The person's movements are deliberate and controlled, showing a focus on precision rather than speed. The transition from standing to kneeling and then to a full handstand is executed with careful attention to balance and positioning, indicating a methodical approach to the task. The movements are not fluid in the sense of being fast or effortless, but rather show a high degree of control and intentionality.

2. Technique: The individual employs proper bouldering technique, including the use of a handstand position to reach the top hold, which requires significant upper body strength and core stability. The use of the knee to stabilize the body during the ascent demonstrates an understanding of body positioning and weight distribution. The person also appears to be using their feet effectively to maintain balance and leverage, which is a key aspect of bouldering technique.

3. Confidence and control: The person displays a high level of confidence and control throughout the sequence. There is no visible hesitation or instability in their movements, and they maintain a stable body position even when transitioning between different stances. The ability to execute a handstand and then transition back to a kneeling position without losing balance or control indicates a strong sense of body awareness and confidence in their abilities.

4. Final verdict: Intermediate Expert",Intermediate Expert,True,18,"1. Movement quality: The movement is characterized by a lack of fluidity and efficiency. The climber frequently appears to be adjusting their grip and foot placement, suggesting a struggle to maintain momentum. Movements are often jerky and appear to be reactive rather than planned, indicating a lack of smooth, controlled motion.

2. Technique: The climber demonstrates basic technique but with significant room for improvement. They are using their hands and feet to grip holds, but their footwork appears tentative and their body positioning is often unstable. There is little evidence of advanced techniques such as dynamic movement, efficient body positioning, or using the wall to generate momentum.

3. Confidence and control: The climber shows a lack of confidence and control. They frequently appear to be hesitating before making moves, and their body positioning suggests they are not fully trusting their ability to maintain balance and stability. The climber's movements are often cautious and appear to be driven by a desire to avoid falling rather than a confident progression up the wall.

4. Verdict: Novice",Novice,False
50a1d087-699a-4b98-a8d3-1c1b9adae130,uniandes_bouldering_037_52,Late Expert,12,"1. Movement quality: The climber's movements are deliberate and controlled, showing a focus on precision rather than speed. The transitions between holds are smooth, indicating good body awareness and coordination. The climber maintains a steady rhythm, suggesting efficiency in movement planning.

2. Technique: The climber employs proper climbing technique, including efficient footwork and hand placement. They use their legs effectively to push upward, minimizing unnecessary arm movement. The body is kept close to the wall, maximizing leverage and stability. The climber also demonstrates good balance and weight distribution, crucial for maintaining control on the wall.

3. Confidence and control: The climber displays a high level of confidence, moving with purpose and without hesitation. Their body positioning is stable and well-balanced, indicating strong core engagement and control. The climber appears comfortable with the route, suggesting familiarity with the climbing environment and the specific challenges presented by the wall.

4. Verdict: Intermediate Expert",Intermediate Expert,False,12,"1. Movement quality: The climber's movements are deliberate and controlled, showing a clear focus on finding secure footholds and handholds. The transitions between holds are efficient, indicating a good understanding of body positioning and route-finding. There is no visible wasted motion, suggesting the climber is optimizing their energy expenditure.

2. Technique: The climber demonstrates sound technique by using their feet effectively to push off and maintain balance, while their hands are positioned to maximize grip and leverage. They appear to be using a dynamic climbing style, as seen in the upward reach and body positioning, which suggests they are comfortable with movement and are not relying solely on static holds. The use of the entire body to maintain stability and momentum is evident.

3. Confidence and control: The climber exhibits high confidence and control throughout the climb. There are no visible hesitations or moments of indecision. Their body positioning is stable and balanced, with a clear focus on maintaining a strong connection to the wall. The climber's posture and arm positioning suggest they are in control of their movements and are not struggling with balance or grip.

4. Verdict: Intermediate Expert",Intermediate Expert,False
b0e3de53-17af-438a-80f5-7bbb2fed0125,uniandes_bouldering_026_21,Novice,38,"1. Movement quality: The person's movements are deliberate and controlled, showing a focus on precision rather than speed. The transitions between holds are smooth, indicating a good understanding of body positioning and weight distribution. There is no visible inefficiency in movement, suggesting a practiced approach to climbing.

2. Technique: The climber demonstrates proper technique by using their hands and feet effectively to maintain balance and progress. They utilize dynamic movements, such as reaching and stepping, to navigate the wall. The use of body positioning, including leaning into holds and shifting weight, is evident, which is essential for efficient climbing.

3. Confidence and control: The climber shows confidence in their ability to navigate the wall, maintaining stability throughout the climb. There is no visible hesitation or loss of control, and their body positioning is consistently appropriate for the task. The climber appears comfortable and in control, even when reaching for distant holds.

4. Verdict: Intermediate Expert",Intermediate Expert,False,38,"1. Movement quality: The person's movements are generally controlled and deliberate, showing a good understanding of how to position their body and limbs for each move. There is a clear progression from the initial approach to the final descent, with movements that are efficient for the context of bouldering. The transitions between holds are smooth, indicating a comfortable familiarity with the wall's layout.

2. Technique: The climber demonstrates sound bouldering technique, including proper hand placement, body positioning, and footwork. They utilize dynamic moves, such as reaching for distant holds and using their legs to push off, which are characteristic of intermediate to advanced climbers. The use of the purple hold as a central anchor point and the strategic placement of hands and feet show an understanding of route-finding and balance.

3. Confidence and control: The climber displays high confidence and control throughout the sequence. There are no visible hesitations or moments of instability. Their body positioning is consistently stable, with a focus on maintaining balance and using their core effectively. The climber appears comfortable and in command of their movements, even when reaching for challenging holds.

4. Verdict: Intermediate Expert",Intermediate Expert,False
103eefc6-4c85-4d2f-877a-c56458767c63,uniandes_bouldering_036_12,Intermediate Expert,70,"1. Movement quality: The climber demonstrates controlled and deliberate movements, transitioning smoothly between holds with good body positioning. The movements are efficient, minimizing wasted motion as they ascend the wall.

2. Technique: The climber effectively uses footwork and hand placement, maintaining balance and stability. They utilize dynamic moves, such as reaching and stepping, to progress upward. The climber’s body positioning is optimized for leverage and efficiency, indicating a solid understanding of climbing technique.

3. Confidence and control: The climber shows confidence throughout the climb, maintaining a stable and controlled posture. There are no visible hesitations or loss of balance, and the climber’s body positioning remains consistent and secure, indicating strong control and confidence.

4. Verdict: Intermediate Expert",Intermediate Expert,True,70,"1. Movement quality: The climber demonstrates controlled and deliberate movements, transitioning smoothly between holds with good efficiency. There is a clear focus on finding the optimal path, indicating a high level of movement quality.

2. Technique: The climber employs advanced techniques such as dynamic moves, precise footwork, and efficient body positioning. They use their arms and legs in a coordinated manner to maintain balance and momentum, showcasing a strong understanding of climbing mechanics.

3. Confidence and control: The climber exhibits high confidence, maintaining stability and control throughout the climb. There are minimal hesitations, and their body positioning is consistently optimal, indicating a high level of comfort and mastery over the activity.

4. Verdict: Late Expert",Late Expert,False
b437ad8d-7d90-48b9-84ef-46e6db4a58da,uniandes_bouldering_029_28,Early Expert,21,"1. Movement quality: The person's movements are deliberate and controlled, showing a focus on precision rather than speed. The transition from sitting to reaching and then to a full-body stretch indicates a methodical approach, prioritizing form over fluidity. The movements are efficient for the context of a bouldering warm-up or preparation, but lack the dynamic flow typical of advanced climbers.

2. Technique: The individual demonstrates proper bouldering technique by using their hands and feet to grip and stabilize themselves against the wall. Their body positioning, with knees bent and core engaged, suggests an understanding of balance and leverage. The use of the wall for support and the controlled reach indicate a solid grasp of fundamental bouldering mechanics.

3. Confidence and control: The person appears confident and in control throughout the sequence. There is no visible hesitation or instability; their body positioning remains steady and grounded. The controlled descent and final stretch show a high level of body awareness and confidence in their ability to manage their movements safely.

4. Verdict: Intermediate Expert",Intermediate Expert,False,21,"1. Movement quality: The movements are generally controlled and deliberate, showing an understanding of how to position the body and use the holds effectively. There is some motion blur in several frames, indicating dynamic movement, but the climber maintains a consistent rhythm and doesn't appear to be struggling with basic coordination. The transitions between holds are efficient, suggesting a practiced approach to route-finding and body positioning.

2. Technique: The climber demonstrates good technique by using both hands and feet effectively to maintain balance and progress. They utilize a variety of holds, including crimps and jugs, and appear to be managing their body weight and center of gravity appropriately. The use of chalk (implied by the white powder on the hands) suggests they are aware of grip quality and are managing friction. Their footwork, while not always perfectly clear, appears to be intentional and supportive of their hand placements.

3. Confidence and control: The climber shows a high degree of confidence and control. They are able to maintain stability even when reaching for distant holds, and their body positioning is generally sound. There are no visible signs of hesitation or loss of balance, and they appear to be in control of their movements throughout the sequence. The climber’s posture and grip suggest they are comfortable with the demands of the climb.

4. Verdict: Intermediate Expert",Intermediate Expert,False
08dc1e90-e64a-4420-a773-574758117821,uniandes_bouldering_027_2,Intermediate Expert,26,"1. Movement quality: The climber's movements are deliberate and controlled, showing a focus on precision rather than speed. She moves with a clear intention, reaching for holds with purpose and adjusting her body position methodically. Her transitions between holds are smooth, indicating a good understanding of body mechanics and spatial awareness.

2. Technique: The climber demonstrates sound technique by maintaining a stable base, keeping her hips close to the wall, and using her arms effectively to reach for holds. She appears to be using a dynamic movement style, as evidenced by her reaching and shifting her weight efficiently. Her footwork, while not fully visible, seems to be deliberate and well-placed, suggesting she is using her legs to support her body weight and maintain balance.

3. Confidence and control: The climber displays a high level of confidence and control. She is not hesitant in her movements, and her body positioning is stable and balanced throughout the climb. She maintains a strong core and keeps her center of gravity low, which is essential for climbing safety and efficiency. Her focus is evident, and she appears to be fully engaged in the activity.

4. Verdict: Intermediate Expert",Intermediate Expert,True,26,"1. Movement quality: The climber's movements are deliberate and controlled, showing a clear focus on finding secure footholds and handholds. The transitions between holds are smooth, indicating good body awareness and efficient use of energy. There is no visible wasted motion, suggesting the climber is optimizing their path up the wall.

2. Technique: The climber employs proper climbing technique, including maintaining a wide stance for balance, using their legs to push up rather than relying solely on their arms, and keeping their body close to the wall to maximize leverage. They are clearly using their core for stability and are actively planning their next moves, which is a hallmark of an experienced climber.

3. Confidence and control: The climber demonstrates high confidence and excellent control throughout the climb. They are stable and balanced, with no visible hesitation or loss of control. Their body positioning is optimal for each move, and they appear completely in command of their movements, even when reaching for distant holds.

4. Verdict: Late Expert",Late Expert,False
e5c4c6aa-f142-4b45-bb12-97e312cb20fd,uniandes_bouldering_028_24,Early Expert,36,"1. Movement quality: The climber demonstrates controlled, deliberate movements as they ascend. Their transitions between holds are smooth and efficient, indicating good body awareness and coordination. There is no visible wasted motion, suggesting they are using their body effectively to maintain momentum.

2. Technique: The climber employs proper climbing technique, including efficient use of their feet to find secure footholds and their hands to grip holds. They maintain a balanced body position, keeping their center of gravity close to the wall, which is essential for stability. Their use of dynamic movements to reach distant holds shows an understanding of body positioning and momentum.

3. Confidence and control: The climber displays high confidence, as evidenced by their steady, focused movements and lack of hesitation. Their body positioning remains stable throughout the climb, indicating strong control and balance. They appear comfortable and in command of their movements, even when reaching for challenging holds.

4. Verdict: Intermediate Expert",Intermediate Expert,False,36,"1. Movement quality: The person's movements are generally controlled and deliberate, showing a focus on finding secure footholds and hand placements. There is a noticeable effort to maintain balance and progress upward, though some movements appear slightly hesitant or require repositioning, indicating a learning process. The fluidity is moderate, with transitions between holds being intentional rather than seamless, suggesting they are still developing muscle memory and efficient movement patterns.

2. Technique: The climber demonstrates basic bouldering technique, including using both hands and feet effectively to ascend. They are seen employing a variety of grips (e.g., crimp, pinch, open-hand) and footwork to navigate the wall. However, their technique is not yet refined; they occasionally struggle to find the optimal path, sometimes overreaching or misjudging the next move, which suggests they are still learning to read the wall and plan sequences efficiently.

3. Confidence and control: The climber displays a moderate level of confidence, as they are able to complete several moves and maintain contact with the wall. However, there are moments of hesitation, particularly when transitioning between holds or when reaching for distant grips. Their body positioning is generally stable, with a focus on keeping their center of gravity low and balanced, but they occasionally appear to be adjusting their stance or repositioning their limbs, indicating a developing sense of control and spatial awareness.

4. Verdict: Novice",Novice,False
c8dbedf6-61ec-497f-b57e-ee270238da13,uniandes_bouldering_031_69,Late Expert,27,"1. Movement quality: The person's movements appear somewhat uncoordinated and inefficient. They exhibit hesitation and awkwardness, particularly when transitioning between footholds and handholds. The motion lacks the smooth, controlled flow typical of more experienced climbers, suggesting a struggle to maintain balance and momentum.

2. Technique: The climber is using basic climbing techniques, such as reaching for holds and shifting weight, but their technique is inconsistent. They appear to be relying on brute force rather than efficient body positioning or dynamic movement. There is little evidence of advanced techniques like footwork precision, body tension, or efficient use of momentum.

3. Confidence and control: The person shows a lack of confidence, frequently pausing and appearing uncertain about their next move. Their body positioning is unstable, with frequent adjustments to maintain balance. The climber seems to be struggling to maintain control, often appearing to be on the verge of falling or losing their grip.

4. Verdict: Novice",Novice,False,27,"1. Movement quality: The movement is characterized by a lack of fluidity and efficiency. The person frequently appears to be adjusting their position, with many frames showing blurred motion or awkward hand placements. There is a noticeable lack of smooth transitions between holds, suggesting the climber is still learning to move efficiently and is often reaching or shifting their body in a tentative manner.

2. Technique: The technique is inconsistent and appears to be developing. The climber often uses a ""climbing"" motion that involves reaching for holds with one hand while the other hand is either searching for the next hold or is not yet engaged. There is a tendency to rely on arm strength rather than body positioning and footwork, which is evident in the way they are often seen reaching up or out. The use of footholds is not consistently demonstrated, and the climber sometimes appears to be relying on the wall for support rather than using their legs effectively.

3. Confidence and control: The climber shows a moderate level of confidence, as they are able to ascend the wall and maintain their position for short periods. However, there are moments of hesitation, particularly when reaching for new holds or when transitioning between different sections of the wall. The body positioning is often unstable, with the climber appearing to lean heavily on their arms or the wall for support. This suggests a lack of full control and confidence in their ability to manage their body weight and balance.

4. Verdict: Novice",Novice,False
a729523b-c8c8-40a5-99b5-eebff3772724,uniandes_bouldering_029_48,Intermediate Expert,41,"1. Movement quality: The person's movements are deliberate and controlled, showing a focus on precision rather than speed. They exhibit good body awareness, adjusting their position and grip as needed. The transitions between holds are smooth, indicating a comfortable understanding of the climbing route.

2. Technique: The climber demonstrates proper technique by using their feet effectively to push off and maintain balance, keeping their body close to the wall for efficiency. They utilize a variety of grip types (crimp, pinch, open-hand) and maintain a strong core to stabilize their body position. Their footwork is precise, and they are able to plan their next moves ahead.

3. Confidence and control: The climber shows high confidence, moving with purpose and without hesitation. Their body positioning is stable and well-balanced, even when reaching for distant holds. They maintain control throughout the climb, adjusting their stance and grip as needed without losing composure.

4. Verdict: Intermediate Expert",Intermediate Expert,True,41,"1. Movement quality: The person's movements are characterized by a lack of fluidity and efficiency. They frequently appear to be searching for holds, resulting in jerky, hesitant motions. The transitions between holds are not smooth, and there is visible struggle to maintain momentum, indicating a lack of refined motor control.

2. Technique: The climber demonstrates poor technique. They often rely on reaching rather than climbing with their feet, which is inefficient. Their body positioning is inconsistent, with frequent overreaching and poor use of body tension. They do not effectively use their legs for support or to generate power, which is a fundamental climbing technique. The use of footholds is also inconsistent, sometimes missing or using them inefficiently.

3. Confidence and control: The climber shows a lack of confidence, frequently hesitating before committing to a move. Their body positioning is unstable, often leaning too far out or not using their core effectively. They appear to be struggling to maintain balance, which suggests a lack of control over their body in the air and on the wall.

4. Verdict: Novice",Novice,False
75286d45-1251-421a-90cb-3f0212443244,uniandes_bouldering_036_8,Late Expert,47,"1. Movement quality: The climber demonstrates controlled and efficient movement, transitioning smoothly between holds with purposeful limb placement. There is a clear focus on maintaining momentum and minimizing wasted motion, indicating a good understanding of body positioning and energy conservation.

2. Technique: The climber employs advanced bouldering techniques, including dynamic moves, precise footwork, and effective use of body tension to maintain balance and leverage. The use of both hands and feet in coordinated sequences suggests a strong grasp of route reading and problem-solving.

3. Confidence and control: The climber exhibits high confidence, maintaining stability even during complex maneuvers. Body positioning is consistently optimal, with minimal hesitation or loss of balance, indicating a high level of comfort and control in the environment.

4. Verdict: Late Expert",Late Expert,True,47,"1. Movement quality: The climber's movements are generally controlled and deliberate, showing a good understanding of body positioning and route-finding. There is a noticeable lack of fluidity in transitions between holds, suggesting the climber is carefully planning each move rather than flowing seamlessly. The efficiency of movement is moderate; while the climber reaches for holds with purpose, there are moments of hesitation and slight overreaching, indicating they are not yet optimizing their path.

2. Technique: The climber demonstrates fundamental bouldering techniques, such as using both hands and feet effectively to maintain balance and progress. They utilize body positioning to create leverage and conserve energy, often shifting their weight to maintain stability. However, the technique is not yet refined; there are instances of awkward hand placements and inefficient footwork, suggesting the climber is still developing muscle memory and spatial awareness for optimal movement.

3. Confidence and control: The climber displays a moderate level of confidence, as evidenced by their willingness to attempt challenging moves and their ability to maintain stability on the wall. There are moments of hesitation, particularly when reaching for distant or difficult holds, indicating a cautious approach. The climber's body positioning is generally stable, with a focus on maintaining a secure grip and balanced stance, but there are occasional moments of instability, suggesting they are still building confidence in their ability to execute complex moves.

4. Verdict: Intermediate Expert",Intermediate Expert,False
90d40eba-fb77-4014-b51b-675005365f66,uniandes_bouldering_027_52,Novice,10,"1. Movement quality: The climber's movements are deliberate and controlled, showing a focus on precision rather than speed. She transitions between holds with careful footwork and hand placement, indicating an awareness of body positioning and balance. Her movements are efficient for her current level, avoiding unnecessary wasted motion.

2. Technique: The climber demonstrates fundamental climbing technique, including proper use of both hands and feet to maintain body tension and balance. She uses her legs effectively to push upward and maintain stability, and her body positioning is generally appropriate for the route, with her hips close to the wall to maximize reach and leverage. She appears to be using a methodical approach to route reading and problem-solving.

3. Confidence and control: The climber displays a high degree of confidence and control. She maintains a stable and balanced posture throughout the climb, with no visible hesitation or loss of balance. Her body positioning is consistent and controlled, suggesting she is comfortable with the demands of the climb and trusts her technique.

4. Final verdict: Intermediate Expert",Intermediate Expert,False,10,"1. Movement quality: The movements are generally controlled and deliberate, showing an understanding of how to position the hands and body for stability. However, there is some visible motion blur in several frames, indicating moments of rapid movement or adjustment, which suggests the climber is actively working to maintain balance and find the next hold. The transitions between holds are not always fluid, sometimes appearing slightly jerky or hesitant, which is common for someone building their technique.

2. Technique: The climber demonstrates basic technique by using their hands to grip holds and their feet to find footholds, which is fundamental to climbing. They appear to be using a variety of grip types (e.g., crimp, pinch, open-hand) and are attempting to maintain body positioning to avoid falling. However, the technique is not yet refined or efficient; there are moments where the climber seems to be reaching or adjusting their position rather than moving with a smooth, efficient motion. The use of the legs for support and body positioning is visible but not yet fully optimized.

3. Confidence and control: The climber shows a moderate level of confidence, as they are able to navigate the wall and make progress. However, there are moments of hesitation, particularly when reaching for new holds or adjusting their position. The body positioning is generally stable, but there are instances where the climber’s arms are extended or the body is slightly off-balance, indicating they are still learning to manage their center of gravity and maintain control. The clim",Unknown,False
d822e2e6-4549-4ceb-82b3-666536ee7cd1,uniandes_bouldering_029_75,Early Expert,15,"1. Movement quality: The climber's movements appear deliberate and controlled, with each step and hand placement executed with precision. There is a clear focus on maintaining balance and stability, indicating a high level of body awareness. The transitions between holds are smooth, suggesting efficient movement patterns.

2. Technique: The climber demonstrates proper technique by using a variety of footholds and handholds effectively. They maintain a strong core and use their legs to push upward, minimizing unnecessary arm movement. Their body positioning is optimal for each move, showing an understanding of weight distribution and leverage.

3. Confidence and control: The climber exhibits high confidence, moving steadily and without hesitation. Their body positioning remains stable throughout the climb, indicating excellent control. They appear comfortable and in command of their movements, suggesting they are well-practiced in this activity.

4. Verdict: Intermediate Expert",Intermediate Expert,False,15,"1. Movement quality: The movements appear somewhat uncoordinated and jerky, lacking the smooth, efficient transitions seen in more experienced climbers. The person frequently shifts positions and seems to be searching for holds, indicating a lack of fluidity and efficiency in their climbing motion.

2. Technique: The climber is using basic hand and foot placements, but their technique is inconsistent. They often rely on brute strength rather than body positioning and dynamic movement. There is little evidence of advanced techniques like smearing, heel hooks, or efficient body positioning to maintain balance and momentum.

3. Confidence and control: The climber shows signs of hesitation and instability. Their body positioning is often awkward, and they frequently appear to be struggling to maintain grip and balance. This suggests a lack of confidence in their ability to execute moves smoothly and safely.

4. Verdict: Novice",Novice,False
b843d724-be38-4855-9408-7c5cef73274d,uniandes_bouldering_034_69,Early Expert,17,"1. Movement quality: The person's movements are deliberate and controlled, showing a focus on precision rather than speed. The transition from standing to beginning the climb is smooth, and the upward progression is methodical, indicating a careful approach to the climb. There is no visible inefficiency in movement, suggesting good body awareness.

2. Technique: The climber demonstrates proper technique by using their hands and feet effectively to find holds, maintaining a balanced body position, and using their core for stability. The use of dynamic movements, such as reaching and pulling, is evident, and the climber appears to be managing their body weight efficiently to avoid overextending or losing balance.

3. Confidence and control: The climber shows a high level of confidence, as evidenced by their ability to initiate the climb and maintain control throughout the ascent. Their body positioning is stable, and they appear to be in control of their movements, with no visible hesitation or loss of balance. The climber's posture and focus suggest a strong sense of self-assurance.

4. Verdict: Intermediate Expert",Intermediate Expert,False,17,"1. Movement quality: The movements are generally controlled and deliberate, showing an understanding of how to navigate the wall. The transitions between holds are mostly smooth, indicating a good sense of rhythm and flow. However, some movements, particularly in the blurred frames, suggest moments of adjustment or slight inefficiency, which is common for someone still developing their coordination.

2. Technique: The climber demonstrates fundamental climbing techniques such as using both hands and feet effectively to maintain balance and progress. They appear to be using a variety of holds, including crimps, jugs, and slopers, which indicates a basic understanding of route reading and body positioning. The use of the feet for support and balance is visible, showing awareness of the importance of footwork.

3. Confidence and control: The climber shows a good level of confidence, as evidenced by their ability to reach for holds and maintain contact with the wall without hesitation. Their body positioning is generally stable, with a focus on keeping their center of gravity low and their movements controlled. There are moments of slight instability, particularly when transitioning between holds, but overall, they maintain a solid grip and posture.

4. Verdict: Intermediate Expert",Intermediate Expert,False
ac7cf81b-2de9-4a6e-8274-4c5348fe6f05,uniandes_bouldering_036_26,Intermediate Expert,10,"1. Movement quality: The climber's movements are characterized by a lack of fluidity and efficiency. They exhibit frequent, jerky motions, often appearing to struggle with transitions between holds. The movement is not smooth or controlled, suggesting a struggle to maintain momentum and balance. The climber frequently loses their grip or footing, indicating poor movement quality.

2. Technique: The climber demonstrates poor technique specific to bouldering. They are not utilizing efficient body positioning, such as keeping their center of gravity low or using their legs effectively for power. Instead, they rely heavily on their arms, which leads to rapid fatigue and loss of control. Their footwork is inconsistent and often appears to be placing feet awkwardly or without proper placement, which is a fundamental error in climbing technique.

3. Confidence and control: The climber shows a significant lack of confidence and control. They frequently hesitate before making moves, often pausing to assess the next hold. Their body positioning is unstable, with frequent shifts in balance and a tendency to lean too far out or too far back. The climber appears to be constantly adjusting their position, indicating a lack of confidence in their ability to execute moves safely and effectively.

4. Verdict: Novice",Novice,False,10,"1. Movement quality: The movement is characterized by significant motion blur and disorientation, indicating rapid, uncontrolled, and inefficient movements. The transitions between positions are abrupt and lack smoothness, suggesting the climber is struggling to maintain a steady pace or is frequently adjusting their position due to uncertainty or lack of coordination.

2. Technique: The climber's technique appears rudimentary and inconsistent. They are seen reaching for holds with a lack of precision, often grasping at the wall without clear planning. The use of footholds is not clearly demonstrated, and the climber frequently appears to be in a state of imbalance or falling, suggesting poor footwork and body positioning. The overall approach lacks the deliberate, efficient movement patterns associated with more skilled climbers.

3. Confidence and control: The climber exhibits a high degree of hesitation and instability. Multiple images show them in mid-air or in a state of disorientation, indicating a lack of confidence in their ability to execute moves safely. Their body positioning is often awkward, with limbs flailing or positioned in ways that suggest they are not fully in control of their body. The frequent falls and disorienting movements further underscore a lack of confidence and control.

4. Verdict: Novice",Novice,False
e4e88582-cb8a-49d4-a6ed-e1203e50b59b,uniandes_bouldering_032_30,Intermediate Expert,34,"1. Movement quality: The person's movements are not fluid or efficient. They appear to be struggling with basic climbing motions, showing awkwardness and lack of coordination. The transition from lying down to beginning to climb is ungraceful and hesitant, indicating poor movement quality.

2. Technique: The person is not using proper climbing technique. They are not using their feet effectively for support or propulsion, and their hand placements seem random and inefficient. The lack of body positioning and use of core strength suggests they are not applying fundamental climbing techniques.

3. Confidence and control: The person shows a lack of confidence and control. They hesitate before starting to climb, and their body positioning is unstable. They appear to be relying on momentum rather than controlled movement, and their movements are not deliberate or controlled.

4. Verdict: Novice",Novice,False,34,"1. Movement quality: The person's movements are generally controlled and deliberate, showing a good understanding of how to position their hands and feet for stability. There is a noticeable fluidity in their transitions between holds, especially as they progress higher on the wall. The efficiency of movement is moderate; while they are not making overly large or awkward motions, they occasionally pause to reposition or assess their next move, indicating a focus on precision over speed.

2. Technique: The climber demonstrates sound technique by using a variety of holds effectively, including crimping, pinching, and open-hand grips. They show good footwork, often using their feet to support their body weight and reach for higher holds. The use of body positioning, such as leaning into the wall and shifting weight, is evident, which helps maintain balance and conserve energy. They also appear to be using their core for stability, which is a key element in climbing technique.

3. Confidence and control: The climber displays a high level of confidence, as evidenced by their willingness to reach for distant holds and their ability to maintain stability even when reaching for challenging positions. There is minimal hesitation, and their body positioning is consistently stable, indicating strong control. They appear to be in control of their movements and are not overly reliant on safety equipment or external support.

4. Verdict: Intermediate Expert",Intermediate Expert,True
495c922c-4986-4fc9-8f80-478f2d888850,uniandes_bouldering_029_34,Intermediate Expert,32,"1. Movement quality: The climber demonstrates controlled and deliberate movements, transitioning smoothly between holds with purposeful footwork. Her body positioning is efficient, minimizing wasted motion as she ascends, indicating a good understanding of spatial awareness and body mechanics.

2. Technique: She employs proper climbing technique, including maintaining a wide stance for balance, using her legs to push upward rather than relying solely on her arms, and keeping her core engaged. Her hand placement is precise, and she appears to be reading the wall effectively to plan her next moves.

3. Confidence and control: The climber shows high confidence, moving with assurance and without hesitation. Her body positioning remains stable throughout the climb, with controlled transitions and a strong, grounded stance. She maintains a focused posture, indicating comfort and mastery of the activity.

4. Verdict: Intermediate Expert",Intermediate Expert,True,32,"1. Movement quality: The climber's movements are deliberate and controlled, showing a clear focus on finding secure footholds and handholds. The transitions between holds are smooth, indicating good body awareness and efficient use of energy. There is no visible wasted motion, suggesting the climber is optimizing their path up the wall.

2. Technique: The climber employs proper climbing technique, including maintaining a wide stance for balance, using their legs to push up rather than relying solely on their arms, and keeping their body close to the wall to maximize leverage. They are also using their core effectively to stabilize their body position, which is essential for efficient climbing.

3. Confidence and control: The climber demonstrates a high level of confidence and control throughout the climb. They are not hesitant in their movements and maintain a stable body position even when reaching for distant holds. Their body positioning is consistently optimal, indicating a strong understanding of the physical demands of the activity.

4. Verdict: Intermediate Expert",Intermediate Expert,True
b625c8f6-9346-42a5-97be-5db4a1c764c5,uniandes_bouldering_037_19,Late Expert,69,"1. Movement quality: The climber demonstrates controlled and fluid movements, transitioning smoothly between holds with efficient body positioning. Her movements are deliberate and purposeful, indicating a good understanding of spatial awareness and body mechanics.

2. Technique: She employs advanced bouldering techniques, including dynamic moves, precise footwork, and effective use of body tension to maintain balance and momentum. Her ability to shift her center of gravity and use her limbs strategically shows a strong grasp of climbing technique.

3. Confidence and control: The climber exhibits high confidence, maintaining stability even during complex maneuvers. Her body positioning is consistently well-balanced, and she shows minimal hesitation, indicating comfort and mastery in navigating the challenging route.

4. Verdict: Late Expert",Late Expert,True,69,"1. Movement quality: The climber's movements are generally controlled and deliberate, showing a good understanding of body positioning and route-finding. There is a noticeable effort to maintain balance and efficiency, though some movements appear slightly hesitant or less fluid, particularly during transitions between holds. The climber often pauses to assess the next move, indicating a cautious approach.

2. Technique: The climber demonstrates fundamental climbing techniques such as using both hands and feet effectively, maintaining body tension, and employing dynamic moves when necessary. The use of chalk to improve grip is evident, and the climber frequently shifts weight and repositions limbs to maintain stability. However, the climber occasionally overreaches or misjudges holds, suggesting room for improvement in precision and efficiency.

3. Confidence and control: The climber displays a moderate level of confidence, often pausing to plan the next move rather than rushing. There is a clear focus on stability, with the climber frequently adjusting their body position to maintain balance. While the climber does not appear overly hesitant, there are moments of slight instability, particularly when reaching for distant holds or transitioning between footholds.

4. Verdict: Intermediate Expert",Intermediate Expert,False
ec6ff8f4-3d40-4508-b83f-45c78c0be3b4,uniandes_bouldering_036_16,Late Expert,31,"1. Movement quality: The person's movement is uncoordinated and inefficient. They appear to be struggling to find stable footholds and handholds, resulting in awkward, jerky motions. Their body position is often unstable, and they frequently lose balance, indicating poor control and fluidity.

2. Technique: The climber is not using proper climbing technique. They are not maintaining a balanced body position, and their movements lack the precision needed for efficient climbing. They appear to be relying on brute force rather than technique, which is evident in their frequent falls and inability to maintain a secure grip.

3. Confidence and control: The person shows a lack of confidence and control. They hesitate frequently, often pausing before attempting to move, and their body positioning is unstable. They appear to be unsure of their next move, which is evident in their frequent falls and inability to maintain a secure grip.

4. Verdict: Novice",Novice,False,31,"1. Movement quality: The person's movements are somewhat hesitant and uncoordinated, especially in the initial stages. They appear to be adjusting their grip and positioning frequently, indicating a lack of fluidity and efficiency. The motion is not smooth, and there are moments of pause and repositioning, suggesting they are still learning to move with purpose and precision.

2. Technique: The person is using basic climbing techniques, such as gripping holds and shifting weight, but their technique is not yet refined. They are not utilizing efficient body positioning or dynamic movements. The use of chalk is present, which is good technique, but their overall approach lacks the finesse and strategic planning seen in more experienced climbers.

3. Confidence and control: The person shows signs of hesitation, particularly when starting and when transitioning between holds. Their body positioning is not always stable, and they seem to be relying on visual cues and trial-and-error rather than instinctive control. There is a noticeable lack of confidence in their movements, as evidenced by their frequent pauses and adjustments.

4. Verdict: Novice",Novice,False
4c052cb2-fd49-4601-a842-7eb09f24e76c,uniandes_bouldering_030_62,Late Expert,13,"1. Movement quality: The climber's movements appear somewhat uncoordinated and inefficient. They exhibit noticeable hesitation and awkwardness, particularly when transitioning between holds. The motion lacks the fluidity and grace typical of more experienced climbers, suggesting a struggle to maintain momentum and balance.

2. Technique: The climber demonstrates basic technique but with significant flaws. They are not effectively using body positioning to maintain balance or leverage; instead, they rely on reaching and grasping holds with their arms, which leads to instability. Their footwork appears minimal and unrefined, and they do not seem to be utilizing dynamic movements or efficient body positioning to progress.

3. Confidence and control: The climber shows a lack of confidence, frequently hesitating before making moves and appearing uncertain about their next step. Their body positioning is unstable, with frequent shifts in balance and a tendency to lean heavily on their arms. This suggests they are not yet comfortable with the demands of the climb and are struggling to maintain control.

4. Verdict: Novice",Novice,False,13,"1. Movement quality: The movement is characterized by a lack of control and fluidity. The sequence shows abrupt, jerky motions, particularly evident in the blurred frames (e.g., images 11 and 12) which suggest rapid, uncoordinated movements. The transition from standing to climbing and back to the ground appears inefficient and unrefined, indicating a struggle with smooth motion.

2. Technique: The technique is rudimentary and inconsistent. The climber's hands are shown gripping holds in a basic, unoptimized manner (image 8), and there is no evidence of advanced techniques such as footwork optimization, body positioning for balance, or dynamic movement. The climber appears to be relying on brute force rather than technique, as seen in the lack of body tension or efficient use of the wall's features.

3. Confidence and control: The climber demonstrates a lack of confidence and stability. The body positioning is often unstable, with the climber appearing to be in a state of constant adjustment (image 7). There is visible hesitation, particularly when transitioning between movements, and the climber frequently appears to be losing balance or relying on the safety mat for support (image 13). The overall posture suggests a lack of control and confidence in the activity.

4. Verdict: Novice",Novice,False
